player_name,country,club,league,age,position,minutes,national_team_strength,club_level_score,recent_form_score,expected_minutes_score,goals,assists,shots,key_passes,progressive_passes,progressive_carries,passes_into_final_third,carries_into_final_third,successful_dribbles,tackles,interceptions,aerial_duels_won,turnovers,through_balls,crosses_into_box,shot_creating_actions_proxy,shots_in_box,touches_in_box,pressures,recoveries,long_passes,saves,clean_sheets,pass_completion_pct,non_penalty_goals,aerial_threat,market_value_eur,xg_proxy,xa_proxy,goals_per90,non_penalty_goals_per90,assists_per90,shots_per90,key_passes_per90,progressive_passes_per90,progressive_carries_per90,passes_into_final_third_per90,carries_into_final_third_per90,successful_dribbles_per90,tackles_per90,interceptions_per90,aerial_duels_won_per90,turnovers_per90,through_balls_per90,crosses_into_box_per90,shot_creating_actions_proxy_per90,shots_in_box_per90,touches_in_box_per90,pressures_per90,recoveries_per90,long_passes_per90,saves_per90,clean_sheets_per90,aerial_threat_per90,goals_percentile,non_penalty_goals_percentile,assists_percentile,shots_percentile,key_passes_percentile,progressive_passes_percentile,progressive_carries_percentile,passes_into_final_third_percentile,carries_into_final_third_percentile,successful_dribbles_percentile,tackles_percentile,interceptions_percentile,aerial_duels_won_percentile,turnovers_percentile,through_balls_percentile,crosses_into_box_percentile,shot_creating_actions_proxy_percentile,shots_in_box_percentile,touches_in_box_percentile,pressures_percentile,recoveries_percentile,long_passes_percentile,saves_percentile,clean_sheets_percentile,aerial_threat_percentile,pass_completion_pct_percentile,xg_proxy_percentile,xa_proxy_percentile,attacking_score,creativity_score,progression_score,defensive_score,turnover_control_score,possession_score,overall_score,age_curve_score,ballprogressing_midfielder_score,chance_creator_score,box_threat_forward_score,highvolume_winger_score,defensive_midfielder_score,modern_fullback_score,ballplaying_centreback_score,highpressing_forward_score,goalkeeper_distributor_score,best_profile,best_profile_score,current_performance_score,role_fit_score,success_score,success_probability
Bruno Benali,Spain,Manchester City,Premier League,20,Forward,3498,91.9,98.0,77.9,98.0,25,4,193,46,51,89,44,51,47,26,10,99,97,5,4,45,119,250,739,170,37,0,8,76.7,25,139,68206143,21.06,4.24,0.6432246998284734,0.6432246998284734,0.10291595197255575,4.965694682675815,1.183533447684391,1.3121783876500857,2.289879931389365,1.1320754716981132,1.3121783876500857,1.2092624356775301,0.6689536878216124,0.25728987993138935,2.547169811320755,2.4957118353344767,0.12864493996569468,0.10291595197255575,1.1578044596912522,3.061749571183533,6.432246998284734,19.013722126929675,4.373927958833619,0.9519725557461406,0.0,0.2058319039451115,3.576329331046312,81.5,81.5,48.1,100.0,92.6,85.2,100.0,100.0,88.9,85.2,70.4,70.4,92.6,96.3,51.9,18.5,63.0,92.6,81.5,96.3,100.0,70.4,51.9,85.2,96.3,70.4,100.0,96.3,91.1,74.1,92.4,83.5,3.700000000000003,58.2,83.2,55,86.3,74.1,89.8,75.3,74.5,70.3,72.3,88.6,68.0,Box threat forward,89.8,83.2,89.8,86.5,94.5
Alphonso Rodriguez,Mexico,Arsenal,Premier League,26,Attacking midfielder,2284,74.0,90.9,98.0,55.5,6,9,83,73,88,123,84,78,71,42,22,23,60,15,33,81,45,121,514,188,85,0,6,82.2,6,33,54724498,8.63,8.54,0.2364273204903678,0.2364273204903678,0.35464098073555167,3.2705779334500877,2.876532399299475,3.467600700525394,4.8467600700525395,3.309982486865149,3.0735551663747813,2.7977232924693523,1.6549912434325744,0.8669001751313485,0.9063047285464099,2.364273204903678,0.5910683012259195,1.300350262697023,3.191768826619965,1.7732049036777584,4.767950963222417,20.253940455341507,7.408056042031524,3.3493870402802104,0.0,0.2364273204903678,1.300350262697023,78.4,78.4,86.5,97.3,91.9,91.9,97.3,94.6,100.0,94.6,91.9,91.9,100.0,86.5,70.3,97.3,86.5,97.3,100.0,97.3,94.6,97.3,51.4,81.1,97.3,83.8,100.0,97.3,92.6,88.1,95.3,94.5,13.5,70.4,88.3,91,89.3,89.5,92.7,91.6,87.4,93.2,86.4,93.1,79.8,High-pressing forward,93.1,88.3,93.1,82.3,91.9
Florian Costa,Brazil,Atalanta,Serie A,28,Forward,2784,96.6,81.2,87.8,83.5,14,8,135,38,37,66,30,46,33,29,9,65,68,3,12,31,75,192,639,132,45,0,6,71.8,13,81,47613943,14.15,3.56,0.4525862068965517,0.4202586206896552,0.25862068965517243,4.364224137931035,1.228448275862069,1.1961206896551724,2.1336206896551726,0.9698275862068966,1.4870689655172413,1.0668103448275863,0.9375,0.29094827586206895,2.101293103448276,2.1982758620689653,0.09698275862068965,0.3879310344827586,1.0021551724137931,2.4245689655172415,6.206896551724138,20.657327586206897,4.267241379310345,1.4547413793103448,0.0,0.1939655172413793,2.6185344827586206,66.7,51.9,96.3,92.6,96.3,70.4,92.6,81.5,92.6,55.6,92.6,85.2,70.4,81.5,44.4,92.6,48.1,66.7,70.4,100.0,96.3,100.0,51.9,81.5,63.0,11.1,88.9,88.9,72.1,79.4,80.0,89.3,18.5,37.4,70.7,73,68.2,76.7,68.0,79.1,74.0,82.5,63.3,85.2,61.2,High-pressing forward,85.2,70.7,85.2,82.1,91.8
Cole Diaz,Senegal,Aston Villa,Premier League,25,Central midfielder,2420,78.4,84.0,89.8,81.1,4,4,42,40,136,77,107,40,36,52,42,28,45,7,15,39,17,36,441,251,115,0,9,90.1,4,31,37766143,3.52,4.33,0.1487603305785124,0.1487603305785124,0.1487603305785124,1.56198347107438,1.487603305785124,5.0578512396694215,2.8636363636363638,3.9793388429752063,1.487603305785124,1.3388429752066116,1.9338842975206612,1.56198347107438,1.0413223140495869,1.6735537190082643,0.2603305785123967,0.5578512396694215,1.4504132231404958,0.6322314049586777,1.3388429752066116,16.40082644628099,9.334710743801653,4.276859504132231,0.0,0.3347107438016529,1.1528925619834711,75.0,75.0,55.6,75.0,94.4,77.8,91.7,77.8,80.6,97.2,61.1,66.7,69.4,88.9,47.2,94.4,58.3,80.6,63.9,86.1,91.7,83.3,51.4,75.0,75.0,94.4,91.7,94.4,79.2,74.1,83.6,73.6,11.099999999999994,70.4,76.4,91,81.5,80.1,78.6,88.2,72.2,84.9,74.0,76.4,74.6,Ball-progressing midfielder,81.5,76.4,81.5,81.2,91.1
Santiago Benali,Argentina,Marseille,Ligue 1,24,Attacking midfielder,1733,92.3,75.5,86.7,38.9,6,7,59,63,98,99,68,42,56,41,14,10,50,13,26,64,34,82,418,146,61,0,1,78.0,6,18,51253340,6.28,7.14,0.31159838430467396,0.31159838430467396,0.363531448355453,3.0640507789959606,3.2717830351990767,5.089440276976341,5.14137334102712,3.5314483554529716,2.1811886901327178,2.908251586843624,2.129255626081939,0.727062896710906,0.51933064050779,2.5966532025389495,0.6751298326601269,1.3502596653202539,3.3237160992498556,1.7657241777264858,4.258511252163878,21.70802077322562,7.582227351413733,3.167916907097519,0.0,0.05193306405077899,0.9347951529140219,91.9,91.9,89.2,91.9,97.3,100.0,100.0,97.3,78.4,100.0,97.3,81.1,62.2,97.3,86.5,100.0,91.9,94.6,97.3,100.0,97.3,94.6,51.4,13.5,81.1,17.6,94.6,81.1,93.7,89.2,96.2,88.4,2.700000000000003,46.3,84.8,91,86.4,90.8,92.8,93.9,78.5,86.8,68.7,96.4,55.6,High-pressing forward,96.4,84.8,96.4,80.9,90.8
Enzo Fernandez,Germany,Chelsea,Premier League,31,Full-back,2562,89.2,80.4,98.0,70.5,2,3,43,37,157,113,134,52,29,87,44,47,50,6,96,49,11,58,538,326,127,0,10,81.0,2,48,31492721,3.25,7.16,0.07025761124121781,0.07025761124121781,0.1053864168618267,1.5105386416861828,1.2997658079625294,5.515222482435598,3.969555035128806,4.707259953161593,1.8266978922716628,1.018735362997658,3.0562060889929743,1.5456674473067917,1.6510538641686183,1.7564402810304451,0.2107728337236534,3.3723653395784545,1.7213114754098362,0.38641686182669793,2.037470725995316,18.89929742388759,11.451990632318502,4.46135831381733,0.0,0.351288056206089,1.6861826697892273,91.4,91.4,51.4,97.1,97.1,100.0,97.1,100.0,77.1,91.4,100.0,80.0,88.6,91.4,65.7,100.0,91.4,85.7,85.7,97.1,100.0,97.1,51.4,71.4,88.6,41.4,97.1,97.1,92.0,82.4,95.0,92.9,8.599999999999994,55.1,83.9,46,88.0,91.5,90.6,91.6,82.8,89.2,77.6,95.5,70.1,High-volume winger,91.6,83.9,91.6,80.7,90.6
Victor Musiala 2,Switzerland,Manchester United,Premier League,30,Centre-back,2972,79.1,83.8,89.8,81.9,2,2,26,8,231,37,185,13,4,52,79,136,23,3,0,10,16,31,273,286,271,0,13,88.3,2,140,30522834,2.8,0.96,0.060565275908479134,0.060565275908479134,0.060565275908479134,0.7873485868102287,0.24226110363391654,6.99528936742934,1.120457604306864,5.60228802153432,0.39367429340511434,0.12113055181695827,1.5746971736204574,2.3923283983849255,4.118438761776581,0.6965006729475101,0.0908479138627187,0.0,0.30282637954239566,0.48452220726783307,0.9387617765814266,8.267160161507402,8.660834454912516,8.206594885598923,0.0,0.39367429340511434,4.239569313593539,71.7,71.7,89.1,87.0,76.1,97.8,87.0,97.8,58.7,76.1,67.4,87.0,84.8,82.6,73.9,32.6,71.7,78.3,50.0,95.7,93.5,95.7,51.1,87.0,84.8,32.6,95.7,100.0,79.1,83.7,87.1,84.4,17.400000000000006,51.4,76.1,82,82.4,76.5,77.1,69.2,74.2,64.6,76.1,79.9,70.3,Ball-playing centre-back,76.1,76.1,76.1,79.6,89.7
Lucas Muller,Brazil,Bayer Leverkusen,Bundesliga,27,Winger,2083,92.4,91.1,93.9,74.5,6,5,73,40,62,135,50,77,54,16,11,15,49,6,65,70,32,105,434,110,44,0,4,76.5,5,22,47052582,6.86,6.76,0.2592414786365818,0.21603456553048486,0.21603456553048486,3.154104656745079,1.728276524243879,2.6788286125780125,5.8329332693230915,2.1603456553048486,3.326932309169467,2.3331733077292367,0.6913106096975515,0.4752760441670667,0.6481036965914546,2.1171387421987515,0.2592414786365818,2.808449351896303,3.024483917426788,1.382621219395103,4.536725876140182,18.751800288046088,4.7527604416706675,1.9011041766682668,0.0,0.17282765242438788,0.9505520883341334,62.1,48.3,48.3,79.3,69.0,89.7,82.8,93.1,93.1,31.0,13.8,58.6,75.9,55.2,58.6,86.2,89.7,69.0,72.4,89.7,55.2,96.6,51.7,44.8,69.0,53.4,79.3,75.9,67.2,68.1,83.3,54.0,44.8,57.7,68.6,73,76.9,75.0,65.9,64.7,49.8,63.4,75.3,63.1,70.0,Chance creator,75.0,68.6,75.0,79.2,89.3
Nico Santos,Austria,Sporting CP,Primeira Liga,24,Forward,3567,71.4,72.9,73.3,98.0,22,4,152,39,56,74,34,32,44,33,12,76,82,6,11,59,104,249,656,156,38,0,5,74.7,22,102,48044094,18.19,4.54,0.5550883095037847,0.5550883095037847,0.10092514718250631,3.83515559293524,0.9840201850294366,1.4129520605550883,1.8671152228763668,0.8578637510513036,0.8074011774600505,1.1101766190075695,0.832632464255677,0.30277544154751895,1.91757779646762,2.0689655172413794,0.15138772077375948,0.27754415475189237,1.488645920941968,2.624053826745164,6.282590412111018,16.551724137931036,3.9360807401177462,0.95878889823381,0.0,0.1261564339781329,2.5735912531539107,74.1,74.1,44.4,74.1,77.8,92.6,81.5,66.7,44.4,63.0,81.5,88.9,48.1,70.4,55.6,77.8,85.2,74.1,74.1,66.7,81.5,74.1,51.9,55.6,55.6,29.6,96.3,100.0,79.6,74.4,74.5,76.1,29.599999999999994,48.5,73.2,91,72.2,81.5,77.8,71.7,75.6,74.9,65.8,73.8,59.3,Box threat forward,77.8,73.2,77.8,79.0,89.1
Gabriel Fernandez,Norway,Arsenal,Premier League,26,Winger,3275,75.2,92.3,89.7,82.3,8,8,119,65,93,207,60,109,110,31,22,24,110,8,89,104,46,182,613,181,58,0,15,75.8,8,38,75921223,10.72,10.01,0.21984732824427483,0.21984732824427483,0.21984732824427483,3.270229007633588,1.786259541984733,2.555725190839695,5.688549618320611,1.6488549618320612,2.9954198473282445,3.0229007633587788,0.851908396946565,0.6045801526717558,0.6595419847328244,3.0229007633587788,0.21984732824427483,2.4458015267175575,2.8580152671755727,1.2641221374045803,5.001526717557252,16.84580152671756,4.974045801526718,1.5938931297709924,0.0,0.4122137404580153,1.0442748091603054,44.8,51.7,55.2,93.1,82.8,79.3,75.9,37.9,86.2,69.0,37.9,82.8,79.3,96.6,55.2,75.9,86.2,58.6,86.2,79.3,62.1,79.3,51.7,96.6,79.3,41.4,100.0,100.0,74.8,77.9,70.2,66.4,3.4000000000000057,45.5,68.6,82,61.6,83.0,73.1,73.2,58.0,67.8,66.8,68.7,64.6,Chance creator,83.0,68.6,83.0,78.9,89.0
Gabriel Silva,England,Barcelona,LaLiga,26,Winger,1491,89.4,93.6,89.0,45.2,3,7,77,37,34,137,40,63,70,29,10,15,62,6,50,57,25,114,374,96,40,0,5,72.7,3,19,69774564,6.44,5.75,0.18108651911468812,0.18108651911468812,0.4225352112676056,4.647887323943662,2.233400402414487,2.052313883299799,8.269617706237424,2.414486921529175,3.802816901408451,4.225352112676056,1.7505030181086518,0.6036217303822937,0.9054325955734407,3.7424547283702214,0.36217303822937624,3.018108651911469,3.4406438631790746,1.5090543259557345,6.881287726358149,22.575452716297786,5.79476861167002,2.414486921529175,0.0,0.30181086519114686,1.1468812877263581,34.5,34.5,93.1,100.0,93.1,44.8,100.0,96.6,100.0,100.0,100.0,79.3,96.6,100.0,86.2,96.6,96.6,86.2,96.6,96.6,93.1,100.0,51.7,86.2,93.1,15.5,63.8,65.5,68.2,85.7,82.8,92.4,0.0,37.1,72.0,82,69.3,86.2,67.3,93.4,69.9,85.3,58.4,86.1,56.7,High-volume winger,93.4,72.0,93.4,78.7,88.8
Youssef Kone,France,Atletico Madrid,LaLiga,18,Defensive midfielder,3476,97.3,85.3,86.8,91.2,2,4,42,31,239,57,165,35,33,135,86,57,35,8,2,50,15,39,699,377,181,0,14,90.1,2,59,25718848,3.36,3.74,0.05178365937859609,0.05178365937859609,0.10356731875719218,1.087456846950518,0.8026467203682394,6.188147295742233,1.4758342922899885,4.272151898734178,0.9062140391254316,0.8544303797468354,3.495397008055236,2.226697353279632,1.4758342922899885,0.9062140391254316,0.20713463751438435,0.05178365937859609,1.2945914844649022,0.38837744533947066,1.0097813578826238,18.098388952819334,9.761219792865363,4.686421173762946,0.0,0.3624856156501726,1.5276179516685846,59.3,59.3,44.4,63.0,63.0,85.2,48.1,77.8,66.7,100.0,85.2,66.7,59.3,55.6,81.5,7.4,81.5,88.9,59.3,88.9,85.2,55.6,51.9,70.4,63.0,81.5,100.0,100.0,76.0,74.1,73.2,77.2,44.4,73.0,74.8,19,73.5,73.2,75.8,58.8,78.1,54.9,69.5,75.4,67.4,Defensive midfielder,78.1,74.8,78.1,78.3,88.4
Gabriel Diop,France,Atalanta,Serie A,26,Winger,1555,94.1,80.1,98.0,44.7,7,4,68,24,39,112,46,48,59,22,5,11,50,6,52,41,26,100,306,98,26,0,3,79.7,7,18,43739917,6.05,4.71,0.40514469453376206,0.40514469453376206,0.2315112540192926,3.935691318327974,1.3890675241157555,2.257234726688103,6.482315112540193,2.662379421221865,2.778135048231511,3.4147909967845655,1.2733118971061093,0.28938906752411575,0.6366559485530546,2.8938906752411575,0.3472668810289389,3.0096463022508035,2.372990353697749,1.5048231511254018,5.787781350482315,17.710610932475884,5.672025723472669,1.5048231511254018,0.0,0.17363344051446944,1.0418006430868167,93.1,93.1,58.6,96.6,37.9,58.6,93.1,100.0,79.3,82.8,96.6,20.7,69.0,89.7,79.3,93.1,69.0,82.8,93.1,86.2,86.2,69.0,51.7,48.3,75.9,82.8,55.2,48.3,82.1,55.5,81.0,69.8,10.299999999999997,59.7,70.6,82,77.9,58.5,79.8,78.7,64.3,73.6,58.1,91.4,60.8,High-pressing forward,91.4,70.6,91.4,78.0,88.1
Florian Tanaka,Spain,Sao Paulo,Brasileirao,28,Full-back,2939,94.3,58.9,66.1,86.8,2,5,36,32,146,123,108,66,25,79,44,43,34,7,78,30,10,48,494,275,100,0,12,87.5,2,44,12793275,2.79,5.87,0.06124532153793807,0.06124532153793807,0.15311330384484517,1.1024157876828853,0.9799251446070091,4.470908472269479,3.766587274583191,3.307247363048656,2.0210956107519564,0.7655665192242258,2.4191902007485537,1.3473970738346375,1.3167744130656684,1.0411704661449472,0.21435862538278325,2.3885675399795847,0.918679823069071,0.30622660768969034,1.4698877169105136,15.127594419870704,8.421231711466485,3.062266076896903,0.0,0.3674719292276284,1.3473970738346375,80.0,80.0,68.6,88.6,62.9,68.6,94.3,54.3,91.4,68.6,80.0,51.4,71.4,48.6,71.4,68.6,22.9,71.4,48.6,65.7,77.1,51.4,51.4,77.1,71.4,97.1,94.3,88.6,80.0,65.7,75.6,68.8,51.4,72.6,71.8,73,74.2,63.2,76.3,75.3,71.5,76.3,67.2,72.9,68.1,Modern full-back,76.3,71.8,76.3,77.8,87.9
Gabriel Torres,Morocco,Barcelona,LaLiga,26,Central midfielder,1429,78.4,92.5,92.0,32.2,0,3,40,22,96,54,78,30,20,34,25,26,27,6,7,34,11,18,303,159,79,0,10,85.8,0,28,39168404,2.66,2.84,0.0,0.0,0.18894331700489853,2.5192442267319803,1.3855843247025892,6.046186144156753,3.4009797060881732,4.912526242127361,1.8894331700489853,1.2596221133659902,2.141357592722183,1.5745276417074876,1.6375087473757872,1.7004898530440866,0.37788663400979705,0.44086773967809656,2.141357592722183,0.6927921623512946,1.1336599020293912,19.083275017494753,10.013995801259622,4.975507347795661,0.0,0.6298110566829951,1.7634709587123862,15.3,15.3,80.6,100.0,88.9,100.0,97.2,97.2,91.7,86.1,77.8,72.2,100.0,91.7,80.6,72.2,94.4,94.4,44.4,97.2,97.2,97.2,51.4,100.0,97.2,52.8,83.3,75.0,63.7,83.3,96.1,86.5,8.299999999999997,58.2,80.0,100,88.0,83.6,60.7,84.3,76.3,79.1,80.3,73.4,76.6,Ball-progressing midfielder,88.0,80.0,88.0,77.6,87.7
Amadou Costa,Poland,RB Leipzig,Bundesliga,25,Forward,2417,77.4,87.5,82.9,55.6,12,4,104,26,26,49,22,32,31,14,3,62,59,5,11,24,90,191,421,107,27,0,4,70.9,12,92,63316549,14.48,2.86,0.4468349193214729,0.4468349193214729,0.14894497310715765,3.8725693007860986,0.9681423251965247,0.9681423251965247,1.824575920562681,0.8191973520893671,1.1915597848572612,1.1543235415804718,0.5213074058750518,0.11170872983036823,2.3086470831609436,2.1969383533305753,0.18618121638394705,0.40959867604468353,0.8936698386429458,3.351261894911047,7.112122465866777,15.676458419528341,3.984278030616467,1.005378568473314,0.0,0.14894497310715765,3.425734381464626,63.0,66.7,66.7,77.8,74.1,55.6,70.4,59.3,81.5,77.8,48.1,25.9,88.9,77.8,66.7,100.0,40.7,100.0,92.6,63.0,88.9,85.2,51.9,63.0,92.6,7.4,92.6,85.2,84.1,69.3,66.1,59.1,22.200000000000003,36.7,70.1,100,55.8,71.7,86.3,76.7,44.4,60.0,51.3,69.5,51.3,Box threat forward,86.3,70.1,86.3,77.2,87.2
Leo Alvarez,Uruguay,Bayer Leverkusen,Bundesliga,28,Full-back,2592,81.0,90.2,87.5,66.8,3,4,30,31,133,83,108,45,20,80,42,36,33,9,69,43,7,52,447,229,97,0,6,78.5,3,37,40092259,2.34,6.0,0.10416666666666666,0.10416666666666666,0.1388888888888889,1.0416666666666667,1.0763888888888888,4.618055555555555,2.881944444444444,3.75,1.5625,0.6944444444444444,2.7777777777777777,1.4583333333333333,1.25,1.1458333333333333,0.3125,2.3958333333333335,1.4930555555555556,0.24305555555555555,1.8055555555555556,15.520833333333332,7.951388888888888,3.3680555555555554,0.0,0.20833333333333331,1.284722222222222,97.1,97.1,62.9,77.1,85.7,77.1,65.7,88.6,51.4,57.1,91.4,62.9,68.6,62.9,88.6,71.4,74.3,42.9,71.4,80.0,62.9,68.6,51.4,31.4,65.7,17.1,82.9,91.4,77.1,81.3,70.7,73.4,37.1,42.2,68.3,73,66.5,83.9,75.7,66.9,64.8,68.2,58.5,81.8,49.4,Chance creator,83.9,68.3,83.9,76.6,86.5
Weston Diop,Mexico,Sao Paulo,Brasileirao,26,Central midfielder,2494,81.4,61.2,80.3,65.1,2,7,41,31,144,62,114,38,36,65,52,33,30,18,9,36,18,45,403,242,126,0,6,83.7,2,38,23701242,3.68,4.54,0.07217321571772253,0.07217321571772253,0.2526062550120289,1.4795509222133119,1.1186848436246992,5.196471531676022,2.2373696872493984,4.113873295910184,1.3712910986367282,1.2991178829190055,2.345629510825982,1.8765036086607858,1.1908580593424218,1.082598235765838,0.6495589414595028,0.3247794707297514,1.2991178829190055,0.6495589414595028,1.6238973536487569,14.54290296712109,8.732959101844425,4.546912590216519,0.0,0.2165196471531676,1.3712910986367282,52.8,52.8,91.7,72.2,66.7,83.3,63.9,86.1,72.2,91.7,88.9,91.7,80.6,58.3,100.0,50.0,33.3,86.1,75.0,63.9,86.1,88.9,51.4,58.3,88.9,30.6,97.2,97.2,75.7,79.3,78.2,84.0,41.7,56.3,74.4,100,72.5,71.0,77.5,69.4,78.4,65.2,72.2,70.6,63.3,Defensive midfielder,78.4,74.4,78.4,76.5,86.4
Ousmane Wirtz,Portugal,Tottenham,Premier League,29,Centre-back,1706,84.3,84.6,90.8,47.3,1,2,10,3,107,18,109,12,6,33,38,98,9,2,0,7,11,30,139,163,136,0,4,91.0,1,101,27570780,1.79,0.52,0.05275498241500586,0.05275498241500586,0.10550996483001172,0.5275498241500586,0.15826494724501758,5.644783118405627,0.9495896834701055,5.750293083235639,0.6330597889800703,0.31652989449003516,1.7409144196951933,2.004689331770223,5.1699882766705745,0.47479484173505276,0.10550996483001172,0.0,0.369284876905041,0.5803048065650644,1.5826494724501758,7.332942555685815,8.599062133645955,7.174677608440797,0.0,0.21101992966002345,5.328253223915592,65.2,65.2,100.0,50.0,54.3,73.9,69.6,100.0,93.5,100.0,80.4,63.0,100.0,45.7,82.6,32.6,84.8,91.3,97.8,87.0,91.3,73.9,51.1,32.6,100.0,62.0,73.9,66.3,73.6,75.3,83.6,82.2,54.3,68.8,78.2,91,78.5,65.5,81.0,66.4,73.4,59.6,72.5,78.6,61.7,Ball-playing centre-back,72.5,78.2,72.5,76.5,86.4
Hugo Ramos,Brazil,Roma,Serie A,28,Goalkeeper,2460,94.7,81.3,92.7,65.3,0,0,2,1,177,2,33,2,1,2,0,10,11,0,0,2,0,1,18,114,288,143,8,81.8,0,10,26133443,0.08,0.11,0.0,0.0,0.0,0.07317073170731708,0.03658536585365854,6.475609756097561,0.07317073170731708,1.2073170731707317,0.07317073170731708,0.03658536585365854,0.07317073170731708,0.0,0.36585365853658536,0.4024390243902439,0.0,0.0,0.07317073170731708,0.0,0.03658536585365854,0.6585365853658537,4.170731707317073,10.536585365853659,5.231707317073171,0.29268292682926833,0.36585365853658536,52.2,52.2,43.5,91.3,73.9,91.3,34.8,43.5,95.7,73.9,43.5,8.7,82.6,69.6,30.4,52.2,52.2,52.2,60.9,95.7,73.9,78.3,69.6,39.1,82.6,78.3,89.1,32.6,68.2,47.7,66.5,54.6,30.400000000000006,67.6,63.0,82,61.5,50.5,65.8,60.3,50.8,48.1,70.4,72.5,70.5,Goalkeeper distributor,70.5,63.0,70.5,76.0,85.8
Take Kim,USA,Juventus,Serie A,24,Forward,1118,81.1,87.8,74.5,41.4,8,3,60,10,12,27,10,10,14,12,2,34,17,3,5,18,40,91,217,49,16,0,7,75.2,8,46,30344325,6.99,1.44,0.6440071556350626,0.6440071556350626,0.24150268336314848,4.83005366726297,0.8050089445438282,0.9660107334525939,2.1735241502683365,0.8050089445438282,0.8050089445438282,1.1270125223613596,0.9660107334525939,0.16100178890876565,2.737030411449016,1.368515205724508,0.24150268336314848,0.4025044722719141,1.4490161001788908,3.220035778175313,7.325581395348837,17.468694096601073,3.9445438282647585,1.2880143112701252,0.0,0.5635062611806798,3.70304114490161,85.2,85.2,92.6,96.3,51.9,51.9,96.3,55.6,40.7,66.7,100.0,44.4,100.0,29.6,92.6,96.3,77.8,96.3,96.3,81.5,85.2,92.6,51.9,100.0,100.0,44.4,55.6,37.0,82.8,66.3,63.5,80.4,70.4,60.2,74.4,91,65.4,63.9,83.2,80.5,68.0,76.4,66.0,89.3,69.9,High-pressing forward,89.3,74.4,89.3,76.0,85.8
Thiago Diaz,Brazil,Paris Saint-Germain,Ligue 1,27,Winger,2532,94.0,97.0,70.9,67.5,9,9,72,49,74,133,48,73,73,31,16,18,54,9,60,57,31,102,379,129,39,0,5,75.1,9,23,51895441,6.69,7.03,0.3199052132701422,0.3199052132701422,0.3199052132701422,2.5592417061611377,1.7417061611374407,2.6303317535545023,4.7274881516587675,1.7061611374407584,2.59478672985782,2.59478672985782,1.1018957345971565,0.5687203791469194,0.6398104265402844,1.919431279620853,0.3199052132701422,2.132701421800948,2.0260663507109005,1.1018957345971565,3.6255924170616116,13.471563981042655,4.585308056872038,1.386255924170616,0.0,0.17772511848341233,0.8175355450236967,75.9,75.9,75.9,65.5,75.9,86.2,44.8,41.4,75.9,41.4,75.9,75.9,72.4,27.6,72.4,58.6,41.4,41.4,27.6,37.9,51.7,48.3,51.7,55.2,51.7,34.5,72.4,82.8,61.7,71.9,60.9,64.8,72.4,54.1,62.8,73,56.6,68.5,58.5,54.3,67.4,60.6,65.0,54.8,55.3,Chance creator,68.5,62.8,68.5,75.4,85.1
Weston Garcia 2,Egypt,AZ Alkmaar,Eredivisie,30,Attacking midfielder,2775,69.8,69.1,94.0,65.5,6,10,95,90,103,140,81,76,66,52,25,22,74,24,28,118,30,116,536,180,67,0,5,80.5,5,26,36212348,7.57,11.04,0.1945945945945946,0.16216216216216217,0.32432432432432434,3.081081081081081,2.918918918918919,3.3405405405405406,4.54054054054054,2.6270270270270273,2.464864864864865,2.1405405405405404,1.6864864864864866,0.8108108108108109,0.7135135135135136,2.4,0.7783783783783784,0.9081081081081082,3.827027027027027,0.972972972972973,3.7621621621621624,17.383783783783784,5.837837837837838,2.172972972972973,0.0,0.16216216216216217,0.8432432432432433,64.9,51.4,75.7,94.6,94.6,89.2,91.9,75.7,91.9,78.4,94.6,86.5,86.5,89.2,91.9,73.0,97.3,59.5,91.9,91.9,83.8,64.9,51.4,48.6,75.7,51.4,97.3,100.0,75.0,92.2,86.5,88.8,10.799999999999997,52.3,80.3,55,78.4,93.9,73.0,81.3,80.1,83.4,70.6,84.6,58.3,Chance creator,93.9,80.3,93.9,75.1,84.7
Take Palmer,France,Marseille,Ligue 1,31,Full-back,2202,91.5,69.8,72.9,64.3,0,7,31,34,119,90,87,48,22,52,42,39,50,5,61,36,8,51,399,223,101,0,13,81.6,0,40,22947090,2.46,5.36,0.0,0.0,0.28610354223433243,1.2670299727520438,1.3896457765667576,4.863760217983652,3.6784741144414173,3.555858310626703,1.9618528610354224,0.899182561307902,2.125340599455041,1.7166212534059946,1.5940054495912808,2.043596730245232,0.20435967302452318,2.493188010899183,1.471389645776567,0.32697547683923706,2.0844686648501365,16.30790190735695,9.114441416893733,4.128065395095368,0.0,0.5313351498637603,1.6348773841961854,32.9,32.9,88.6,94.3,100.0,91.4,91.4,77.1,85.7,88.6,62.9,91.4,82.9,97.1,62.9,74.3,71.4,77.1,88.6,91.4,88.6,88.6,51.4,88.6,82.9,51.4,88.6,82.9,70.4,83.6,87.4,82.4,2.9000000000000057,54.6,77.1,46,79.8,81.9,69.0,84.6,74.1,80.1,75.4,76.1,70.3,High-volume winger,84.6,77.1,84.6,75.1,84.7
Mateo Musiala,Portugal,Lille,Ligue 1,26,Full-back,1871,89.9,68.7,87.1,49.9,1,4,19,19,100,51,69,43,18,55,31,41,34,4,67,36,6,44,355,199,99,0,7,85.4,1,42,33511038,1.76,4.65,0.048102618920363445,0.048102618920363445,0.19241047568145378,0.9139497594869055,0.9139497594869055,4.810261892036344,2.4532335649385355,3.3190807055050775,2.068412613575628,0.865847140566542,2.6456440406199895,1.4911811865312667,1.9722073757349012,1.635489043292357,0.19241047568145378,3.222875467664351,1.731694281133084,0.2886157135221807,2.1165152324959915,17.076429716729024,9.572421165152326,4.762159273115981,0.0,0.3367183324425441,2.0203099946552645,74.3,74.3,80.0,62.9,54.3,85.7,28.6,57.1,97.1,82.9,85.7,68.6,97.1,88.6,48.6,97.1,94.3,60.0,91.4,94.3,94.3,100.0,51.4,62.9,97.1,80.0,68.6,77.1,70.0,70.3,67.1,86.1,11.400000000000006,66.1,72.9,91,61.1,71.4,74.9,62.6,78.5,67.2,81.1,84.6,75.9,Chance creator,71.4,72.9,71.4,74.7,84.2
Take Santos,England,Benfica,Primeira Liga,23,Centre-back,2041,87.4,78.5,98.0,53.4,1,2,25,2,174,35,103,9,3,32,62,90,25,3,2,8,13,35,184,240,229,0,8,89.4,1,94,63639063,2.53,0.65,0.04409603135717786,0.04409603135717786,0.08819206271435572,1.1024007839294463,0.08819206271435572,7.672709456148946,1.5433610975012249,4.541891229789319,0.3968642822146007,0.13228809407153355,1.4110730034296914,2.733953944145027,3.968642822146007,1.1024007839294463,0.13228809407153355,0.08819206271435572,0.35276825085742286,0.5732484076433121,1.5433610975012249,8.113669769720726,10.583047525722685,10.097991180793729,0.0,0.35276825085742286,4.145026947574719,54.3,54.3,97.8,100.0,21.7,100.0,100.0,87.0,60.9,82.6,45.7,95.7,80.4,100.0,93.5,91.3,78.3,89.1,93.5,93.5,100.0,100.0,51.1,78.3,80.4,41.3,93.5,78.3,81.8,70.3,89.8,81.4,0.0,51.8,75.0,55,84.8,64.9,79.6,77.6,72.7,68.7,78.2,80.4,71.2,Ball-playing centre-back,78.2,75.0,78.2,74.2,83.5
Lucas Diaz,Brazil,PSV,Eredivisie,25,Full-back,530,86.1,79.3,84.8,22.2,0,0,10,6,30,34,20,14,7,12,9,10,5,0,14,10,4,19,116,66,26,0,4,81.7,0,10,12682357,0.96,1.07,0.0,0.0,0.0,1.6981132075471697,1.0188679245283019,5.094339622641509,5.773584905660377,3.3962264150943393,2.3773584905660377,1.1886792452830188,2.0377358490566038,1.5283018867924527,1.6981132075471697,0.8490566037735848,0.0,2.3773584905660377,1.6981132075471697,0.6792452830188679,3.2264150943396226,19.69811320754717,11.20754716981132,4.415094339622641,0.0,0.6792452830188679,1.6981132075471697,32.9,32.9,8.6,100.0,68.6,97.1,100.0,68.6,100.0,100.0,54.3,74.3,94.3,28.6,5.7,65.7,85.7,100.0,100.0,100.0,97.1,94.3,51.4,97.1,91.4,57.1,28.6,5.7,62.0,34.0,92.8,80.7,71.4,76.8,72.7,100,87.1,46.6,61.2,88.0,74.2,72.0,84.2,80.3,80.9,High-volume winger,88.0,72.7,88.0,74.1,83.3
Pedri Rodriguez,Spain,Liverpool,Premier League,32,Centre-back,2757,87.9,87.9,83.4,77.5,1,1,22,9,130,22,124,13,3,59,59,123,19,1,1,8,19,35,201,195,203,0,6,95.7,1,127,14487793,3.0,0.82,0.03264417845484222,0.03264417845484222,0.03264417845484222,0.7181719260065288,0.29379760609357997,4.243743199129488,0.7181719260065288,4.047878128400435,0.4243743199129489,0.09793253536452666,1.926006528835691,1.926006528835691,4.015233949945593,0.6202393906420022,0.03264417845484222,0.03264417845484222,0.2611534276387378,0.6202393906420022,1.1425462459194777,6.5614798694232865,6.365614798694233,6.62676822633297,0.0,0.19586507072905332,4.145810663764962,37.0,37.0,65.2,78.3,84.8,43.5,37.0,71.7,69.6,69.6,84.8,52.2,82.6,71.7,37.0,67.4,60.9,95.7,71.7,67.4,52.2,60.9,51.1,30.4,82.6,95.7,100.0,95.7,74.2,72.9,54.0,67.2,28.299999999999997,63.6,64.0,64,54.6,73.8,74.3,62.4,63.6,67.9,61.7,65.2,57.6,Ball-playing centre-back,61.7,64.0,61.7,73.8,82.9
Mason Pulisic,Nigeria,LAFC,MLS,31,Attacking midfielder,2248,75.0,62.1,88.3,72.6,6,7,65,60,67,94,70,57,51,29,22,15,53,21,23,95,30,90,378,145,49,0,8,81.7,6,24,31506106,6.2,8.37,0.2402135231316726,0.2402135231316726,0.2802491103202847,2.6023131672597866,2.402135231316726,2.6823843416370106,3.763345195729537,2.802491103202847,2.2820284697508897,2.0418149466192173,1.1610320284697508,0.8807829181494662,0.6005338078291815,2.1218861209964412,0.8407473309608541,0.9208185053380783,3.8033807829181496,1.201067615658363,3.6032028469750887,15.133451957295373,5.805160142348754,1.9617437722419928,0.0,0.3202846975088968,0.9608540925266904,81.1,81.1,70.3,81.1,81.1,56.8,81.1,83.8,81.1,75.7,54.1,97.3,81.1,78.4,94.6,75.7,94.6,75.7,86.5,78.4,81.1,56.8,51.4,94.6,86.5,75.7,86.5,94.6,81.9,86.4,73.8,78.0,21.599999999999994,57.4,77.5,46,70.3,88.7,82.7,75.6,71.3,77.2,65.6,76.6,62.9,Chance creator,88.7,77.5,88.7,73.8,82.9
Gabriel Osimhen 2,Ghana,Porto,Primeira Liga,25,Forward,2289,66.8,73.6,86.5,65.3,11,4,99,20,33,42,16,23,30,24,6,53,35,5,5,38,56,153,440,100,24,0,9,81.7,11,71,44644172,10.62,2.68,0.4325032765399738,0.4325032765399738,0.15727391874180865,3.892529488859764,0.7863695937090432,1.2975098296199215,1.651376146788991,0.6290956749672346,0.9043250327653998,1.1795543905635648,0.9436435124508519,0.23591087811271297,2.083879423328965,1.3761467889908257,0.1965923984272608,0.1965923984272608,1.494102228047182,2.2018348623853212,6.015727391874181,17.30013106159895,3.9318479685452163,0.9436435124508519,0.0,0.35386631716906947,2.7916120576671033,59.3,63.0,70.4,81.5,48.1,77.8,55.6,29.6,66.7,81.5,96.3,63.0,66.7,33.3,74.1,55.6,88.9,51.9,66.7,77.8,74.1,66.7,51.9,92.6,77.8,96.3,66.7,81.5,64.9,70.9,61.3,76.3,66.7,80.9,68.8,100,64.3,69.3,63.7,65.2,79.9,66.7,74.7,76.9,77.4,High-pressing forward,76.9,68.8,76.9,73.6,82.6
Lamine Torres 2,France,Roma,Serie A,23,Winger,2419,94.4,78.3,82.4,67.0,9,4,62,36,73,147,48,44,80,30,10,14,67,9,47,49,31,110,387,113,25,0,7,76.5,9,20,42007332,6.44,5.66,0.33484911120297645,0.33484911120297645,0.14882182720132286,2.3067383216205046,1.3393964448119058,2.715998346424142,5.469202149648615,1.7858619264158744,1.6370400992145515,2.9764365440264573,1.1161637040099215,0.37205456800330716,0.52087639520463,2.492765605622158,0.33484911120297645,1.7486564696155438,1.8230673832162052,1.1533691608102523,4.092600248036379,14.398511781727988,4.204216618437371,0.9301364200082679,0.0,0.260438197602315,0.7441091360066143,82.8,82.8,41.4,41.4,27.6,93.1,72.4,62.1,17.2,62.1,86.2,34.5,51.7,79.3,75.9,27.6,24.1,48.3,62.1,51.7,34.5,20.7,51.7,79.3,34.5,53.4,63.8,58.6,62.9,44.8,67.2,52.6,20.700000000000003,49.2,56.4,91,71.0,41.9,63.2,49.2,57.4,50.8,52.9,60.9,52.2,Box threat forward,63.2,56.4,63.2,73.6,82.6
Declan Kim,Portugal,Al Ittihad,Saudi Pro League,25,Attacking midfielder,2586,87.1,67.0,71.9,79.9,2,4,55,67,74,89,56,40,50,31,18,8,59,16,24,68,25,71,380,142,40,0,5,80.6,2,16,22649862,5.15,7.66,0.06960556844547564,0.06960556844547564,0.13921113689095127,1.91415313225058,2.331786542923434,2.5754060324825985,3.097447795823666,1.948955916473318,1.3921113689095128,1.740139211136891,1.0788863109048723,0.6264501160092807,0.27842227378190254,2.0533642691415315,0.5568445475638051,0.8352668213457076,2.3665893271461718,0.8700696055684455,2.470997679814385,13.22505800464037,4.94199535962877,1.3921113689095128,0.0,0.1740139211136891,0.5568445475638051,21.6,21.6,27.0,40.5,78.4,51.4,54.1,45.9,29.7,56.8,43.2,70.3,16.2,75.7,64.9,67.6,51.4,37.8,35.1,54.1,62.2,32.4,51.4,56.8,35.1,54.1,73.0,86.5,41.9,64.1,48.3,51.4,24.299999999999997,44.5,51.5,100,50.4,71.9,41.1,57.7,55.0,61.3,43.3,43.1,45.3,Chance creator,71.9,51.5,71.9,73.4,82.3
Julian Pereira,Poland,Real Sociedad,LaLiga,29,Central midfielder,1609,69.5,76.6,98.0,41.3,3,6,39,34,105,77,107,53,37,52,36,24,34,4,7,46,13,38,343,201,70,0,4,79.9,3,26,33484623,3.06,3.62,0.16780609073958982,0.16780609073958982,0.33561218147917965,2.1814791796146675,1.9018023617153512,5.873213175885644,4.307022995649472,5.98508390304537,2.9645742697327533,2.069608452454941,2.9086389061528903,2.013673088875078,1.3424487259167186,1.9018023617153512,0.22374145431945308,0.39154754505904293,2.5730267246737104,0.7271597265382226,2.1255438160348046,19.185829707893102,11.243008079552517,3.9154754505904292,0.0,0.22374145431945308,1.4543194530764452,80.6,83.3,97.2,97.2,100.0,97.2,100.0,100.0,100.0,100.0,100.0,97.2,94.4,97.2,38.9,63.9,100.0,97.2,100.0,100.0,100.0,77.8,51.4,63.9,94.4,6.9,88.9,88.9,91.2,87.5,99.2,98.5,2.799999999999997,40.5,82.8,73,85.0,84.4,91.1,88.3,81.9,81.2,69.1,96.6,55.1,Ball-progressing midfielder,85.0,82.8,85.0,73.4,82.3
Xavi Smith,Turkey,Borussia Dortmund,Bundesliga,22,Forward,2603,70.1,87.1,91.3,73.7,12,2,114,32,31,52,24,21,33,20,6,66,64,6,6,52,64,205,493,108,21,0,5,80.0,12,78,77145114,12.53,3.81,0.4149058778332693,0.4149058778332693,0.06915097963887822,3.9416058394160585,1.1064156742220514,1.0718401844026124,1.7979254706108339,0.8298117556665386,0.7260852862082213,1.1409911640414907,0.6915097963887822,0.20745293891663466,2.2819823280829814,2.212831348444103,0.20745293891663466,0.20745293891663466,1.7979254706108339,2.212831348444103,7.087975412985018,17.045716480983483,3.734152900499424,0.7260852862082213,0.0,0.17287744909719555,2.6968882059162507,48.1,48.1,29.6,88.9,85.2,59.3,66.7,63.0,25.9,74.1,74.1,51.9,85.2,85.2,81.5,63.0,96.3,55.6,88.9,74.1,66.7,48.1,51.9,77.8,66.7,81.5,85.2,92.6,69.1,77.0,58.4,68.7,14.799999999999997,57.0,67.0,73,63.4,86.5,66.9,70.5,63.1,70.1,60.2,72.5,59.3,High-pressing forward,72.5,67.0,72.5,73.3,82.2
Gabriel Osimhen,Morocco,Al Ahli,Saudi Pro League,22,Centre-back,3472,76.8,66.6,77.4,91.4,2,2,23,9,222,31,150,22,5,80,80,142,23,2,0,11,10,48,272,289,243,0,14,94.8,2,143,34465471,2.33,0.95,0.051843317972350235,0.051843317972350235,0.051843317972350235,0.5961981566820277,0.23329493087557604,5.7546082949308754,0.8035714285714286,3.8882488479262673,0.5702764976958525,0.12960829493087558,2.0737327188940093,2.0737327188940093,3.6808755760368665,0.5961981566820277,0.051843317972350235,0.0,0.28513824884792627,0.25921658986175117,1.2442396313364057,7.050691244239632,7.4913594470046085,6.298963133640553,0.0,0.3629032258064516,3.706797235023042,63.0,63.0,84.8,65.2,73.9,80.4,54.3,67.4,82.6,80.4,93.5,73.9,67.4,69.6,56.5,32.6,65.2,37.0,78.3,84.8,71.7,50.0,51.1,82.6,65.2,91.3,89.1,97.8,66.2,78.1,71.6,79.0,30.400000000000006,68.7,74.0,46,69.9,71.4,66.8,60.5,79.4,66.6,69.7,77.4,67.7,Ball-playing centre-back,69.7,74.0,69.7,73.2,82.1
Mateo Benali,Ecuador,Manchester City,Premier League,27,Winger,3067,67.9,92.7,96.9,82.7,10,4,111,60,76,165,59,86,96,32,16,27,80,10,65,77,42,134,505,162,51,0,7,69.8,10,36,60438001,9.48,8.4,0.2934463645255951,0.2934463645255951,0.11737854581023803,3.257254646234105,1.7606781871535704,2.2301923703945223,4.841865014672319,1.7313335507010108,2.5236387349201177,2.8170850994457126,0.9390283664819042,0.4695141832409521,0.7923051842191067,2.3475709162047607,0.2934463645255951,1.9074013694163678,2.259537006847082,1.2324747310074993,3.932181284642974,14.819041408542551,4.75383110531464,1.4965764590805348,0.0,0.20541245516791654,1.0564069122921422,69.0,69.0,24.1,89.7,79.3,51.7,55.2,48.3,69.0,51.7,58.6,55.2,89.7,69.0,65.5,41.4,55.2,55.2,41.4,62.1,58.6,65.5,51.7,69.0,82.8,10.3,96.6,96.6,73.5,66.9,54.5,62.9,31.0,33.4,59.4,73,46.7,72.9,70.4,57.7,49.1,51.7,51.1,63.8,47.2,Chance creator,72.9,59.4,72.9,73.2,82.1
Bruno Kim,Austria,Juventus,Serie A,31,Full-back,3303,67.3,84.7,78.1,82.2,0,7,30,34,168,118,130,60,40,105,50,52,40,7,108,54,15,72,566,328,124,0,11,85.5,0,54,19952764,3.34,7.63,0.0,0.0,0.19073569482288827,0.8174386920980926,0.9264305177111716,4.577656675749318,3.215258855585831,3.542234332425068,1.6348773841961852,1.08991825613079,2.861035422343324,1.3623978201634876,1.416893732970027,1.08991825613079,0.19073569482288827,2.9427792915531334,1.4713896457765667,0.4087193460490463,1.9618528610354222,15.42234332425068,8.937329700272478,3.3787465940054493,0.0,0.2997275204359673,1.4713896457765667,32.9,32.9,74.3,60.0,57.1,74.3,80.0,74.3,57.1,97.1,97.1,54.3,77.1,54.3,45.7,88.6,68.6,88.6,80.0,71.4,82.9,71.4,51.4,51.4,80.0,82.9,100.0,100.0,69.6,71.3,75.4,76.7,45.7,73.3,74.0,46,77.4,71.6,72.6,79.2,76.2,77.6,71.0,69.2,67.6,High-volume winger,79.2,74.0,79.2,73.1,81.9
Take Torres,Netherlands,Borussia Dortmund,Bundesliga,26,Full-back,1995,91.8,80.6,80.2,47.7,0,3,15,24,101,65,87,39,16,52,28,19,26,3,52,37,6,32,354,178,85,0,3,80.7,0,20,27584635,1.48,4.34,0.0,0.0,0.13533834586466165,0.6766917293233082,1.0827067669172932,4.556390977443609,2.932330827067669,3.924812030075188,1.7593984962406015,0.7218045112781954,2.345864661654135,1.263157894736842,0.8571428571428571,1.1729323308270676,0.13533834586466165,2.345864661654135,1.669172932330827,0.2706766917293233,1.443609022556391,15.969924812030074,8.030075187969924,3.834586466165413,0.0,0.13533834586466165,0.9022556390977443,32.9,32.9,60.0,45.7,88.6,71.4,68.6,91.4,71.4,65.7,74.3,42.9,22.9,68.6,40.0,60.0,82.9,51.4,45.7,85.7,65.7,82.9,51.4,20.0,25.7,37.1,57.1,71.4,45.8,70.4,74.1,58.7,31.400000000000006,49.7,61.6,91,68.7,73.0,43.9,64.7,57.5,64.1,54.1,62.0,54.7,Chance creator,73.0,61.6,73.0,73.0,81.8
Victor Wirtz,Norway,Chelsea,Premier League,26,Centre-back,1931,67.9,86.3,83.3,43.7,0,0,7,1,134,25,112,8,1,32,49,89,12,0,2,12,19,30,160,196,175,0,10,93.8,0,93,49124615,2.83,0.43,0.0,0.0,0.0,0.3262558259968928,0.04660797514241326,6.245468669083376,1.1651993785603314,5.220093215950285,0.37286380113930606,0.04660797514241326,1.4914552045572242,2.2837907819782495,4.1481097876747794,0.559295701708959,0.0,0.09321595028482652,0.559295701708959,0.8855515277058519,1.3982392542723978,7.457276022786121,9.135163127912998,8.15639564992232,0.0,0.46607975142413255,4.334541688244433,18.5,18.5,32.6,13.0,13.0,93.5,93.5,93.5,50.0,34.8,54.3,80.4,87.0,56.5,18.5,93.5,100.0,100.0,84.8,91.3,95.7,93.5,51.1,93.5,89.1,84.8,97.8,54.3,60.4,41.1,81.1,79.6,43.5,69.2,74.3,82,84.3,49.6,71.6,54.4,77.2,70.8,85.5,61.0,83.3,Ball-playing centre-back,85.5,74.3,85.5,72.5,81.0
Youssef Palmer,Spain,Newcastle United,Premier League,30,Central midfielder,2299,90.8,79.3,90.3,56.7,0,4,29,30,133,52,98,34,27,45,39,25,33,2,9,44,12,29,391,181,122,0,4,88.9,0,27,18631431,2.5,3.24,0.0,0.0,0.156589821661592,1.135276207046542,1.17442366246194,5.206611570247934,2.035667681600696,3.836450630709004,1.331013484123532,1.0569812962157459,1.76163549369291,1.526750761200522,0.97868638538495,1.291866028708134,0.078294910830796,0.352327098738582,1.722488038277512,0.469769464984776,1.135276207046542,15.306655067420618,7.0856894301870375,4.775989560678556,0.0,0.156589821661592,1.0569812962157459,15.3,15.3,63.9,38.9,80.6,86.1,52.8,72.2,66.7,69.4,50.0,63.9,63.9,69.4,5.6,55.6,83.3,55.6,47.2,77.8,69.4,91.7,51.4,41.7,61.1,83.3,77.8,86.1,45.7,67.8,70.4,63.6,30.599999999999994,69.3,65.9,64,70.3,68.8,48.3,59.2,65.4,62.7,76.5,52.1,72.9,Ball-progressing midfielder,70.3,65.9,70.3,72.5,81.0
Florian Musiala,Morocco,Lille,Ligue 1,19,Full-back,2320,74.9,78.0,85.7,65.8,1,4,26,27,124,81,104,43,17,65,38,31,25,5,69,44,8,57,413,233,104,0,9,84.4,1,32,25255246,2.35,5.45,0.03879310344827586,0.03879310344827586,0.15517241379310345,1.0086206896551724,1.0474137931034482,4.810344827586206,3.1422413793103448,4.0344827586206895,1.668103448275862,0.6594827586206896,2.521551724137931,1.4741379310344827,1.2025862068965516,0.9698275862068966,0.1939655172413793,2.6767241379310343,1.706896551724138,0.3103448275862069,2.211206896551724,16.02155172413793,9.038793103448276,4.0344827586206895,0.0,0.34913793103448276,1.2413793103448276,68.6,68.6,71.4,74.3,80.0,88.6,77.1,94.3,62.9,48.6,82.9,65.7,60.0,37.1,51.4,82.9,88.6,74.3,94.3,88.6,85.7,85.7,51.4,68.6,60.0,71.4,85.7,85.7,77.4,76.7,79.0,76.6,62.9,69.9,76.0,46,79.9,79.1,77.0,69.6,77.4,77.5,76.1,82.5,75.4,Chance creator,79.1,76.0,79.1,72.4,80.8
Hugo Tanaka,Austria,AC Milan,Serie A,30,Defensive midfielder,2088,71.9,88.7,82.4,47.2,1,1,30,23,174,45,113,21,14,71,68,53,39,2,5,28,9,28,419,240,118,0,10,87.4,1,54,36156190,2.24,2.32,0.04310344827586207,0.04310344827586207,0.04310344827586207,1.293103448275862,0.9913793103448276,7.5,1.9396551724137931,4.870689655172414,0.9051724137931034,0.603448275862069,3.060344827586207,2.931034482758621,2.28448275862069,1.6810344827586208,0.08620689655172414,0.21551724137931036,1.206896551724138,0.3879310344827586,1.206896551724138,18.060344827586206,10.344827586206897,5.086206896551724,0.0,0.4310344827586207,2.3275862068965516,55.6,55.6,25.9,77.8,85.2,100.0,81.5,88.9,63.0,74.1,70.4,96.3,100.0,96.3,40.7,48.1,70.4,85.2,88.9,85.2,96.3,63.0,51.9,85.2,100.0,33.3,88.9,81.5,76.5,63.5,85.0,88.7,3.700000000000003,45.0,74.0,73,79.1,70.9,79.3,69.6,77.5,69.8,72.4,78.0,60.4,Ball-progressing midfielder,79.1,74.0,79.1,72.1,80.4
Gabriel Pereira,Portugal,Benfica,Primeira Liga,29,Full-back,1748,87.6,80.4,85.5,57.4,0,6,21,24,85,58,57,40,14,37,30,24,39,6,38,25,7,33,301,162,64,0,8,82.0,0,26,27993870,1.8,3.82,0.0,0.0,0.30892448512585813,1.0812356979405036,1.2356979405034325,4.376430205949657,2.9862700228832955,2.9347826086956523,2.059496567505721,0.7208237986270023,1.905034324942792,1.5446224256292906,1.2356979405034325,2.008009153318078,0.30892448512585813,1.956521739130435,1.2871853546910756,0.36041189931350115,1.6990846681922198,15.49771167048055,8.34096109839817,3.2951945080091534,0.0,0.41189931350114417,1.3386727688787186,32.9,32.9,91.4,80.0,94.3,65.7,71.4,45.7,94.3,62.9,45.7,77.1,62.9,94.3,85.7,34.3,60.0,80.0,65.7,77.1,74.3,62.9,51.4,80.0,68.6,62.9,77.1,65.7,63.7,80.1,67.1,66.6,5.700000000000003,49.0,65.3,64,59.6,73.0,61.9,63.2,61.7,63.5,60.8,62.9,60.1,Chance creator,73.0,65.3,73.0,72.1,80.4
Youssef Rice,Senegal,Manchester City,Premier League,22,Defensive midfielder,2977,77.9,92.8,89.7,72.6,4,3,45,30,184,60,127,26,20,119,75,43,28,5,7,40,7,36,525,302,158,0,12,84.1,4,44,49355467,2.67,3.34,0.12092710782667115,0.12092710782667115,0.09069533087000337,1.3604299630500505,0.9069533087000337,5.562646960026873,1.8139066174000673,3.839435673496809,0.7860262008733625,0.6046355391333558,3.5975814578434666,2.267383271750084,1.299966409136715,0.8464897547866981,0.15115888478333894,0.21162243869667452,1.2092710782667115,0.21162243869667452,1.0883439704400404,15.871682902250589,9.129996640913673,4.77662075915351,0.0,0.36278132348001346,1.3301981860933827,92.6,92.6,40.7,85.2,74.1,63.0,77.8,55.6,40.7,77.8,92.6,77.8,33.3,40.7,66.7,44.4,74.1,70.4,70.4,66.7,66.7,59.3,51.9,74.1,40.7,14.8,96.3,96.3,85.8,71.9,63.4,70.9,59.3,47.1,64.6,55,61.7,75.6,80.6,71.2,68.3,65.3,50.9,78.5,51.5,Defensive midfielder,68.3,64.6,68.3,72.1,80.4
Daichi Smith,Norway,Napoli,Serie A,23,Central midfielder,2638,68.5,78.8,83.0,49.3,4,3,54,38,156,74,110,41,32,54,47,28,34,10,13,53,12,55,471,219,109,0,10,88.7,4,30,39115523,3.69,4.77,0.13646702047005307,0.13646702047005307,0.10235026535253981,1.8423047763457165,1.2964366944655041,5.32221379833207,2.524639878695982,3.7528430629264595,1.398786959818044,1.0917361637604246,1.8423047763457165,1.6034874905231236,0.9552691432903715,1.159969673995451,0.3411675511751327,0.44351781652767247,1.8081880212282033,0.40940106141015925,1.8764215314632298,16.06899166034875,7.471569370735406,3.7187263078089465,0.0,0.3411675511751327,1.0235026535253982,72.2,72.2,44.4,94.4,86.1,88.9,80.6,66.7,75.0,72.2,58.3,75.0,58.3,63.9,66.7,75.0,88.9,47.2,91.7,83.3,75.0,63.9,51.4,77.8,55.6,80.6,100.0,100.0,79.4,78.7,78.6,69.6,36.1,67.8,74.7,73,77.2,86.1,75.4,77.3,71.6,76.1,72.2,79.0,70.5,Chance creator,86.1,74.7,86.1,72.0,80.2
Xavi Palmer,Denmark,Paris Saint-Germain,Ligue 1,21,Winger,1684,77.6,93.0,85.3,37.0,3,5,59,48,45,112,34,58,70,22,14,11,54,7,53,50,28,91,363,109,33,0,4,73.3,3,20,61398916,5.82,6.38,0.16033254156769594,0.16033254156769594,0.2672209026128266,3.1532066508313537,2.565320665083135,2.404988123515439,5.985748218527315,1.8171021377672207,3.0997624703087885,3.7410926365795723,1.175771971496437,0.7482185273159144,0.5878859857482185,2.885985748218527,0.3741092636579572,2.8325415676959618,2.672209026128266,1.4964370546318289,4.863420427553444,19.40023752969121,5.8254156769596195,1.7636579572446556,0.0,0.21377672209026127,1.0688836104513064,24.1,24.1,72.4,75.9,96.6,65.5,89.7,65.5,89.7,89.7,93.1,100.0,62.1,86.2,93.1,89.7,79.3,75.9,82.8,93.1,96.6,93.1,51.7,72.4,89.7,24.1,51.7,72.4,55.0,82.6,77.6,90.9,13.799999999999997,44.5,67.7,73,67.2,85.9,56.7,85.4,78.7,84.9,63.1,77.4,59.6,Chance creator,85.9,67.7,85.9,71.7,79.7
Lamine Torres,England,RB Leipzig,Bundesliga,22,Defensive midfielder,1992,85.1,85.2,89.4,44.6,4,4,20,23,132,52,99,21,12,80,48,30,27,0,10,32,3,24,414,215,127,0,10,88.7,4,30,27598974,1.27,2.42,0.18072289156626506,0.18072289156626506,0.18072289156626506,0.9036144578313253,1.0391566265060241,5.963855421686747,2.3493975903614457,4.47289156626506,0.9487951807228916,0.5421686746987951,3.6144578313253013,2.1686746987951806,1.355421686746988,1.2198795180722892,0.0,0.45180722891566266,1.4457831325301205,0.1355421686746988,1.0843373493975903,18.704819277108435,9.713855421686747,5.7379518072289155,0.0,0.45180722891566266,1.355421686746988,100.0,100.0,85.2,48.1,88.9,77.8,96.3,85.2,74.1,59.3,96.3,55.6,48.1,81.5,13.0,92.6,88.9,40.7,66.7,92.6,77.8,92.6,51.9,88.9,48.1,55.6,55.6,88.9,65.9,76.8,81.5,74.6,18.5,53.9,71.3,55,76.9,77.9,66.9,75.0,71.0,84.1,65.2,83.7,71.3,Ball-progressing midfielder,76.9,71.3,76.9,71.6,79.6
Pedri Salah,Serbia,Arsenal,Premier League,25,Defensive midfielder,2141,78.3,93.7,74.7,56.1,0,3,27,21,131,51,94,29,15,67,50,38,22,3,5,29,11,23,427,219,124,0,7,87.0,0,39,49910836,2.27,2.33,0.0,0.0,0.12610929472209248,1.1349836524988324,0.8827650630546474,5.506772536198039,2.143858010275572,3.951424567958898,1.219056515646894,0.6305464736104625,2.8164409154600656,2.1018215787015415,1.5973843998131714,0.9248014946286782,0.12610929472209248,0.21018215787015415,1.219056515646894,0.4624007473143391,0.966837926202709,17.949556282111164,9.20597851471275,5.212517515179822,0.0,0.2942550210182158,1.6394208313872023,24.1,24.1,66.7,66.7,70.4,59.3,92.6,63.0,85.2,85.2,59.3,44.4,81.5,63.0,63.0,40.7,77.8,100.0,51.9,81.5,70.4,81.5,51.9,63.0,85.2,29.6,92.6,85.2,65.6,73.4,74.8,64.5,37.0,49.4,64.7,82,66.9,71.5,66.7,72.4,52.6,59.3,57.9,60.9,57.0,Ball-progressing midfielder,66.9,64.7,66.9,71.6,79.6
Lamine Alvarez,Argentina,Napoli,Serie A,18,Centre-back,2040,94.6,80.2,90.3,73.0,2,0,18,7,123,22,95,9,2,48,44,96,8,1,1,8,7,21,156,186,167,0,15,88.6,2,97,21166779,1.55,0.71,0.08823529411764705,0.08823529411764705,0.0,0.7941176470588235,0.30882352941176466,5.4264705882352935,0.9705882352941176,4.1911764705882355,0.39705882352941174,0.08823529411764705,2.1176470588235294,1.9411764705882353,4.235294117647059,0.3529411764705882,0.044117647058823525,0.044117647058823525,0.3529411764705882,0.30882352941176466,0.926470588235294,6.88235294117647,8.205882352941176,7.367647058823529,0.0,0.6617647058823529,4.279411764705882,78.3,78.3,32.6,89.1,91.3,69.6,73.9,78.3,63.0,56.5,100.0,58.7,89.1,32.6,43.5,73.9,80.4,52.2,47.8,78.3,87.0,82.6,51.1,100.0,87.0,37.0,69.6,88.0,69.5,69.9,70.1,82.2,67.4,57.0,71.7,10,67.7,79.4,67.2,72.8,73.3,74.6,67.6,80.5,68.3,Ball-playing centre-back,67.6,71.7,67.6,71.5,79.4
Mohamed Diaz,France,Inter Miami,MLS,22,Attacking midfielder,1872,92.3,66.9,95.7,64.3,4,4,48,34,54,62,60,30,47,26,12,8,37,5,20,65,28,60,305,109,30,0,4,81.5,4,16,30027915,5.06,4.65,0.1923076923076923,0.1923076923076923,0.1923076923076923,2.3076923076923075,1.6346153846153846,2.5961538461538463,2.980769230769231,2.8846153846153846,1.4423076923076923,2.2596153846153846,1.25,0.5769230769230769,0.3846153846153846,1.7788461538461537,0.24038461538461536,0.9615384615384615,3.125,1.346153846153846,2.8846153846153846,14.663461538461538,5.240384615384615,1.4423076923076923,0.0,0.1923076923076923,0.7692307692307692,59.5,62.2,40.5,67.6,35.1,54.1,45.9,86.5,32.4,86.5,64.9,67.6,45.9,54.1,18.9,86.5,83.8,83.8,56.8,67.6,75.7,37.8,51.4,64.9,70.3,73.0,70.3,48.6,68.8,44.4,58.5,65.3,45.9,61.9,57.5,73,63.2,50.9,68.5,65.5,66.1,61.3,54.1,65.7,54.3,Box threat forward,68.5,57.5,68.5,71.5,79.4
Joao Fernandez,Germany,Arsenal,Premier League,25,Central midfielder,1171,85.7,93.6,78.9,26.0,1,2,21,11,75,29,50,28,16,30,26,5,19,7,7,19,5,22,216,117,54,0,5,82.9,1,6,19653158,1.47,1.96,0.07685738684884715,0.07685738684884715,0.1537147736976943,1.61400512382579,0.8454312553373186,5.764304013663535,2.2288642186165672,3.842869342442357,2.15200683176772,1.2297181895815543,2.3057216054654144,1.9982920580700256,0.3842869342442357,1.4602903501280957,0.53800170794193,0.53800170794193,1.4602903501280957,0.3842869342442357,1.690862510674637,16.60119555935098,8.992314261315116,4.150298889837745,0.0,0.3842869342442357,0.46114432109308284,55.6,55.6,61.1,86.1,44.4,94.4,61.1,75.0,97.2,83.3,83.3,94.4,2.8,80.6,94.4,91.7,63.9,41.7,77.8,88.9,88.9,80.6,51.4,83.3,8.3,25.0,38.9,36.1,55.4,56.1,81.5,76.0,19.400000000000006,48.3,65.0,91,70.4,58.5,47.2,71.2,77.9,67.9,60.3,80.3,63.4,Defensive midfielder,77.9,65.0,77.9,71.4,79.2
Victor Salah,Ghana,Bayer Leverkusen,Bundesliga,24,Centre-back,2050,74.6,90.4,76.7,59.9,1,1,17,3,133,17,95,14,1,36,55,85,13,1,0,11,10,33,196,168,177,0,7,89.9,1,88,24026227,1.94,0.53,0.04390243902439024,0.04390243902439024,0.04390243902439024,0.7463414634146341,0.13170731707317074,5.839024390243902,0.7463414634146341,4.170731707317073,0.6146341463414634,0.04390243902439024,1.5804878048780486,2.4146341463414633,3.7317073170731705,0.5707317073170731,0.04390243902439024,0.0,0.48292682926829267,0.43902439024390244,1.448780487804878,8.604878048780488,7.37560975609756,7.770731707317073,0.0,0.3073170731707317,3.8634146341463413,52.2,52.2,78.3,82.6,45.7,82.6,43.5,76.1,91.3,32.6,69.6,89.1,71.7,63.0,41.3,32.6,95.7,71.7,89.1,97.8,69.6,91.3,51.1,63.0,76.1,47.8,80.4,69.6,71.4,65.0,67.8,79.0,37.0,52.4,68.5,64,60.8,59.7,71.1,42.8,71.8,52.3,73.7,79.1,67.8,Ball-playing centre-back,73.7,68.5,73.7,71.4,79.2
Thiago Mbaye,Germany,Eintracht Frankfurt,Bundesliga,32,Central midfielder,1717,86.3,75.1,82.1,52.6,2,3,26,22,97,47,76,26,23,34,30,14,21,5,10,29,12,28,280,150,86,0,6,92.1,2,16,15880494,2.39,2.74,0.104834012813046,0.104834012813046,0.157251019219569,1.362842166569598,1.1531741409435061,5.084449621432731,2.463599301106581,3.983692486895748,1.362842166569598,1.205591147350029,1.782178217821782,1.57251019219569,0.733838089691322,1.100757134536983,0.262085032032615,0.52417006406523,1.520093185789167,0.629004076878276,1.467676179382644,14.67676179382644,7.86255096097845,4.507862550960978,0.0,0.314502038439138,0.838672102504368,61.1,61.1,66.7,63.9,77.8,80.6,75.0,80.6,69.4,80.6,55.6,69.4,38.9,61.1,50.0,88.9,72.2,77.8,66.7,66.7,83.3,86.1,51.4,72.2,38.9,100.0,69.4,69.4,67.5,68.5,77.5,63.8,38.9,77.5,72.1,46,79.1,71.5,65.1,76.4,72.5,77.4,74.7,65.2,79.0,Ball-progressing midfielder,79.1,72.1,79.1,71.3,79.1
Jamal Alvarez,Nigeria,Aston Villa,Premier League,26,Central midfielder,2036,81.4,81.6,96.8,54.5,1,1,36,22,114,60,82,35,21,46,31,30,31,5,15,31,8,46,321,166,88,0,6,79.9,1,32,18552317,2.57,2.96,0.04420432220039292,0.04420432220039292,0.04420432220039292,1.5913555992141453,0.9724950884086443,5.039292730844793,2.6522593320235757,3.62475442043222,1.5471512770137523,0.9282907662082515,2.0333988212180745,1.3703339882121808,1.3261296660117878,1.3703339882121808,0.22102161100196463,0.6630648330058939,1.3703339882121808,0.3536345776031434,2.0333988212180745,14.18958742632613,7.337917485265225,3.889980353634577,0.0,0.26522593320235754,1.4145383104125735,41.7,41.7,25.0,77.8,55.6,72.2,83.3,61.1,83.3,61.1,72.2,50.0,91.7,77.8,36.1,100.0,47.2,33.3,94.4,58.3,72.2,75.0,51.4,69.4,91.7,6.9,80.6,77.8,60.4,50.8,73.3,67.5,22.200000000000003,35.5,57.7,100,62.6,61.0,62.6,72.6,55.7,66.7,57.1,66.0,52.1,Ball-progressing midfielder,62.6,57.7,62.6,71.3,79.1
Victor Benali 2,South Korea,Manchester City,Premier League,30,Attacking midfielder,1712,66.1,96.3,88.7,41.3,3,5,55,51,67,79,50,46,41,27,13,10,35,9,19,62,30,69,314,119,52,0,2,82.1,3,18,32222337,5.6,5.83,0.15771028037383178,0.15771028037383178,0.2628504672897196,2.8913551401869158,2.6810747663551404,3.522196261682243,4.15303738317757,2.628504672897196,2.4182242990654204,2.1553738317757007,1.419392523364486,0.6834112149532711,0.5257009345794392,1.8399532710280373,0.47313084112149534,0.9988317757009346,3.2593457943925235,1.5771028037383177,3.6273364485981308,16.507009345794394,6.255841121495327,2.7336448598130842,0.0,0.10514018691588785,0.9462616822429907,45.9,45.9,64.9,89.2,86.5,97.3,89.2,78.4,86.5,83.8,81.1,78.4,64.9,64.9,48.6,89.2,89.2,91.9,89.2,89.2,91.9,89.2,51.4,29.7,83.8,81.1,83.8,67.6,75.4,72.2,88.5,81.4,35.099999999999994,73.2,77.1,55,85.4,76.9,74.9,84.6,82.3,85.1,81.0,80.4,72.4,Ball-progressing midfielder,85.4,77.1,85.4,71.1,78.8
Declan Ramos,Switzerland,Paris Saint-Germain,Ligue 1,24,Defensive midfielder,1743,78.9,91.4,72.2,45.0,3,0,26,13,137,31,96,17,14,53,53,30,31,0,6,16,4,20,396,221,107,0,8,86.5,3,30,42847640,1.53,1.33,0.1549053356282272,0.1549053356282272,0.0,1.342512908777969,0.6712564543889845,7.074010327022375,1.6006884681583475,4.95697074010327,0.8777969018932874,0.7228915662650602,2.7366609294320137,2.7366609294320137,1.549053356282272,1.6006884681583475,0.0,0.3098106712564544,0.8261617900172117,0.20654044750430292,1.0327022375215147,20.44750430292599,11.411359724612737,5.524956970740103,0.0,0.41308089500860584,1.549053356282272,96.3,96.3,13.0,81.5,51.9,96.3,63.0,92.6,59.3,92.6,51.9,92.6,70.4,92.6,13.0,63.0,33.3,66.7,63.0,100.0,100.0,88.9,51.9,77.8,70.4,25.9,70.4,48.1,78.4,34.5,81.3,81.7,7.400000000000006,48.1,68.0,73,75.4,42.5,76.3,69.0,71.3,58.7,71.0,84.6,64.6,Ball-progressing midfielder,75.4,68.0,75.4,70.9,78.4
Hugo Hakimi,Brazil,Porto,Primeira Liga,25,Centre-back,1901,86.4,84.2,73.1,65.0,2,0,14,6,115,27,74,4,3,36,33,83,17,2,0,8,4,30,106,126,155,0,8,91.9,2,83,18682164,1.23,0.71,0.09468700683850605,0.09468700683850605,0.0,0.6628090478695423,0.2840610205155181,5.444502893214097,1.2782745923198315,3.5034192530247235,0.1893740136770121,0.14203051025775906,1.7043661230931089,1.5623356128353496,3.929510783798001,0.8048395581273013,0.09468700683850605,0.0,0.3787480273540242,0.1893740136770121,1.4203051025775906,5.01841136244082,5.965281430825881,7.338243029984218,0.0,0.3787480273540242,3.929510783798001,82.6,82.6,32.6,69.6,80.4,71.7,95.7,47.8,15.2,84.8,73.9,37.0,78.3,89.1,78.3,32.6,87.0,21.7,87.0,34.8,39.1,80.4,51.1,84.8,78.3,71.7,47.8,88.0,60.2,73.4,65.8,52.5,10.900000000000006,59.3,58.6,73,71.2,78.5,61.9,72.0,54.7,66.5,65.3,61.2,69.0,Ball-playing centre-back,65.3,58.6,65.3,70.9,78.4
Enzo Palmer,Netherlands,Newcastle United,Premier League,28,Forward,1632,88.5,74.9,84.8,60.6,5,4,68,19,31,29,16,16,24,8,5,36,47,4,2,22,42,114,319,51,18,0,3,75.0,5,50,29418266,7.74,2.02,0.2757352941176471,0.2757352941176471,0.22058823529411764,3.75,1.0477941176470589,1.709558823529412,1.599264705882353,0.8823529411764706,0.8823529411764706,1.3235294117647058,0.4411764705882353,0.2757352941176471,1.9852941176470589,2.5919117647058822,0.22058823529411764,0.11029411764705882,1.2132352941176472,2.3161764705882355,6.286764705882353,17.591911764705884,2.8125,0.9926470588235294,0.0,0.16544117647058823,2.7573529411764706,37.0,40.7,88.9,70.4,81.5,100.0,51.9,70.4,55.6,92.6,40.7,77.8,55.6,100.0,85.2,25.9,66.7,63.0,77.8,85.2,37.0,81.5,51.9,74.1,74.1,38.9,59.3,55.6,58.0,74.8,74.7,58.1,0.0,50.7,61.4,73,70.2,67.1,58.7,62.2,55.3,51.7,68.4,62.3,64.9,High-pressing forward,62.3,61.4,62.3,70.5,77.7
Leo Wirtz 2,Morocco,Flamengo,Brasileirao,25,Attacking midfielder,1866,78.1,67.1,70.6,44.1,4,5,54,43,57,85,62,51,38,30,17,12,50,13,13,45,19,66,331,129,42,0,2,79.0,4,15,30510569,4.49,5.12,0.19292604501607716,0.19292604501607716,0.24115755627009644,2.6045016077170415,2.0739549839228295,2.7491961414790995,4.09967845659164,2.990353697749196,2.459807073954984,1.832797427652733,1.4469453376205788,0.8199356913183279,0.5787781350482315,2.4115755627009645,0.6270096463022508,0.6270096463022508,2.170418006430868,0.9163987138263665,3.183279742765273,15.964630225080386,6.221864951768488,2.02572347266881,0.0,0.09646302250803858,0.7234726688102894,62.2,64.9,59.5,83.8,62.2,67.6,86.5,89.2,89.2,64.9,86.5,89.2,73.0,91.9,78.4,32.4,43.2,48.6,66.2,86.5,89.2,59.5,51.4,24.3,64.9,28.4,54.1,56.8,61.9,59.9,79.6,85.7,8.099999999999994,37.8,62.8,100,69.5,56.5,59.1,63.1,73.5,64.9,57.5,80.1,44.3,High-pressing forward,80.1,62.8,80.1,70.2,77.2
Mason Kim,Nigeria,Borussia Dortmund,Bundesliga,30,Defensive midfielder,1728,81.3,84.3,88.3,58.1,2,5,28,19,100,33,79,19,8,48,43,25,21,5,2,18,7,30,274,165,100,0,5,90.9,2,26,14043744,2.0,2.02,0.10416666666666667,0.10416666666666667,0.2604166666666667,1.4583333333333335,0.9895833333333334,5.208333333333334,1.71875,4.114583333333334,0.9895833333333334,0.4166666666666667,2.5,2.2395833333333335,1.3020833333333335,1.09375,0.2604166666666667,0.10416666666666667,0.9375,0.36458333333333337,1.5625,14.270833333333334,8.59375,5.208333333333334,0.0,0.2604166666666667,1.3541666666666667,81.5,81.5,92.6,92.6,81.5,51.9,74.1,66.7,77.8,40.7,44.4,74.1,37.0,70.4,96.3,18.5,44.4,81.5,96.3,55.6,51.9,77.8,51.9,51.9,44.4,92.6,85.2,70.4,85.6,77.6,63.2,53.9,29.599999999999994,61.5,62.7,73,62.2,67.2,80.9,55.6,59.8,61.7,63.2,68.2,66.3,Ball-progressing midfielder,62.2,62.7,62.2,70.1,77.0
Mason Tanaka,Senegal,Lille,Ligue 1,20,Attacking midfielder,2016,80.9,77.1,76.2,55.7,3,9,50,50,78,84,54,52,31,23,12,19,51,14,21,69,20,75,342,115,41,0,7,84.4,3,22,24712586,4.55,6.47,0.13392857142857142,0.13392857142857142,0.4017857142857143,2.232142857142857,2.232142857142857,3.482142857142857,3.7500000000000004,2.410714285714286,2.3214285714285716,1.3839285714285716,1.0267857142857144,0.5357142857142857,0.8482142857142858,2.2767857142857144,0.625,0.9375000000000001,3.0803571428571432,0.8928571428571429,3.348214285714286,15.267857142857144,5.133928571428572,1.830357142857143,0.0,0.3125,0.9821428571428572,35.1,35.1,94.6,64.9,73.0,94.6,78.4,73.0,83.8,29.7,40.5,56.8,97.3,81.1,75.7,81.1,81.1,43.2,78.4,81.1,70.3,54.1,51.4,91.9,89.2,91.9,59.5,75.7,51.6,79.6,78.1,65.1,18.900000000000006,60.9,68.4,55,75.7,76.5,54.7,60.0,63.1,70.8,75.8,62.7,71.9,Chance creator,76.5,68.4,76.5,70.1,77.0
Weston Garcia,Netherlands,Newcastle United,Premier League,27,Centre-back,612,86.9,80.8,97.7,30.1,1,0,5,2,31,5,26,4,0,10,16,26,0,0,1,0,2,8,37,49,40,0,4,96.0,1,26,10340053,0.46,0.15,0.14705882352941177,0.14705882352941177,0.0,0.7352941176470589,0.29411764705882354,4.5588235294117645,0.7352941176470589,3.823529411764706,0.5882352941176471,0.0,1.4705882352941178,2.3529411764705883,3.823529411764706,0.0,0.0,0.14705882352941177,0.0,0.29411764705882354,1.1764705882352942,5.4411764705882355,7.205882352941177,5.882352941176471,0.0,0.5882352941176471,3.823529411764706,93.5,93.5,32.6,80.4,87.0,47.8,41.3,65.2,87.0,15.2,52.2,84.8,76.1,4.3,18.5,97.8,4.3,45.7,73.9,50.0,65.2,45.7,51.1,97.8,73.9,98.9,8.7,13.0,58.8,34.9,52.3,66.2,95.7,72.6,62.9,91,53.9,42.8,57.8,57.6,70.3,74.7,68.8,66.8,69.6,Ball-playing centre-back,68.8,62.9,68.8,70.0,76.9
Santiago Fernandez,Japan,PSV,Eredivisie,23,Attacking midfielder,2413,74.4,70.1,98.0,61.6,4,5,57,62,78,75,53,48,46,35,17,15,49,16,17,69,34,86,382,118,45,0,7,77.8,4,25,45567464,6.26,7.17,0.1491918773311231,0.1491918773311231,0.18648984666390386,2.125984251968504,2.312474098632408,2.9092416079569,2.797347699958558,1.976792374637381,1.790302527973477,1.7157065893079155,1.3054289266473271,0.6340654786572731,0.5594695399917116,1.8276004973062578,0.5967675093244924,0.6340654786572731,2.5735598839618734,1.2681309573145463,3.2076253626191464,14.247824285122254,4.401160381268131,1.6784086199751347,0.0,0.2610857853294654,0.9324492333195193,40.5,40.5,37.8,54.1,75.7,70.3,40.5,48.6,56.8,54.1,70.3,75.7,70.3,62.2,73.0,35.1,62.2,81.1,70.3,59.5,45.9,45.9,51.4,89.2,78.4,13.5,91.9,83.8,66.5,67.7,54.9,65.2,37.8,37.4,59.8,82,49.6,70.6,69.7,49.6,58.2,51.5,53.2,57.0,49.1,Chance creator,70.6,59.8,70.6,69.8,76.5
Hugo Rodriguez,England,Sao Paulo,Brasileirao,27,Winger,2433,90.5,64.7,89.0,74.3,6,9,87,39,56,132,47,58,75,26,20,8,71,4,52,55,26,109,391,110,41,0,3,78.5,6,14,34792611,6.82,5.7,0.2219482120838471,0.2219482120838471,0.3329223181257706,3.2182490752157826,1.442663378545006,2.071516646115906,4.882860665844636,1.7385943279901355,2.1454993834771887,2.7743526510480887,0.9617755856966708,0.7398273736128236,0.29593094944512943,2.6263871763255238,0.14796547472256472,1.9235511713933415,2.034525277435265,0.9617755856966708,4.032059186189889,14.463625154130701,4.06905055487053,1.5166461159062885,0.0,0.11097410604192355,0.5178791615289765,48.3,55.2,82.8,86.2,44.8,48.3,62.1,55.2,34.5,48.3,65.5,96.6,10.3,82.8,31.0,44.8,44.8,20.7,48.3,55.2,31.0,72.4,51.7,24.1,13.8,72.4,75.9,62.1,57.4,54.7,51.1,56.6,17.200000000000003,51.4,54.1,73,54.0,47.1,48.3,53.1,63.1,62.0,55.4,57.9,54.8,High-pressing forward,57.9,54.1,57.9,69.7,76.3
Victor Rice,Denmark,Atlanta United,MLS,25,Centre-back,1822,74.8,56.2,84.4,48.9,1,1,19,3,124,28,105,13,2,39,62,93,16,1,0,4,11,34,137,192,174,0,7,87.0,1,95,30308066,2.12,0.36,0.04939626783754117,0.04939626783754117,0.04939626783754117,0.9385290889132821,0.1481888035126235,6.125137211855105,1.3830954994511526,5.186608122941823,0.6421514818880352,0.09879253567508234,1.9264544456641055,3.0625686059275523,4.5938529088913285,0.7903402854006587,0.04939626783754117,0.0,0.19758507135016468,0.5433589462129528,1.6794731064763997,6.76728869374314,9.484083424807904,8.594950603732164,0.0,0.34577387486278816,4.692645444566411,56.5,56.5,82.6,93.5,50.0,91.3,97.8,89.1,95.7,71.7,87.0,100.0,95.7,87.0,52.2,32.6,41.3,87.0,100.0,76.1,97.8,97.8,51.1,73.9,95.7,13.0,87.0,47.8,80.1,55.0,91.2,92.1,13.0,42.0,76.4,73,78.8,46.3,80.7,67.4,79.5,65.0,73.9,81.8,63.2,Ball-playing centre-back,73.9,76.4,73.9,69.6,76.1
Alphonso Ramos 2,Ghana,LAFC,MLS,26,Attacking midfielder,2146,74.4,67.3,75.4,49.2,5,5,63,46,78,85,45,52,30,32,10,12,41,15,22,65,25,78,353,100,56,0,5,87.6,5,18,26933055,5.52,6.28,0.2096924510717614,0.2096924510717614,0.2096924510717614,2.6421248835041937,1.929170549860205,3.271202236719478,3.564771668219944,1.8872320596458527,2.1808014911463185,1.2581547064305685,1.342031686859273,0.4193849021435228,0.5032618825722274,1.7194780987884435,0.6290773532152842,0.9226467847157502,2.7260018639328982,1.048462255358807,3.271202236719478,14.804287045666356,4.193849021435228,2.348555452003728,0.0,0.2096924510717614,0.7548928238583411,67.6,67.6,43.2,86.5,54.1,83.8,73.0,43.2,75.7,27.0,75.7,27.0,59.5,48.6,81.1,78.4,73.0,70.3,73.0,73.0,37.8,70.3,51.4,70.3,67.6,100.0,81.1,73.0,74.9,63.5,66.1,53.1,51.4,71.5,67.2,91,67.3,69.1,72.3,58.9,59.8,68.6,71.2,70.8,75.9,Box threat forward,72.3,67.2,72.3,69.5,76.0
Julian Santos,Argentina,Manchester United,Premier League,30,Defensive midfielder,820,86.5,79.3,82.7,28.4,0,1,16,8,48,9,38,12,5,35,27,17,7,0,3,14,0,10,109,82,50,0,5,89.0,0,17,6821339,0.68,0.9,0.0,0.0,0.10975609756097561,1.7560975609756098,0.8780487804878049,5.2682926829268295,0.9878048780487805,4.170731707317073,1.3170731707317074,0.5487804878048781,3.8414634146341466,2.9634146341463414,1.8658536585365855,0.7682926829268293,0.0,0.32926829268292684,1.5365853658536586,0.0,1.0975609756097562,11.963414634146343,9.0,5.487804878048781,0.0,0.5487804878048781,1.8658536585365855,24.1,24.1,51.9,100.0,66.7,55.6,14.8,74.1,88.9,66.7,100.0,100.0,96.3,18.5,13.0,74.1,96.3,5.6,74.1,29.6,63.0,85.2,51.9,96.3,96.3,63.0,33.3,20.4,39.1,48.6,55.2,81.5,81.5,69.3,65.6,73,52.2,53.7,37.4,60.0,81.4,66.0,76.0,58.4,72.9,Defensive midfielder,81.4,65.6,81.4,69.5,76.0
Nico Rodriguez,Spain,AC Milan,Serie A,25,Winger,3335,92.9,84.3,75.5,88.1,7,2,71,50,64,136,53,70,79,33,16,12,63,8,73,70,35,113,435,147,41,0,4,72.7,7,21,17523384,7.17,7.78,0.1889055472263868,0.1889055472263868,0.05397301349325337,1.9160419790104948,1.3493253373313343,1.7271364317841078,3.6701649175412294,1.4302848575712144,1.889055472263868,2.131934032983508,0.8905547226386806,0.43178410794602695,0.3238380809595202,1.7001499250374812,0.21589205397301348,1.970014992503748,1.889055472263868,0.944527736131934,3.0494752623688153,11.739130434782608,3.967016491754123,1.106446776611694,0.0,0.10794602698650674,0.5667166416791604,37.9,37.9,10.3,13.8,34.5,24.1,20.7,17.2,20.7,13.8,44.8,48.3,13.8,17.2,48.3,51.7,31.0,17.2,13.8,17.2,27.6,27.6,51.7,20.7,17.2,15.5,82.8,89.7,39.0,45.0,20.3,33.4,82.8,34.6,34.8,91,22.9,51.4,39.3,28.6,37.8,36.1,29.4,25.5,30.2,Chance creator,51.4,34.8,51.4,69.5,76.0
Kylian Van Dijk,France,PSV,Eredivisie,21,Centre-back,927,90.8,73.5,93.2,39.0,1,0,10,3,49,9,37,6,1,20,31,52,10,3,0,3,1,16,91,80,76,0,1,95.4,1,52,12835978,0.64,0.51,0.0970873786407767,0.0970873786407767,0.0,0.9708737864077669,0.2912621359223301,4.757281553398058,0.8737864077669902,3.5922330097087376,0.5825242718446602,0.0970873786407767,1.9417475728155338,3.0097087378640777,5.048543689320388,0.9708737864077669,0.2912621359223301,0.0,0.2912621359223301,0.0970873786407767,1.5533980582524272,8.834951456310678,7.766990291262135,7.3786407766990285,0.0,0.0970873786407767,5.048543689320388,84.8,84.8,32.6,97.8,82.6,52.2,60.9,54.3,84.8,67.4,89.1,97.8,97.8,95.7,100.0,32.6,69.6,8.7,95.7,100.0,82.6,84.8,51.1,6.5,97.8,93.5,15.2,63.0,55.2,68.4,61.2,92.9,4.299999999999997,60.2,74.3,37,58.0,72.7,55.1,61.9,81.3,72.2,74.2,93.0,60.1,Ball-playing centre-back,74.2,74.3,74.2,69.4,75.8
Thiago Costa,Netherlands,PSV,Eredivisie,23,Centre-back,1866,84.6,76.0,88.7,52.4,4,0,12,4,126,20,108,5,2,35,47,93,14,0,0,5,2,16,127,157,142,0,4,89.7,4,93,18331508,0.8,0.34,0.19292604501607716,0.19292604501607716,0.0,0.5787781350482315,0.19292604501607716,6.077170418006431,0.9646302250803858,5.209003215434083,0.24115755627009644,0.09646302250803858,1.6881028938906752,2.2668810289389065,4.485530546623794,0.67524115755627,0.0,0.0,0.24115755627009644,0.09646302250803858,0.7717041800643086,6.12540192926045,7.572347266881029,6.848874598070739,0.0,0.19292604501607716,4.485530546623794,100.0,100.0,32.6,63.0,67.4,89.1,71.7,91.3,23.9,63.0,71.7,78.3,91.3,78.3,18.5,32.6,56.5,4.3,28.3,63.0,73.9,67.4,51.1,28.3,91.3,44.6,26.1,44.6,49.7,45.8,72.8,75.4,21.700000000000003,50.6,65.6,55,74.8,48.7,50.8,58.2,70.2,60.8,70.4,68.0,55.5,Ball-playing centre-back,70.4,65.6,70.4,69.3,75.6
Amadou Hakimi,Egypt,RB Leipzig,Bundesliga,28,Attacking midfielder,2192,76.8,86.7,87.0,56.7,8,6,58,42,77,63,56,41,39,24,13,18,44,14,22,49,22,58,357,114,61,0,2,81.8,8,25,27475513,4.82,5.56,0.3284671532846716,0.3284671532846716,0.24635036496350365,2.3813868613138687,1.7244525547445257,3.161496350364964,2.5866788321167884,2.2992700729927007,1.6833941605839418,1.6012773722627738,0.9854014598540146,0.5337591240875913,0.739051094890511,1.8065693430656935,0.5748175182481752,0.9032846715328468,2.0118613138686134,0.9032846715328468,2.3813868613138687,14.657846715328468,4.68065693430657,2.5045620437956204,0.0,0.0821167883211679,1.0264598540145986,94.6,94.6,62.2,70.3,40.5,78.4,35.1,67.6,51.4,48.6,35.1,54.1,89.2,56.8,67.6,70.3,32.4,45.9,27.0,62.2,54.1,78.4,51.4,21.6,91.9,78.4,67.6,62.2,67.7,53.1,58.4,55.8,43.2,65.1,59.8,73,60.7,51.4,67.7,50.2,55.4,50.7,74.2,59.8,64.9,Box threat forward,67.7,59.8,67.7,69.3,75.6
Tyler Palmer,Uruguay,Lyon,Ligue 1,28,Centre-back,1657,78.5,70.6,77.3,40.8,0,0,10,3,116,21,83,6,0,33,36,69,12,2,0,4,5,28,137,157,138,0,9,87.3,0,70,11708881,1.16,0.44,0.0,0.0,0.0,0.5431502715751357,0.16294508147254072,6.300543150271575,1.1406155703077852,4.508147254073627,0.32589016294508144,0.0,1.792395896197948,1.9553409776704889,3.747736873868437,0.6517803258901629,0.10863005431502716,0.0,0.21726010863005432,0.27157513578756787,1.5208207604103803,7.44115872057936,8.527459263729632,7.495473747736874,0.0,0.4888352444176222,3.8020519010259504,18.5,18.5,32.6,52.2,56.5,95.7,89.1,84.8,43.5,15.2,82.6,60.9,73.9,73.9,84.8,32.6,50.0,41.3,91.3,89.1,89.1,89.1,51.1,95.7,69.6,17.4,45.7,56.5,42.2,55.0,76.0,78.1,26.099999999999994,38.2,64.3,100,72.5,57.1,45.9,46.5,68.9,58.9,67.5,70.5,66.6,Ball-playing centre-back,67.5,64.3,67.5,68.9,74.8
Pedri Ramos,Uruguay,Eintracht Frankfurt,Bundesliga,26,Forward,1670,88.2,73.8,87.7,51.2,12,3,51,15,20,29,21,17,17,10,2,42,35,3,3,25,35,90,312,53,18,0,0,80.1,12,47,22295892,6.19,1.82,0.6467065868263473,0.6467065868263473,0.16167664670658682,2.7485029940119756,0.8083832335329341,1.0778443113772453,1.5628742514970058,1.1317365269461077,0.9161676646706586,0.9161676646706586,0.5389221556886227,0.10778443113772454,2.2634730538922154,1.8862275449101795,0.16167664670658682,0.16167664670658682,1.3473053892215567,1.8862275449101795,4.850299401197605,16.81437125748503,2.8562874251497004,0.9700598802395208,0.0,0.0,2.5329341317365266,88.9,88.9,74.1,33.3,55.6,63.0,44.4,96.3,70.4,44.4,51.9,18.5,81.5,66.7,63.0,40.7,74.1,33.3,33.3,70.4,40.7,77.8,51.9,11.1,48.1,85.2,37.0,51.9,50.9,62.3,64.3,48.5,33.3,62.0,55.7,91,63.9,58.0,52.4,43.5,46.5,48.3,64.8,58.2,61.3,High-pressing forward,58.2,55.7,58.2,68.8,74.6
Alphonso Osimhen,Brazil,Juventus,Serie A,22,Attacking midfielder,768,92.6,85.4,80.0,38.1,2,3,21,14,25,26,18,15,12,10,3,3,12,2,6,17,10,29,132,47,25,0,0,84.8,2,4,11879025,2.03,1.58,0.234375,0.234375,0.3515625,2.4609375,1.640625,2.9296875,3.046875,2.109375,1.7578125,1.40625,1.171875,0.3515625,0.3515625,1.40625,0.234375,0.703125,1.9921875,1.171875,3.3984375,15.46875,5.5078125,2.9296875,0.0,0.0,0.46875,75.7,75.7,83.8,73.0,37.8,73.0,51.4,56.8,54.1,32.4,56.8,18.9,32.4,32.4,13.5,51.4,27.0,73.0,81.1,83.8,78.4,91.9,51.4,5.4,18.9,94.6,16.2,10.8,60.4,35.0,57.5,52.0,67.6,75.0,53.4,73,62.2,26.6,55.4,47.4,58.9,50.9,68.1,75.6,71.0,High-pressing forward,75.6,53.4,75.6,68.8,74.6
Jude Kone,USA,Arsenal,Premier League,29,Full-back,1482,76.0,88.7,81.4,46.1,0,1,18,15,82,56,61,29,9,47,17,22,18,1,38,23,8,33,254,134,55,0,12,88.0,0,24,18167747,1.79,2.82,0.0,0.0,0.06072874493927126,1.0931174089068827,0.9109311740890689,4.9797570850202435,3.400809716599191,3.7044534412955468,1.7611336032388665,0.5465587044534413,2.8542510121457494,1.0323886639676114,1.3360323886639678,1.0931174089068827,0.06072874493927126,2.307692307692308,1.396761133603239,0.4858299595141701,2.0040485829959516,15.4251012145749,8.137651821862349,3.3400809716599196,0.0,0.7287449392712552,1.4574898785425103,32.9,32.9,31.4,85.7,51.4,94.3,88.6,82.9,74.3,34.3,94.3,28.6,74.3,57.1,14.3,51.4,65.7,94.3,82.9,74.3,68.6,65.7,51.4,100.0,77.1,100.0,74.3,34.3,68.4,39.7,81.6,66.7,42.9,71.6,66.7,64,82.6,44.4,67.5,58.9,71.4,69.3,74.8,72.1,79.9,Modern full-back,69.3,66.7,69.3,68.5,74.1
Min-jae Pulisic 2,Ghana,Marseille,Ligue 1,23,Centre-back,2662,66.5,73.8,98.0,84.1,3,1,21,3,173,30,109,6,3,38,68,99,16,2,2,6,15,26,197,215,217,0,8,87.6,3,102,35292845,2.47,0.56,0.10142749812171299,0.10142749812171299,0.033809166040571,0.7099924868519909,0.10142749812171299,5.848985725018783,1.01427498121713,3.6851990984222387,0.20285499624342598,0.10142749812171299,1.2847483095416978,2.2990232907588277,3.3471074380165287,0.540946656649136,0.067618332081142,0.067618332081142,0.20285499624342598,0.507137490608565,0.8790383170548459,6.660405709992487,7.2689706987227645,7.336589030803906,0.0,0.270473328324568,3.4485349361382416,87.0,87.0,69.6,76.1,30.4,84.8,80.4,56.5,17.4,73.9,34.8,82.6,54.3,52.2,65.2,87.0,43.5,82.6,39.1,69.6,67.4,78.3,51.1,54.3,56.5,20.7,91.3,71.7,80.8,55.8,66.8,61.4,47.8,50.8,60.5,55,68.7,54.2,77.0,70.7,58.4,59.0,64.5,64.2,58.3,Ball-playing centre-back,64.5,60.5,64.5,68.5,74.1
Gabriel Van Dijk,Switzerland,Atletico Madrid,LaLiga,31,Forward,2278,73.8,89.6,71.5,58.4,19,7,88,16,21,35,11,26,15,8,8,49,38,0,1,26,76,123,327,74,15,0,3,79.4,19,74,22485192,11.78,1.56,0.7506584723441616,0.7506584723441616,0.276558384547849,3.476733977172959,0.6321334503950834,0.829675153643547,1.3827919227392451,0.43459174714661986,1.0272168568920106,0.5926251097453907,0.3160667251975417,0.3160667251975417,1.935908691834943,1.5013169446883232,0.0,0.03950834064969271,1.0272168568920106,3.0026338893766464,4.859525899912204,12.919227392449518,2.923617208077261,0.5926251097453907,0.0,0.11852502194907814,2.923617208077261,96.3,100.0,100.0,59.3,33.3,37.0,40.7,3.7,74.1,11.1,7.4,92.6,51.9,48.1,5.6,3.7,55.6,85.2,37.0,25.9,44.4,37.0,51.9,48.1,85.2,77.8,81.5,46.3,80.0,49.1,34.2,45.6,51.9,51.1,61.9,46,33.5,33.9,81.5,27.3,50.9,37.9,54.3,44.1,50.2,Box threat forward,81.5,61.9,81.5,68.4,73.9
Nico Torres 2,Germany,Bayern Munich,Bundesliga,23,Central midfielder,2170,80.0,89.0,77.0,57.5,1,3,32,27,120,47,75,28,27,48,33,29,24,2,4,33,16,32,350,165,82,0,2,86.1,1,33,38738969,3.02,2.63,0.041474654377880185,0.041474654377880185,0.12442396313364056,1.327188940092166,1.119815668202765,4.976958525345622,1.9493087557603688,3.110599078341014,1.1612903225806452,1.119815668202765,1.9907834101382489,1.368663594470046,1.2027649769585254,0.9953917050691244,0.08294930875576037,0.16589861751152074,1.368663594470046,0.663594470046083,1.327188940092166,14.516129032258064,6.84331797235023,3.4009216589861753,0.0,0.08294930875576037,1.368663594470046,36.1,36.1,52.8,58.3,72.2,69.4,50.0,41.7,52.8,75.0,66.7,47.2,86.1,38.9,8.3,11.1,44.4,91.7,61.1,61.1,61.1,44.4,51.4,16.7,86.1,55.6,86.1,63.9,65.6,52.5,57.1,62.8,61.1,60.8,58.8,73,57.8,48.9,68.5,54.6,59.5,49.0,60.9,57.1,49.5,Defensive midfielder,59.5,58.8,59.5,68.3,73.7
Bruno Rodriguez,Morocco,Marseille,Ligue 1,31,Attacking midfielder,759,79.6,74.7,82.8,26.5,0,2,35,28,28,40,34,14,24,12,4,7,17,9,8,33,17,30,158,67,22,0,1,85.5,0,12,14626393,3.2,3.46,0.0,0.0,0.23715415019762845,4.150197628458498,3.3201581027667983,3.3201581027667983,4.743083003952569,4.031620553359684,1.6600790513833992,2.8458498023715415,1.4229249011857708,0.4743083003952569,0.8300395256916996,2.015810276679842,1.0671936758893281,0.9486166007905138,3.9130434782608696,2.015810276679842,3.5573122529644268,18.73517786561265,7.944664031620553,2.608695652173913,0.0,0.11857707509881422,1.4229249011857708,6.8,6.8,56.8,100.0,100.0,86.5,94.6,100.0,48.6,97.3,83.8,37.8,94.6,73.0,100.0,83.8,100.0,100.0,83.8,94.6,100.0,86.5,51.4,35.1,100.0,97.3,37.8,37.8,54.9,75.8,86.6,78.8,27.0,77.0,73.4,46,90.4,82.8,54.1,91.4,74.5,84.6,79.0,77.1,73.4,High-volume winger,91.4,73.4,91.4,68.2,73.5
Alphonso Kim,Turkey,Barcelona,LaLiga,22,Goalkeeper,2629,80.8,89.0,94.6,72.1,0,0,1,0,155,5,37,0,1,3,5,5,12,0,0,2,0,2,15,105,263,163,11,83.3,0,5,19413338,0.06,0.05,0.0,0.0,0.0,0.03423354887790034,0.0,5.3062000760745525,0.17116774438950172,1.2666413084823127,0.0,0.03423354887790034,0.10270064663370103,0.17116774438950172,0.17116774438950172,0.4108025865348041,0.0,0.0,0.06846709775580068,0.0,0.06846709775580068,0.5135032331685051,3.594522632179536,9.00342335488779,5.580068467097756,0.37656903765690375,0.17116774438950172,52.2,52.2,43.5,69.6,32.6,60.9,73.9,47.8,32.6,69.6,56.5,82.6,34.8,73.9,30.4,52.2,47.8,52.2,73.9,78.3,56.5,52.2,87.0,52.2,34.8,91.3,76.1,10.9,63.0,31.3,58.2,63.0,26.099999999999994,63.3,60.4,28,63.7,31.8,59.7,60.1,66.6,63.0,60.8,66.2,63.8,Goalkeeper distributor,63.8,60.4,63.8,68.1,73.3
Joao Fernandez 2,Canada,Benfica,Primeira Liga,24,Winger,2866,68.9,79.5,89.7,80.8,8,7,79,37,63,153,48,52,71,27,13,14,63,6,58,54,35,111,397,105,45,0,6,79.1,8,26,36951128,7.42,5.96,0.2512212142358688,0.2512212142358688,0.2198185624563852,2.4808094905792046,1.1618981158408932,1.9783670621074667,4.804605722260991,1.5073272854152129,1.6329378925331473,2.2295882763433355,0.8478715980460572,0.4082344731332868,0.4396371249127704,1.9783670621074667,0.1884159106769016,1.821353803210049,1.6957431960921143,1.099092812281926,3.4856943475226796,12.466852756454989,3.297278436845778,1.413119330076762,0.0,0.1884159106769016,0.8164689462665736,58.6,62.1,51.7,62.1,10.3,34.5,48.3,27.6,13.8,27.6,34.5,44.8,34.5,31.0,34.5,34.5,20.7,37.9,17.2,31.0,10.3,51.7,51.7,65.5,48.3,79.3,86.2,69.0,58.8,38.4,32.8,31.7,69.0,59.5,45.9,100,42.1,33.1,55.2,37.3,40.3,40.1,50.0,37.8,58.0,Box threat forward,55.2,45.9,55.2,68.1,73.3
Min-jae Smith,Egypt,Manchester City,Premier League,25,Centre-back,1469,72.5,97.6,85.8,25.9,1,0,9,2,93,19,86,7,2,34,33,53,6,2,1,2,13,22,82,127,107,0,4,92.0,1,55,32462798,1.95,0.37,0.06126616746085772,0.06126616746085772,0.0,0.5513955071477196,0.12253233492171545,5.697753573859768,1.1640571817562968,5.268890401633764,0.42886317222600406,0.12253233492171545,2.0830496936691625,2.021783526208305,3.2471068754254593,0.36759700476514634,0.12253233492171545,0.06126616746085772,0.12253233492171545,0.7964601769911505,1.34785568413887,5.023825731790334,7.780803267528931,6.555479918311777,0.0,0.2450646698434309,3.3696392103471746,73.9,73.9,32.6,56.5,39.1,78.3,91.3,95.7,71.7,78.3,95.7,65.2,47.8,34.8,89.1,82.6,21.7,97.8,82.6,37.0,84.8,58.7,51.1,47.8,50.0,73.9,82.6,51.1,79.1,45.7,84.0,69.9,65.2,71.5,72.7,73,83.9,50.5,79.8,73.7,79.3,75.9,66.7,66.0,63.8,Ball-playing centre-back,66.7,72.7,66.7,67.9,72.9
Amadou Fernandez,Serbia,Arsenal,Premier League,26,Central midfielder,2084,72.9,91.6,86.9,47.4,3,2,33,26,88,48,86,15,18,55,28,22,23,8,9,25,7,24,273,147,69,0,3,85.5,3,23,22682039,2.11,3.09,0.12955854126679464,0.12955854126679464,0.08637236084452975,1.425143953934741,1.1228406909788868,3.8003838771593093,2.0729366602687143,3.7140115163147795,0.6477927063339731,0.7773512476007678,2.375239923224568,1.2092130518234165,0.9500959692898273,0.9932821497120922,0.345489443378119,0.3886756238003839,1.079654510556622,0.30230326295585414,1.0364683301343571,11.789827255278311,6.348368522072937,2.9798464491362764,0.0,0.12955854126679464,0.9932821497120922,66.7,66.7,36.1,66.7,75.0,41.7,55.6,63.9,5.6,44.4,91.7,38.9,52.8,36.1,72.2,58.3,22.2,22.2,30.6,47.2,47.2,27.8,51.4,33.3,52.8,50.0,63.9,80.6,53.5,60.3,44.5,57.1,63.9,49.2,52.2,100,51.8,63.7,50.3,57.3,56.7,62.4,43.4,58.6,41.2,Chance creator,63.7,52.2,63.7,67.8,72.7
Mason Salah,South Korea,Ajax,Eredivisie,27,Centre-back,2221,71.1,75.9,78.8,66.8,4,0,15,5,127,17,110,11,2,27,47,92,17,2,0,9,7,22,166,188,161,0,7,91.1,4,94,20711394,1.45,0.68,0.16208914903196758,0.16208914903196758,0.0,0.6078343088698784,0.20261143628995948,5.146330481764971,0.6888788833858622,4.457451598379109,0.44574515983791085,0.08104457451598379,1.0941017559657813,1.9045475011256192,3.7280504277352544,0.6888788833858622,0.08104457451598379,0.0,0.36470058532192706,0.28365601080594327,0.8914903196758217,6.726699684826655,7.618190004502477,6.524088248536695,0.0,0.28365601080594327,3.8090950022512384,97.8,97.8,32.6,67.4,69.6,63.0,34.8,82.6,73.9,52.2,21.7,50.0,69.6,80.4,71.7,32.6,82.6,43.5,45.7,73.9,76.1,56.5,51.1,60.9,71.7,66.3,58.7,84.8,67.4,68.3,60.4,54.7,19.599999999999994,51.0,56.3,91,56.9,72.6,66.7,47.0,50.0,43.9,58.2,65.8,57.0,Ball-playing centre-back,58.2,56.3,58.2,67.7,72.5
Joao Ramos,Germany,Borussia Dortmund,Bundesliga,29,Full-back,1415,88.5,87.1,87.9,38.2,0,3,7,14,66,42,56,26,14,43,25,16,11,5,30,26,4,20,212,114,50,0,10,84.8,0,16,12223917,0.86,2.92,0.0,0.0,0.19081272084805653,0.4452296819787986,0.8904593639575972,4.197879858657244,2.671378091872792,3.5618374558303887,1.6537102473498233,0.8904593639575972,2.7349823321554774,1.5901060070671378,1.0176678445229683,0.6996466431095407,0.3180212014134276,1.9081272084805654,1.6537102473498233,0.2544169611307421,1.2720848056537104,13.484098939929329,7.250883392226148,3.1802120141342756,0.0,0.6360424028268552,1.0176678445229683,32.9,32.9,77.1,5.7,45.7,60.0,48.6,80.0,60.0,85.7,88.6,82.9,45.7,17.1,91.4,31.4,80.0,45.7,28.6,54.3,54.3,60.0,51.4,94.3,45.7,77.1,25.7,37.1,29.2,61.8,63.7,68.7,82.9,75.6,63.6,64,66.6,55.8,34.3,52.5,75.2,58.9,65.7,46.0,69.5,Modern full-back,58.9,63.6,58.9,67.7,72.5
Xavi Torres,Serbia,Marseille,Ligue 1,24,Goalkeeper,2268,73.4,80.6,81.8,57.3,0,0,0,0,140,2,41,0,3,3,3,3,8,0,0,8,0,2,10,112,253,111,11,82.0,0,3,29987798,0.02,0.2,0.0,0.0,0.0,0.0,0.0,5.555555555555555,0.07936507936507936,1.626984126984127,0.0,0.11904761904761905,0.11904761904761905,0.11904761904761905,0.11904761904761905,0.31746031746031744,0.0,0.0,0.31746031746031744,0.0,0.07936507936507936,0.39682539682539686,4.444444444444445,10.03968253968254,4.404761904761905,0.4365079365079365,0.11904761904761905,52.2,52.2,43.5,30.4,32.6,73.9,39.1,87.0,32.6,100.0,69.6,69.6,17.4,43.5,30.4,52.2,100.0,52.2,78.3,65.2,91.3,73.9,13.0,69.6,17.4,82.6,50.0,71.7,51.0,54.3,64.2,65.4,56.5,76.5,69.8,46,70.4,57.5,52.1,57.5,75.1,54.7,65.6,62.9,67.7,Goalkeeper distributor,67.7,69.8,67.7,67.6,72.3
Mason Davies,Spain,Manchester City,Premier League,24,Goalkeeper,1118,88.0,94.8,98.0,37.1,0,0,0,2,84,1,19,0,0,1,1,5,3,0,0,3,0,1,4,67,148,49,7,77.0,0,5,17712700,0.01,0.18,0.0,0.0,0.0,0.0,0.16100178890876565,6.762075134168157,0.08050089445438283,1.5295169946332736,0.0,0.0,0.08050089445438283,0.08050089445438283,0.4025044722719141,0.24150268336314848,0.0,0.0,0.24150268336314848,0.0,0.08050089445438283,0.3220035778175313,5.393559928443649,11.914132379248658,3.9445438282647585,0.5635062611806798,0.4025044722719141,52.2,52.2,43.5,30.4,91.3,95.7,43.5,82.6,32.6,32.6,47.8,43.5,95.7,30.4,30.4,52.2,95.7,52.2,82.6,43.5,100.0,100.0,4.3,87.0,95.7,28.3,37.0,58.7,48.2,65.1,64.3,63.7,69.6,56.6,60.0,46,65.7,71.0,57.3,48.6,61.4,52.2,76.1,54.3,69.6,Goalkeeper distributor,69.6,60.0,69.6,67.6,72.3
Youssef Diaz,England,Porto,Primeira Liga,27,Central midfielder,1512,84.6,78.9,77.6,42.7,1,3,18,17,78,27,68,21,16,36,17,9,17,3,7,30,6,30,253,128,65,0,2,88.0,1,10,33878711,1.56,2.2,0.05952380952380952,0.05952380952380952,0.17857142857142858,1.0714285714285714,1.0119047619047619,4.642857142857142,1.607142857142857,4.0476190476190474,1.25,0.9523809523809523,2.142857142857143,1.0119047619047619,0.5357142857142857,1.0119047619047619,0.17857142857142858,0.41666666666666663,1.7857142857142856,0.35714285714285715,1.7857142857142856,15.059523809523808,7.619047619047619,3.869047619047619,0.0,0.11904761904761904,0.5952380952380952,50.0,50.0,77.8,36.1,58.3,61.1,19.4,83.3,61.1,63.9,80.6,22.2,16.7,44.4,25.0,66.7,86.1,36.1,86.1,69.4,77.8,69.4,51.4,30.6,16.7,69.4,41.7,50.0,46.7,59.3,55.4,54.2,55.6,63.9,57.0,91,56.0,57.6,47.2,49.5,60.1,51.6,52.9,65.9,59.6,Defensive midfielder,60.1,57.0,60.1,67.5,72.1
Lamine Diaz,Turkey,Real Sociedad,LaLiga,23,Attacking midfielder,1236,77.8,81.3,83.8,45.6,2,6,28,29,37,51,33,35,23,22,13,8,32,5,14,32,17,40,202,69,35,0,3,81.3,2,11,18137606,3.08,3.34,0.14563106796116507,0.14563106796116507,0.4368932038834952,2.0388349514563107,2.1116504854368934,2.6941747572815538,3.713592233009709,2.4029126213592233,2.5485436893203883,1.6747572815533982,1.6019417475728157,0.9466019417475728,0.5825242718446603,2.330097087378641,0.3640776699029126,1.0194174757281553,2.330097087378641,1.237864077669903,2.912621359223301,14.708737864077671,5.024271844660195,2.5485436893203883,0.0,0.2184466019417476,0.8009708737864079,37.8,37.8,100.0,51.4,64.9,59.5,75.7,70.3,94.6,51.4,89.2,100.0,78.4,83.8,32.4,91.9,48.6,78.4,59.5,70.3,67.6,81.1,51.4,75.7,73.0,68.9,32.4,35.1,48.8,57.2,70.2,83.1,16.200000000000003,52.9,59.2,82,63.7,52.0,51.3,64.7,77.6,81.6,69.6,63.3,65.6,High-volume winger,64.7,59.2,64.7,67.4,71.9
Jude Wirtz,Turkey,Flamengo,Brasileirao,26,Winger,1979,75.0,66.9,91.8,54.2,7,2,70,35,55,102,46,55,54,13,7,10,45,8,37,48,33,78,320,96,34,0,3,79.9,7,18,22576581,6.52,5.14,0.31834259727134917,0.31834259727134917,0.09095502779181405,3.1834259727134917,1.5917129863567459,2.5012632642748867,4.638706417382517,2.091965639211723,2.5012632642748867,2.4557857503789795,0.5912076806467913,0.31834259727134917,0.4547751389590703,2.046488125315816,0.3638201111672562,1.68266801414856,2.1829206670035375,1.500757958564932,3.547246083880748,14.55280444669025,4.365841334007075,1.546235472460839,0.0,0.1364325416877211,0.8185952501263265,72.4,72.4,13.8,82.8,58.6,75.9,37.9,82.8,65.5,37.9,10.3,27.6,37.9,37.9,89.7,20.7,48.3,79.3,20.7,58.6,41.4,75.9,51.7,37.9,55.2,86.2,69.0,51.7,69.3,51.0,62.4,32.2,62.1,70.4,60.9,82,64.3,55.7,63.5,43.9,41.9,38.0,65.5,50.5,69.3,Box threat forward,63.5,60.9,63.5,67.4,71.9
Thiago Costa 2,Cameroon,Marseille,Ligue 1,25,Centre-back,2013,70.9,74.0,98.0,43.6,2,0,21,5,135,25,92,5,2,25,46,80,17,1,0,12,11,23,156,172,158,0,10,92.3,2,83,27228150,2.06,0.66,0.08941877794336811,0.08941877794336811,0.0,0.9388971684053651,0.22354694485842028,6.0357675111773474,1.1177347242921014,4.113263785394933,0.22354694485842028,0.08941877794336811,1.1177347242921014,2.0566318926974665,3.5767511177347244,0.7600596125186289,0.044709388971684055,0.0,0.5365126676602087,0.4918032786885246,1.0283159463487332,6.9746646795827125,7.690014903129657,7.06408345752608,0.0,0.44709388971684055,3.7108792846497765,80.4,80.4,32.6,95.7,71.7,87.0,84.8,73.9,21.7,58.7,23.9,71.7,63.0,84.8,45.7,32.6,97.8,80.4,63.0,82.6,78.3,71.7,51.1,91.3,67.4,78.3,84.8,82.6,82.1,66.6,71.2,61.4,15.200000000000003,60.2,64.5,73,76.5,71.8,77.6,64.0,61.1,59.9,71.4,71.9,72.1,Ball-playing centre-back,71.4,64.5,71.4,67.2,71.5
Alphonso Williams 2,England,Inter Milan,Serie A,28,Goalkeeper,1221,90.6,89.8,95.6,43.7,0,0,0,0,78,0,19,0,0,0,1,4,8,1,0,0,0,0,4,55,147,61,2,80.2,0,4,9679409,0.0,0.09,0.0,0.0,0.0,0.0,0.0,5.749385749385749,0.0,1.4004914004914004,0.0,0.0,0.0,0.07371007371007371,0.29484029484029484,0.5896805896805897,0.07371007371007371,0.0,0.0,0.0,0.0,0.29484029484029484,4.054054054054054,10.835380835380835,4.496314496314496,0.14742014742014742,0.29484029484029484,52.2,52.2,43.5,30.4,32.6,82.6,10.9,69.6,32.6,32.6,13.0,39.1,65.2,91.3,82.6,52.2,15.2,52.2,21.7,34.8,65.2,82.6,17.4,17.4,65.2,63.0,15.2,21.7,36.6,36.9,49.6,41.1,8.700000000000003,49.8,46.6,82,51.4,35.9,39.7,29.5,45.0,33.1,65.5,35.3,56.7,Goalkeeper distributor,56.7,46.6,56.7,66.8,70.7
Daichi Diop,Denmark,Lyon,Ligue 1,29,Centre-back,2286,79.2,71.4,71.6,60.8,1,1,10,3,134,20,96,3,1,33,45,93,15,4,0,5,10,19,120,166,139,0,9,96.0,1,94,11482682,1.53,0.65,0.03937007874015748,0.03937007874015748,0.03937007874015748,0.3937007874015748,0.11811023622047245,5.275590551181103,0.7874015748031497,3.7795275590551185,0.11811023622047245,0.03937007874015748,1.299212598425197,1.7716535433070868,3.661417322834646,0.5905511811023623,0.15748031496062992,0.0,0.1968503937007874,0.3937007874015748,0.7480314960629921,4.724409448818898,6.535433070866142,5.47244094488189,0.0,0.35433070866141736,3.7007874015748032,45.7,45.7,76.1,23.9,37.0,65.2,47.8,63.0,4.3,30.4,37.0,41.3,65.2,65.2,95.7,32.6,39.1,67.4,26.1,28.3,56.5,39.1,51.1,80.4,63.0,98.9,67.4,78.3,50.2,64.3,47.8,44.9,34.8,61.6,51.1,91,58.8,56.1,54.3,35.4,53.5,46.5,60.7,34.8,63.6,Ball-playing centre-back,60.7,51.1,60.7,66.7,70.5
Xavi Benali,Switzerland,Eintracht Frankfurt,Bundesliga,31,Goalkeeper,1553,79.6,73.4,70.4,41.3,0,0,1,0,87,2,30,1,1,1,1,0,9,2,0,0,0,0,5,61,161,95,10,85.9,0,0,7464350,0.04,0.18,0.0,0.0,0.0,0.05795235028976175,0.0,5.041854475209272,0.1159047005795235,1.7385705086928525,0.05795235028976175,0.05795235028976175,0.05795235028976175,0.05795235028976175,0.0,0.5215711526078557,0.1159047005795235,0.0,0.0,0.0,0.0,0.2897617514488087,3.535093367675467,9.330328396651641,5.505473277527366,0.5795235028976174,0.0,52.2,52.2,43.5,82.6,32.6,56.5,52.2,95.7,87.0,87.0,34.8,26.1,4.3,87.0,91.3,52.2,15.2,52.2,21.7,30.4,52.2,56.5,78.3,91.3,4.3,100.0,58.7,58.7,55.3,47.5,70.9,30.9,13.0,65.4,56.4,91,68.5,46.4,44.5,60.6,46.2,48.4,49.9,43.5,69.6,Goalkeeper distributor,69.6,56.4,69.6,66.6,70.3
Min-jae Torres,Denmark,Real Madrid,LaLiga,24,Defensive midfielder,469,78.2,98.0,86.0,20.8,0,2,8,2,30,7,26,11,1,17,13,8,4,1,4,11,1,6,102,43,31,0,1,88.1,0,8,18380380,0.45,0.62,0.0,0.0,0.3837953091684435,1.535181236673774,0.3837953091684435,5.756929637526652,1.3432835820895521,4.9893390191897655,2.1108742004264394,0.19189765458422176,3.2622601279317696,2.4946695095948828,1.535181236673774,0.767590618336887,0.19189765458422176,0.767590618336887,2.1108742004264394,0.19189765458422176,1.1513859275053304,19.573560767590617,8.251599147121535,5.948827292110874,0.0,0.19189765458422176,1.535181236673774,24.1,24.1,100.0,96.3,18.5,74.1,37.0,96.3,100.0,7.4,81.5,81.5,66.7,14.8,77.8,100.0,100.0,63.0,81.5,96.3,48.1,96.3,51.9,22.2,66.7,40.7,11.1,3.7,45.2,52.2,66.5,74.8,85.2,57.4,64.2,73,59.8,48.1,41.5,46.4,69.3,59.8,73.3,74.3,64.4,Defensive midfielder,69.3,64.2,69.3,66.6,70.3
Cole Benali,Germany,RB Leipzig,Bundesliga,25,Goalkeeper,3392,92.9,84.4,91.5,86.2,0,1,2,0,179,8,50,1,0,1,5,6,12,2,0,3,0,1,9,130,309,186,18,74.8,0,6,16115043,0.08,0.26,0.0,0.0,0.026533018867924526,0.05306603773584905,0.0,4.74941037735849,0.2122641509433962,1.3266509433962264,0.026533018867924526,0.0,0.026533018867924526,0.13266509433962265,0.15919811320754718,0.31839622641509435,0.05306603773584905,0.0,0.07959905660377359,0.0,0.026533018867924526,0.23879716981132074,3.4492924528301887,8.19870283018868,4.935141509433962,0.4775943396226415,0.15919811320754718,52.2,52.2,87.0,73.9,32.6,47.8,82.6,60.9,65.2,32.6,26.1,73.9,30.4,47.8,69.6,52.2,56.5,52.2,43.5,13.0,47.8,34.8,34.8,73.9,30.4,13.0,89.1,93.5,63.8,67.8,60.2,41.1,52.2,33.1,42.4,55,54.3,60.1,57.9,53.7,44.6,49.5,40.0,37.8,39.2,Goalkeeper distributor,39.2,42.4,39.2,66.5,70.1
Jamal Kim,Egypt,Juventus,Serie A,28,Full-back,2803,73.7,80.1,77.5,81.9,2,6,17,25,103,82,85,44,24,71,45,27,35,3,59,36,6,42,339,169,89,0,8,86.0,2,28,23413540,1.67,4.61,0.06421691045308597,0.06421691045308597,0.19265073135925792,0.5458437388512308,0.8027113806635747,3.307170888333928,2.6328933285765252,2.729218694256154,1.4127720299678914,0.7706029254370317,2.2797003210845523,1.4448804851944346,0.8669282911166607,1.1237959329290046,0.09632536567962896,1.8943988583660363,1.1559043881555475,0.19265073135925792,1.3485551195148056,10.884766321798073,5.426328933285765,2.857652515162326,0.0,0.2568676418123439,0.8990367463432036,82.9,82.9,82.9,20.0,34.3,37.1,45.7,37.1,42.9,71.4,71.4,57.1,25.7,60.0,28.6,28.6,48.6,28.6,40.0,17.1,20.0,40.0,51.4,42.9,22.9,90.0,65.7,74.3,54.0,55.3,43.6,42.5,40.0,61.8,50.1,73,48.1,45.7,55.3,45.1,54.6,51.3,48.2,41.1,52.0,Modern full-back,51.3,50.1,51.3,66.4,69.8
Enzo Benali,Portugal,Ajax,Eredivisie,30,Goalkeeper,2945,88.2,72.6,58.1,80.3,0,0,0,0,136,4,42,2,1,0,3,8,8,1,0,4,0,2,12,101,280,195,6,75.2,0,8,10434000,0.02,0.19,0.0,0.0,0.0,0.0,0.0,4.1561969439728355,0.12224108658743633,1.2835314091680816,0.06112054329371817,0.030560271646859084,0.0,0.09168081494057725,0.24448217317487267,0.24448217317487267,0.030560271646859084,0.0,0.12224108658743633,0.0,0.06112054329371817,0.366723259762309,3.0865874363327674,8.556876061120544,5.959252971137522,0.1833616298811545,0.24448217317487267,52.2,52.2,43.5,30.4,32.6,21.7,56.5,52.2,91.3,65.2,13.0,52.2,60.9,34.8,60.9,52.2,65.2,52.2,65.2,52.2,39.1,43.5,91.3,26.1,60.9,17.4,50.0,65.2,49.7,52.1,51.3,41.1,65.2,39.8,43.0,100,42.6,53.5,54.5,52.4,31.9,39.4,37.9,43.1,37.9,Goalkeeper distributor,37.9,43.0,37.9,66.3,69.6
Lucas Hakimi,South Korea,Arsenal,Premier League,19,Full-back,843,74.7,96.2,91.1,27.0,0,3,6,10,45,26,35,16,10,17,20,15,6,2,30,10,5,8,140,77,32,0,3,80.2,0,16,5746674,0.78,2.03,0.0,0.0,0.32028469750889677,0.6405693950177935,1.0676156583629892,4.804270462633451,2.775800711743772,3.7366548042704624,1.7081850533807827,1.0676156583629892,1.8149466192170818,2.1352313167259784,1.601423487544484,0.6405693950177935,0.21352313167259784,3.202846975088968,1.0676156583629892,0.5338078291814946,0.8540925266903914,14.94661921708185,8.220640569395018,3.4163701067615655,0.0,0.32028469750889677,1.7081850533807827,32.9,32.9,94.3,37.1,82.9,82.9,62.9,85.7,65.7,94.3,40.0,100.0,85.7,8.6,68.6,94.3,42.9,97.1,5.7,62.9,71.4,74.3,51.4,57.1,94.3,28.6,22.9,20.0,41.2,61.3,77.0,71.6,91.4,66.9,67.1,46,74.6,58.2,45.3,78.7,67.7,69.6,74.5,44.2,62.5,High-volume winger,78.7,67.1,78.7,66.3,69.6
Amadou Davies,Morocco,Atletico Madrid,LaLiga,21,Forward,1033,82.4,90.2,83.7,36.8,8,2,45,4,15,14,11,15,14,5,1,23,28,1,3,15,35,54,203,34,4,0,5,75.8,8,33,29287006,5.55,0.79,0.6969990319457889,0.6969990319457889,0.17424975798644723,3.920619554695063,0.34849951597289447,1.3068731848983544,1.2197483059051306,0.9583736689254598,1.3068731848983544,1.2197483059051306,0.4356243949661181,0.08712487899322362,2.0038722168441434,2.4394966118102612,0.08712487899322362,0.26137463697967084,1.3068731848983544,3.0493707647628265,4.704743465634076,17.686350435624394,2.9622458857696032,0.34849951597289447,0.0,0.4356243949661181,2.8751210067763795,92.6,92.6,77.8,85.2,3.7,81.5,18.5,77.8,85.2,88.9,37.0,14.8,59.3,92.6,40.7,74.1,70.4,88.9,22.2,88.9,48.1,14.8,51.9,96.3,81.5,57.4,25.9,11.1,67.0,35.9,66.3,44.8,7.400000000000006,49.0,57.6,64,59.6,31.5,63.5,52.9,40.9,34.3,46.8,68.7,50.7,High-pressing forward,68.7,57.6,68.7,66.3,69.6
Kylian Costa,Cameroon,Lille,Ligue 1,32,Full-back,2845,68.8,74.4,75.3,78.7,1,3,35,28,149,103,97,41,22,68,51,30,39,8,83,42,9,48,439,246,110,0,7,77.8,1,32,11600531,2.66,6.22,0.03163444639718805,0.03163444639718805,0.09490333919156414,1.1072056239015817,0.8857644991212654,4.713532513181019,3.2583479789103693,3.0685413005272406,1.29701230228471,0.6959578207381371,2.1511423550087874,1.6133567662565906,0.9490333919156415,1.233743409490334,0.2530755711775044,2.625659050966608,1.328646748681898,0.28471001757469244,1.5184534270650263,13.887521968365554,7.78207381370826,3.4797891036906856,0.0,0.22144112478031636,1.0123022847100176,65.7,65.7,45.7,91.4,42.9,80.0,85.7,48.6,34.3,60.0,68.6,85.7,42.9,77.1,80.0,77.1,62.9,57.1,60.0,57.1,57.1,80.0,51.4,34.3,42.9,11.4,91.4,94.3,73.7,64.9,66.3,65.0,22.900000000000006,38.7,60.9,37,63.4,68.7,67.3,68.5,62.7,65.1,58.6,65.6,51.1,Chance creator,68.7,60.9,68.7,66.0,69.0
Lamine Muller 2,England,Fluminense,Brasileirao,25,Defensive midfielder,995,90.2,63.5,98.0,26.0,0,2,16,14,72,17,43,18,5,31,30,15,14,0,6,11,2,17,181,98,57,0,2,86.4,0,15,10125468,0.95,1.25,0.0,0.0,0.18090452261306533,1.4472361809045227,1.2663316582914572,6.5125628140703515,1.5376884422110553,3.8894472361809047,1.6281407035175879,0.45226130653266333,2.8040201005025125,2.71356783919598,1.35678391959799,1.2663316582914572,0.0,0.542713567839196,0.9949748743718593,0.18090452261306533,1.5376884422110553,16.371859296482413,8.864321608040202,5.155778894472362,0.0,0.18090452261306533,1.35678391959799,24.1,24.1,88.9,88.9,100.0,88.9,59.3,59.3,96.3,51.9,55.6,88.9,51.9,88.9,13.0,96.3,51.9,59.3,92.6,70.4,59.3,74.1,51.9,18.5,51.9,22.2,40.7,40.7,51.9,62.7,73.0,66.3,11.099999999999994,39.1,60.4,82,61.3,62.1,48.3,70.4,62.7,72.4,62.5,63.8,50.3,Defensive midfielder,62.7,60.4,62.7,65.9,68.8
Mason Smith,Germany,Feyenoord,Eredivisie,28,Attacking midfielder,2045,85.6,72.5,83.0,51.9,7,3,45,35,48,74,50,44,44,26,6,12,34,11,17,57,22,65,263,86,38,0,10,80.0,7,16,17421071,4.44,4.94,0.30806845965770174,0.30806845965770174,0.13202933985330073,1.9804400977995111,1.5403422982885087,2.1124694376528117,3.256723716381418,2.2004889975550124,1.9364303178484108,1.9364303178484108,1.1442542787286063,0.26405867970660146,0.5281173594132029,1.4963325183374083,0.4841075794621027,0.7481662591687042,2.508557457212714,0.9682151589242054,2.860635696821516,11.574572127139366,3.7848410757946214,1.6723716381418094,0.0,0.4400977995110025,0.7041564792176039,89.2,89.2,24.3,45.9,21.6,29.7,67.6,62.2,62.2,73.0,51.4,5.4,67.6,37.8,51.4,54.1,56.8,56.8,54.1,43.2,27.0,43.2,51.4,97.3,62.2,43.2,51.4,54.1,63.3,40.0,54.9,36.2,62.2,50.4,49.9,73,53.0,44.5,65.3,57.6,31.9,43.5,39.8,52.9,50.7,Box threat forward,65.3,49.9,65.3,65.9,68.8
Federico Salah,Senegal,Monaco,Ligue 1,20,Full-back,2737,79.9,80.4,92.4,80.9,2,3,23,26,98,76,70,39,24,46,33,32,23,6,54,36,6,39,364,179,69,0,10,85.8,2,34,21210799,1.84,4.76,0.06576543660942638,0.06576543660942638,0.09864815491413957,0.7563025210084033,0.8549506759225429,3.2225063938618925,2.4990865911582025,2.3017902813299234,1.2824260138838144,0.7891852393131166,1.5126050420168067,1.0851297040555352,1.052246985750822,0.7563025210084033,0.19729630982827914,1.7756667884545123,1.1837778589696748,0.19729630982827914,1.2824260138838144,11.9693094629156,5.886006576543661,2.26890756302521,0.0,0.3288271830471319,1.1180124223602483,85.7,85.7,48.6,54.3,37.1,34.3,31.4,20.0,31.4,77.1,11.4,31.4,51.4,22.9,54.3,22.9,54.3,31.4,31.4,40.0,34.3,20.0,51.4,60.0,51.4,85.7,80.0,80.0,63.3,55.3,34.6,31.3,77.1,68.0,47.0,55,42.3,52.4,61.8,48.3,36.7,34.0,46.2,44.1,50.3,Chance creator,52.4,47.0,52.4,65.9,68.8
Lamine Hakimi,Turkey,Lille,Ligue 1,25,Forward,2198,71.8,71.7,81.0,59.2,10,2,74,21,19,33,14,28,19,9,7,52,31,1,4,38,56,130,346,79,15,0,4,76.2,10,67,23479055,9.47,2.34,0.40946314831665154,0.40946314831665154,0.0818926296633303,3.030027297543221,0.8598726114649682,0.7779799818016379,1.35122838944495,0.5732484076433121,1.1464968152866242,0.7779799818016379,0.3685168334849864,0.28662420382165604,2.129208371246588,1.2693357597816197,0.04094631483166515,0.1637852593266606,1.5559599636032757,2.2929936305732483,5.3230209281164695,14.167424931756143,3.234758871701547,0.6141947224749773,0.0,0.1637852593266606,2.7434030937215654,44.4,44.4,33.3,44.4,66.7,22.2,33.3,25.9,77.8,29.6,18.5,81.5,74.1,25.9,22.2,44.4,92.6,59.3,51.9,48.1,63.0,44.4,51.9,70.4,70.4,63.0,63.0,72.2,52.8,58.6,34.8,55.9,74.1,52.8,51.6,100,33.1,64.3,55.8,42.2,51.3,48.7,52.5,44.1,51.3,Box threat forward,55.8,51.6,55.8,65.7,68.4
Daichi Kone,England,Real Madrid,LaLiga,33,Goalkeeper,1806,90.2,98.0,87.1,45.8,0,0,0,0,87,1,28,0,0,4,4,1,3,0,0,4,0,0,5,56,147,103,6,81.6,0,1,9329020,0.0,0.1,0.0,0.0,0.0,0.0,0.0,4.335548172757475,0.04983388704318937,1.3953488372093024,0.0,0.0,0.19933554817275748,0.19933554817275748,0.04983388704318937,0.14950166112956811,0.0,0.0,0.19933554817275748,0.0,0.0,0.24916943521594684,2.7906976744186047,7.325581395348837,5.132890365448505,0.29900332225913623,0.04983388704318937,52.2,52.2,43.5,30.4,32.6,30.4,21.7,65.2,32.6,32.6,95.7,91.3,8.7,26.1,30.4,52.2,91.3,52.2,21.7,17.4,30.4,17.4,65.2,47.8,8.7,69.6,15.2,26.1,36.6,41.6,35.7,56.7,73.9,54.0,50.5,73,41.5,44.3,34.0,35.3,69.2,56.3,42.6,39.8,44.8,Goalkeeper distributor,44.8,50.5,44.8,65.7,68.4
Enzo Sarr,Cameroon,Monaco,Ligue 1,31,Defensive midfielder,2943,78.8,75.3,78.7,85.1,0,4,18,18,154,36,112,27,20,74,71,51,28,3,8,39,5,23,453,254,127,0,8,88.8,0,52,20994811,1.38,2.52,0.0,0.0,0.12232415902140671,0.5504587155963302,0.5504587155963302,4.709480122324159,1.1009174311926604,3.425076452599388,0.8256880733944953,0.6116207951070336,2.262996941896024,2.171253822629969,1.5596330275229355,0.856269113149847,0.09174311926605504,0.24464831804281342,1.1926605504587156,0.1529051987767584,0.7033639143730887,13.853211009174311,7.767584097859326,3.883792048929663,0.0,0.24464831804281342,1.5902140672782874,24.1,24.1,63.0,18.5,29.6,40.7,25.9,37.0,48.1,81.5,33.3,59.3,74.1,44.4,44.4,55.6,66.7,48.1,18.5,37.0,40.7,37.0,51.9,48.1,77.8,59.3,63.0,92.6,37.2,59.8,41.4,48.0,55.6,56.7,49.1,64,42.9,57.6,43.2,48.0,46.7,42.0,51.4,29.6,47.1,Defensive midfielder,46.7,49.1,46.7,65.7,68.4
Ousmane Ramos,Canada,Atalanta,Serie A,21,Goalkeeper,2841,69.8,76.6,98.0,63.9,0,2,2,0,182,10,47,0,0,5,3,10,11,0,0,5,0,3,14,138,371,159,19,79.2,0,10,37593402,0.11,0.12,0.0,0.0,0.06335797254487856,0.06335797254487856,0.0,5.76557550158395,0.3167898627243928,1.4889123548046463,0.0,0.0,0.1583949313621964,0.09503695881731784,0.3167898627243928,0.3484688489968321,0.0,0.0,0.1583949313621964,0.0,0.09503695881731784,0.44350580781414994,4.371700105596621,11.752903907074973,5.036958817317846,0.6019007391763463,0.3167898627243928,52.2,52.2,100.0,87.0,32.6,87.0,91.3,78.3,32.6,32.6,87.0,56.5,69.6,56.5,30.4,52.2,78.3,52.2,87.0,73.9,82.6,95.7,43.5,95.7,69.6,56.5,97.8,45.7,72.3,55.9,72.7,73.9,43.5,58.2,64.7,19,75.7,46.6,70.6,56.7,72.4,64.1,73.7,76.4,76.1,Goalkeeper distributor,76.1,64.7,76.1,65.6,68.1
Alphonso Ramos,Switzerland,Villarreal,LaLiga,33,Centre-back,3317,79.0,75.7,71.6,98.0,2,0,16,7,154,33,119,5,2,40,71,109,18,2,1,6,8,32,213,213,228,0,9,91.1,2,110,8973690,1.7,0.75,0.054265902924329215,0.054265902924329215,0.0,0.4341272233946337,0.18993066023515226,4.17847452517335,0.8953873982514321,3.2288212239975884,0.13566475731082303,0.054265902924329215,1.0853180584865842,1.9264395538136871,2.957491709375942,0.4883931263189629,0.054265902924329215,0.027132951462164608,0.16279770877298763,0.21706361169731686,0.8682544467892674,5.779318661441061,5.779318661441061,6.1863129333735305,0.0,0.24419656315948146,2.9846246608381066,69.6,69.6,32.6,28.3,63.0,37.0,65.2,37.0,6.5,41.3,19.6,54.3,37.0,47.8,60.9,65.2,30.4,26.1,37.0,60.9,37.0,47.8,51.1,45.7,37.0,66.3,71.7,91.3,52.0,58.8,39.9,40.6,52.2,52.8,45.1,55,48.2,63.5,53.3,53.5,41.5,56.2,47.7,46.0,50.3,Ball-playing centre-back,47.7,45.1,47.7,65.6,68.1
Mateo Rodriguez,Mexico,Juventus,Serie A,30,Goalkeeper,1457,68.1,87.2,90.8,50.1,0,0,0,1,75,1,24,0,1,0,3,3,7,2,0,0,0,3,9,67,159,83,4,80.2,0,3,13486917,0.04,0.24,0.0,0.0,0.0,0.0,0.06177076183939602,4.632807137954702,0.06177076183939602,1.4824982841455043,0.0,0.06177076183939602,0.0,0.18531228551818804,0.18531228551818804,0.4323953328757721,0.12354152367879204,0.0,0.0,0.0,0.18531228551818804,0.5559368565545642,4.138641043239533,9.821551132463966,5.12697323266987,0.24708304735758407,0.18531228551818804,52.2,52.2,43.5,30.4,78.3,43.5,30.4,73.9,32.6,91.3,13.0,87.0,39.1,82.6,95.7,52.2,15.2,52.2,95.7,87.0,69.6,60.9,60.9,30.4,39.1,63.0,58.7,87.0,54.9,66.7,49.4,57.8,17.400000000000006,52.7,54.3,100,51.7,67.9,59.0,57.4,52.7,51.4,53.0,60.3,50.5,Goalkeeper distributor,50.5,54.3,50.5,65.5,67.9
Mason Palmer,Turkey,Marseille,Ligue 1,22,Winger,516,74.6,74.4,81.7,18.0,2,3,14,12,17,34,12,14,14,4,2,5,7,2,18,18,9,32,91,22,5,0,1,78.0,2,7,14566798,1.73,1.92,0.3488372093023256,0.3488372093023256,0.5232558139534884,2.441860465116279,2.0930232558139537,2.9651162790697674,5.930232558139535,2.0930232558139537,2.441860465116279,2.441860465116279,0.6976744186046512,0.3488372093023256,0.872093023255814,1.2209302325581395,0.3488372093023256,3.13953488372093,3.13953488372093,1.569767441860465,5.5813953488372094,15.872093023255815,3.8372093023255816,0.872093023255814,0.0,0.1744186046511628,1.2209302325581395,86.2,86.2,96.6,58.6,89.7,96.6,86.2,89.7,62.1,34.5,17.2,31.0,93.1,3.4,82.8,100.0,93.1,94.8,89.7,72.4,24.1,17.2,51.7,51.7,96.6,62.1,6.9,13.8,64.3,71.6,81.2,41.7,96.6,67.3,69.1,82,83.0,71.4,69.7,72.2,42.8,68.4,66.1,61.4,56.0,High-volume winger,72.2,69.1,72.2,65.4,67.7
Mohamed Santos,Switzerland,AZ Alkmaar,Eredivisie,31,Centre-back,2328,79.2,68.8,71.7,67.0,4,1,12,4,122,19,80,8,0,37,39,92,7,2,0,10,6,27,144,134,172,0,9,94.2,4,93,11605814,1.31,0.65,0.15463917525773196,0.15463917525773196,0.03865979381443299,0.4639175257731959,0.15463917525773196,4.716494845360825,0.7345360824742267,3.0927835051546393,0.30927835051546393,0.0,1.4304123711340206,1.5077319587628866,3.556701030927835,0.2706185567010309,0.07731958762886598,0.0,0.3865979381443299,0.23195876288659795,1.0438144329896908,5.56701030927835,5.180412371134021,6.649484536082474,0.0,0.3479381443298969,3.595360824742268,95.7,95.7,73.9,32.6,52.2,50.0,39.1,30.4,41.3,15.2,47.8,32.6,60.9,19.6,69.6,32.6,89.1,30.4,65.2,54.3,26.1,63.0,51.1,76.1,60.9,87.0,54.3,78.3,59.8,71.2,38.6,42.6,80.4,66.6,50.2,73,45.1,66.8,64.2,34.4,47.1,46.3,61.1,56.2,68.0,Ball-playing centre-back,61.1,50.2,61.1,65.4,67.7
Mason Muller,Colombia,Braga,Primeira Liga,24,Goalkeeper,3172,79.9,69.5,83.8,86.4,0,2,1,1,153,5,32,1,2,4,6,5,12,0,0,7,0,1,12,102,297,180,19,78.8,0,5,9890685,0.05,0.23,0.0,0.0,0.05674653215636822,0.02837326607818411,0.02837326607818411,4.3411097099621685,0.14186633039092053,0.9079445145018915,0.02837326607818411,0.05674653215636822,0.11349306431273644,0.17023959646910466,0.14186633039092053,0.34047919293820933,0.0,0.0,0.19861286254728877,0.0,0.02837326607818411,0.34047919293820933,2.894073139974779,8.42686002522068,5.10718789407314,0.5390920554854981,0.14186633039092053,52.2,52.2,95.7,60.9,65.2,34.8,65.2,21.7,69.6,82.6,65.2,78.3,26.1,52.2,30.4,52.2,87.0,52.2,47.8,47.8,34.8,39.1,56.5,78.3,26.1,52.2,67.4,82.6,56.9,73.7,49.8,53.9,47.8,51.7,53.4,46,47.0,67.4,52.7,66.4,56.2,62.7,43.8,51.9,49.1,Goalkeeper distributor,49.1,53.4,49.1,65.4,67.7
Ousmane Osimhen,Mexico,Lyon,Ligue 1,27,Central midfielder,1577,71.9,70.3,83.6,44.8,3,0,28,26,61,47,58,22,21,34,29,21,36,6,4,23,10,31,268,119,68,0,2,82.1,3,22,17926642,2.3,2.68,0.17121116043119847,0.17121116043119847,0.0,1.5979708306911857,1.4838300570703868,3.481293595434369,2.6823081800887763,3.310082435003171,1.2555485098287889,1.1984781230183894,1.9403931515535828,1.6550412175015854,1.1984781230183894,2.0545339251743817,0.34242232086239693,0.22828154724159797,1.3126188966391883,0.570703868103995,1.7691819911223843,15.294863665187064,6.791376030437539,3.8807863031071657,0.0,0.11414077362079898,1.2555485098287889,83.3,86.1,9.7,83.3,91.7,25.0,86.1,52.8,63.9,77.8,63.9,80.6,83.3,100.0,69.4,27.8,38.9,75.0,80.6,75.0,58.3,72.2,51.4,27.8,80.6,16.7,66.7,66.7,78.1,57.8,57.0,71.5,0.0,28.5,55.6,91,49.0,65.2,77.7,69.5,52.3,62.8,45.8,75.4,37.4,Chance creator,65.2,55.6,65.2,65.1,67.0
Mohamed Diop,South Korea,Liverpool,Premier League,34,Centre-back,1626,74.8,90.6,75.7,41.7,0,0,12,2,102,20,68,7,4,31,37,61,9,2,0,8,7,15,126,115,124,0,5,90.6,0,62,13801202,1.26,0.49,0.0,0.0,0.0,0.6642066420664207,0.11070110701107011,5.645756457564576,1.1070110701107012,3.763837638376384,0.3874538745387454,0.22140221402214022,1.7158671586715868,2.047970479704797,3.3763837638376386,0.4981549815498155,0.11070110701107011,0.0,0.44280442804428044,0.3874538745387454,0.8302583025830258,6.974169741697417,6.365313653136531,6.863468634686347,0.0,0.2767527675276753,3.4317343173431736,18.5,18.5,32.6,71.7,34.8,76.1,82.6,60.9,54.3,97.8,76.1,69.6,56.5,50.0,87.0,32.6,93.5,65.2,30.4,80.4,50.0,69.6,51.1,58.7,54.3,56.5,50.0,60.9,44.9,57.5,73.6,67.0,50.0,65.3,66.4,46,73.6,60.7,41.1,68.3,65.9,58.6,65.7,58.3,62.9,Ball-playing centre-back,65.7,66.4,65.7,65.1,67.0
Amadou Kim,England,Manchester City,Premier League,17,Central midfielder,906,88.2,95.8,87.0,40.9,2,1,17,6,47,31,38,11,8,26,23,11,15,6,5,6,5,21,156,65,35,0,2,85.4,2,12,6961812,1.32,1.2,0.19867549668874174,0.19867549668874174,0.09933774834437087,1.6887417218543046,0.5960264900662252,4.668874172185431,3.0794701986754967,3.774834437086093,1.0927152317880795,0.794701986754967,2.5827814569536423,2.2847682119205297,1.0927152317880795,1.490066225165563,0.5960264900662252,0.49668874172185434,0.5960264900662252,0.49668874172185434,2.0860927152317883,15.496688741721854,6.456953642384106,3.4768211920529803,0.0,0.19867549668874174,1.1920529801324504,94.4,94.4,41.7,88.9,16.7,63.9,94.4,69.4,47.2,47.2,97.2,100.0,75.0,86.1,97.2,83.3,2.8,66.7,97.2,80.6,50.0,50.0,51.4,52.8,77.8,47.2,36.1,19.4,73.7,32.4,68.4,82.6,13.900000000000006,41.7,57.7,19,66.8,33.3,73.0,63.7,74.1,74.5,60.0,85.8,49.5,Defensive midfielder,74.1,57.7,74.1,65.1,67.0
Take Mbaye,Norway,Aston Villa,Premier League,23,Goalkeeper,1639,67.4,86.4,91.3,66.2,0,0,1,0,101,3,24,1,0,2,0,4,7,1,0,1,0,2,8,77,181,90,12,81.7,0,4,16484013,0.06,0.12,0.0,0.0,0.0,0.05491153142159853,0.0,5.546064673581451,0.1647345942647956,1.3178767541183647,0.05491153142159853,0.0,0.10982306284319707,0.0,0.21964612568639413,0.3843807199511897,0.05491153142159853,0.0,0.05491153142159853,0.0,0.10982306284319707,0.43929225137278827,4.228187919463087,9.938987187309335,4.942037827943868,0.6589383770591823,0.21964612568639413,52.2,52.2,43.5,78.3,32.6,69.6,69.6,56.5,78.3,32.6,60.9,8.7,56.5,60.9,73.9,52.2,39.1,52.2,91.3,69.6,78.3,69.6,39.1,100.0,56.5,73.9,76.1,45.7,66.0,45.2,64.6,52.0,39.1,57.9,57.0,37,62.2,45.3,64.5,50.4,52.8,51.0,58.8,69.8,69.3,Goalkeeper distributor,69.3,57.0,69.3,65.0,66.8
Youssef Fernandez 3,Brazil,Manchester United,Premier League,29,Central midfielder,1701,92.4,78.9,81.0,63.2,1,4,20,14,68,44,54,23,17,31,28,15,19,8,4,20,8,20,198,116,64,0,4,82.6,1,16,16401233,1.7,2.13,0.052910052910052914,0.052910052910052914,0.21164021164021166,1.0582010582010584,0.7407407407407408,3.597883597883598,2.3280423280423284,2.857142857142857,1.216931216931217,0.8994708994708995,1.6402116402116402,1.4814814814814816,0.7936507936507937,1.0052910052910053,0.4232804232804233,0.21164021164021166,1.0582010582010584,0.4232804232804233,1.0582010582010584,10.476190476190476,6.137566137566138,3.3862433862433865,0.0,0.21164021164021166,0.8465608465608466,44.4,44.4,86.1,33.3,33.3,27.8,72.2,27.8,58.3,58.3,38.9,55.6,44.4,41.7,86.1,16.7,19.4,50.0,33.3,30.6,41.7,41.7,51.4,55.6,41.7,19.4,45.8,47.2,43.1,53.2,46.5,43.2,58.3,38.4,45.3,73,42.6,40.3,43.9,47.9,40.5,40.7,37.2,36.2,38.5,Ball-progressing midfielder,42.6,45.3,42.6,64.9,66.6
Jude Tanaka 2,Japan,Inter Milan,Serie A,26,Attacking midfielder,1862,80.4,88.7,88.8,43.3,5,7,36,33,40,46,37,38,37,17,9,7,21,5,16,44,20,42,231,59,28,0,1,82.5,5,13,14887271,3.66,3.92,0.24167561761546721,0.24167561761546721,0.3383458646616541,1.740064446831364,1.5950590762620838,1.9334049409237377,2.2234156820622983,1.7883995703544575,1.8367346938775508,1.7883995703544575,0.8216970998925885,0.435016111707841,0.3383458646616541,1.0150375939849623,0.24167561761546721,0.7733619763694951,2.1267454350161117,0.9667024704618689,2.0300751879699246,11.165413533834586,2.8517722878625134,1.3533834586466165,0.0,0.048335123523093444,0.6283566058002148,83.8,83.8,78.4,29.7,27.0,24.3,18.9,35.1,59.5,59.5,18.9,32.4,29.7,13.5,21.6,56.8,37.8,54.1,21.6,37.8,10.8,27.0,51.4,10.8,45.9,86.5,48.6,43.2,54.7,42.1,33.9,25.1,86.5,67.2,46.1,91,38.0,35.4,55.9,42.8,33.7,37.7,42.7,37.3,44.5,Box threat forward,55.9,46.1,55.9,64.9,66.6
Amadou Santos,France,AC Milan,Serie A,23,Goalkeeper,2119,96.8,82.7,58.8,65.6,0,0,0,0,99,0,25,0,1,3,1,5,2,1,0,1,0,0,9,60,172,114,7,84.4,0,5,12040927,0.0,0.12,0.0,0.0,0.0,0.0,0.0,4.204813591316658,0.0,1.0618216139688532,0.0,0.04247286455875413,0.12741859367626238,0.04247286455875413,0.21236432279377065,0.08494572911750826,0.04247286455875413,0.0,0.04247286455875413,0.0,0.0,0.38225578102878716,2.5483718735252476,7.305332704105711,4.8419065596979705,0.2973100519112789,0.21236432279377065,52.2,52.2,43.5,30.4,32.6,26.1,10.9,34.8,32.6,78.3,73.9,21.7,52.2,13.0,65.2,52.2,34.8,52.2,21.7,60.9,21.7,13.0,30.4,43.5,52.2,95.7,15.2,45.7,36.6,43.3,30.2,45.2,87.0,72.2,55.9,37,39.3,43.2,38.4,46.2,48.3,44.5,44.0,48.5,45.5,Goalkeeper distributor,45.5,55.9,45.5,64.9,66.6
Mohamed Hakimi,USA,Real Sociedad,LaLiga,22,Winger,688,75.6,71.8,89.9,28.0,3,6,18,13,20,35,11,26,29,3,2,10,16,3,14,15,12,31,133,39,13,0,2,78.4,3,12,7136565,2.14,1.85,0.39244186046511625,0.39244186046511625,0.7848837209302325,2.3546511627906974,1.7005813953488371,2.6162790697674416,4.578488372093023,1.438953488372093,3.4011627906976742,3.7936046511627906,0.39244186046511625,0.26162790697674415,1.3081395348837208,2.093023255813953,0.39244186046511625,1.8313953488372092,1.9622093023255813,1.569767441860465,4.055232558139535,17.398255813953487,5.101744186046512,1.7005813953488371,0.0,0.26162790697674415,1.569767441860465,89.7,89.7,100.0,51.7,65.5,82.8,34.5,20.7,96.6,93.1,6.9,10.3,100.0,48.3,100.0,37.9,37.9,94.8,55.2,82.8,72.4,89.7,51.7,82.8,100.0,69.0,10.3,10.3,61.7,59.6,61.4,46.2,51.7,72.4,62.0,82,56.4,48.6,66.7,58.6,40.5,37.0,72.9,63.2,76.1,Box threat forward,66.7,62.0,66.7,64.7,66.2
Xavi Mbaye,Japan,Fluminense,Brasileirao,31,Winger,2686,74.2,64.6,90.9,65.0,2,7,92,44,72,160,51,71,98,33,15,15,74,8,66,75,38,141,478,152,44,0,2,78.1,2,28,25584345,8.52,7.32,0.06701414743112434,0.06701414743112434,0.23454951600893523,3.08265078183172,1.4743112434847356,2.4125093075204767,5.361131794489948,1.7088607594936709,2.3790022338049144,3.283693224125093,1.1057334326135517,0.5026061057334326,0.5026061057334326,2.4795234549516008,0.26805658972449736,2.2114668652271035,2.513030528667163,1.2732688011913627,4.724497393894266,16.01638123603872,5.093075204765451,1.4743112434847356,0.0,0.06701414743112434,0.9381980640357409,6.9,6.9,65.5,69.0,48.3,69.0,69.0,44.8,48.3,75.9,82.8,65.5,44.8,75.9,62.1,62.1,72.4,62.1,75.9,75.9,69.0,62.1,51.7,17.2,65.5,65.5,89.7,86.2,54.9,66.9,61.7,69.0,24.099999999999994,56.9,60.8,37,62.3,66.0,54.9,64.5,68.9,65.4,59.6,62.9,53.7,Chance creator,66.0,60.8,66.0,64.4,65.5
Tyler Pulisic,Turkey,Al Nassr,Saudi Pro League,27,Forward,2894,68.8,71.5,83.2,76.2,8,6,95,21,23,60,22,29,31,27,7,49,46,1,11,22,64,161,455,100,28,0,2,81.1,8,64,29310496,11.34,2.18,0.248790601243953,0.248790601243953,0.18659295093296474,2.9543883897719416,0.6530753282653766,0.7152729785763648,1.8659295093296473,0.6841741534208707,0.9018659295093295,0.9640635798203178,0.8396682791983413,0.21769177608845885,1.523842432619212,1.4305459571527297,0.031098825155494125,0.34208707671043537,0.6841741534208707,1.990324809951624,5.006910850034553,14.149965445749826,3.1098825155494123,0.8707671043538354,0.0,0.06219765031098825,1.990324809951624,29.6,29.6,81.5,40.7,40.7,11.1,77.8,37.0,63.0,48.1,85.2,55.6,33.3,40.7,14.8,88.9,22.2,37.0,44.4,44.4,55.6,59.3,51.9,22.2,25.9,92.6,74.1,66.7,45.3,48.7,44.4,58.0,59.3,62.0,49.4,82,47.2,44.4,44.1,61.3,61.8,73.8,47.7,48.9,52.0,High-pressing forward,48.9,49.4,48.9,64.4,65.5
Santiago Sarr,Nigeria,Eintracht Frankfurt,Bundesliga,29,Full-back,1345,71.3,75.8,82.9,30.7,2,2,15,15,62,39,68,29,10,32,30,34,32,5,40,28,4,38,228,142,63,0,7,77.2,2,35,13272282,1.36,3.38,0.13382899628252787,0.13382899628252787,0.13382899628252787,1.003717472118959,1.003717472118959,4.148698884758364,2.609665427509294,4.5501858736059475,1.9405204460966543,0.6691449814126395,2.141263940520446,2.007434944237918,2.2750929368029738,2.141263940520446,0.3345724907063197,2.676579925650558,1.8736059479553904,0.26765799256505574,2.5427509293680295,15.256505576208179,9.501858736059479,4.215613382899628,0.0,0.4684014869888476,2.3420074349442377,100.0,100.0,57.1,71.4,65.7,57.1,42.9,97.1,82.9,54.3,65.7,97.1,100.0,100.0,94.3,80.0,97.1,48.6,97.1,68.6,91.4,91.4,51.4,85.7,100.0,8.6,51.4,54.3,73.0,70.1,65.1,84.3,0.0,28.9,64.7,64,53.6,74.8,77.1,57.0,66.3,60.8,61.5,79.9,54.9,Chance creator,74.8,64.7,74.8,64.4,65.5
Weston Musiala,Austria,Eintracht Frankfurt,Bundesliga,34,Goalkeeper,2817,78.7,71.2,85.3,72.7,0,0,0,3,150,4,35,0,0,2,3,4,13,0,0,5,0,1,10,114,311,158,17,78.5,0,4,8173493,0.01,0.29,0.0,0.0,0.0,0.0,0.09584664536741214,4.792332268370607,0.12779552715654952,1.1182108626198082,0.0,0.0,0.06389776357827476,0.09584664536741214,0.12779552715654952,0.41533546325878595,0.0,0.0,0.1597444089456869,0.0,0.03194888178913738,0.3194888178913738,3.642172523961661,9.936102236421725,5.047923322683706,0.5431309904153354,0.12779552715654952,52.2,52.2,43.5,30.4,82.6,52.2,60.9,39.1,32.6,32.6,39.1,60.9,21.7,78.3,30.4,52.2,82.6,52.2,56.5,39.1,60.9,65.2,47.8,82.6,21.7,47.8,37.0,100.0,45.6,71.3,46.9,46.3,21.700000000000003,41.4,45.4,64,47.8,76.1,46.0,49.1,50.6,57.8,48.3,44.5,56.2,Goalkeeper distributor,56.2,45.4,56.2,64.2,65.0
Mohamed Kim,Netherlands,Tottenham,Premier League,25,Full-back,418,85.6,79.6,79.6,18.0,0,1,3,2,20,15,11,8,1,8,8,2,3,0,13,11,1,5,74,41,16,0,0,84.7,0,2,9159541,0.26,0.84,0.0,0.0,0.21531100478468898,0.6459330143540669,0.43062200956937796,4.30622009569378,3.229665071770335,2.3684210526315788,1.7224880382775118,0.21531100478468898,1.7224880382775118,1.7224880382775118,0.43062200956937796,0.6459330143540669,0.0,2.7990430622009566,2.3684210526315788,0.21531100478468898,1.076555023923445,15.933014354066984,8.827751196172247,3.4449760765550237,0.0,0.0,0.43062200956937796,32.9,32.9,85.7,40.0,8.6,62.9,82.9,25.7,68.6,5.7,28.6,94.3,2.9,11.4,5.7,85.7,100.0,34.3,14.3,82.9,80.0,77.1,51.4,2.9,2.9,74.3,2.9,2.9,24.9,35.9,55.6,59.6,88.6,66.2,52.2,100,57.2,32.7,19.9,47.0,68.0,62.6,65.2,50.7,61.9,Modern full-back,62.6,52.2,62.6,64.2,65.0
Kylian Torres,Switzerland,Manchester United,Premier League,32,Winger,694,77.7,79.7,95.0,18.0,4,1,18,15,24,56,16,23,30,7,5,3,23,3,21,30,11,56,175,65,10,0,1,78.9,4,5,17290155,2.35,2.58,0.5187319884726225,0.5187319884726225,0.12968299711815562,2.3342939481268012,1.9452449567723342,3.112391930835735,7.262247838616714,2.07492795389049,2.9827089337175794,3.8904899135446684,0.9077809798270893,0.648414985590778,0.38904899135446686,2.9827089337175794,0.38904899135446686,2.723342939481268,3.8904899135446684,1.4265129682997117,7.262247838616714,22.694524495677232,8.429394812680115,1.296829971181556,0.0,0.12968299711815562,0.648414985590778,96.6,96.6,31.0,44.8,86.2,100.0,96.6,79.3,82.8,96.6,51.7,93.1,24.1,93.1,96.6,79.3,100.0,72.4,100.0,100.0,100.0,41.4,51.7,27.6,24.1,75.9,17.2,20.7,64.5,62.4,92.1,74.8,6.900000000000006,61.9,70.9,28,87.6,73.5,65.2,81.8,78.4,81.2,65.0,83.9,55.9,High-pressing forward,83.9,70.9,83.9,64.1,64.8
Declan Silva,Denmark,Napoli,Serie A,36,Attacking midfielder,2720,78.1,82.1,93.3,69.7,3,8,65,65,82,96,83,49,46,33,19,13,59,16,20,92,21,100,443,141,71,0,6,76.6,3,20,22658906,5.47,8.02,0.09926470588235295,0.09926470588235295,0.2647058823529412,2.150735294117647,2.150735294117647,2.713235294117647,3.1764705882352944,2.746323529411765,1.6213235294117647,1.522058823529412,1.0919117647058825,0.6286764705882353,0.43014705882352944,1.9522058823529411,0.5294117647058824,0.6617647058823529,3.044117647058824,0.6948529411764706,3.308823529411765,14.658088235294118,4.665441176470589,2.349264705882353,0.0,0.1985294117647059,0.6617647058823529,27.0,27.0,67.6,56.8,67.6,62.2,59.5,81.1,45.9,37.8,45.9,73.0,54.1,70.3,62.2,37.8,78.4,27.0,75.7,64.9,51.4,73.0,51.4,67.6,51.4,10.8,78.4,89.2,49.2,73.8,60.4,57.9,29.700000000000003,33.5,57.5,1,56.1,71.4,49.6,48.9,50.6,50.3,52.7,53.9,51.0,Chance creator,71.4,57.5,71.4,64.1,64.8
Bruno Benali 2,Cameroon,Benfica,Primeira Liga,31,Winger,3480,74.6,82.5,75.6,90.3,8,9,72,47,70,164,75,80,85,36,25,20,80,5,87,88,46,143,548,148,47,0,7,76.3,8,30,18543097,8.61,8.28,0.20689655172413796,0.20689655172413796,0.2327586206896552,1.8620689655172415,1.2155172413793105,1.810344827586207,4.241379310344827,1.9396551724137931,2.0689655172413794,2.1982758620689657,0.9310344827586208,0.646551724137931,0.5172413793103449,2.0689655172413794,0.12931034482758622,2.25,2.2758620689655173,1.1896551724137931,3.6982758620689657,14.172413793103448,3.827586206896552,1.2155172413793105,0.0,0.1810344827586207,0.7758620689655172,41.4,44.8,62.1,6.9,13.8,27.6,24.1,75.9,31.0,24.1,55.2,89.7,48.3,41.4,17.2,65.5,62.1,51.7,31.0,48.3,20.7,34.5,51.7,62.1,41.4,46.6,93.1,93.1,51.2,51.0,36.5,54.9,58.6,42.2,46.3,37,39.5,49.0,55.8,29.9,52.8,46.8,45.2,38.1,43.4,Box threat forward,55.8,46.3,55.8,64.1,64.8
Alphonso Martinez,Ecuador,Bayer Leverkusen,Bundesliga,24,Winger,814,75.3,91.3,89.8,23.8,3,3,28,11,14,42,16,20,27,10,4,7,19,0,16,17,9,35,139,52,13,0,4,83.0,3,9,14191635,2.26,1.59,0.3316953316953317,0.3316953316953317,0.3316953316953317,3.095823095823096,1.2162162162162162,1.547911547911548,4.643734643734644,1.769041769041769,2.211302211302211,2.9852579852579852,1.1056511056511056,0.44226044226044225,0.773955773955774,2.100737100737101,0.0,1.769041769041769,1.8796068796068797,0.9950859950859952,3.86977886977887,15.368550368550368,5.749385749385749,1.4373464373464373,0.0,0.44226044226044225,0.9950859950859952,79.3,79.3,79.3,72.4,17.2,17.2,41.4,58.6,37.9,65.5,79.3,51.7,86.2,51.7,3.4,31.0,27.6,24.1,34.5,65.5,89.7,55.2,51.7,100.0,72.4,100.0,13.8,3.4,46.4,25.7,39.5,73.4,48.3,65.0,45.0,100,46.2,15.1,44.5,46.6,66.7,49.6,56.0,69.9,63.6,High-pressing forward,69.9,45.0,69.9,64.0,64.6
Enzo Tanaka,Turkey,Inter Milan,Serie A,24,Attacking midfielder,2200,73.2,89.5,81.6,40.7,3,7,46,47,58,76,51,33,38,29,13,10,46,11,20,62,25,68,263,105,56,0,3,79.9,3,15,30149510,4.8,5.82,0.12272727272727274,0.12272727272727274,0.2863636363636364,1.8818181818181818,1.9227272727272728,2.372727272727273,3.1090909090909093,2.0863636363636364,1.35,1.5545454545454547,1.1863636363636365,0.5318181818181819,0.4090909090909091,1.8818181818181818,0.45,0.8181818181818182,2.5363636363636366,1.0227272727272727,2.781818181818182,10.75909090909091,4.295454545454546,2.290909090909091,0.0,0.12272727272727274,0.6136363636363636,32.4,32.4,73.0,35.1,51.4,43.2,56.8,54.1,21.6,40.5,62.2,51.4,48.6,67.6,45.9,64.9,59.5,64.9,48.6,32.4,40.5,67.6,51.4,37.8,43.2,37.8,64.9,64.9,49.1,59.5,45.3,48.6,32.400000000000006,40.6,50.3,91,47.4,56.9,50.5,49.3,48.3,55.4,48.0,40.3,48.0,Chance creator,56.9,50.3,56.9,64.0,64.6
Lamine Kone,USA,Braga,Primeira Liga,24,Defensive midfielder,2470,77.2,68.7,76.4,65.8,1,4,28,17,139,44,105,24,10,69,59,31,25,2,3,25,4,22,381,212,121,0,6,89.5,1,31,22865817,1.62,1.84,0.03643724696356276,0.03643724696356276,0.14574898785425103,1.0202429149797572,0.6194331983805669,5.064777327935223,1.6032388663967612,3.8259109311740893,0.8744939271255061,0.3643724696356275,2.5141700404858303,2.1497975708502026,1.1295546558704455,0.9109311740890689,0.07287449392712551,0.10931174089068826,0.9109311740890689,0.14574898785425103,0.8016194331983806,13.88259109311741,7.724696356275304,4.4089068825910935,0.0,0.21862348178137653,1.1295546558704455,48.1,48.1,74.1,55.6,44.4,48.1,66.7,51.9,55.6,33.3,48.1,51.9,29.6,59.3,37.0,33.3,37.0,44.4,29.6,40.7,37.0,48.1,51.9,25.9,29.6,75.9,77.8,66.7,54.1,53.7,53.2,42.9,40.7,53.8,50.0,73,54.4,46.3,50.2,45.7,50.3,52.4,50.4,43.6,50.9,Ball-progressing midfielder,54.4,50.0,54.4,64.0,64.6
Ousmane Benali,Germany,Manchester United,Premier League,33,Winger,2322,87.6,78.2,56.4,67.4,4,9,61,41,58,125,54,61,73,21,13,7,57,5,72,66,26,124,404,133,33,0,1,77.3,4,12,23881049,6.09,6.88,0.15503875968992248,0.15503875968992248,0.3488372093023256,2.3643410852713176,1.5891472868217054,2.248062015503876,4.844961240310077,2.093023255813953,2.3643410852713176,2.8294573643410854,0.813953488372093,0.5038759689922481,0.2713178294573643,2.2093023255813953,0.19379844961240308,2.7906976744186047,2.558139534883721,1.0077519379844961,4.8062015503875966,15.65891472868217,5.155038759689923,1.2790697674418605,0.0,0.03875968992248062,0.46511627906976744,20.7,20.7,86.2,55.2,55.2,55.2,58.6,86.2,44.8,58.6,31.0,69.0,6.9,65.5,41.4,82.8,75.9,27.6,79.3,69.0,75.9,37.9,51.7,6.9,6.9,58.6,58.6,79.3,42.6,68.5,61.0,51.6,34.5,50.0,55.2,19,61.9,66.1,39.0,60.9,55.7,59.8,45.6,54.2,42.3,Chance creator,66.1,55.2,66.1,63.9,64.3
Thiago Palmer,Nigeria,Paris Saint-Germain,Ligue 1,29,Defensive midfielder,858,72.4,81.7,69.7,27.8,1,0,12,9,58,10,31,11,7,30,21,16,8,1,3,14,1,11,159,93,37,0,4,83.4,1,16,14227129,0.65,1.04,0.1048951048951049,0.1048951048951049,0.0,1.2587412587412588,0.9440559440559441,6.083916083916084,1.048951048951049,3.2517482517482517,1.153846153846154,0.7342657342657343,3.146853146853147,2.202797202797203,1.6783216783216783,0.8391608391608392,0.1048951048951049,0.3146853146853147,1.4685314685314685,0.1048951048951049,1.153846153846154,16.67832167832168,9.755244755244755,3.8811188811188813,0.0,0.4195804195804196,1.6783216783216783,85.2,85.2,13.0,74.1,77.8,81.5,18.5,29.6,81.5,96.3,77.8,63.0,92.6,33.3,48.1,66.7,92.6,25.9,85.2,74.1,81.5,33.3,51.9,81.5,88.9,11.1,29.6,29.6,57.8,50.6,56.8,76.5,66.7,50.6,61.4,82,49.1,63.1,59.8,65.8,66.1,52.6,57.3,78.8,48.4,Defensive midfielder,66.1,61.4,66.1,63.8,64.1
Mason Diaz,Denmark,Inter Miami,MLS,31,Central midfielder,2728,77.1,64.4,89.6,61.7,1,5,37,29,127,51,100,34,30,54,45,29,32,9,5,46,20,33,350,204,111,0,3,82.8,1,34,16661851,3.59,3.73,0.032991202346041054,0.032991202346041054,0.16495601173020527,1.220674486803519,0.9567448680351907,4.189882697947215,1.682551319648094,3.2991202346041058,1.121700879765396,0.9897360703812317,1.781524926686217,1.4846041055718475,0.9567448680351907,1.0557184750733137,0.2969208211143695,0.16495601173020527,1.5175953079178885,0.6598240469208211,1.088709677419355,11.54692082111437,6.730205278592376,3.6620234604105573,0.0,0.09897360703812318,1.121700879765396,33.3,33.3,72.2,50.0,50.0,52.8,33.3,50.0,50.0,66.7,52.8,58.3,61.1,50.0,52.8,8.3,69.4,88.9,38.9,41.7,52.8,55.6,51.4,19.4,69.4,22.2,94.4,91.7,62.8,68.2,48.3,53.8,50.0,43.8,54.1,55,45.6,60.6,64.1,43.2,50.1,36.2,49.5,43.9,41.8,Chance creator,60.6,54.1,60.6,63.7,63.9
Leo Garcia,Ghana,Feyenoord,Eredivisie,31,Central midfielder,1126,69.3,70.6,98.0,27.2,3,2,23,14,68,31,56,22,16,29,21,14,17,3,2,18,2,23,224,96,62,0,6,79.5,3,14,7906189,1.27,1.56,0.23978685612788633,0.23978685612788633,0.15985790408525755,1.8383658969804617,1.119005328596803,5.435168738898756,2.4777975133214922,4.476021314387212,1.758436944937833,1.2788632326820604,2.3179396092362343,1.6785079928952042,1.119005328596803,1.358792184724689,0.23978685612788633,0.15985790408525755,1.438721136767318,0.15985790408525755,1.8383658969804617,17.904085257548846,7.673179396092363,4.9555950266429845,0.0,0.47957371225577267,1.119005328596803,97.2,97.2,69.4,91.7,69.4,91.7,77.8,94.4,88.9,88.9,86.1,83.3,77.8,75.0,44.4,5.6,55.6,2.8,88.9,94.4,80.6,94.4,51.4,94.4,66.7,2.8,33.3,29.2,60.7,53.5,88.1,84.3,25.0,43.8,67.3,55,76.3,46.5,58.1,65.6,71.3,55.0,67.9,91.2,63.9,Ball-progressing midfielder,76.3,67.3,76.3,63.7,63.9
Kai Diaz,Portugal,Real Madrid,LaLiga,31,Full-back,1641,89.3,98.0,79.7,39.5,0,1,14,19,61,50,62,25,10,33,22,17,19,8,38,19,5,27,236,142,38,0,8,78.7,0,18,8757094,1.29,3.57,0.0,0.0,0.054844606946983544,0.7678244972577696,1.0420475319926874,3.345521023765996,2.742230347349177,3.40036563071298,1.3711151736745886,0.5484460694698354,1.8098720292504569,1.206581352833638,0.9323583180987203,1.0420475319926874,0.43875685557586835,2.084095063985375,1.0420475319926874,0.2742230347349177,1.4808043875685557,12.943327239488116,7.787934186471663,2.084095063985375,0.0,0.43875685557586835,0.9872029250457038,32.9,32.9,25.7,57.1,77.1,42.9,60.0,71.4,40.0,37.1,37.1,37.1,37.1,51.4,100.0,45.7,40.0,54.3,51.4,51.4,60.0,14.3,51.4,82.9,37.1,20.0,45.7,60.0,45.9,60.4,51.9,43.8,48.6,32.6,46.8,46,50.3,65.7,43.6,52.5,40.4,48.6,32.0,47.4,36.8,Chance creator,65.7,46.8,65.7,63.7,63.9
Lamine Muller,Morocco,Benfica,Primeira Liga,17,Goalkeeper,2902,78.7,76.9,77.7,77.7,0,0,1,1,182,6,56,1,0,1,1,11,21,2,0,1,0,1,19,142,358,156,9,82.2,0,11,13642275,0.05,0.26,0.0,0.0,0.0,0.031013094417643,0.031013094417643,5.644383184011026,0.18607856650585802,1.7367332873880081,0.031013094417643,0.0,0.031013094417643,0.031013094417643,0.34114403859407305,0.651274982770503,0.062026188835286,0.0,0.031013094417643,0.0,0.031013094417643,0.589248793935217,4.403859407305307,11.102687801516195,4.838042729152308,0.279117849758787,0.34114403859407305,52.2,52.2,43.5,65.2,69.6,78.3,78.3,91.3,73.9,32.6,30.4,17.4,78.3,100.0,78.3,52.2,30.4,52.2,52.2,91.3,87.0,87.0,21.7,34.8,78.3,87.0,67.4,93.5,58.0,65.8,75.7,54.8,0.0,55.8,59.6,0,73.3,67.3,58.6,54.2,49.9,57.1,68.0,65.7,64.6,Goalkeeper distributor,64.6,59.6,64.6,63.6,63.6
Nico Williams,Portugal,Manchester United,Premier League,23,Full-back,1984,85.0,86.3,90.4,52.1,0,1,24,20,71,60,45,25,12,46,20,20,17,0,52,22,4,24,241,139,44,0,2,83.0,0,21,8931040,1.51,3.47,0.0,0.0,0.04536290322580645,1.0887096774193548,0.907258064516129,3.220766129032258,2.721774193548387,2.0413306451612905,1.1340725806451613,0.5443548387096774,2.086693548387097,0.907258064516129,0.907258064516129,0.7711693548387096,0.0,2.3588709677419355,0.997983870967742,0.1814516129032258,1.0887096774193548,10.932459677419354,6.305443548387097,1.995967741935484,0.0,0.0907258064516129,0.9526209677419355,32.9,32.9,17.1,82.9,48.6,31.4,54.3,8.6,20.0,31.4,57.1,14.3,28.6,25.7,5.7,62.9,34.3,25.7,17.1,20.0,42.9,11.4,51.4,14.3,34.3,65.7,60.0,57.1,44.2,35.8,30.9,33.7,74.3,52.1,38.1,82,38.1,42.9,36.0,52.8,42.2,51.7,34.6,39.0,36.4,High-volume winger,52.8,38.1,52.8,63.6,63.6
Youssef Fernandez,Serbia,Atletico Madrid,LaLiga,25,Centre-back,1920,74.7,87.8,82.3,57.3,0,1,10,9,104,17,76,9,0,29,39,71,12,1,1,6,13,15,113,128,106,0,4,92.1,0,73,27828742,1.87,0.77,0.0,0.0,0.046875,0.46875,0.421875,4.875,0.796875,3.5625,0.421875,0.0,1.359375,1.828125,3.328125,0.5625,0.046875,0.046875,0.28125,0.609375,0.703125,5.296875,6.0,4.96875,0.0,0.1875,3.421875,18.5,18.5,80.4,34.8,100.0,56.5,52.2,52.2,67.4,15.2,43.5,43.5,52.2,58.7,47.8,76.1,63.0,93.5,17.4,45.7,41.3,21.7,51.1,26.1,52.2,76.1,76.1,93.5,50.2,81.1,52.1,44.7,41.3,49.9,49.8,73,51.6,80.8,51.1,50.4,49.1,65.5,49.7,35.1,45.1,Ball-playing centre-back,49.7,49.8,49.7,63.6,63.6
Cole Pulisic,Brazil,RB Leipzig,Bundesliga,29,Central midfielder,2348,92.2,84.5,77.2,71.2,5,2,21,11,76,39,55,26,14,33,22,13,11,10,6,34,10,23,211,146,75,0,6,88.4,4,14,9907103,1.96,2.56,0.19165247018739354,0.15332197614991483,0.07666098807495741,0.8049403747870528,0.42163543441226575,2.9131175468483814,1.4948892674616696,2.1081771720613287,0.9965928449744463,0.5366269165247018,1.2649063032367973,0.8432708688245315,0.49829642248722317,0.42163543441226575,0.3833049403747871,0.22998296422487224,1.303236797274276,0.3833049403747871,0.8816013628620102,8.087734241908008,5.596252129471891,2.8747870528109027,0.0,0.22998296422487224,0.5366269165247018,86.1,77.8,30.6,11.1,8.3,16.7,13.9,13.9,30.6,22.2,16.7,11.1,13.9,2.8,83.3,30.6,36.1,38.9,19.4,5.6,27.8,19.4,51.4,66.7,13.9,75.0,58.3,61.1,49.3,41.4,18.1,15.4,97.2,58.3,34.7,73,25.8,40.5,50.0,22.3,28.9,23.7,33.1,25.0,47.2,Chance creator,40.5,34.7,40.5,63.5,63.4
Lamine Pulisic,Japan,Barcelona,LaLiga,26,Central midfielder,2933,73.6,93.9,73.9,79.8,1,4,32,22,104,41,71,33,13,42,38,20,27,7,3,21,10,33,335,189,96,0,6,88.0,1,22,20098067,2.47,2.47,0.03068530514831231,0.03068530514831231,0.12274122059324924,0.9819297647459939,0.6750767132628708,3.19127173542448,1.2580975110808046,2.178656665530174,1.0126150698943062,0.39890896692806,1.288782816229117,1.1660415956358676,0.6137061029662462,0.8285032390044323,0.21479713603818615,0.09205591544493692,0.6443914081145585,0.3068530514831231,1.0126150698943062,10.279577224684623,5.799522673031026,2.9457892942379815,0.0,0.18411183088987385,0.6750767132628708,30.6,30.6,50.0,25.0,25.0,22.2,5.6,19.4,36.1,8.3,19.4,33.3,25.0,25.0,33.3,2.8,5.6,25.0,27.8,25.0,36.1,25.0,51.4,47.2,30.6,69.4,75.0,58.3,39.5,36.7,18.2,27.9,75.0,50.1,33.2,100,23.5,28.5,40.2,14.2,35.6,21.8,37.2,26.6,44.0,Defensive midfielder,35.6,33.2,35.6,63.4,63.2
Lamine Van Dijk,Portugal,RB Leipzig,Bundesliga,20,Centre-back,2092,87.7,85.3,76.1,58.9,1,2,12,4,114,22,74,15,2,40,47,81,21,3,0,5,8,23,145,180,174,0,8,83.9,1,83,22826657,1.46,0.62,0.043021032504780114,0.043021032504780114,0.08604206500956023,0.5162523900573613,0.17208413001912046,4.904397705544933,0.9464627151051626,3.1835564053537286,0.6453154875717018,0.08604206500956023,1.7208413001912046,2.0219885277246656,3.4847036328871894,0.9034416826003825,0.12906309751434034,0.0,0.21510516252390058,0.3441682600382409,0.9894837476099426,6.238049713193117,7.743785850860421,7.48565965583174,0.0,0.3441682600382409,3.57074569789675,50.0,50.0,94.6,47.8,60.9,58.7,67.4,34.8,97.8,54.3,78.3,67.4,58.7,93.5,91.3,32.6,45.7,56.5,54.3,65.2,80.4,87.0,51.1,71.7,58.7,2.2,60.9,73.9,54.1,73.2,61.5,71.1,6.5,28.0,57.0,28,47.4,62.8,55.5,51.4,59.7,53.3,51.1,62.3,51.1,Ball-playing centre-back,51.1,57.0,51.1,63.4,63.2
Hugo Salah,Norway,Villarreal,LaLiga,31,Attacking midfielder,1555,71.9,74.3,93.1,40.1,4,3,43,38,47,55,35,46,37,19,9,14,44,9,7,47,25,55,208,85,36,0,3,81.2,4,18,12398764,4.54,4.32,0.2315112540192926,0.2315112540192926,0.17363344051446944,2.4887459807073955,2.1993569131832795,2.720257234726688,3.183279742765273,2.02572347266881,2.662379421221865,2.1414790996784565,1.0996784565916398,0.5209003215434084,0.8102893890675241,2.5466237942122185,0.5209003215434084,0.40514469453376206,2.720257234726688,1.4469453376205788,3.183279742765273,12.038585209003214,4.919614147909968,2.0836012861736335,0.0,0.17363344051446944,1.0418006430868167,73.0,73.0,32.4,75.7,70.3,64.9,62.2,51.4,97.3,81.1,48.6,45.9,91.9,94.6,59.5,16.2,70.3,86.5,66.2,48.6,59.5,62.2,51.4,54.1,94.6,64.9,56.8,45.9,71.4,55.0,68.0,56.6,5.400000000000006,52.2,61.2,46,60.2,57.2,72.8,59.0,52.1,50.4,61.1,60.0,56.5,Box threat forward,72.8,61.2,72.8,63.3,62.9
Daichi Diaz,Brazil,Napoli,Serie A,24,Centre-back,712,91.5,85.3,90.2,18.0,1,0,1,1,38,7,28,3,0,12,20,18,0,0,1,1,2,5,44,49,42,0,0,93.6,1,18,8112523,0.32,0.12,0.12640449438202248,0.12640449438202248,0.0,0.12640449438202248,0.12640449438202248,4.803370786516854,0.8848314606741573,3.539325842696629,0.3792134831460674,0.0,1.5168539325842696,2.528089887640449,2.2752808988764044,0.0,0.0,0.12640449438202248,0.12640449438202248,0.25280898876404495,0.6320224719101123,5.561797752808989,6.193820224719101,5.308988764044944,0.0,0.0,2.2752808988764044,91.3,91.3,32.6,2.2,41.3,54.3,63.0,50.0,52.2,15.2,58.7,93.5,15.2,4.3,18.5,95.7,23.9,34.8,10.9,52.2,47.8,37.0,51.1,2.2,15.2,82.6,4.3,8.7,36.8,25.4,51.4,57.7,95.7,67.0,56.1,64,56.6,31.7,38.6,47.4,69.8,71.5,58.5,47.9,51.4,Ball-playing centre-back,58.5,56.1,58.5,63.2,62.7
Kai Mbaye,Serbia,Fluminense,Brasileirao,27,Forward,1070,79.8,66.4,86.5,27.6,5,0,42,14,14,25,9,18,30,10,1,32,22,1,3,11,33,64,178,49,11,0,1,75.3,5,39,13002814,5.37,1.24,0.4205607476635514,0.4205607476635514,0.0,3.5327102803738315,1.1775700934579438,1.1775700934579438,2.102803738317757,0.7570093457943925,1.514018691588785,2.5233644859813085,0.8411214953271028,0.08411214953271028,2.691588785046729,1.8504672897196262,0.08411214953271028,0.2523364485981308,0.9252336448598131,2.7757009345794392,5.383177570093458,14.97196261682243,4.121495327102804,0.9252336448598131,0.0,0.08411214953271028,3.2803738317757007,51.9,55.6,9.3,63.0,88.9,66.7,88.9,44.4,96.3,100.0,88.9,11.1,96.3,63.0,33.3,66.7,44.4,81.5,55.6,55.6,92.6,63.0,51.9,25.9,88.9,48.1,18.5,29.6,52.6,43.1,75.6,66.3,37.0,57.4,56.4,82,67.8,54.6,54.8,82.6,59.1,69.5,57.7,65.7,52.0,High-pressing forward,65.7,56.4,65.7,63.2,62.7
Florian Kim,Germany,Feyenoord,Eredivisie,17,Defensive midfielder,1526,92.1,77.2,81.6,32.5,1,0,21,18,96,33,70,16,7,48,36,28,16,3,7,23,7,14,257,137,87,0,4,90.5,1,29,10342524,1.57,2.08,0.05897771952817824,0.05897771952817824,0.0,1.238532110091743,1.0615989515072084,5.6618610747051115,1.946264744429882,4.128440366972477,0.9436435124508519,0.41284403669724773,2.8309305373525557,2.123197903014417,1.651376146788991,0.9436435124508519,0.17693315858453473,0.41284403669724773,1.3564875491480997,0.41284403669724773,0.8256880733944955,15.157273918741808,8.07994757536042,5.131061598951507,0.0,0.23591087811271297,1.7103538663171691,66.7,66.7,13.0,70.4,92.6,70.4,85.2,70.4,70.4,37.0,66.7,48.1,88.9,66.7,74.1,88.9,85.2,92.6,37.0,63.0,44.4,70.4,51.9,37.0,92.6,88.9,74.1,74.1,71.3,68.2,70.8,60.4,33.3,62.6,65.1,10,70.8,83.3,71.9,69.2,59.8,79.9,70.7,60.3,65.0,Ball-progressing midfielder,70.8,65.1,70.8,63.0,62.2
Gabriel Diaz,South Korea,Napoli,Serie A,25,Centre-back,1248,73.5,81.9,96.8,33.0,0,0,8,1,75,12,41,7,2,27,34,45,14,1,0,2,5,5,93,76,100,0,3,89.3,0,46,17368466,0.82,0.2,0.0,0.0,0.0,0.5769230769230769,0.07211538461538461,5.408653846153846,0.8653846153846153,2.956730769230769,0.5048076923076923,0.14423076923076922,1.9471153846153846,2.4519230769230766,3.2451923076923075,1.0096153846153846,0.07211538461538461,0.0,0.14423076923076922,0.3605769230769231,0.3605769230769231,6.706730769230769,5.480769230769231,7.211538461538462,0.0,0.21634615384615383,3.317307692307692,18.5,18.5,32.6,60.9,17.4,67.4,58.7,28.3,78.3,87.0,91.3,91.3,43.5,97.8,67.4,32.6,26.1,58.7,4.3,71.7,30.4,76.1,51.1,39.1,47.8,39.1,29.3,15.2,34.2,28.7,61.0,69.0,2.200000000000003,45.0,57.2,73,53.3,27.6,30.0,53.6,65.8,53.6,58.4,51.5,52.8,Ball-playing centre-back,58.4,57.2,58.4,63.0,62.2
Xavi Garcia,South Korea,Inter Milan,Serie A,21,Attacking midfielder,3295,71.0,93.4,75.4,88.9,2,8,69,41,86,87,64,50,58,32,17,16,58,12,20,79,31,72,391,140,51,0,6,78.0,2,25,25938050,6.22,6.01,0.05462822458270106,0.05462822458270106,0.21851289833080423,1.8846737481031866,1.1198786039453716,2.3490136570561453,2.376327769347496,1.7481031866464338,1.3657056145675264,1.5842185128983306,0.8740515933232169,0.464339908952959,0.43702579666160846,1.5842185128983306,0.32776934749620634,0.5462822458270106,2.157814871016692,0.8467374810318664,1.966616084977238,10.679817905918057,3.823975720789074,1.3930197268588769,0.0,0.16388467374810317,0.6828528072837632,18.9,18.9,48.6,37.8,10.8,40.5,24.3,32.4,24.3,45.9,21.6,35.1,56.8,43.2,24.3,24.3,40.5,35.1,18.9,27.0,29.7,35.1,51.4,51.4,54.1,17.6,89.2,70.3,42.6,39.7,32.9,32.7,56.8,36.8,38.0,64,33.9,35.0,43.2,31.6,30.3,22.2,38.2,25.5,37.9,Box threat forward,43.2,38.0,43.2,63.0,62.2
Santiago Garcia,Turkey,Bayer Leverkusen,Bundesliga,28,Central midfielder,2059,72.6,91.0,71.9,66.9,3,1,26,13,99,40,60,21,16,38,26,16,27,8,5,25,5,26,239,117,62,0,5,89.5,3,17,13599201,1.7,2.24,0.13113161728994657,0.13113161728994657,0.04371053909664886,1.1364740165128704,0.5682370082564352,4.327343370568237,1.7484215638659544,2.6226323457989316,0.9179213210296261,0.6993686255463818,1.6610004856726568,1.1364740165128704,0.6993686255463818,1.1801845556095192,0.3496843127731909,0.2185526954832443,1.0927634774162216,0.2185526954832443,1.1364740165128704,10.446818844099077,5.114133074307917,2.7100534239922296,0.0,0.2185526954832443,0.7430791646430306,69.4,69.4,22.2,41.7,13.9,58.3,41.7,25.0,22.2,33.3,47.2,30.6,33.3,66.7,75.0,22.2,27.8,16.7,50.0,27.8,16.7,13.9,51.4,61.1,33.3,88.9,45.8,52.8,46.9,36.5,39.6,32.0,33.3,54.6,41.6,82,46.8,36.4,46.4,31.5,43.8,38.2,46.1,41.9,50.3,Ball-progressing midfielder,46.8,41.6,46.8,62.9,62.0
Daichi Valverde,Turkey,Villarreal,LaLiga,18,Forward,1417,77.2,75.2,88.0,23.6,12,0,49,24,24,28,14,14,17,12,4,34,29,3,5,23,41,109,245,60,21,0,4,72.6,11,41,19760617,6.92,2.34,0.7621736062103035,0.6986591390261115,0.0,3.112208892025406,1.524347212420607,1.524347212420607,1.7784050811573748,0.8892025405786874,0.8892025405786874,1.0797459421312632,0.7621736062103035,0.25405786873676783,2.1594918842625264,1.8419195483415667,0.19054340155257588,0.3175723359209598,1.460832745236415,2.60409315455187,6.923076923076923,15.56104446012703,3.8108680310515175,1.333803810868031,0.0,0.25405786873676783,2.60409315455187,100.0,96.3,9.3,48.1,100.0,96.3,63.0,74.1,59.3,59.3,77.8,66.7,77.8,59.3,70.4,81.5,81.5,70.4,85.2,59.3,70.4,96.3,51.9,88.9,59.3,18.5,51.9,72.2,71.7,67.7,74.3,70.8,40.7,49.6,68.1,37,69.3,83.1,74.7,67.7,66.7,70.5,71.7,71.6,69.3,Box threat forward,74.7,68.1,74.7,62.8,61.8
Min-jae Pulisic,Denmark,Feyenoord,Eredivisie,28,Centre-back,2736,80.4,73.1,77.1,65.7,1,1,15,2,120,25,96,9,2,38,59,98,18,0,1,7,11,27,163,195,160,0,8,88.2,1,100,13819429,1.89,0.32,0.03289473684210526,0.03289473684210526,0.03289473684210526,0.493421052631579,0.06578947368421052,3.947368421052632,0.8223684210526316,3.1578947368421053,0.2960526315789474,0.06578947368421052,1.25,1.9407894736842106,3.223684210526316,0.5921052631578948,0.0,0.03289473684210526,0.23026315789473686,0.3618421052631579,0.8881578947368421,5.361842105263158,6.4144736842105265,5.2631578947368425,0.0,0.2631578947368421,3.2894736842105265,39.1,39.1,67.4,41.3,15.2,30.4,56.5,32.6,37.0,45.7,32.6,56.5,41.3,67.4,18.5,69.6,52.2,60.9,43.5,47.8,54.3,30.4,51.1,52.2,43.5,29.3,78.3,40.2,54.0,37.9,39.9,46.5,32.599999999999994,32.9,41.5,100,38.9,34.8,54.4,47.2,41.7,45.0,35.0,43.0,35.5,Ball-playing centre-back,35.0,41.5,35.0,62.7,61.5
Victor Musiala,Argentina,Lyon,Ligue 1,24,Full-back,1761,88.4,66.9,69.6,51.0,0,1,19,20,68,51,41,29,13,30,24,18,20,2,40,15,2,29,233,99,58,0,3,86.0,0,18,11329215,1.2,3.06,0.0,0.0,0.05110732538330494,0.9710391822827938,1.0221465076660987,3.475298126064736,2.606473594548552,2.0954003407155026,1.4821124361158433,0.6643952299829642,1.5332197614991483,1.2265758091993186,0.919931856899489,1.0221465076660987,0.10221465076660988,2.0442930153321974,0.7666098807495741,0.10221465076660988,1.4821124361158433,11.90800681431005,5.059625212947189,2.9642248722316866,0.0,0.15332197614991483,0.919931856899489,32.9,32.9,22.9,68.6,71.4,45.7,40.0,14.3,48.6,51.4,17.1,40.0,34.3,45.7,31.4,42.9,11.4,5.7,54.3,34.3,8.6,45.7,51.4,25.7,31.4,90.0,40.0,42.9,36.7,39.6,39.0,26.3,54.3,64.2,40.5,91,43.4,43.4,32.3,52.0,36.6,48.3,52.1,35.9,53.9,High-volume winger,52.0,40.5,52.0,62.5,61.1
Florian Palmer,Morocco,Monaco,Ligue 1,26,Defensive midfielder,670,79.6,77.2,79.4,28.3,0,2,6,4,36,11,38,11,5,15,8,12,14,2,3,7,2,6,106,76,33,0,2,87.7,0,12,6056743,0.47,0.68,0.0,0.0,0.26865671641791045,0.8059701492537313,0.5373134328358209,4.835820895522388,1.4776119402985075,5.104477611940299,1.4776119402985075,0.6716417910447761,2.014925373134328,1.0746268656716418,1.6119402985074627,1.880597014925373,0.26865671641791045,0.40298507462686567,0.9402985074626865,0.26865671641791045,0.8059701492537313,14.238805970149253,10.208955223880597,4.432835820895522,0.0,0.26865671641791045,1.6119402985074627,24.1,24.1,96.3,40.7,25.9,44.4,51.9,100.0,92.6,88.9,25.9,11.1,85.2,100.0,100.0,81.5,48.1,77.8,33.3,51.9,92.6,51.9,51.9,55.6,81.5,37.0,14.8,7.4,35.9,49.8,69.1,48.3,0.0,38.1,50.6,91,58.9,42.4,39.6,60.1,36.9,42.1,42.7,43.0,43.6,Ball-progressing midfielder,58.9,50.6,58.9,62.4,60.8
Min-jae Walker,Poland,AC Milan,Serie A,33,Forward,2838,72.5,85.0,88.9,69.4,15,3,81,27,25,43,35,27,21,18,11,48,45,1,8,26,64,149,450,124,14,0,3,80.2,15,63,21550118,10.7,2.51,0.47568710359408034,0.47568710359408034,0.09513742071881606,2.568710359408034,0.8562367864693445,0.7928118393234672,1.3636363636363635,1.109936575052854,0.8562367864693445,0.6659619450317125,0.5708245243128964,0.3488372093023256,1.522198731501057,1.427061310782241,0.03171247357293869,0.2536997885835095,0.8245243128964059,2.029598308668076,4.725158562367865,14.27061310782241,3.932346723044397,0.4439746300211416,0.0,0.09513742071881606,1.9978858350951374,70.4,70.4,40.7,25.9,63.0,29.6,37.0,92.6,51.9,18.5,59.3,96.3,29.6,37.0,18.5,70.4,29.6,40.7,29.6,51.9,77.8,18.5,51.9,40.7,29.6,88.9,70.4,77.8,53.7,50.6,46.3,66.7,63.0,55.9,53.9,28,50.5,54.1,54.3,41.6,71.8,65.6,48.7,52.7,46.0,Box threat forward,54.3,53.9,54.3,62.3,60.6
Gabriel Pulisic,Portugal,Ajax,Eredivisie,22,Winger,674,85.3,74.3,71.4,29.8,1,2,16,21,15,36,13,19,28,6,2,3,14,1,12,17,17,32,101,41,11,0,1,74.8,1,7,15465924,2.59,2.09,0.13353115727002968,0.13353115727002968,0.26706231454005935,2.136498516320475,2.8041543026706233,2.002967359050445,4.807121661721069,1.7359050445103859,2.537091988130564,3.7388724035608307,0.8011869436201781,0.26706231454005935,0.40059347181008903,1.8694362017804154,0.13353115727002968,1.6023738872403561,2.2700296735905043,2.2700296735905043,4.27299703264095,13.486646884272997,5.474777448071217,1.4688427299703264,0.0,0.13353115727002968,0.9347181008902077,17.2,17.2,69.0,27.6,100.0,37.9,51.7,51.7,72.4,86.2,27.6,13.8,31.0,20.7,24.1,13.8,58.6,100.0,69.0,41.4,82.8,58.6,51.7,34.5,62.1,31.0,20.7,17.2,41.4,55.5,54.1,37.8,79.3,55.2,50.1,82,50.3,51.0,46.9,60.0,38.6,41.1,40.3,40.4,46.4,High-volume winger,60.0,50.1,60.0,62.3,60.6
Youssef Silva,Poland,Atletico Madrid,LaLiga,29,Central midfielder,606,76.2,85.5,90.6,18.0,3,0,6,5,34,9,30,11,9,11,11,7,12,2,4,17,2,12,120,65,39,0,1,87.8,3,7,13692972,0.54,1.02,0.44554455445544555,0.44554455445544555,0.0,0.8910891089108911,0.7425742574257426,5.0495049504950495,1.3366336633663367,4.455445544554456,1.6336633663366336,1.3366336633663367,1.6336633663366336,1.6336633663366336,1.0396039603960396,1.7821782178217822,0.297029702970297,0.594059405940594,2.5247524752475248,0.297029702970297,1.7821782178217822,17.821782178217823,9.653465346534654,5.792079207920792,0.0,0.1485148514851485,1.0396039603960396,100.0,100.0,9.7,16.7,36.1,75.0,8.3,91.7,86.1,94.4,36.1,77.8,66.7,94.4,55.6,97.2,97.2,19.4,83.3,91.7,94.4,100.0,51.4,38.9,58.3,63.9,2.8,8.3,45.4,36.0,65.3,71.1,5.599999999999994,59.2,56.6,73,59.0,50.4,52.9,53.1,64.6,51.0,71.6,73.1,66.6,Defensive midfielder,64.6,56.6,64.6,62.2,60.3
Santiago Rodriguez,Netherlands,Napoli,Serie A,20,Central midfielder,1861,86.5,80.9,78.5,63.2,0,1,24,21,46,34,60,17,8,31,23,17,17,7,7,30,10,15,212,129,73,0,3,84.4,0,19,13998658,1.97,2.78,0.0,0.0,0.04836109618484686,1.1606663084363247,1.0155830198817841,2.2246104245029557,1.6442772702847932,2.9016657710908116,0.8221386351423966,0.3868887694787749,1.4991939817302526,1.1123052122514778,0.8221386351423966,0.8221386351423966,0.338527673293928,0.338527673293928,1.4508328855454058,0.4836109618484686,0.7254164427727029,10.252552391187534,6.238581407845245,3.5303600214938204,0.0,0.14508328855454058,0.9188608275120903,15.3,15.3,27.8,44.4,61.1,8.3,25.0,30.6,16.7,5.6,27.8,27.8,47.2,22.2,63.9,52.8,61.1,61.1,2.8,22.2,44.4,52.8,51.4,36.1,47.2,38.9,61.1,72.2,39.0,57.6,17.9,33.2,77.8,40.4,36.4,46,23.2,63.5,37.2,34.4,32.0,39.2,36.1,24.9,41.3,Chance creator,63.5,36.4,63.5,62.0,59.9
Santiago Diaz,Croatia,Aston Villa,Premier League,26,Attacking midfielder,413,81.6,82.6,86.8,18.0,1,2,7,8,11,7,6,10,12,6,4,1,12,4,5,12,7,13,61,28,17,0,1,80.2,1,3,10485582,1.07,1.28,0.21791767554479421,0.21791767554479421,0.43583535108958843,1.5254237288135595,1.7433414043583537,2.3970944309927362,1.5254237288135595,1.3075060532687652,2.179176755447942,2.6150121065375305,1.3075060532687652,0.8716707021791769,0.21791767554479421,2.6150121065375305,0.8716707021791769,1.089588377723971,2.6150121065375305,1.5254237288135595,2.8329297820823247,13.292978208232446,6.101694915254238,3.7046004842615017,0.0,0.21791767554479421,0.6537530266343826,70.3,70.3,97.3,10.8,43.2,45.9,5.4,8.1,73.0,91.9,73.0,94.6,13.5,100.0,97.3,94.6,67.6,89.2,51.4,56.8,86.5,100.0,51.4,73.0,48.6,48.6,5.4,8.1,47.0,57.0,36.9,69.7,0.0,47.7,50.1,91,30.8,52.6,52.9,51.3,70.2,57.3,54.8,57.7,62.3,High-pressing forward,57.7,50.1,57.7,61.9,59.6
Joao Mbaye,France,Bayern Munich,Bundesliga,29,Centre-back,2094,94.8,94.4,83.0,57.7,1,0,13,3,75,16,56,7,0,19,16,53,6,1,0,2,7,20,85,127,89,0,5,94.4,1,54,7940422,1.36,0.3,0.042979942693409746,0.042979942693409746,0.0,0.5587392550143266,0.12893982808022922,3.2234957020057307,0.6876790830945559,2.4068767908309456,0.3008595988538682,0.0,0.8166189111747851,0.6876790830945559,2.2779369627507164,0.25787965616045844,0.042979942693409746,0.0,0.08595988538681949,0.3008595988538682,0.8595988538681949,3.653295128939828,5.458452722063037,3.825214899713467,0.0,0.21489971346704873,2.3209169054441263,47.8,47.8,32.6,58.7,43.5,6.5,32.6,17.4,39.1,15.2,4.3,2.2,17.4,15.2,39.1,32.6,13.0,47.8,32.6,15.2,28.3,10.9,51.1,34.8,17.4,89.1,56.5,37.0,50.1,34.5,21.0,12.2,84.8,56.7,28.7,91,28.2,34.0,44.7,34.7,23.5,32.8,29.5,28.8,40.6,Ball-playing centre-back,29.5,28.7,29.5,61.9,59.6
Xavi Kone,Egypt,Porto,Primeira Liga,25,Full-back,2370,73.7,78.8,70.2,57.1,0,2,14,27,77,63,66,30,14,36,44,28,24,6,44,16,3,25,277,152,72,0,6,80.5,0,28,15731738,1.08,3.97,0.0,0.0,0.0759493670886076,0.5316455696202532,1.0253164556962027,2.9240506329113924,2.3924050632911396,2.5063291139240507,1.139240506329114,0.5316455696202532,1.3670886075949367,1.6708860759493671,1.0632911392405064,0.9113924050632912,0.2278481012658228,1.6708860759493671,0.6075949367088608,0.1139240506329114,0.949367088607595,10.518987341772153,5.772151898734178,2.7341772151898733,0.0,0.2278481012658228,1.0632911392405064,32.9,32.9,40.0,14.3,74.3,22.9,22.9,34.3,22.9,25.7,5.7,88.6,54.3,34.3,77.1,14.3,2.9,8.6,11.4,11.4,28.6,28.6,51.4,37.1,48.6,34.3,35.7,68.6,23.8,55.7,25.5,39.2,65.7,38.6,37.1,100,28.7,53.0,27.1,30.5,39.7,37.1,41.8,16.5,35.3,Chance creator,53.0,37.1,53.0,61.9,59.6
Theo Van Dijk,South Korea,Atletico Madrid,LaLiga,27,Central midfielder,1868,75.1,90.8,79.5,60.4,4,0,21,14,56,38,61,16,13,28,25,12,16,7,10,20,10,18,198,103,53,0,1,89.6,4,14,10591167,1.9,2.25,0.19271948608137043,0.19271948608137043,0.0,1.0117773019271947,0.6745182012847966,2.6980728051391862,1.830835117773019,2.938972162740899,0.7708779443254817,0.6263383297644539,1.3490364025695931,1.2044967880085653,0.5781584582441113,0.7708779443254817,0.3372591006423983,0.4817987152034261,0.9635974304068522,0.4817987152034261,0.867237687366167,9.539614561027836,4.962526766595289,2.5535331905781584,0.0,0.04817987152034261,0.6745182012847966,88.9,88.9,9.7,30.6,22.2,13.9,44.4,33.3,11.1,30.6,22.2,36.1,22.2,13.9,61.1,80.6,13.9,58.3,16.7,13.9,11.1,8.3,51.4,11.1,27.8,91.7,52.8,55.6,57.8,32.6,26.7,22.2,86.1,61.1,37.9,91,38.5,40.6,56.8,44.5,34.7,48.9,36.4,31.1,38.6,Chance creator,40.6,37.9,40.6,61.8,59.4
Weston Walker,Austria,AC Milan,Serie A,23,Winger,1674,80.5,83.2,75.6,41.4,2,1,41,25,28,79,30,45,62,19,3,7,41,4,45,51,25,75,229,83,30,0,1,80.8,2,14,16204380,4.71,4.58,0.1075268817204301,0.1075268817204301,0.05376344086021505,2.204301075268817,1.3440860215053763,1.5053763440860215,4.247311827956989,1.6129032258064515,2.419354838709677,3.333333333333333,1.021505376344086,0.16129032258064516,0.3763440860215054,2.204301075268817,0.2150537634408602,2.419354838709677,2.7419354838709675,1.3440860215053763,4.032258064516129,12.311827956989246,4.462365591397849,1.6129032258064515,0.0,0.05376344086021505,0.7526881720430108,10.3,10.3,6.9,37.9,31.0,10.3,27.6,34.5,58.6,79.3,72.4,3.4,20.7,62.1,44.8,72.4,82.8,65.5,51.7,27.6,44.8,82.8,51.7,10.3,37.9,89.7,37.9,44.8,36.5,39.5,33.6,35.2,37.9,62.6,41.1,91,35.7,51.0,37.2,52.3,42.0,48.6,41.9,37.7,54.4,High-volume winger,52.3,41.1,52.3,61.6,58.9
Min-jae Davies,Brazil,Real Sociedad,LaLiga,24,Forward,1405,88.7,78.6,72.1,45.2,0,0,53,14,13,29,16,10,11,9,8,22,33,4,3,13,41,78,216,42,5,0,0,75.0,0,31,12032488,6.69,1.56,0.0,0.0,0.0,3.395017793594306,0.896797153024911,0.8327402135231317,1.8576512455516014,1.0249110320284698,0.6405693950177936,0.704626334519573,0.5765124555160143,0.5124555160142349,1.409252669039146,2.113879003558719,0.25622775800711745,0.19217081850533807,0.8327402135231317,2.626334519572954,4.99644128113879,13.836298932384341,2.6903914590747333,0.3202846975088968,0.0,0.0,1.9857651245551602,3.7,3.7,9.3,55.6,70.4,40.7,74.1,88.9,18.5,22.2,63.0,100.0,22.2,74.1,96.3,51.9,33.3,77.8,40.7,37.0,25.9,7.4,51.9,11.1,22.2,38.9,44.4,46.3,40.2,50.5,53.5,54.8,25.900000000000006,30.3,43.3,91,55.9,59.0,36.1,50.6,57.5,66.4,37.1,37.1,26.8,High-pressing forward,37.1,43.3,37.1,61.5,58.7
Sofiane Diaz,France,Feyenoord,Eredivisie,28,Central midfielder,1568,91.2,68.6,80.3,35.4,1,3,23,16,69,32,62,16,8,27,26,8,16,4,5,24,9,23,192,99,46,0,6,86.6,1,9,10077347,1.94,2.02,0.05739795918367348,0.05739795918367348,0.17219387755102042,1.3201530612244898,0.9183673469387756,3.96045918367347,1.8367346938775513,3.5586734693877555,0.9183673469387756,0.4591836734693878,1.549744897959184,1.4923469387755104,0.4591836734693878,0.9183673469387756,0.2295918367346939,0.2869897959183674,1.3775510204081634,0.5165816326530612,1.3201530612244898,11.020408163265307,5.682397959183674,2.6403061224489797,0.0,0.34438775510204084,0.5165816326530612,47.2,47.2,75.0,55.6,47.2,47.2,47.2,58.3,25.0,13.9,33.3,61.1,11.1,30.6,41.7,38.9,50.0,69.4,58.3,33.3,33.3,11.1,51.4,80.6,11.1,61.1,55.6,38.9,56.1,50.3,42.8,36.9,69.4,49.0,46.1,82,48.6,44.0,51.8,38.4,47.6,46.8,40.9,41.9,47.0,Ball-progressing midfielder,48.6,46.1,48.6,61.4,58.4
Kai Salah,Morocco,Tottenham,Premier League,34,Defensive midfielder,829,72.7,85.2,86.3,21.3,0,1,7,10,61,13,41,6,5,26,23,14,11,2,1,6,2,15,129,87,47,0,7,89.5,0,14,4795569,0.62,0.92,0.0,0.0,0.10856453558504223,0.7599517490952956,1.0856453558504222,6.622436670687576,1.411338962605549,4.451145958986731,0.6513872135102534,0.5428226779252111,2.822677925211098,2.4969843184559712,1.5199034981905912,1.1942098914354644,0.21712907117008445,0.10856453558504223,0.6513872135102534,0.21712907117008445,1.6284680337756334,14.004825090470447,9.445114595898675,5.102533172496985,0.0,0.7599517490952956,1.5199034981905912,24.1,24.1,48.1,29.6,96.3,92.6,44.4,81.5,25.9,63.0,63.0,85.2,63.0,77.8,85.2,25.9,14.8,74.1,100.0,44.4,74.1,66.7,51.9,100.0,59.3,75.9,22.2,25.9,42.0,55.2,65.4,68.0,22.200000000000003,62.1,62.9,37,70.2,53.7,48.5,50.8,74.3,61.6,73.8,51.3,73.0,Defensive midfielder,74.3,62.9,74.3,61.1,57.7
Youssef Pereira,Germany,Inter Milan,Serie A,26,Central midfielder,750,88.3,88.8,90.2,23.6,0,3,12,3,30,19,19,6,7,10,5,13,11,1,2,9,7,9,80,47,28,0,5,91.7,0,15,8754775,1.19,0.55,0.0,0.0,0.36,1.44,0.36,3.5999999999999996,2.28,2.28,0.72,0.84,1.2,0.6,1.5599999999999998,1.3199999999999998,0.12,0.24,1.0799999999999998,0.84,1.0799999999999998,9.6,5.64,3.36,0.0,0.6,1.7999999999999998,15.3,15.3,100.0,69.4,5.6,30.6,66.7,22.2,8.3,52.8,8.3,2.8,97.2,72.2,13.9,33.3,25.0,100.0,36.1,16.7,30.6,38.9,51.4,97.2,100.0,97.2,25.0,2.8,44.9,27.9,36.8,26.0,27.799999999999997,57.4,38.2,100,46.7,12.8,46.3,46.6,26.6,35.6,50.0,26.2,58.8,Ball-progressing midfielder,46.7,38.2,46.7,61.1,57.7
Alphonso Williams,Netherlands,Lille,Ligue 1,31,Winger,1606,88.5,76.5,69.5,35.8,4,2,42,31,41,103,25,43,54,17,5,13,37,1,30,42,28,73,247,96,29,0,3,75.2,4,19,12132005,5.01,3.9,0.224159402241594,0.224159402241594,0.112079701120797,2.3536737235367373,1.7372353673723535,2.2976338729763386,5.772104607721046,1.4009962640099627,2.4097135740971356,3.0261519302615194,0.9526774595267745,0.28019925280199254,0.7285180572851806,2.0734744707347446,0.0560398505603985,1.6811955168119552,2.3536737235367373,1.5691158156911582,4.090909090909091,13.84184308841843,5.379825653798257,1.6251556662515567,0.0,0.16811955168119552,1.0647571606475716,51.7,58.6,20.7,48.3,72.4,62.1,79.3,13.8,55.2,72.4,62.1,17.2,82.8,44.8,10.3,17.2,65.5,89.7,58.6,44.8,79.3,86.2,51.7,41.4,86.2,37.9,44.8,37.9,59.8,43.1,56.7,54.8,55.2,55.9,54.0,37,55.0,47.6,64.1,60.6,50.5,49.9,59.5,55.6,59.0,Box threat forward,64.1,54.0,64.1,61.0,57.4
Mason Wirtz,Turkey,Borussia Dortmund,Bundesliga,29,Winger,2068,68.0,81.9,94.2,41.9,13,9,50,37,56,81,43,55,65,27,9,13,49,3,54,44,26,91,304,104,18,0,3,72.9,13,20,22370570,5.31,5.3,0.5657640232108317,0.5657640232108317,0.3916827852998066,2.1760154738878144,1.6102514506769825,2.4371373307543522,3.525145067698259,1.8713733075435204,2.393617021276596,2.8288201160541586,1.1750483558994198,0.3916827852998066,0.5657640232108317,2.132495164410058,0.13056092843326886,2.3500967117988396,1.9148936170212767,1.1315280464216635,3.960348162475822,13.23017408123791,4.526112185686654,0.7833655705996132,0.0,0.13056092843326886,0.8704061895551257,100.0,100.0,89.7,34.5,62.1,72.4,10.3,72.4,51.7,55.2,89.7,37.9,58.6,58.6,20.7,69.0,34.5,44.8,44.8,34.5,48.3,6.9,51.7,31.0,58.6,20.7,48.3,55.2,60.7,55.5,52.1,55.5,41.4,37.4,52.8,55,48.4,49.3,63.6,44.9,55.5,48.4,41.4,57.7,32.3,Box threat forward,63.6,52.8,63.6,61.0,57.4
Thiago Pulisic,Japan,Arsenal,Premier League,24,Attacking midfielder,2055,73.7,96.3,73.6,50.7,0,3,35,41,35,69,37,25,28,27,12,7,26,16,16,45,15,41,232,99,34,0,4,79.0,0,11,21647665,3.14,5.38,0.0,0.0,0.13138686131386862,1.5328467153284673,1.7956204379562044,1.5328467153284673,3.021897810218978,1.6204379562043796,1.094890510948905,1.2262773722627738,1.1824817518248176,0.5255474452554745,0.30656934306569344,1.1386861313868615,0.7007299270072993,0.7007299270072993,1.9708029197080292,0.6569343065693432,1.7956204379562044,10.16058394160584,4.335766423357664,1.4890510948905111,0.0,0.17518248175182483,0.48175182481751827,6.8,6.8,21.6,13.5,48.6,2.7,48.6,18.9,10.8,24.3,59.5,48.6,21.6,21.6,89.2,48.6,21.6,18.9,13.5,24.3,43.2,40.5,51.4,59.5,24.3,28.4,35.1,59.5,18.0,48.0,20.8,42.6,78.4,37.6,33.3,91,25.9,52.0,19.1,39.4,42.8,47.9,29.1,25.9,37.8,Chance creator,52.0,33.3,52.0,60.9,57.2
Xavi Muller,Brazil,Real Madrid,LaLiga,24,Defensive midfielder,2380,93.7,95.5,80.3,59.4,0,4,23,6,92,37,72,14,13,62,43,29,23,3,4,15,3,20,291,162,74,0,6,88.5,0,29,20101115,1.33,1.12,0.0,0.0,0.1512605042016807,0.8697478991596639,0.22689075630252103,3.4789915966386555,1.3991596638655464,2.722689075630252,0.5294117647058824,0.4915966386554622,2.3445378151260505,1.6260504201680672,1.096638655462185,0.8697478991596639,0.11344537815126052,0.1512605042016807,0.5672268907563025,0.11344537815126052,0.7563025210084034,11.004201680672269,6.126050420168068,2.7983193277310927,0.0,0.22689075630252103,1.096638655462185,24.1,24.1,77.8,44.4,3.7,14.8,40.7,18.5,14.8,55.6,40.7,14.8,25.9,48.1,51.9,37.0,7.4,29.6,25.9,18.5,18.5,11.1,51.9,33.3,25.9,48.1,59.3,33.3,37.2,33.7,26.1,24.2,51.9,41.5,30.6,73,31.3,22.4,34.5,40.0,28.1,31.2,24.6,27.6,30.4,Ball-progressing midfielder,31.3,30.6,31.3,60.9,57.2
Lucas Alvarez,Croatia,Manchester United,Premier League,36,Attacking midfielder,1496,80.3,80.4,80.5,45.2,2,3,31,40,54,63,50,24,30,21,6,7,29,11,13,43,16,66,249,80,43,0,4,78.3,2,10,8341799,3.4,4.72,0.12032085561497326,0.12032085561497326,0.18048128342245986,1.8649732620320854,2.406417112299465,3.248663101604278,3.7901069518716572,3.0080213903743314,1.443850267379679,1.8048128342245988,1.263368983957219,0.36096256684491973,0.4211229946524064,1.744652406417112,0.6617647058823529,0.7820855614973261,2.5868983957219247,0.9625668449197861,3.9705882352941173,14.97994652406417,4.81283422459893,2.5868983957219247,0.0,0.24064171122994651,0.6016042780748663,29.7,29.7,35.1,32.4,83.8,81.1,83.8,91.9,35.1,62.2,67.6,24.3,51.4,51.4,83.8,59.5,64.9,51.4,94.6,75.7,56.8,83.8,51.4,83.8,40.5,21.6,43.2,51.4,44.3,63.1,75.1,53.4,48.6,49.6,58.1,1,74.5,69.5,48.2,66.0,49.8,61.1,57.4,60.4,63.6,Ball-progressing midfielder,74.5,58.1,74.5,60.7,56.7
Jude Muller,Senegal,Villarreal,LaLiga,20,Attacking midfielder,2900,82.5,74.3,83.4,73.6,3,4,64,63,56,75,43,48,30,29,14,6,42,16,12,61,15,77,346,127,55,0,4,75.1,3,9,14580499,4.59,6.85,0.09310344827586207,0.09310344827586207,0.12413793103448276,1.986206896551724,1.9551724137931035,1.7379310344827588,2.3275862068965516,1.3344827586206898,1.4896551724137932,0.9310344827586207,0.9,0.4344827586206897,0.18620689655172415,1.303448275862069,0.496551724137931,0.3724137931034483,1.8931034482758622,0.46551724137931033,2.3896551724137933,10.73793103448276,3.9413793103448276,1.706896551724138,0.0,0.12413793103448276,0.2793103448275862,24.3,24.3,18.9,48.6,59.5,8.1,21.6,10.8,37.8,13.5,24.3,29.7,10.8,29.7,54.1,8.1,16.2,8.1,29.7,29.7,35.1,48.6,51.4,40.5,10.8,5.4,62.2,78.4,34.7,48.8,17.0,26.6,70.3,27.6,33.9,55,15.4,49.6,30.0,27.6,25.2,24.9,23.7,31.1,32.7,Chance creator,49.6,33.9,49.6,60.6,56.5
Lucas Osimhen,Switzerland,Tottenham,Premier League,24,Defensive midfielder,2210,78.2,88.3,81.7,54.1,2,3,16,15,111,29,77,16,7,56,47,34,20,3,10,13,4,22,272,161,90,0,6,90.4,2,34,15983190,1.2,1.77,0.08144796380090497,0.08144796380090497,0.12217194570135746,0.6515837104072397,0.6108597285067873,4.520361990950226,1.1809954751131222,3.1357466063348416,0.6515837104072397,0.2850678733031674,2.2805429864253393,1.9140271493212668,1.3846153846153846,0.8144796380090498,0.12217194570135746,0.4072398190045249,0.5294117647058824,0.16289592760180993,0.8959276018099547,11.076923076923077,6.5565610859728505,3.665158371040724,0.0,0.24434389140271492,1.3846153846153846,77.8,77.8,59.3,22.2,40.7,33.3,29.6,22.2,29.6,25.9,37.0,37.0,55.6,29.6,59.3,85.2,3.7,51.9,44.4,25.9,22.2,22.2,51.9,44.4,55.6,85.2,51.9,63.0,54.5,47.2,28.9,35.2,70.4,58.5,41.6,73,36.5,46.1,58.9,41.4,41.8,51.4,47.0,38.4,48.0,Defensive midfielder,41.8,41.6,41.8,60.6,56.5
Weston Van Dijk,Portugal,Villarreal,LaLiga,31,Defensive midfielder,2947,87.6,73.3,68.4,82.2,2,2,25,14,141,39,85,19,9,64,61,43,29,2,9,33,3,28,432,218,127,0,9,89.3,2,43,11724017,1.5,2.09,0.061079063454360365,0.061079063454360365,0.061079063454360365,0.7634882931795045,0.42755344418052255,4.306073973532405,1.191041737360027,2.595860196810315,0.5802511028164234,0.27485578554462164,1.9545300305395317,1.862911435357991,1.3131998642687477,0.8856464200882253,0.061079063454360365,0.27485578554462164,1.0078045469969459,0.09161859518154054,0.8551068883610451,13.193077706141839,6.65761791652528,3.8785205293518827,0.0,0.27485578554462164,1.3131998642687477,74.1,74.1,29.6,37.0,22.2,25.9,33.3,14.8,18.5,18.5,18.5,29.6,44.4,51.9,33.3,59.3,55.6,22.2,40.7,33.3,25.9,29.6,51.9,59.3,37.0,70.4,66.7,77.8,53.0,44.3,23.7,28.9,48.1,46.3,34.9,64,30.4,48.2,53.2,33.4,31.9,38.2,39.5,38.9,45.8,Defensive midfielder,31.9,34.9,31.9,60.5,56.2
Florian Smith,Norway,Palmeiras,Brasileirao,29,Full-back,1843,73.6,70.8,86.5,52.0,0,3,14,20,82,52,68,28,12,43,19,21,14,1,45,16,9,36,244,111,64,0,3,86.5,0,23,9560717,1.78,3.17,0.0,0.0,0.14650027129679868,0.6836679327183939,0.9766684753119913,4.004340748779164,2.5393380358111775,3.3206728160607706,1.3673358654367878,0.5860010851871947,2.0998372219207813,0.9278350515463918,1.0255018990775908,0.6836679327183939,0.048833423765599564,2.1975040694519805,0.781334780249593,0.4395008138903961,1.7580032555615843,11.915355398806295,5.420510037981551,3.125339120998372,0.0,0.14650027129679868,1.12316874660879,32.9,32.9,65.7,48.6,60.0,54.3,34.3,62.9,37.1,45.7,60.0,17.1,48.6,14.3,11.4,48.6,14.3,91.4,68.6,37.1,17.1,57.1,51.4,22.9,54.3,94.3,71.4,45.7,60.2,43.4,47.6,35.6,85.7,75.1,50.4,64,55.7,38.9,61.7,47.8,46.5,50.6,59.3,43.4,61.7,Modern full-back,50.6,50.4,50.6,60.5,56.2
Amadou Williams,Spain,Atletico Madrid,LaLiga,22,Central midfielder,879,85.0,89.8,79.6,18.0,0,2,13,15,29,27,33,19,7,12,18,6,7,2,2,16,2,9,122,57,36,0,0,83.8,0,6,13526166,0.75,1.48,0.0,0.0,0.20477815699658702,1.3310580204778155,1.5358361774744027,2.9692832764505117,2.7645051194539247,3.3788395904436856,1.9453924914675766,0.7167235494880545,1.228668941979522,1.8430034129692832,0.614334470989761,0.7167235494880545,0.20477815699658702,0.20477815699658702,1.6382252559726962,0.20477815699658702,0.9215017064846416,12.491467576791807,5.83617747440273,3.6860068259385663,0.0,0.0,0.614334470989761,15.3,15.3,83.3,61.1,97.2,19.4,88.9,55.6,94.4,36.1,11.1,88.9,27.8,11.1,30.6,13.9,80.6,13.9,25.0,52.8,38.9,58.3,51.4,4.2,19.4,33.3,8.3,25.0,21.1,63.9,56.9,44.9,88.9,48.0,50.7,64,50.6,57.5,15.1,58.7,43.5,56.2,44.8,35.8,40.0,Chance creator,57.5,50.7,57.5,60.4,56.0
Weston Tanaka,Brazil,Tottenham,Premier League,21,Centre-back,1588,88.8,82.3,97.4,43.9,0,1,9,3,77,14,57,9,0,37,33,47,5,1,1,3,4,18,78,126,91,0,4,89.7,0,47,12831277,0.91,0.37,0.0,0.0,0.05667506297229219,0.5100755667506297,0.17002518891687657,4.3639798488664985,0.7934508816120907,3.2304785894206547,0.5100755667506297,0.0,2.096977329974811,1.8702770780856421,2.663727959697733,0.28337531486146095,0.05667506297229219,0.05667506297229219,0.17002518891687657,0.22670025188916876,1.0201511335012594,4.420654911838791,7.141057934508815,5.157430730478589,0.0,0.22670025188916876,2.663727959697733,18.5,18.5,87.0,43.5,58.7,45.7,50.0,39.1,80.4,15.2,97.8,47.8,30.4,21.7,63.0,80.4,32.6,28.3,60.9,19.6,63.0,28.3,51.1,41.3,30.4,44.6,35.9,51.1,32.8,59.2,47.6,56.5,78.3,47.2,51.1,37,43.9,54.4,32.4,47.6,63.9,64.3,42.7,44.6,43.1,Ball-playing centre-back,42.7,51.1,42.7,60.3,55.7
Mason Sarr,France,Newcastle United,Premier League,25,Full-back,1386,94.8,78.6,85.2,49.8,0,2,8,11,49,42,32,14,6,26,18,13,24,1,31,19,2,20,153,91,43,0,2,78.2,0,13,7537944,0.71,2.26,0.0,0.0,0.12987012987012986,0.5194805194805194,0.7142857142857143,3.1818181818181817,2.727272727272727,2.0779220779220777,0.9090909090909091,0.38961038961038963,1.6883116883116882,1.1688311688311688,0.8441558441558441,1.5584415584415585,0.06493506493506493,2.012987012987013,1.2337662337662338,0.12987012987012986,1.2987012987012987,9.935064935064934,5.909090909090909,2.792207792207792,0.0,0.12987012987012986,0.8441558441558441,32.9,32.9,54.3,8.6,25.7,28.6,57.1,11.4,11.4,17.1,22.9,34.3,20.0,84.3,17.1,37.1,57.1,14.3,34.3,8.6,37.1,34.3,51.4,17.1,20.0,14.3,17.1,28.6,21.7,35.6,28.6,26.0,15.700000000000003,19.2,26.6,100,29.1,32.6,24.1,30.5,27.6,34.2,25.6,21.2,26.7,Modern full-back,34.2,26.6,34.2,60.3,55.7
Mohamed Salah,Croatia,AZ Alkmaar,Eredivisie,31,Centre-back,1778,83.6,69.6,83.5,46.4,0,0,6,2,82,20,64,3,0,31,42,65,13,0,0,5,3,17,113,120,127,0,2,88.5,0,65,4438407,0.7,0.24,0.0,0.0,0.0,0.30371203599550056,0.10123734533183351,4.150731158605174,1.012373453318335,3.2395950506186724,0.15185601799775028,0.0,1.5691788526434196,2.1259842519685037,3.290213723284589,0.6580427446569178,0.0,0.0,0.25309336332958376,0.15185601799775028,0.8605174353205849,5.719910011248594,6.074240719910011,6.428571428571428,0.0,0.10123734533183351,3.290213723284589,18.5,18.5,32.6,8.7,28.3,34.8,78.3,41.3,8.7,15.2,65.2,76.1,50.0,76.1,18.5,32.6,58.7,13.0,34.8,58.7,43.5,52.2,51.1,8.7,45.7,34.8,18.5,20.7,17.6,30.4,41.1,60.3,23.900000000000006,30.9,44.8,73,44.5,31.4,22.6,35.0,53.7,53.1,44.5,41.1,36.8,Ball-playing centre-back,44.5,44.8,44.5,60.0,55.0
Alphonso Mbaye,Canada,Inter Miami,MLS,18,Attacking midfielder,3338,71.6,68.1,61.3,85.0,7,3,59,72,82,93,61,43,53,24,20,12,43,14,30,74,26,71,361,124,37,0,9,81.1,7,19,9451106,5.39,8.12,0.18873576992210905,0.18873576992210905,0.08088675853804674,1.590772917914919,1.9412822049131218,2.2109047333732774,2.507489514679449,1.6446974236069503,1.15937687237867,1.4289994008388256,0.6470940683043739,0.5392450569203115,0.32354703415218694,1.15937687237867,0.3774715398442181,0.8088675853804673,1.9952067106051528,0.701018573996405,1.9143199520671061,9.733373277411625,3.3433193529059317,0.9976033553025764,0.0,0.24266027561414022,0.5122828040742959,54.1,56.8,10.8,18.9,56.8,35.1,27.0,21.6,16.2,35.1,8.1,59.5,27.0,27.0,37.8,62.2,29.7,29.7,16.2,21.6,16.2,10.8,51.4,86.5,29.7,60.8,75.7,91.9,46.4,49.5,27.5,27.4,73.0,51.1,42.8,37,34.8,57.8,47.3,41.2,36.3,44.4,39.7,24.2,45.8,Chance creator,57.8,42.8,57.8,60.0,55.0
Min-jae Garcia,Serbia,Aston Villa,Premier League,31,Full-back,1491,77.6,78.3,74.3,40.0,0,1,16,13,62,52,55,32,9,33,21,19,19,5,51,25,5,19,232,120,51,0,4,81.7,0,20,9457079,1.26,3.58,0.0,0.0,0.060362173038229376,0.96579476861167,0.7847082494969819,3.7424547283702214,3.1388329979879277,3.319919517102616,1.93158953722334,0.5432595573440644,1.9919517102615694,1.267605633802817,1.1468812877263581,1.1468812877263581,0.30181086519114686,3.078470824949698,1.5090543259557345,0.30181086519114686,1.1468812877263581,14.004024144869215,7.2434607645875255,3.078470824949698,0.0,0.2414486921529175,1.2072434607645874,32.9,32.9,28.6,65.7,28.6,51.4,74.3,60.0,80.0,28.6,48.6,45.7,57.1,65.7,82.9,91.4,77.1,68.6,22.9,60.0,51.4,54.3,51.4,40.0,57.1,57.1,42.9,62.9,46.5,52.6,60.9,51.4,34.3,46.0,52.4,46,56.3,61.3,43.5,55.2,49.2,60.1,51.8,48.8,50.5,Chance creator,61.3,52.4,61.3,60.0,55.0
Youssef Wirtz,South Korea,Barcelona,LaLiga,22,Central midfielder,1148,71.6,92.2,81.5,39.8,0,0,12,8,54,21,38,18,7,26,22,9,13,2,4,14,5,15,129,66,39,0,5,88.6,0,10,9517220,1.08,1.11,0.0,0.0,0.0,0.940766550522648,0.627177700348432,4.2334494773519165,1.646341463414634,2.979094076655052,1.411149825783972,0.548780487804878,2.038327526132404,1.724738675958188,0.705574912891986,1.019163763066202,0.156794425087108,0.313588850174216,1.097560975609756,0.39198606271777003,1.17595818815331,10.113240418118465,5.174216027874564,3.057491289198606,0.0,0.39198606271777003,0.7839721254355401,15.3,15.3,9.7,19.4,19.4,55.6,27.8,36.1,77.8,25.0,75.0,86.1,36.1,47.2,19.4,47.2,30.6,44.4,52.8,19.4,19.4,30.6,51.4,88.9,36.1,77.8,19.4,16.7,26.5,18.5,45.0,52.5,52.8,55.6,41.0,64,43.8,23.7,29.8,29.7,64.3,51.4,55.3,31.6,57.5,Defensive midfielder,64.3,41.0,64.3,59.9,54.7
Nico Torres,Argentina,RB Leipzig,Bundesliga,29,Centre-back,1444,89.6,88.6,83.9,40.2,1,0,11,4,59,10,52,4,1,23,28,47,5,0,1,0,3,18,84,90,89,0,5,85.0,1,47,10703660,0.89,0.26,0.062326869806094184,0.062326869806094184,0.0,0.685595567867036,0.24930747922437674,3.677285318559557,0.6232686980609419,3.2409972299168976,0.24930747922437674,0.062326869806094184,1.4335180055401662,1.745152354570637,2.9293628808864267,0.31163434903047094,0.0,0.062326869806094184,0.0,0.18698060941828254,1.1218836565096952,5.2354570637119116,5.609418282548477,5.5470914127423825,0.0,0.31163434903047094,2.9293628808864267,76.1,76.1,32.6,73.9,78.3,19.6,28.3,43.5,30.4,43.5,50.0,39.1,34.8,28.3,18.5,84.8,4.3,17.4,69.6,43.5,32.6,41.3,51.1,65.2,34.8,5.4,32.6,29.3,52.5,36.8,30.6,40.5,71.7,33.4,36.9,91,30.1,42.9,48.4,56.9,35.2,50.2,30.0,56.7,36.3,Ball-playing centre-back,30.0,36.9,30.0,59.8,54.5
Kai Alvarez,France,Seattle Sounders,MLS,19,Attacking midfielder,1439,93.5,60.3,68.1,31.3,6,6,35,28,48,47,35,22,30,13,8,6,27,3,10,36,14,42,183,60,29,0,2,81.3,6,9,7349245,3.06,3.06,0.37526059763724806,0.37526059763724806,0.37526059763724806,2.189020152883947,1.7512161223071578,3.0020847810979845,2.939541348158443,2.189020152883947,1.3759555246699096,1.8763029881862405,0.8130646282140376,0.5003474635163307,0.37526059763724806,1.6886726893676165,0.18763029881862403,0.6254343293954134,2.2515635858234884,0.8756080611535789,2.6268241834607364,11.445448227936067,3.752605976372481,1.8137595552466992,0.0,0.1250868658790827,0.5628908964558721,100.0,100.0,91.9,59.5,45.9,75.7,43.2,59.5,27.0,67.6,16.2,40.5,40.5,45.9,8.1,29.7,45.9,40.5,43.2,40.5,24.3,51.4,51.4,43.2,37.8,68.9,29.7,24.3,58.8,44.0,56.2,31.2,54.1,64.3,52.2,46,61.8,33.2,55.8,50.3,40.8,39.4,58.7,48.7,58.7,Ball-progressing midfielder,61.8,52.2,61.8,59.8,54.5
Leo Pulisic,Egypt,LAFC,MLS,22,Forward,2644,74.7,62.9,68.4,59.1,5,6,107,18,26,39,14,24,29,19,4,52,44,2,3,32,60,164,406,81,24,0,4,76.9,5,62,22828811,11.41,2.08,0.170196671709531,0.170196671709531,0.2042360060514372,3.6422087745839637,0.6127080181543116,0.8850226928895613,1.327534039334342,0.4765506807866869,0.8169440242057489,0.98714069591528,0.6467473524962178,0.1361573373676248,1.7700453857791225,1.497730711043873,0.0680786686838124,0.1021180030257186,1.0892586989409985,2.042360060514372,5.582450832072618,13.81996974281392,2.7571860816944027,0.8169440242057489,0.0,0.1361573373676248,2.1104387291981848,7.4,7.4,85.2,66.7,29.6,48.1,29.6,7.4,48.1,51.9,66.7,37.0,44.4,44.4,29.6,14.8,59.3,48.1,63.0,33.3,33.3,51.9,51.9,59.3,44.4,74.1,77.8,63.0,47.6,53.5,35.7,44.2,55.6,60.0,48.4,73,38.7,42.4,45.2,38.6,51.1,38.9,52.3,42.2,57.4,Box threat forward,45.2,48.4,45.2,59.7,54.2
Jamal Musiala,Mexico,Villarreal,LaLiga,23,Defensive midfielder,1477,75.2,71.3,58.5,38.1,1,0,17,12,92,39,56,12,4,59,30,17,13,2,4,19,2,16,285,164,100,0,5,82.8,1,17,11902078,0.98,1.46,0.060934326337169935,0.060934326337169935,0.0,1.0358835477318888,0.7312119160460393,5.605958023019634,2.3764387271496275,3.4123222748815167,0.7312119160460393,0.24373730534867974,3.5951252538930265,1.8280297901150981,1.0358835477318888,0.7921462423832092,0.12186865267433987,0.24373730534867974,1.1577522004062288,0.12186865267433987,0.974949221394719,17.366283006093433,9.99322951929587,6.0934326337169935,0.0,0.3046716316858497,1.0358835477318888,70.4,70.4,13.0,59.3,55.6,66.7,100.0,33.3,33.3,11.1,88.9,25.9,22.2,22.2,55.6,51.9,63.0,33.3,55.6,77.8,88.9,100.0,51.9,66.7,18.5,7.4,44.4,55.6,53.3,48.2,57.8,61.5,77.8,43.7,54.4,64,57.4,56.7,49.1,54.6,58.9,60.3,52.4,74.1,62.4,Defensive midfielder,58.9,54.4,58.9,59.6,54.0
Santiago Valverde,USA,Paris Saint-Germain,Ligue 1,27,Attacking midfielder,1186,71.8,92.5,86.3,26.6,2,3,29,36,33,42,23,26,25,9,4,5,24,5,7,22,8,32,167,58,14,0,3,72.5,2,7,12833373,2.16,3.22,0.15177065767284992,0.15177065767284992,0.22765598650927488,2.200674536256324,2.7318718381112985,2.504215851602024,3.1871838111298483,1.745362563237774,1.973018549747049,1.897133220910624,0.6829679595278246,0.30354131534569984,0.3794266441821248,1.821247892074199,0.3794266441821248,0.5311973018549747,1.669477234401349,0.6070826306913997,2.4283305227655987,12.672849915682969,4.401349072512648,1.0623946037099494,0.0,0.22765598650927488,0.5311973018549747,43.2,43.2,51.4,62.2,89.2,48.6,64.9,29.7,64.9,70.3,10.8,13.5,43.2,59.5,40.5,21.6,13.5,16.2,32.4,51.4,48.6,18.9,51.4,78.4,32.4,2.7,18.9,29.7,33.5,48.1,53.5,30.0,40.5,30.8,41.5,82,46.1,45.1,29.0,60.5,24.0,37.6,28.8,42.4,34.0,High-volume winger,60.5,41.5,60.5,59.6,54.0
Declan Santos,Morocco,Marseille,Ligue 1,28,Central midfielder,1191,79.1,74.4,68.5,18.0,0,2,13,16,49,28,28,13,6,32,12,14,12,5,6,20,7,10,160,91,42,0,0,80.9,0,15,9703788,1.24,2.04,0.0,0.0,0.15113350125944586,0.9823677581863981,1.2090680100755669,3.702770780856423,2.115869017632242,2.115869017632242,0.9823677581863981,0.45340050377833757,2.4181360201511337,0.9068010075566751,1.057934508816121,0.9068010075566751,0.3778337531486146,0.45340050377833757,1.5113350125944585,0.5289672544080605,0.7556675062972292,12.090680100755668,6.876574307304787,3.173803526448363,0.0,0.0,1.1335012594458438,15.3,15.3,58.3,27.8,83.3,33.3,58.3,16.7,27.8,11.1,94.4,16.7,72.2,27.8,77.8,77.8,66.7,72.2,5.6,50.0,63.9,36.1,51.4,4.2,72.2,11.1,27.8,43.1,30.7,64.9,33.2,58.9,72.2,32.2,44.3,82,33.7,68.6,34.0,49.4,49.0,61.2,36.4,43.8,30.0,Chance creator,68.6,44.3,68.6,59.0,52.5
Lucas Garcia,Argentina,Barcelona,LaLiga,27,Winger,2012,94.7,89.6,73.6,58.9,6,4,32,19,23,72,29,26,48,20,9,5,38,3,22,29,17,52,207,60,17,0,4,82.9,6,10,9021172,3.36,2.81,0.26838966202783304,0.26838966202783304,0.17892644135188868,1.4314115308151094,0.8499005964214712,1.02882703777336,3.2206759443339963,1.297216699801193,1.1630218687872764,2.1471172962226643,0.8946322067594434,0.40258449304174954,0.22365805168986086,1.6998011928429424,0.13419483101391652,0.9840954274353877,1.297216699801193,0.7604373757455268,2.326043737574553,9.259443339960239,2.6838966202783303,0.7604373757455268,0.0,0.17892644135188868,0.4473161033797217,65.5,65.5,44.8,3.4,3.4,6.9,6.9,3.4,3.4,17.2,48.3,41.4,3.4,13.8,27.6,3.4,6.9,6.9,3.4,3.4,3.4,3.4,51.7,58.6,3.4,96.6,31.0,24.1,29.6,21.0,6.7,24.1,86.2,59.3,27.0,73,20.2,12.9,29.6,12.2,40.9,27.5,32.3,21.8,43.7,Box threat forward,29.6,27.0,29.6,58.9,52.2
Weston Benali,Netherlands,Benfica,Primeira Liga,25,Attacking midfielder,2377,82.6,77.3,77.3,69.6,5,2,52,24,41,43,44,22,22,19,7,8,22,6,10,33,14,41,208,69,20,0,2,76.0,5,12,9013186,3.64,3.04,0.18931426167437948,0.18931426167437948,0.07572570466975179,1.9688683214135465,0.9087084560370214,1.5523769457299117,1.6281026503996634,1.6659655027345392,0.8329827513672696,0.8329827513672696,0.719394194362642,0.26503996634413124,0.30290281867900715,0.8329827513672696,0.22717711400925536,0.37862852334875896,1.2494741270509044,0.5300799326882625,1.5523769457299117,7.875473285654186,2.6125368111064367,0.7572570466975179,0.0,0.07572570466975179,0.4543542280185107,56.8,59.5,8.1,43.2,5.4,5.4,8.1,24.3,8.1,10.8,13.5,8.1,18.9,5.4,10.8,13.5,5.4,13.5,5.4,10.8,5.4,5.4,51.4,18.9,13.5,8.1,45.9,21.6,39.0,10.8,10.8,10.9,94.6,29.5,20.6,100,15.1,11.1,34.2,17.6,12.9,9.6,15.2,23.3,19.6,Box threat forward,34.2,20.6,34.2,58.8,52.0
Tyler Torres,Cameroon,Arsenal,Premier League,37,Goalkeeper,240,70.5,92.3,89.6,18.0,0,0,0,1,21,0,2,0,0,1,2,1,0,0,0,0,0,1,1,12,24,16,0,77.4,0,1,2336720,0.01,0.06,0.0,0.0,0.0,0.0,0.375,7.875,0.0,0.75,0.0,0.0,0.375,0.75,0.375,0.0,0.0,0.0,0.0,0.0,0.375,0.375,4.5,9.0,6.0,0.0,0.375,52.2,52.2,43.5,30.4,100.0,100.0,10.9,13.0,32.6,32.6,100.0,100.0,87.0,4.3,30.4,52.2,15.2,52.2,100.0,56.5,95.7,47.8,95.7,6.5,87.0,34.8,37.0,17.4,49.9,44.9,43.5,90.7,95.7,60.8,64.2,37,46.8,47.2,59.1,43.3,90.5,63.0,75.7,68.2,57.2,Goalkeeper distributor,57.2,64.2,57.2,58.8,52.0
Mateo Kim,England,Ajax,Eredivisie,27,Winger,2035,87.4,79.2,67.7,62.4,4,3,47,29,46,99,34,45,59,22,14,9,56,1,35,51,23,88,278,76,30,0,5,67.9,4,14,19880022,4.89,4.19,0.1769041769041769,0.1769041769041769,0.1326781326781327,2.078624078624079,1.2825552825552826,2.0343980343980346,4.378378378378378,1.5036855036855037,1.9901719901719903,2.6093366093366095,0.972972972972973,0.6191646191646192,0.39803439803439805,2.4766584766584767,0.044226044226044224,1.547911547911548,2.2555282555282554,1.0171990171990173,3.891891891891892,12.294840294840295,3.3611793611793614,1.3267813267813269,0.0,0.22113022113022113,0.6191646191646192,27.6,27.6,34.5,24.1,20.7,41.4,31.0,24.1,24.1,44.8,69.0,86.2,27.6,72.4,6.9,10.3,51.7,34.5,37.9,24.1,13.8,44.8,51.7,75.9,20.7,3.4,41.4,41.4,32.9,31.2,33.1,49.3,27.599999999999994,25.5,32.4,73,31.2,29.0,33.3,28.8,48.9,35.1,37.6,32.5,38.7,Box threat forward,33.3,32.4,33.3,58.5,51.2
Amadou Diaz,Canada,Sporting CP,Primeira Liga,22,Forward,576,70.1,78.1,91.7,18.6,4,0,16,5,8,11,5,14,12,2,1,10,15,1,1,16,13,56,121,20,2,0,1,76.5,4,13,22404886,2.47,0.8,0.625,0.625,0.0,2.5,0.78125,1.25,1.71875,0.78125,2.1875,1.875,0.3125,0.15625,1.5625,2.34375,0.15625,0.15625,2.5,2.03125,8.75,18.90625,3.125,0.3125,0.0,0.15625,2.03125,77.8,77.8,9.3,22.2,44.4,74.1,59.3,51.9,100.0,96.3,3.7,40.7,37.0,88.9,59.3,37.0,100.0,44.4,100.0,92.6,59.3,3.7,51.9,66.7,40.7,66.7,3.7,14.8,46.5,40.6,72.1,42.4,11.099999999999994,52.0,49.4,73,64.3,49.6,52.2,57.1,41.4,41.9,44.4,63.4,44.5,High-pressing forward,63.4,49.4,63.4,58.4,51.0
Alphonso Garcia,Switzerland,Inter Miami,MLS,30,Full-back,1239,80.4,67.9,88.6,38.8,0,0,8,16,46,37,44,22,5,25,21,20,17,3,22,10,5,27,169,97,35,0,1,84.1,0,20,4792104,1.08,2.17,0.0,0.0,0.0,0.5811138014527845,1.162227602905569,3.3414043583535107,2.687651331719128,3.1961259079903144,1.5980629539951572,0.3631961259079903,1.8159806295399514,1.5254237288135593,1.452784503631961,1.234866828087167,0.2179176755447942,1.5980629539951572,0.7263922518159805,0.3631961259079903,1.9612590799031475,12.276029055690072,7.0460048426150115,2.542372881355932,0.0,0.07263922518159806,1.452784503631961,32.9,32.9,8.6,25.7,91.4,40.0,51.4,51.4,54.3,11.4,42.9,71.4,80.0,80.0,74.3,11.4,8.6,82.9,77.1,42.9,48.6,25.7,51.4,8.6,74.3,68.6,35.7,22.9,46.9,42.7,44.4,56.7,20.0,39.3,46.6,55,44.1,47.2,54.4,34.2,52.8,53.5,50.1,43.4,37.4,Modern full-back,53.5,46.6,53.5,58.3,50.7
Min-jae Diop,Denmark,Real Madrid,LaLiga,23,Defensive midfielder,1100,80.9,98.0,76.6,44.4,0,1,12,7,55,10,44,9,7,38,22,16,15,0,4,13,0,11,181,107,40,0,2,85.3,0,16,14648641,0.55,0.85,0.0,0.0,0.08181818181818182,0.9818181818181819,0.5727272727272728,4.5,0.8181818181818182,3.6,0.7363636363636364,0.5727272727272728,3.1090909090909093,1.8,1.309090909090909,1.2272727272727273,0.0,0.32727272727272727,1.0636363636363637,0.0,0.9,14.80909090909091,8.754545454545456,3.272727272727273,0.0,0.16363636363636364,1.309090909090909,24.1,24.1,37.0,51.9,33.3,29.6,7.4,48.1,37.0,70.4,74.1,22.2,40.7,85.2,13.0,70.4,59.3,5.6,48.1,59.3,55.6,14.8,51.9,11.1,33.3,18.5,18.5,14.8,25.6,30.3,32.9,50.2,14.799999999999997,26.7,36.6,64,30.0,34.5,23.5,45.3,41.4,38.3,24.1,52.6,21.5,Defensive midfielder,41.4,36.6,41.4,58.2,50.5
Federico Santos,South Korea,Tottenham,Premier League,17,Central midfielder,2285,76.0,78.6,80.1,53.7,0,8,33,21,100,58,81,26,21,42,26,14,27,8,13,36,8,40,297,171,80,0,11,81.3,0,16,18959442,2.4,3.23,0.0,0.0,0.3150984682713348,1.299781181619256,0.8271334792122538,3.938730853391685,2.2844638949671774,3.1903719912472646,1.0240700218818382,0.8271334792122538,1.6542669584245075,1.0240700218818382,0.5514223194748359,1.0634573304157549,0.3150984682713348,0.5120350109409191,1.4179431072210065,0.3150984682713348,1.575492341356674,11.698030634573303,6.735229759299781,3.150984682713348,0.0,0.43326039387308535,0.6301969365426696,15.3,15.3,94.4,52.8,41.7,44.4,69.4,44.4,41.7,50.0,41.7,25.0,19.4,52.8,58.3,86.1,52.8,27.8,69.4,44.4,55.6,33.3,51.4,91.7,22.2,13.9,72.2,83.3,43.1,66.8,50.8,37.4,47.2,34.2,47.5,19,48.3,61.2,40.8,60.2,37.1,51.2,31.1,44.0,42.1,Chance creator,61.2,47.5,61.2,58.1,50.2
Alphonso Davies,Senegal,Bayer Leverkusen,Bundesliga,26,Centre-back,2338,80.5,88.3,80.3,59.8,1,0,9,5,97,15,68,9,2,34,39,52,7,0,1,6,7,26,117,132,118,0,3,87.2,1,53,14712136,1.29,0.46,0.03849443969204448,0.03849443969204448,0.0,0.34644995722840033,0.1924721984602224,3.733960650128315,0.5774165953806673,2.6176218990590248,0.34644995722840033,0.07698887938408897,1.3088109495295124,1.5012831479897348,2.0017108639863133,0.2694610778443114,0.0,0.03849443969204448,0.2309666381522669,0.2694610778443114,1.0008554319931566,4.503849443969204,5.081266039349872,4.542343883661249,0.0,0.11548331907613345,2.0402053036783574,43.5,43.5,32.6,17.4,65.2,26.1,23.9,21.7,45.7,50.0,39.1,30.4,8.7,17.4,18.5,71.7,54.3,39.1,56.5,23.9,23.9,19.6,51.1,15.2,8.7,15.2,52.2,58.7,42.2,48.4,30.0,27.0,82.6,39.3,32.7,82,28.8,55.0,43.3,47.8,31.4,42.7,25.4,32.9,27.4,Ball-playing centre-back,25.4,32.7,25.4,58.1,50.2
Declan Wirtz,Denmark,Newcastle United,Premier League,26,Attacking midfielder,1272,77.3,79.8,70.9,40.6,5,3,22,23,27,39,22,28,17,14,8,5,16,5,6,28,10,24,134,70,15,0,2,80.0,5,7,5433217,2.01,2.62,0.3537735849056604,0.3537735849056604,0.21226415094339623,1.5566037735849056,1.6273584905660379,1.9103773584905661,2.759433962264151,1.5566037735849056,1.9811320754716981,1.2028301886792454,0.9905660377358491,0.5660377358490566,0.3537735849056604,1.1320754716981132,0.3537735849056604,0.42452830188679247,1.9811320754716981,0.7075471698113208,1.6981132075471699,9.481132075471699,4.952830188679245,1.0613207547169812,0.0,0.14150943396226415,0.49528301886792453,97.3,97.3,45.9,16.2,32.4,21.6,37.8,13.5,67.6,21.6,37.8,64.9,35.1,18.9,27.0,18.9,24.3,32.4,10.8,18.9,64.9,16.2,51.4,45.9,27.0,43.2,13.5,16.2,42.6,29.0,30.9,46.8,81.1,43.5,36.4,91,29.2,24.6,43.4,28.9,50.1,37.3,36.3,39.3,36.0,Box threat forward,43.4,36.4,43.4,57.8,49.5
Jamal Sarr,Colombia,Aston Villa,Premier League,27,Attacking midfielder,525,77.7,76.0,91.6,18.0,0,2,15,6,13,15,7,12,14,8,3,4,5,3,4,16,4,18,68,30,14,0,0,81.0,0,4,8319587,1.12,1.14,0.0,0.0,0.34285714285714286,2.5714285714285716,1.0285714285714287,2.2285714285714286,2.5714285714285716,1.2,2.0571428571428574,2.4,1.3714285714285714,0.5142857142857143,0.6857142857142857,0.8571428571428572,0.5142857142857143,0.6857142857142857,2.742857142857143,0.6857142857142857,3.085714285714286,11.657142857142858,5.142857142857143,2.4,0.0,0.0,0.6857142857142857,6.8,6.8,81.1,78.4,8.1,37.8,32.4,2.7,70.3,89.2,78.4,43.2,83.8,8.1,56.8,43.2,75.7,21.6,62.2,45.9,73.0,75.7,51.4,5.4,56.8,56.8,8.1,5.4,26.4,39.5,39.4,64.5,91.9,69.5,43.1,82,39.2,31.8,23.4,54.9,60.8,42.1,60.2,53.3,53.7,High-volume winger,54.9,43.1,54.9,57.6,49.0
Mateo Rice,Senegal,Paris Saint-Germain,Ligue 1,30,Centre-back,2395,76.0,91.6,78.8,67.8,1,1,6,2,103,17,58,5,0,22,34,65,15,0,2,4,5,19,120,121,108,0,3,90.3,1,66,10586221,0.91,0.28,0.037578288100208766,0.037578288100208766,0.037578288100208766,0.2254697286012526,0.07515657620041753,3.8705636743215033,0.6388308977035491,2.1795407098121085,0.18789144050104384,0.0,0.826722338204593,1.2776617954070981,2.44258872651357,0.5636743215031316,0.0,0.07515657620041753,0.15031315240083507,0.18789144050104384,0.7139874739039667,4.509394572025053,4.546972860125261,4.058455114822547,0.0,0.1127348643006263,2.480167014613779,41.3,41.3,71.7,4.3,19.6,28.3,30.4,10.9,13.0,15.2,6.5,26.1,26.1,60.9,18.5,89.1,28.3,19.6,19.6,26.1,13.0,15.2,51.1,13.0,23.9,54.3,35.9,34.8,27.9,35.0,21.7,18.6,39.1,36.8,25.3,82,27.2,31.9,30.6,32.8,23.5,38.8,30.7,20.6,31.4,Ball-playing centre-back,30.7,25.3,30.7,57.6,49.0
Victor Benali,Nigeria,Villarreal,LaLiga,28,Central midfielder,845,74.5,76.1,72.1,18.0,1,2,15,9,46,16,30,10,8,19,13,12,10,1,2,15,3,15,142,51,32,0,1,84.8,1,12,9022867,0.99,1.03,0.10650887573964496,0.10650887573964496,0.21301775147928992,1.5976331360946745,0.9585798816568047,4.899408284023669,1.7041420118343193,3.195266272189349,1.0650887573964496,0.8520710059171597,2.0236686390532546,1.3846153846153846,1.2781065088757395,1.0650887573964496,0.10650887573964496,0.21301775147928992,1.5976331360946745,0.3195266272189349,1.5976331360946745,15.124260355029586,5.431952662721893,3.4082840236686387,0.0,0.10650887573964496,1.2781065088757395,63.9,63.9,88.9,80.6,52.8,66.7,38.9,47.2,44.4,55.6,69.4,52.8,88.9,55.6,11.1,19.4,77.8,30.6,72.2,72.2,22.2,47.2,51.4,25.0,83.3,41.7,16.7,11.1,48.8,47.1,51.4,59.2,44.4,48.8,51.0,82,51.1,37.8,48.6,46.9,51.5,44.4,58.0,66.4,46.6,Defensive midfielder,51.5,51.0,51.5,57.5,48.8
Jude Tanaka,Brazil,Al Ahli,Saudi Pro League,23,Attacking midfielder,1440,88.7,68.5,81.4,45.2,4,1,15,26,28,27,30,13,15,15,9,1,18,3,11,25,16,25,125,30,11,0,0,79.6,4,4,4047982,2.38,2.71,0.25,0.25,0.0625,0.9375,1.625,1.75,1.6875,1.875,0.8125,0.9375,0.9375,0.5625,0.0625,1.125,0.1875,0.6875,1.5625,1.0,1.5625,7.8125,1.875,0.6875,0.0,0.0,0.25,86.5,86.5,5.4,2.7,29.7,10.8,13.5,40.5,5.4,16.2,32.4,62.2,8.1,16.2,5.4,45.9,10.8,62.2,8.1,8.1,2.7,2.7,51.4,5.4,8.1,32.4,21.6,18.9,45.0,15.7,17.1,26.6,83.8,36.6,27.2,82,23.8,21.2,45.8,24.7,34.0,34.4,24.7,24.8,22.4,Box threat forward,45.8,27.2,45.8,57.3,48.3
Sofiane Palmer,Netherlands,PSV,Eredivisie,27,Full-back,2682,84.6,76.3,70.0,66.5,2,2,16,19,70,55,34,25,11,51,30,19,17,2,40,29,7,33,262,139,67,0,9,81.0,2,21,8873253,1.62,3.35,0.06711409395973154,0.06711409395973154,0.06711409395973154,0.5369127516778524,0.6375838926174496,2.348993288590604,1.8456375838926173,1.1409395973154361,0.8389261744966443,0.36912751677852346,1.7114093959731542,1.006711409395973,0.6375838926174496,0.5704697986577181,0.06711409395973154,1.342281879194631,0.9731543624161073,0.2348993288590604,1.1073825503355705,8.791946308724832,4.6644295302013425,2.2483221476510065,0.0,0.30201342281879195,0.7046979865771812,88.6,88.6,34.3,17.1,22.9,8.6,5.7,2.9,5.7,14.3,25.7,25.7,8.6,5.7,20.0,5.7,31.4,37.1,20.0,5.7,2.9,17.1,51.4,54.3,8.6,41.4,62.9,51.4,54.3,33.1,6.9,15.6,94.3,43.2,26.0,82,14.9,29.6,53.6,16.2,24.7,18.7,25.1,26.9,35.7,Chance creator,29.6,26.0,29.6,57.2,48.0
Take Santos 2,Turkey,Paris Saint-Germain,Ligue 1,21,Forward,1664,74.6,92.3,65.7,51.1,6,1,60,12,26,29,14,9,21,8,2,31,33,2,2,15,29,96,244,50,16,0,2,74.9,5,37,21104754,6.01,1.28,0.3245192307692308,0.27043269230769235,0.054086538461538464,3.245192307692308,0.6490384615384616,1.4062500000000002,1.5685096153846156,0.7572115384615385,0.4867788461538462,1.1358173076923077,0.4326923076923077,0.10817307692307693,1.6766826923076925,1.7848557692307694,0.10817307692307693,0.10817307692307693,0.811298076923077,1.5685096153846156,5.1923076923076925,13.197115384615385,2.7043269230769234,0.8653846153846154,0.0,0.10817307692307693,2.0012019230769234,40.7,37.0,22.2,51.9,37.0,88.9,48.1,48.1,11.1,70.4,33.3,22.2,40.7,55.6,48.1,22.2,25.9,22.2,48.1,29.6,29.6,55.6,51.9,44.4,33.3,33.3,33.3,33.3,36.5,33.1,57.0,30.3,44.4,52.2,40.4,64,60.9,34.0,34.4,48.4,38.2,33.5,53.9,36.9,53.9,High-pressing forward,36.9,40.4,36.9,57.1,47.8
Declan Osimhen,Brazil,Arsenal,Premier League,28,Defensive midfielder,2560,89.6,87.5,69.3,77.9,3,0,13,10,76,22,52,13,8,50,23,28,13,0,3,22,2,21,215,139,77,0,5,82.3,3,28,6766584,0.9,1.2,0.10546875,0.10546875,0.0,0.45703125,0.3515625,2.671875,0.7734375,1.828125,0.45703125,0.28125,1.7578125,0.80859375,0.984375,0.45703125,0.0,0.10546875,0.7734375,0.0703125,0.73828125,7.55859375,4.88671875,2.70703125,0.0,0.17578125,0.984375,88.9,88.9,13.0,11.1,14.8,7.4,3.7,3.7,11.1,22.2,11.1,3.7,14.8,7.4,13.0,22.2,29.6,14.8,22.2,3.7,7.4,7.4,51.9,14.8,11.1,3.7,37.0,37.0,42.8,21.9,7.8,8.0,92.6,29.6,16.7,91,11.1,23.8,43.3,19.0,11.2,10.5,14.1,23.8,18.9,Defensive midfielder,11.2,16.7,11.2,56.8,47.0
Leo Tanaka,Croatia,Seattle Sounders,MLS,26,Full-back,912,85.2,61.9,78.6,29.3,0,4,6,5,28,23,23,15,8,24,13,17,9,2,17,8,3,16,120,56,29,0,3,79.2,0,17,4120109,0.69,1.25,0.0,0.0,0.39473684210526316,0.5921052631578948,0.493421052631579,2.763157894736842,2.2697368421052633,2.2697368421052633,1.480263157894737,0.7894736842105263,2.368421052631579,1.2828947368421053,1.6776315789473686,0.8881578947368421,0.19736842105263158,1.6776315789473686,0.7894736842105263,0.2960526315789474,1.5789473684210527,11.842105263157896,5.526315789473684,2.861842105263158,0.0,0.2960526315789474,1.6776315789473686,32.9,32.9,97.1,28.6,14.3,20.0,20.0,17.1,45.7,80.0,77.1,48.6,91.4,31.4,57.1,17.1,17.1,62.9,62.9,31.4,22.9,42.9,51.4,48.6,85.7,22.9,14.3,8.6,36.6,36.3,29.3,54.4,68.6,44.5,41.1,91,28.1,20.1,44.0,38.9,44.8,31.7,42.4,41.5,38.1,High-volume winger,38.9,41.1,38.9,56.8,47.0
Enzo Costa,Australia,Athletic Club,LaLiga,29,Central midfielder,1157,75.1,75.9,84.6,21.8,2,1,15,14,52,21,54,13,8,19,16,10,19,6,4,17,6,14,175,90,49,0,5,83.3,2,11,7803240,1.26,1.88,0.15557476231633535,0.15557476231633535,0.07778738115816768,1.166810717372515,1.0890233362143473,4.044943820224719,1.633535004321521,4.200518582541054,1.0112359550561798,0.6222990492653414,1.4779602420051858,1.2445980985306828,0.7778738115816767,1.4779602420051858,0.46672428694900603,0.3111495246326707,1.3223854796888503,0.46672428694900603,1.0890233362143473,13.612791702679342,7.00086430423509,3.8115816767502158,0.0,0.38893690579083834,0.8556611927398444,77.8,80.6,33.3,47.2,63.9,50.0,22.2,88.9,33.3,27.8,25.0,41.7,41.7,83.3,91.7,44.4,41.7,52.8,41.7,55.6,66.7,66.7,51.4,86.1,44.4,27.8,30.6,33.3,53.6,51.0,46.1,44.6,16.700000000000003,32.2,44.6,73,44.7,54.0,53.1,36.1,40.1,37.4,44.5,53.5,52.3,Chance creator,54.0,44.6,54.0,56.7,46.8
Enzo Benali 2,Cameroon,Lyon,Ligue 1,24,Defensive midfielder,1651,67.2,73.1,74.3,48.0,1,3,14,12,69,28,58,16,8,36,35,29,21,3,2,12,3,21,260,134,76,0,3,93.1,1,29,11234166,1.03,1.3,0.054512416717141125,0.054512416717141125,0.16353725015142337,0.7631738340399757,0.6541490006056935,3.7613567534827377,1.5263476680799515,3.1617201695941852,0.872198667474258,0.436099333737129,1.9624470018170805,1.9079345850999394,1.5808600847970926,1.1447607510599636,0.16353725015142337,0.10902483343428225,0.6541490006056935,0.16353725015142337,1.1447607510599636,14.173228346456693,7.304663840096911,4.142943670502725,0.0,0.16353725015142337,1.5808600847970926,63.0,63.0,81.5,33.3,48.1,22.2,55.6,25.9,51.9,48.1,22.2,33.3,77.8,74.1,70.4,29.6,18.5,55.6,77.8,48.1,29.6,40.7,51.9,7.4,74.1,100.0,48.1,44.4,54.8,52.8,38.3,38.7,25.900000000000006,56.1,45.3,73,41.8,42.8,61.1,43.8,36.6,46.2,49.3,46.3,45.7,Ball-progressing midfielder,41.8,45.3,41.8,56.6,46.5
Julian Walker,USA,Chelsea,Premier League,18,Defensive midfielder,2338,73.1,77.0,81.6,60.3,1,2,19,9,89,42,93,21,11,53,58,25,19,6,2,24,11,12,287,196,96,0,14,92.1,1,27,10080095,1.85,1.71,0.03849443969204448,0.03849443969204448,0.07698887938408897,0.7313943541488451,0.34644995722840033,3.4260051325919587,1.6167664670658684,3.579982891360137,0.8083832335329342,0.4234388366124893,2.0402053036783574,2.23267750213858,0.962360992301112,0.7313943541488451,0.2309666381522669,0.07698887938408897,0.9238665526090676,0.4234388366124893,0.4619332763045338,11.047904191616766,7.544910179640719,3.6954662104362703,0.0,0.5389221556886228,1.039349871685201,51.9,51.9,33.3,25.9,11.1,11.1,70.4,44.4,44.4,44.4,29.6,70.4,11.1,11.1,88.9,11.1,40.7,96.3,7.4,22.2,33.3,25.9,51.9,92.6,22.2,96.3,81.5,59.3,59.8,43.7,40.9,36.7,88.9,66.8,46.9,19,48.3,40.7,58.5,40.2,49.5,45.0,42.7,28.6,55.7,Defensive midfielder,49.5,46.9,49.5,56.5,46.3
Leo Wirtz,Senegal,Aston Villa,Premier League,24,Goalkeeper,1975,77.7,81.9,79.2,51.1,0,0,0,3,90,2,20,0,0,2,2,7,6,0,0,2,0,0,12,58,172,111,9,78.0,0,7,9687876,0.0,0.22,0.0,0.0,0.0,0.0,0.13670886075949368,4.101265822784811,0.09113924050632911,0.9113924050632912,0.0,0.0,0.09113924050632911,0.09113924050632911,0.31898734177215193,0.27341772151898736,0.0,0.0,0.09113924050632911,0.0,0.0,0.5468354430379747,2.6430379746835446,7.837974683544305,5.058227848101266,0.41012658227848103,0.31898734177215193,52.2,52.2,43.5,30.4,87.0,13.0,47.8,26.1,32.6,32.6,52.2,47.8,73.9,39.1,30.4,52.2,60.9,52.2,21.7,82.6,26.1,26.1,52.2,65.2,73.9,43.5,15.2,78.3,36.6,63.7,29.2,53.7,60.9,39.9,42.9,46,31.7,67.6,40.5,48.6,40.2,55.5,37.6,52.0,38.4,Goalkeeper distributor,38.4,42.9,38.4,56.4,46.0
Cole Rodriguez,Poland,Tottenham,Premier League,23,Attacking midfielder,1748,71.9,89.2,74.5,57.5,1,3,33,30,40,32,33,30,23,12,7,6,29,7,13,41,10,49,178,68,17,0,2,82.9,1,9,11190921,2.69,3.76,0.05148741418764302,0.05148741418764302,0.15446224256292906,1.6990846681922198,1.5446224256292906,2.059496567505721,1.6475972540045767,1.6990846681922198,1.5446224256292906,1.1842105263157896,0.6178489702517163,0.36041189931350115,0.30892448512585813,1.4931350114416477,0.36041189931350115,0.6693363844393593,2.110983981693364,0.5148741418764302,2.522883295194508,9.164759725400458,3.5011441647597255,0.8752860411899314,0.0,0.10297482837528604,0.46338672768878725,16.2,16.2,29.7,27.0,24.3,27.0,10.8,27.0,40.5,18.9,5.4,21.6,24.3,35.1,29.7,40.5,35.1,10.8,37.8,16.2,18.9,8.1,51.4,27.0,16.2,89.2,24.3,40.5,20.9,31.9,24.2,16.6,64.9,55.1,30.2,82,30.3,32.9,20.4,24.8,28.8,29.0,36.4,18.8,40.9,Chance creator,32.9,30.2,32.9,56.3,45.8
Tyler Silva,France,Inter Milan,Serie A,23,Centre-back,1861,93.6,83.9,84.1,54.2,0,0,8,2,73,10,54,5,0,25,23,50,6,0,0,6,10,15,75,93,103,0,3,90.0,0,52,8591745,1.48,0.26,0.0,0.0,0.0,0.3868887694787749,0.09672219236969372,3.5303600214938204,0.4836109618484686,2.6114991939817305,0.2418054809242343,0.0,1.2090274046211715,1.1123052122514778,2.418054809242343,0.29016657710908117,0.0,0.0,0.29016657710908117,0.4836109618484686,0.7254164427727029,3.627082213863514,4.497581945190758,4.981192907039226,0.0,0.14508328855454058,2.5147770016120368,18.5,18.5,32.6,21.7,26.1,17.4,15.2,19.6,26.1,15.2,28.3,17.4,21.7,23.9,18.5,32.6,67.4,76.1,23.9,13.0,10.9,23.9,51.1,17.4,26.1,50.0,65.2,29.3,42.7,33.3,18.4,18.8,76.1,43.8,27.1,55,23.3,34.7,43.3,23.6,26.1,27.1,29.9,18.8,34.5,Ball-playing centre-back,29.9,27.1,29.9,56.2,45.5
Pedri Torres,Denmark,Inter Milan,Serie A,24,Central midfielder,924,75.4,88.5,73.1,33.1,2,0,9,8,39,17,20,8,5,17,13,4,8,2,4,8,2,8,114,56,29,0,2,88.0,2,4,7942128,0.6,0.96,0.1948051948051948,0.1948051948051948,0.0,0.8766233766233765,0.7792207792207791,3.7987012987012982,1.6558441558441557,1.9480519480519478,0.7792207792207791,0.48701298701298695,1.6558441558441557,1.2662337662337662,0.3896103896103896,0.7792207792207791,0.1948051948051948,0.3896103896103896,0.7792207792207791,0.1948051948051948,0.7792207792207791,11.103896103896103,5.454545454545454,2.8246753246753245,0.0,0.1948051948051948,0.3896103896103896,91.7,91.7,9.7,13.9,38.9,38.9,30.6,8.3,13.9,19.4,44.4,44.4,5.6,16.7,27.8,61.1,11.1,11.1,8.3,36.1,25.0,16.7,51.4,50.0,2.8,69.4,5.6,5.6,34.0,18.9,25.0,33.5,83.3,55.5,32.8,82,34.0,25.6,32.7,34.9,45.3,46.8,39.5,39.9,45.8,Defensive midfielder,45.3,32.8,45.3,55.7,44.3
Enzo Fernandez 2,Colombia,Napoli,Serie A,25,Winger,1471,78.2,85.6,63.5,39.0,0,0,35,25,27,50,26,20,27,14,4,10,24,5,28,20,13,67,160,58,13,0,5,81.1,0,13,9225100,3.26,3.3,0.0,0.0,0.0,2.141400407885792,1.529571719918423,1.6519374575118966,3.059143439836846,1.5907545887151597,1.2236573759347382,1.6519374575118966,0.8565601631543167,0.24473147518694766,0.6118286879673691,1.4683888511216858,0.30591434398368456,1.7131203263086334,1.2236573759347382,0.7953772943575799,4.0992522093813735,9.789259007477906,3.548606390210741,0.7953772943575799,0.0,0.30591434398368456,0.7953772943575799,3.4,3.4,3.4,31.0,51.7,20.7,3.4,31.0,6.9,6.9,41.4,6.9,65.5,10.3,69.0,24.1,3.4,13.8,65.5,10.3,17.2,10.3,51.7,89.7,44.8,93.1,24.1,34.5,21.0,33.1,15.0,26.9,89.7,60.2,29.9,91,27.7,37.6,24.1,22.2,34.7,33.0,41.8,24.2,52.0,Chance creator,37.6,29.9,37.6,55.4,43.5
Nico Walker,Poland,Bayer Leverkusen,Bundesliga,23,Full-back,1804,71.9,90.8,76.5,49.3,0,1,12,10,52,43,49,20,11,35,29,19,24,4,47,19,6,28,232,103,56,0,4,76.9,0,20,13663548,1.33,3.03,0.0,0.0,0.04988913525498891,0.5986696230598669,0.49889135254988914,2.5942350332594235,2.145232815964523,2.444567627494457,0.9977827050997783,0.5487804878048781,1.746119733924612,1.4467849223946785,0.9478935698447893,1.1973392461197339,0.19955654101995565,2.344789356984479,0.9478935698447893,0.29933481152993346,1.3968957871396896,11.574279379157428,5.138580931263858,2.7937915742793793,0.0,0.19955654101995565,0.9977827050997783,32.9,32.9,20.0,31.4,17.1,14.3,11.4,28.6,14.3,40.0,34.3,60.0,40.0,74.3,60.0,57.1,28.6,65.7,42.9,28.6,11.4,37.1,51.4,28.6,40.0,4.3,48.6,40.0,44.2,31.6,19.0,36.1,25.700000000000003,19.8,28.6,82,18.6,35.6,45.6,31.3,29.5,30.6,27.1,30.7,25.1,Chance creator,35.6,28.6,35.6,55.4,43.5
Thiago Ramos,Norway,Aston Villa,Premier League,25,Goalkeeper,924,74.3,78.0,81.5,23.5,0,0,2,2,46,0,10,0,1,2,0,4,1,0,0,0,0,0,2,21,81,63,4,77.8,0,4,6085514,0.07,0.11,0.0,0.0,0.0,0.1948051948051948,0.1948051948051948,4.48051948051948,0.0,0.9740259740259739,0.0,0.0974025974025974,0.1948051948051948,0.0,0.3896103896103896,0.0974025974025974,0.0,0.0,0.0,0.0,0.0,0.1948051948051948,2.0454545454545454,7.889610389610389,6.136363636363636,0.3896103896103896,0.3896103896103896,52.2,52.2,43.5,95.7,95.7,39.1,10.9,30.4,32.6,95.7,91.3,8.7,91.3,17.4,30.4,52.2,15.2,52.2,21.7,8.7,4.3,30.4,100.0,60.9,91.3,39.1,82.6,32.6,63.3,47.6,35.0,40.9,82.6,57.6,49.1,55,38.1,49.7,59.1,66.9,40.5,49.5,44.5,43.0,49.3,Goalkeeper distributor,49.3,49.1,49.3,55.4,43.5
Rafael Fernandez,Egypt,Chelsea,Premier League,26,Centre-back,433,73.2,78.3,74.8,18.0,0,0,2,2,24,1,16,2,0,6,6,22,2,1,0,2,0,6,27,33,31,0,2,85.7,0,22,5915579,0.14,0.25,0.0,0.0,0.0,0.41570438799076215,0.41570438799076215,4.988452655889145,0.20785219399538107,3.325635103926097,0.41570438799076215,0.0,1.2471131639722863,1.2471131639722863,4.572748267898383,0.41570438799076215,0.20785219399538107,0.0,0.41570438799076215,0.0,1.2471131639722863,5.612009237875289,6.859122401847575,6.443418013856813,0.0,0.41570438799076215,4.572748267898383,18.5,18.5,32.6,26.1,97.8,60.9,2.2,45.7,65.2,15.2,30.4,21.7,93.5,37.0,97.8,32.6,91.3,2.2,80.4,56.5,58.7,54.3,51.1,89.1,93.5,8.7,2.2,23.9,18.5,65.3,39.3,47.3,63.0,35.6,42.0,82,33.5,71.5,28.0,30.4,36.4,32.4,50.2,44.3,50.7,Ball-playing centre-back,50.2,42.0,50.2,55.1,42.8
Theo Valverde,Egypt,Al Hilal,Saudi Pro League,32,Centre-back,1172,79.0,70.5,90.1,24.6,0,0,10,4,55,6,48,8,1,20,20,32,6,0,0,1,5,16,66,92,87,0,3,87.6,0,33,7332087,1.02,0.24,0.0,0.0,0.0,0.7679180887372014,0.30716723549488056,4.223549488054608,0.46075085324232085,3.6860068259385668,0.6143344709897611,0.07679180887372014,1.5358361774744027,1.5358361774744027,2.4573378839590445,0.46075085324232085,0.0,0.0,0.07679180887372014,0.3839590443686007,1.2286689419795223,5.068259385665529,7.064846416382252,6.680887372013652,0.0,0.23037542662116042,2.5341296928327646,18.5,18.5,32.6,84.8,89.1,41.3,13.0,58.7,89.1,47.8,60.9,34.8,28.3,41.3,18.5,32.6,10.9,63.0,76.1,39.1,60.9,65.2,51.1,43.5,28.3,20.7,43.5,20.7,49.4,38.4,45.5,46.2,58.7,41.8,44.7,64,37.2,40.1,43.3,47.1,46.3,41.3,41.2,51.9,46.1,Ball-playing centre-back,41.2,44.7,41.2,54.8,42.1
Florian Garcia,Denmark,Juventus,Serie A,23,Defensive midfielder,2000,80.3,86.5,78.8,54.6,0,0,8,17,83,24,77,13,6,43,39,22,18,1,1,15,2,14,238,129,74,0,5,88.4,0,22,9029837,0.64,1.44,0.0,0.0,0.0,0.36,0.765,3.7350000000000003,1.08,3.4650000000000003,0.5850000000000001,0.27,1.935,1.7550000000000001,0.99,0.81,0.045,0.045,0.675,0.09,0.63,10.71,5.805000000000001,3.33,0.0,0.225,0.99,24.1,24.1,13.0,7.4,59.3,18.5,22.2,40.7,22.2,14.8,14.8,18.5,18.5,25.9,29.6,3.7,22.2,18.5,14.8,14.8,11.1,18.5,51.9,29.6,14.8,44.4,25.9,51.9,20.0,38.2,24.0,15.5,74.1,40.9,26.5,64,28.9,40.0,21.1,23.0,22.4,25.8,27.6,15.1,33.5,Ball-progressing midfielder,28.9,26.5,28.9,54.2,40.6
Enzo Pulisic,Senegal,Feyenoord,Eredivisie,33,Central midfielder,1854,78.6,74.4,66.1,54.4,2,2,20,15,77,35,43,21,15,31,19,17,20,1,5,38,10,17,234,103,60,0,1,86.2,2,19,7096298,1.85,2.04,0.0970873786407767,0.0970873786407767,0.0970873786407767,0.9708737864077669,0.7281553398058251,3.7378640776699026,1.6990291262135921,2.087378640776699,1.0194174757281553,0.7281553398058251,1.5048543689320388,0.9223300970873786,0.8252427184466019,0.9708737864077669,0.04854368932038835,0.24271844660194172,1.8446601941747571,0.48543689320388345,0.8252427184466019,11.359223300970873,5.0,2.9126213592233006,0.0,0.04854368932038835,0.9223300970873786,58.3,58.3,38.9,22.2,27.8,36.1,36.1,11.1,38.9,38.9,30.6,19.4,50.0,33.3,2.8,36.1,91.7,63.9,11.1,38.9,13.9,22.2,51.4,13.9,50.0,58.3,50.0,43.1,47.2,39.7,31.8,28.6,66.7,50.6,38.6,37,35.1,41.5,49.4,35.7,31.0,34.3,39.7,32.9,38.0,Chance creator,41.5,38.6,41.5,54.2,40.6
Federico Van Dijk,Poland,Porto,Primeira Liga,24,Centre-back,987,77.4,73.2,83.1,31.5,0,0,6,1,46,11,44,4,1,17,14,33,6,1,2,2,5,11,54,63,58,0,3,88.2,0,34,10858034,0.82,0.26,0.0,0.0,0.0,0.547112462006079,0.0911854103343465,4.194528875379939,1.0030395136778116,4.0121580547112465,0.364741641337386,0.0911854103343465,1.5501519756838906,1.2765957446808511,3.0091185410334345,0.547112462006079,0.0911854103343465,0.182370820668693,0.182370820668693,0.45592705167173253,1.0030395136778116,4.924012158054711,5.74468085106383,5.288753799392097,0.0,0.2735562310030395,3.1003039513677813,18.5,18.5,32.6,54.3,23.9,39.1,76.1,69.6,47.8,60.9,63.0,23.9,39.1,54.3,76.1,100.0,34.8,73.9,58.7,30.4,34.8,34.8,51.1,56.5,39.1,29.3,29.3,29.3,41.7,36.5,57.9,39.1,45.7,40.2,43.5,64,56.0,42.9,40.4,64.9,39.6,57.5,35.2,40.7,39.9,Ball-playing centre-back,35.2,43.5,35.2,54.2,40.6
Santiago Kim,Mexico,Athletic Club,LaLiga,23,Forward,2905,77.7,77.2,54.8,73.3,7,2,61,13,18,20,16,13,25,12,2,34,24,1,4,22,37,103,257,57,15,0,0,68.2,7,43,16472268,6.89,1.5,0.21686746987951808,0.21686746987951808,0.06196213425129088,1.8898450946643717,0.4027538726333907,0.5576592082616179,0.6196213425129088,0.49569707401032703,0.4027538726333907,0.774526678141136,0.3717728055077453,0.06196213425129088,1.0533562822719449,0.7435456110154905,0.03098106712564544,0.12392426850258176,0.6815834767641996,1.1462994836488811,3.1910499139414803,7.962134251290878,1.76592082616179,0.46471600688468157,0.0,0.0,1.3321858864027538,14.8,18.5,25.9,7.4,14.8,3.7,3.7,11.1,7.4,25.9,25.9,7.4,14.8,3.7,11.1,29.6,18.5,7.4,11.1,3.7,3.7,29.6,51.9,11.1,11.1,3.7,48.1,40.7,21.3,23.5,8.0,11.8,96.3,32.8,20.7,82,12.0,22.9,21.8,21.2,14.8,14.8,18.3,11.3,24.2,Box threat forward,21.8,20.7,21.8,53.6,39.2
Rafael Costa,South Korea,Lyon,Ligue 1,24,Full-back,1600,72.3,74.5,72.5,37.3,1,0,13,14,52,39,50,20,14,29,17,13,21,3,33,18,3,21,203,94,31,0,6,80.4,1,14,9019001,0.99,2.65,0.056249999999999994,0.056249999999999994,0.0,0.73125,0.7875,2.925,2.19375,2.8125,1.125,0.7875,1.6312499999999999,0.9562499999999999,0.73125,1.18125,0.16874999999999998,1.85625,1.0125,0.16874999999999998,1.18125,11.41875,5.2875,1.74375,0.0,0.33749999999999997,0.7875,77.1,77.1,8.6,51.4,31.4,25.7,14.3,40.0,17.1,74.3,20.0,20.0,17.1,71.4,42.9,25.7,37.1,20.0,25.7,25.7,14.3,5.7,51.4,65.7,17.1,31.4,31.4,31.4,45.3,29.4,29.3,19.3,28.599999999999994,33.7,29.1,91,31.3,33.7,40.5,40.3,21.7,23.2,21.1,36.5,29.8,High-volume winger,40.3,29.1,40.3,53.6,39.2
Youssef Fernandez 2,Ghana,Villarreal,LaLiga,25,Goalkeeper,701,73.0,70.2,96.5,18.0,0,0,3,0,43,3,17,2,0,0,2,4,5,1,0,1,0,0,2,25,90,32,0,75.7,0,4,7800978,0.11,0.12,0.0,0.0,0.0,0.38516405135520687,0.0,5.520684736091298,0.38516405135520687,2.182596291012839,0.25677603423680456,0.0,0.0,0.25677603423680456,0.5135520684736091,0.6419400855920114,0.12838801711840228,0.0,0.12838801711840228,0.0,0.0,0.25677603423680456,3.209700427960057,11.554921540656206,4.108416547788873,0.0,0.5135520684736091,52.2,52.2,43.5,100.0,32.6,65.2,100.0,100.0,100.0,32.6,13.0,95.7,100.0,95.7,100.0,52.2,73.9,52.2,21.7,21.7,43.5,91.3,8.7,6.5,100.0,21.7,97.8,45.7,67.7,54.4,82.8,54.1,4.299999999999997,32.5,48.5,55,70.2,56.2,63.8,58.3,47.2,55.1,66.2,38.9,44.2,Goalkeeper distributor,44.2,48.5,44.2,53.4,38.7
Alphonso Musiala,Egypt,Eintracht Frankfurt,Bundesliga,29,Full-back,2224,73.8,72.0,88.3,56.1,0,2,13,10,67,55,71,29,14,36,16,17,24,3,50,29,6,33,271,139,68,0,1,80.0,0,18,10145814,1.42,3.3,0.0,0.0,0.08093525179856115,0.5260791366906474,0.40467625899280574,2.7113309352517985,2.2257194244604315,2.8732014388489207,1.1735611510791366,0.5665467625899281,1.4568345323741008,0.6474820143884892,0.6879496402877697,0.9712230215827338,0.12140287769784172,2.023381294964029,1.1735611510791366,0.24280575539568344,1.335431654676259,10.966726618705035,5.625,2.751798561151079,0.0,0.040467625899280574,0.7284172661870504,32.9,32.9,42.9,11.4,5.7,17.1,17.1,42.9,28.6,42.9,8.6,5.7,11.4,40.0,34.3,40.0,51.4,40.0,37.1,22.9,25.7,31.4,51.4,5.7,14.3,25.7,54.3,48.6,36.9,35.0,26.6,13.9,60.0,36.1,27.6,64,27.8,33.3,38.4,28.4,16.9,17.9,22.8,22.8,28.3,Chance creator,33.3,27.6,33.3,53.1,38.0
Tyler Van Dijk 2,Ecuador,Inter Milan,Serie A,26,Full-back,1240,72.9,88.5,80.5,43.7,1,1,8,6,29,33,34,7,2,24,12,10,14,1,24,13,2,13,147,80,26,0,5,81.7,1,10,7806405,0.63,1.59,0.07258064516129031,0.07258064516129031,0.07258064516129031,0.5806451612903225,0.43548387096774194,2.104838709677419,2.3951612903225805,2.467741935483871,0.5080645161290323,0.14516129032258063,1.7419354838709677,0.8709677419354839,0.7258064516129031,1.0161290322580645,0.07258064516129031,1.7419354838709677,0.9435483870967741,0.14516129032258063,0.9435483870967741,10.669354838709676,5.806451612903225,1.8870967741935483,0.0,0.36290322580645157,0.7258064516129031,94.3,94.3,37.1,22.9,11.4,5.7,25.7,31.4,2.9,2.9,31.4,11.4,14.3,42.9,22.9,20.0,25.7,17.1,8.6,14.3,31.4,8.6,51.4,74.3,11.4,57.1,10.0,14.3,38.5,21.1,15.1,21.3,57.1,36.4,24.5,91,23.3,17.6,36.6,17.5,27.4,24.9,21.5,33.7,36.1,Modern full-back,24.9,24.5,24.9,53.0,37.8
Gabriel Palmer,Uruguay,Athletic Club,LaLiga,24,Defensive midfielder,737,81.8,78.1,66.5,20.7,0,1,4,5,38,16,16,1,1,9,17,7,2,2,3,6,1,5,77,49,34,0,2,88.6,0,7,4018973,0.3,0.71,0.0,0.0,0.1221166892808684,0.4884667571234736,0.6105834464043419,4.640434192672999,1.9538670284938944,1.9538670284938944,0.1221166892808684,0.1221166892808684,1.0990502035278156,2.0759837177747626,0.8548168249660788,0.2442333785617368,0.2442333785617368,0.3663500678426052,0.7327001356852104,0.1221166892808684,0.6105834464043419,9.402985074626866,5.983717774762551,4.151967435549525,0.0,0.2442333785617368,0.8548168249660788,24.1,24.1,55.6,14.8,37.0,37.0,88.9,7.4,3.7,3.7,3.7,40.7,7.4,3.7,92.6,77.8,25.9,37.0,11.1,11.1,14.8,44.4,51.9,40.7,7.4,51.9,3.7,11.1,18.9,40.9,35.7,16.8,96.3,52.8,32.8,73,45.2,40.7,18.0,48.0,30.5,53.5,42.2,13.1,49.1,Ball-progressing midfielder,45.2,32.8,45.2,52.9,37.5
Nico Kone,Japan,Paris Saint-Germain,Ligue 1,22,Central midfielder,849,73.0,96.7,65.0,30.7,0,1,6,4,19,15,29,11,7,8,6,9,6,4,4,15,6,12,89,40,35,0,1,84.0,0,10,4244402,0.92,1.1,0.0,0.0,0.10600706713780919,0.6360424028268551,0.42402826855123676,2.0141342756183747,1.5901060070671378,3.0742049469964665,1.1660777385159011,0.7420494699646643,0.8480565371024735,0.6360424028268551,0.9540636042402827,0.6360424028268551,0.42402826855123676,0.42402826855123676,1.5901060070671378,0.6360424028268551,1.2720848056537102,9.434628975265017,4.240282685512367,3.7102473498233213,0.0,0.10600706713780919,1.0600706713780919,15.3,15.3,47.2,2.8,11.1,5.6,16.7,38.9,55.6,41.7,2.8,5.6,55.6,8.3,88.9,69.4,75.0,83.3,55.6,11.1,5.6,61.1,51.4,22.2,63.9,36.1,13.9,13.9,30.7,40.3,26.1,13.2,91.7,48.8,32.4,64,26.0,42.1,39.5,34.6,13.2,24.9,36.1,14.2,41.6,Chance creator,42.1,32.4,42.1,52.9,37.5
Declan Valverde,Canada,Lyon,Ligue 1,26,Centre-back,1858,75.4,74.6,80.1,34.4,0,0,10,3,82,7,60,5,2,21,38,50,6,0,0,4,2,14,102,99,109,0,3,86.2,0,50,12028389,0.71,0.26,0.0,0.0,0.0,0.4843918191603875,0.14531754574811626,3.9720129171151775,0.33907427341227125,2.906350914962325,0.24219590958019374,0.0968783638320775,1.0172228202368137,1.8406889128094723,2.4219590958019372,0.2906350914962325,0.0,0.0,0.193756727664155,0.0968783638320775,0.6781485468245425,4.940796555435952,4.795479009687836,5.279870828848224,0.0,0.14531754574811626,2.4219590958019372,18.5,18.5,32.6,37.0,47.8,32.6,4.3,23.9,28.3,65.2,13.0,45.7,23.9,26.1,18.5,32.6,37.0,6.5,15.2,32.6,17.4,32.6,51.1,19.6,21.7,10.9,21.7,29.3,19.3,34.1,26.4,26.6,73.9,40.2,30.1,82,26.9,35.1,16.7,39.6,27.5,24.9,32.4,23.9,31.2,Ball-playing centre-back,32.4,30.1,32.4,52.3,36.1
Jude Mbaye,Japan,Eintracht Frankfurt,Bundesliga,24,Forward,807,72.0,72.4,72.7,20.2,2,1,25,4,7,11,9,5,7,5,2,18,10,2,3,8,16,49,126,24,11,0,0,75.8,2,23,11162537,2.98,0.7,0.22304832713754646,0.22304832713754646,0.11152416356877323,2.7881040892193307,0.44609665427509293,0.7806691449814126,1.2267657992565055,1.003717472118959,0.5576208178438662,0.7806691449814126,0.5576208178438662,0.22304832713754646,2.007434944237918,1.1152416356877324,0.22304832713754646,0.3345724907063197,0.8921933085501859,1.7843866171003717,5.4646840148698885,14.052044609665428,2.676579925650558,1.2267657992565055,0.0,0.0,2.5650557620817844,18.5,22.2,51.9,37.0,18.5,25.9,22.2,85.2,14.8,33.3,55.6,59.3,63.0,14.8,88.9,85.2,37.0,25.9,59.3,40.7,22.2,88.9,51.9,11.1,51.9,57.4,7.4,3.7,25.2,34.8,35.9,48.7,85.2,59.2,35.4,91,43.7,35.7,27.8,40.9,48.1,48.6,58.1,39.6,55.7,High-pressing forward,39.6,35.4,39.6,52.2,35.9
Santiago Van Dijk,Netherlands,Al Ahli,Saudi Pro League,17,Centre-back,1833,85.2,70.3,81.8,56.5,0,0,7,7,75,8,48,8,3,27,27,44,3,1,0,2,5,18,105,99,113,0,3,90.2,0,45,5871671,0.94,0.52,0.0,0.0,0.0,0.3436988543371522,0.3436988543371522,3.6824877250409163,0.39279869067103107,2.3567921440261865,0.39279869067103107,0.14729950900163666,1.32569558101473,1.32569558101473,2.160392798690671,0.14729950900163666,0.049099836333878884,0.0,0.09819967266775777,0.24549918166939444,0.8837970540098199,5.155482815057283,4.86088379705401,5.548281505728314,0.0,0.14729950900163666,2.20949263502455,18.5,18.5,32.6,15.2,95.7,23.9,10.9,13.0,56.5,89.1,41.3,28.3,13.0,10.9,50.0,32.6,15.2,32.6,41.3,41.3,19.6,43.5,51.1,21.7,13.0,52.2,41.3,66.3,28.8,56.8,29.9,29.5,89.1,61.8,39.3,1,31.1,59.1,29.9,53.0,35.5,41.7,37.1,31.4,43.2,Ball-playing centre-back,37.1,39.3,37.1,52.1,35.7
Ousmane Silva,Ecuador,Monaco,Ligue 1,23,Winger,1861,73.5,78.8,76.1,49.7,5,3,42,18,21,74,28,31,26,8,10,7,39,4,27,33,15,57,201,57,22,0,0,69.4,4,10,18667014,3.58,3.12,0.2418054809242343,0.19344438473938744,0.14508328855454058,2.0311660397635682,0.8704997313272435,1.0155830198817841,3.5787211176786675,1.354110693175712,1.4991939817302526,1.2573885008060184,0.3868887694787749,0.4836109618484686,0.338527673293928,1.8860827512090275,0.19344438473938744,1.3057495969908652,1.5959161740999463,0.7254164427727029,2.756582482536271,9.720580333154219,2.756582482536271,1.063944116066631,0.0,0.0,0.4836109618484686,55.2,41.4,37.9,20.7,6.9,3.4,13.8,10.3,10.3,3.4,3.4,62.1,17.2,24.1,37.9,6.9,17.2,3.4,6.9,6.9,6.9,24.1,51.7,3.4,10.3,6.9,34.5,27.6,25.5,24.5,8.4,21.4,75.9,24.8,20.7,91,11.4,18.8,23.8,12.5,22.8,15.0,22.9,14.5,20.6,Box threat forward,23.8,20.7,23.8,51.7,34.8
Tyler Van Dijk,Egypt,Monaco,Ligue 1,29,Centre-back,824,76.9,76.6,77.6,24.4,1,0,4,0,32,7,22,2,2,8,10,12,1,0,0,0,4,4,26,32,38,0,1,91.5,1,13,4019026,0.57,0.0,0.1092233009708738,0.1092233009708738,0.0,0.4368932038834952,0.0,3.4951456310679614,0.7645631067961165,2.4029126213592233,0.2184466019417476,0.2184466019417476,0.8737864077669903,1.0922330097087378,1.3106796116504855,0.1092233009708738,0.0,0.0,0.0,0.4368932038834952,0.4368932038834952,2.8398058252427187,3.4951456310679614,4.150485436893204,0.0,0.1092233009708738,1.4199029126213594,89.1,89.1,32.6,30.4,6.5,15.2,45.7,15.2,19.6,95.7,8.7,15.2,2.2,8.7,18.5,32.6,4.3,69.6,6.5,4.3,2.2,17.4,51.1,10.9,4.3,69.6,10.9,2.2,48.6,12.1,31.5,7.4,91.3,65.6,30.1,91,40.1,9.4,44.8,52.5,22.1,29.4,29.7,24.0,36.9,Ball-playing centre-back,29.7,30.1,29.7,51.7,34.8
Santiago Wirtz,Spain,Eintracht Frankfurt,Bundesliga,17,Goalkeeper,1412,87.6,72.5,90.5,42.6,0,0,0,0,65,5,10,0,0,2,1,3,1,0,0,2,0,1,11,39,111,85,6,77.0,0,3,3323821,0.01,0.05,0.0,0.0,0.0,0.0,0.0,4.143059490084986,0.31869688385269124,0.6373937677053825,0.0,0.0,0.1274787535410765,0.06373937677053824,0.19121813031161475,0.06373937677053824,0.0,0.0,0.1274787535410765,0.0,0.06373937677053824,0.7011331444759207,2.4858356940509916,7.075070821529746,5.417847025495751,0.3824362606232295,0.19121813031161475,52.2,52.2,43.5,30.4,32.6,17.4,95.7,4.3,32.6,32.6,78.3,30.4,43.5,8.7,30.4,52.2,69.6,52.2,69.6,100.0,17.4,8.7,73.9,56.5,43.5,28.3,37.0,10.9,46.9,34.6,38.2,52.2,91.3,41.1,43.1,0,40.7,36.2,50.1,54.0,41.0,56.9,28.7,66.3,34.4,Goalkeeper distributor,34.4,43.1,34.4,51.6,34.5
Xavi Santos,Turkey,Athletic Club,LaLiga,36,Attacking midfielder,1552,70.6,77.3,82.5,53.7,3,4,28,22,31,44,32,20,27,16,5,10,26,7,10,42,18,47,191,67,24,0,2,78.8,3,12,4545217,3.25,3.24,0.17396907216494847,0.17396907216494847,0.23195876288659795,1.6237113402061856,1.2757731958762888,1.797680412371134,2.5515463917525776,1.8556701030927836,1.1597938144329898,1.565721649484536,0.9278350515463918,0.28994845360824745,0.5798969072164949,1.5077319587628866,0.4059278350515464,0.5798969072164949,2.4355670103092786,1.0438144329896908,2.725515463917526,11.076030927835053,3.885309278350516,1.3917525773195878,0.0,0.11597938144329897,0.6958762886597939,51.4,54.1,54.1,24.3,16.2,16.2,29.7,37.8,18.9,43.2,29.7,10.8,75.7,40.5,43.2,27.0,54.1,67.6,45.9,35.1,32.4,29.7,51.4,32.4,59.5,24.3,40.5,32.4,48.1,37.6,27.0,33.2,59.5,35.3,37.3,1,29.6,33.0,52.7,32.0,24.4,23.8,31.5,37.2,31.0,Box threat forward,52.7,37.3,52.7,51.4,34.1
Julian Rodriguez,Uruguay,Arsenal,Premier League,28,Forward,2188,83.2,90.0,83.1,44.2,6,3,45,20,18,26,13,7,14,9,3,24,20,5,5,13,27,70,228,56,11,0,3,74.1,5,28,12739343,4.98,2.05,0.24680073126142596,0.2056672760511883,0.12340036563071298,1.8510054844606947,0.8226691042047533,0.740402193784278,1.0694698354661791,0.5347349177330896,0.28793418647166363,0.5758683729433273,0.370201096892139,0.12340036563071298,0.9872029250457038,0.8226691042047533,0.2056672760511883,0.2056672760511883,0.5347349177330896,1.110603290676417,2.8793418647166362,9.378427787934188,2.303473491773309,0.4524680073126143,0.0,0.12340036563071298,1.1517367458866545,25.9,14.8,55.6,3.7,59.3,18.5,7.4,18.5,3.7,7.4,22.2,29.6,7.4,7.4,77.8,59.3,11.1,3.7,3.7,18.5,18.5,22.2,51.9,51.9,3.7,25.9,14.8,59.3,9.8,54.1,12.4,20.5,92.6,38.3,21.7,73,19.1,52.4,9.8,27.9,26.9,34.1,26.3,14.6,35.1,High-pressing forward,14.6,21.7,14.6,51.3,33.8
Min-jae Salah,Spain,Atletico Madrid,LaLiga,20,Central midfielder,2148,90.2,87.1,58.2,62.0,1,1,16,8,56,24,39,20,11,21,16,16,15,3,7,24,4,20,185,107,58,0,1,85.1,1,16,5286668,1.18,1.56,0.04189944134078212,0.04189944134078212,0.04189944134078212,0.6703910614525139,0.33519553072625696,2.346368715083799,1.005586592178771,1.6340782122905027,0.8379888268156425,0.46089385474860334,0.8798882681564245,0.6703910614525139,0.6703910614525139,0.6284916201117319,0.12569832402234637,0.29329608938547486,1.005586592178771,0.16759776536312848,0.8379888268156425,7.751396648044692,4.483240223463687,2.430167597765363,0.0,0.04189944134078212,0.6703910614525139,38.9,38.9,19.4,5.6,2.8,11.1,2.8,5.6,19.4,16.7,5.6,8.3,30.6,5.6,16.7,41.7,16.7,5.6,13.9,2.8,8.3,5.6,51.4,8.3,25.0,44.4,22.2,29.2,20.6,16.9,9.7,10.1,94.4,43.9,20.0,46,16.0,18.2,22.9,18.6,17.0,16.7,25.1,12.0,27.2,Chance creator,18.2,20.0,18.2,51.3,33.8
Min-jae Martinez,Croatia,Lyon,Ligue 1,19,Winger,1511,77.8,70.9,78.6,34.8,3,2,32,24,31,86,31,34,35,13,5,8,34,1,33,25,17,51,204,71,14,0,1,73.4,3,12,9075051,3.35,3.19,0.1786896095301125,0.1786896095301125,0.11912640635340835,1.9060225016545336,1.4295168762409,1.8464592984778294,5.122435473196559,1.8464592984778294,2.025148908007942,2.084712111184646,0.7743216412971542,0.29781601588352086,0.4765056254136334,2.025148908007942,0.059563203176704174,1.9655857048312377,1.4890800794176042,1.012574454003971,3.0377233620119126,12.15089344804765,4.228987425545997,0.8338848444738585,0.0,0.059563203176704174,0.71475843812045,31.0,31.0,27.6,10.3,41.4,31.0,65.5,69.0,27.6,10.3,24.1,24.1,41.4,34.5,13.8,48.3,13.8,31.0,10.3,20.7,37.9,13.8,51.7,13.8,31.0,27.6,27.6,31.0,25.0,27.8,44.6,28.9,65.5,33.6,32.2,55,46.5,29.8,27.0,37.5,30.1,41.4,30.3,22.1,27.9,High-volume winger,37.5,32.2,37.5,51.0,33.2
Victor Silva,Uruguay,AC Milan,Serie A,32,Full-back,724,84.2,86.8,82.9,18.0,0,0,5,7,28,15,19,16,4,10,6,10,6,3,12,9,1,15,99,49,24,0,5,81.1,0,10,3026554,0.45,1.3,0.0,0.0,0.0,0.6215469613259669,0.8701657458563536,3.4806629834254146,1.8646408839779005,2.361878453038674,1.988950276243094,0.4972375690607735,1.2430939226519337,0.7458563535911602,1.2430939226519337,0.7458563535911602,0.3729281767955801,1.4917127071823204,1.1187845303867403,0.12430939226519337,1.8646408839779005,12.306629834254144,6.0911602209944755,2.983425414364641,0.0,0.6215469613259669,1.2430939226519337,32.9,32.9,8.6,34.3,40.0,48.6,8.6,22.9,88.6,22.9,2.9,8.6,65.7,20.0,97.1,8.6,45.7,11.4,74.3,45.7,40.0,48.6,51.4,91.4,62.9,45.7,5.7,11.4,26.2,36.0,36.9,27.6,80.0,51.6,36.1,37,32.2,39.4,31.0,23.4,26.8,17.5,48.2,37.8,56.7,Chance creator,39.4,36.1,39.4,51.0,33.2
Min-jae Benali,Senegal,Manchester United,Premier League,29,Centre-back,1762,75.4,81.4,75.4,36.4,1,0,10,0,72,11,40,9,1,21,23,53,16,1,0,2,10,14,87,96,77,0,1,87.7,1,55,9185975,1.47,0.14,0.0510783200908059,0.0510783200908059,0.0,0.510783200908059,0.0,3.6776390465380246,0.5618615209988649,2.043132803632236,0.4597048808172531,0.0510783200908059,1.072644721906924,1.1748013620885356,2.707150964812713,0.8172531214528944,0.0510783200908059,0.0,0.1021566401816118,0.510783200908059,0.7150964812712826,4.443813847900113,4.9035187287173665,3.933030646992054,0.0,0.0510783200908059,2.8093076049943244,60.9,60.9,32.6,45.7,6.5,21.7,21.7,8.7,76.1,37.0,17.4,19.6,32.6,91.3,54.3,32.6,19.6,84.8,21.7,21.7,21.7,13.0,51.1,4.3,32.6,23.9,63.0,10.9,60.0,22.0,28.8,21.7,8.700000000000003,20.6,24.9,91,20.2,20.0,57.5,27.8,19.7,20.6,20.6,31.4,19.2,Ball-playing centre-back,20.6,24.9,20.6,50.9,33.0
Min-jae Williams,Switzerland,Roma,Serie A,28,Forward,1954,77.6,74.5,69.7,36.5,5,3,47,8,18,26,12,16,19,7,0,32,20,0,3,9,40,79,197,39,10,0,2,75.5,5,44,5789969,6.39,0.77,0.23029682702149437,0.23029682702149437,0.13817809621289662,2.164790174002047,0.36847492323439096,0.8290685772773797,1.1975435005117707,0.5527123848515865,0.7369498464687819,0.8751279426816786,0.3224155578300921,0.0,1.4738996929375638,0.9211873080859775,0.0,0.13817809621289662,0.41453428863868985,1.842374616171955,3.638689866939611,9.073694984646878,1.796315250767656,0.46059365404298874,0.0,0.09211873080859774,2.0266120777891503,22.2,25.9,63.0,14.8,7.4,33.3,14.8,22.2,29.6,40.7,11.1,3.7,25.9,11.1,5.6,33.3,3.7,29.6,14.8,14.8,7.4,25.9,51.9,37.0,37.0,51.9,40.7,7.4,27.6,17.7,26.6,11.3,88.9,54.1,28.4,73,31.8,9.0,29.8,28.1,20.9,19.7,35.0,15.5,42.1,Box threat forward,29.8,28.4,29.8,50.8,32.7
Cole Hakimi,Poland,Benfica,Primeira Liga,29,Central midfielder,1591,73.6,78.0,83.0,52.4,0,0,12,13,34,25,25,7,6,22,16,7,14,3,4,13,3,16,143,61,30,0,3,89.2,0,7,4154379,0.9,1.45,0.0,0.0,0.0,0.6788183532369579,0.7353865493400378,1.923318667504714,1.4142049025769956,1.4142049025769956,0.3959773727215588,0.33940917661847897,1.2445003142677562,0.9050911376492772,0.3959773727215588,0.7919547454431176,0.16970458830923948,0.2262727844123193,0.7353865493400378,0.16970458830923948,0.9050911376492772,8.089252042740416,3.4506599622878693,1.6970458830923947,0.0,0.16970458830923948,0.3959773727215588,15.3,15.3,9.7,8.3,30.6,2.8,11.1,2.8,2.8,2.8,13.9,13.9,8.3,19.4,22.2,25.0,8.3,8.3,22.2,8.3,2.8,2.8,51.4,44.4,5.6,86.1,11.1,22.2,12.5,19.7,4.9,10.0,80.6,51.4,20.1,73,17.1,22.2,12.9,17.2,23.1,27.0,26.1,11.6,38.0,Defensive midfielder,23.1,20.1,23.1,50.3,31.6
Victor Kone,Argentina,Manchester United,Premier League,23,Centre-back,549,89.4,80.9,69.6,22.3,0,0,3,0,21,3,26,4,1,6,5,13,0,0,0,2,2,6,20,29,19,0,2,91.0,0,13,1985946,0.37,0.05,0.0,0.0,0.0,0.49180327868852464,0.0,3.4426229508196724,0.49180327868852464,4.262295081967213,0.6557377049180328,0.1639344262295082,0.9836065573770493,0.819672131147541,2.1311475409836067,0.0,0.0,0.0,0.3278688524590164,0.3278688524590164,0.9836065573770493,3.278688524590164,4.754098360655738,3.114754098360656,0.0,0.3278688524590164,2.1311475409836067,18.5,18.5,32.6,39.1,6.5,10.9,17.4,80.4,100.0,91.3,10.9,6.5,10.9,4.3,18.5,32.6,73.9,54.3,52.2,8.7,15.2,2.2,51.1,67.4,10.9,62.0,6.5,6.5,29.1,23.6,47.8,10.3,95.7,61.2,33.4,55,43.8,24.4,27.0,45.6,21.5,21.5,24.6,20.9,38.4,Ball-playing centre-back,24.6,33.4,24.6,50.3,31.6
Jude Walker,USA,Monaco,Ligue 1,23,Attacking midfielder,240,76.8,77.8,54.2,18.0,0,0,4,1,5,9,6,3,2,6,2,0,2,1,1,3,0,7,22,10,3,0,2,81.1,0,0,5137224,0.22,0.26,0.0,0.0,0.0,1.5,0.375,1.875,3.375,2.25,1.125,0.75,2.25,0.75,0.0,0.75,0.375,0.375,1.125,0.0,2.625,8.25,3.75,1.125,0.0,0.75,0.0,6.8,6.8,2.7,8.1,2.7,18.9,70.3,64.9,13.5,8.1,100.0,83.8,2.7,2.7,35.1,10.8,2.7,2.7,40.5,13.5,21.6,21.6,51.4,100.0,2.7,60.8,2.7,2.7,8.5,7.6,39.1,52.7,97.3,51.8,24.8,82,48.0,8.4,9.6,27.2,65.3,52.3,38.8,29.4,49.8,Ball-progressing midfielder,48.0,24.8,48.0,50.2,31.4
Santiago Mbaye,Argentina,PSV,Eredivisie,23,Full-back,2019,90.6,72.4,69.3,48.9,1,0,6,8,33,31,38,19,6,34,13,11,7,2,24,14,4,13,162,108,34,0,2,81.3,1,11,4115514,0.75,1.81,0.04457652303120357,0.04457652303120357,0.0,0.2674591381872214,0.35661218424962854,1.4710252600297176,1.3818722139673105,1.6939078751857355,0.8469539375928677,0.2674591381872214,1.5156017830609212,0.5794947994056463,0.4903417533432392,0.31203566121842496,0.08915304606240713,1.0698365527488856,0.6240713224368499,0.17830609212481427,0.5794947994056463,7.221396731054978,4.814264487369985,1.5156017830609212,0.0,0.08915304606240713,0.4903417533432392,71.4,71.4,8.6,2.9,2.9,2.9,2.9,5.7,8.6,8.6,14.3,2.9,5.7,2.9,25.7,2.9,5.7,22.9,2.9,2.9,5.7,2.9,51.4,11.4,5.7,48.6,20.0,17.1,31.7,11.4,4.9,6.7,97.1,43.3,16.9,82,13.3,10.4,32.0,9.2,16.9,10.2,19.1,17.3,26.5,Chance creator,10.4,16.9,10.4,50.1,31.2
Daichi Alvarez,Netherlands,Braga,Primeira Liga,34,Full-back,1386,86.8,67.7,93.7,42.8,0,7,10,8,39,40,52,18,7,31,15,14,24,2,36,14,0,23,198,104,39,0,4,76.9,0,14,4289242,0.63,2.23,0.0,0.0,0.45454545454545453,0.6493506493506493,0.5194805194805194,2.5324675324675323,2.5974025974025974,3.3766233766233764,1.1688311688311688,0.45454545454545453,2.012987012987013,0.974025974025974,0.9090909090909091,1.5584415584415585,0.12987012987012986,2.3376623376623376,0.9090909090909091,0.0,1.4935064935064934,12.857142857142858,6.753246753246753,2.5324675324675323,0.0,0.2597402597402597,0.9090909090909091,32.9,32.9,100.0,42.9,20.0,11.4,37.1,65.7,25.7,20.0,51.4,22.9,31.4,84.3,37.1,54.3,20.0,2.9,57.1,48.6,45.7,22.9,51.4,45.7,28.6,4.3,10.0,25.7,25.1,40.0,31.7,39.7,15.700000000000003,12.4,30.8,19,29.1,27.4,24.4,32.6,29.7,34.1,16.9,46.2,22.2,Modern full-back,34.1,30.8,34.1,50.0,31.0
Tyler Osimhen,Japan,Atlanta United,MLS,27,Attacking midfielder,1687,74.5,59.8,75.7,40.7,3,2,30,24,41,35,24,30,13,17,4,7,18,2,2,24,13,41,146,49,25,0,1,79.8,3,9,5583556,2.78,2.17,0.16004742145820985,0.16004742145820985,0.1066982809721399,1.6004742145820985,1.2803793716656788,2.187314759928868,1.8672199170124482,1.2803793716656788,1.6004742145820985,0.6935388263189093,0.9069353882631891,0.2133965619442798,0.37344398340248963,0.9602845287492591,0.1066982809721399,0.1066982809721399,1.2803793716656788,0.6935388263189093,2.187314759928868,7.788974510966213,2.6141078838174274,1.3337285121517488,0.0,0.05334914048606995,0.48014226437462953,48.6,48.6,16.2,21.6,18.9,32.4,16.2,5.4,43.2,5.4,27.0,2.7,37.8,10.8,2.7,2.7,8.1,24.3,24.3,5.4,8.1,24.3,51.4,16.2,21.6,35.1,27.0,13.5,31.9,13.0,21.9,15.5,89.2,42.7,24.3,82,23.4,11.3,32.0,15.4,22.4,16.2,33.0,21.4,34.9,Box threat forward,32.0,24.3,32.0,49.8,30.6
Pedri Muller,Colombia,PSV,Eredivisie,25,Winger,825,77.9,71.9,80.7,18.6,1,1,18,12,14,33,12,21,20,7,5,5,12,2,19,12,7,33,99,46,11,0,3,76.3,1,6,6304220,1.69,1.81,0.1090909090909091,0.1090909090909091,0.1090909090909091,1.9636363636363638,1.309090909090909,1.5272727272727273,3.6,1.309090909090909,2.290909090909091,2.181818181818182,0.7636363636363637,0.5454545454545455,0.5454545454545455,1.309090909090909,0.2181818181818182,2.0727272727272728,1.309090909090909,0.7636363636363637,3.6,10.8,5.0181818181818185,1.2000000000000002,0.0,0.32727272727272727,0.6545454545454545,13.8,13.8,17.2,17.2,24.1,13.8,17.2,6.9,41.4,20.7,20.7,72.4,55.2,6.9,51.7,55.2,10.3,10.3,24.1,13.8,65.5,31.0,51.7,93.1,27.6,46.6,3.4,6.9,12.0,20.5,18.1,46.7,93.1,47.9,24.4,91,21.2,24.3,13.4,29.8,47.7,37.2,42.3,21.8,47.1,High-volume winger,29.8,24.4,29.8,49.3,29.5
Daichi Salah,France,LAFC,MLS,34,Forward,1069,96.7,56.3,81.3,30.1,5,1,31,6,10,23,8,9,10,6,2,12,19,4,2,12,16,56,127,26,4,0,1,72.4,5,17,2514654,3.28,1.06,0.42095416276894293,0.42095416276894293,0.08419083255378858,2.609915809167446,0.5051449953227315,0.8419083255378859,1.9363891487371374,0.6735266604303086,0.7577174929840973,0.8419083255378859,0.5051449953227315,0.16838166510757716,1.010289990645463,1.5996258185219832,0.3367633302151543,0.16838166510757716,1.010289990645463,1.3470533208606172,4.7146866230121605,10.69223573433115,2.188961646398503,0.3367633302151543,0.0,0.08419083255378858,1.431244153414406,55.6,59.3,37.0,29.6,22.2,44.4,85.2,33.3,33.3,37.0,44.4,48.1,11.1,51.9,100.0,48.1,51.9,18.5,25.9,22.2,14.8,11.1,51.9,29.6,14.8,14.8,11.1,18.5,31.3,40.4,50.0,31.1,48.1,30.5,34.9,19,48.9,41.5,29.6,48.2,36.3,47.3,28.5,33.2,27.5,High-pressing forward,33.2,34.9,33.2,49.2,29.3
Weston Kim,Uruguay,Eintracht Frankfurt,Bundesliga,22,Centre-back,1669,81.7,74.8,66.6,47.0,1,0,6,2,38,7,36,5,1,19,20,26,6,1,1,4,4,12,46,71,65,0,4,93.3,1,26,3151060,0.73,0.34,0.05392450569203116,0.05392450569203116,0.0,0.32354703415218694,0.10784901138406232,2.0491312162971838,0.3774715398442181,1.9412822049131218,0.2696225284601558,0.05392450569203116,1.0245656081485919,1.078490113840623,1.40203714799281,0.32354703415218694,0.05392450569203116,0.05392450569203116,0.21569802276812464,0.21569802276812464,0.6470940683043739,2.480527261833433,3.8286399041342123,3.5050928699820254,0.0,0.21569802276812464,1.40203714799281,67.4,67.4,32.6,10.9,32.6,2.2,8.7,4.3,34.8,39.1,15.2,10.9,4.3,30.4,58.7,78.3,47.8,23.9,13.0,2.2,4.3,6.5,51.1,37.0,2.2,80.4,23.9,44.6,33.9,41.8,12.8,8.4,69.6,52.4,23.8,46,19.1,47.1,33.1,36.4,21.5,36.6,23.9,18.7,35.8,Ball-playing centre-back,23.9,23.8,23.9,48.3,27.5
Sofiane Garcia,Croatia,Barcelona,LaLiga,17,Centre-back,1081,76.5,94.6,67.4,42.6,0,1,10,4,40,7,35,2,0,18,13,39,5,0,0,4,2,13,41,73,61,0,4,90.8,0,39,4570479,0.7,0.32,0.0,0.0,0.08325624421831637,0.8325624421831638,0.3330249768732655,3.330249768732655,0.5827937095282146,2.913968547641073,0.16651248843663274,0.0,1.4986123959296946,1.0823311748381128,3.2469935245143384,0.4162812210915819,0.0,0.0,0.3330249768732655,0.16651248843663274,1.0823311748381128,3.4135060129509713,6.077705827937096,5.078630897317299,0.0,0.3330249768732655,3.2469935245143384,18.5,18.5,91.3,91.3,93.5,8.7,26.1,26.1,10.9,15.2,56.5,13.0,45.7,39.1,18.5,32.6,76.1,15.2,67.4,10.9,45.7,26.1,51.1,69.6,41.3,58.7,18.5,40.2,33.6,65.9,17.5,35.0,60.9,42.0,34.4,1,24.8,59.4,27.5,42.6,37.5,45.9,31.1,41.1,41.5,Ball-playing centre-back,31.1,34.4,31.1,47.9,26.7
Federico Ramos,Ghana,Atletico Madrid,LaLiga,31,Forward,2058,70.2,90.6,70.7,54.1,4,1,52,14,13,30,17,16,15,8,3,19,29,1,1,11,30,84,193,48,11,0,2,72.8,4,27,7272998,5.68,1.17,0.1749271137026239,0.1749271137026239,0.043731778425655975,2.2740524781341107,0.6122448979591837,0.5685131195335277,1.3119533527696792,0.7434402332361516,0.6997084548104956,0.6559766763848396,0.3498542274052478,0.13119533527696792,0.8309037900874635,1.2682215743440233,0.043731778425655975,0.043731778425655975,0.4810495626822157,1.3119533527696792,3.673469387755102,8.440233236151604,2.0991253644314867,0.4810495626822157,0.0,0.08746355685131195,1.1807580174927113,11.1,11.1,18.5,18.5,25.9,7.4,25.9,40.7,22.2,14.8,14.8,33.3,3.7,22.2,25.9,7.4,7.4,14.8,18.5,7.4,11.1,33.3,51.9,33.3,7.4,22.2,29.6,25.9,18.3,21.6,21.6,15.9,77.8,33.9,21.3,46,24.4,20.3,17.2,21.2,21.8,20.9,23.5,12.5,31.6,Box threat forward,17.2,21.3,17.2,47.3,25.5
Mohamed Van Dijk,Portugal,Lyon,Ligue 1,19,Defensive midfielder,2135,86.1,75.5,74.6,55.7,0,3,7,7,56,22,48,9,7,41,20,14,20,1,2,14,1,7,207,89,64,0,0,89.1,0,14,5847106,0.42,0.9,0.0,0.0,0.12646370023419204,0.29508196721311475,0.29508196721311475,2.360655737704918,0.927400468384075,2.0234192037470726,0.37939110070257615,0.29508196721311475,1.728337236533958,0.8430913348946136,0.5901639344262295,0.8430913348946136,0.04215456674473068,0.08430913348946135,0.5901639344262295,0.04215456674473068,0.29508196721311475,8.725995316159251,3.7517564402810306,2.6978922716627634,0.0,0.0,0.5901639344262295,24.1,24.1,70.4,3.7,7.4,3.7,11.1,11.1,7.4,29.6,7.4,7.4,3.7,37.0,25.9,14.8,11.1,11.1,3.7,7.4,3.7,3.7,51.9,3.7,3.7,66.7,7.4,20.4,12.2,26.6,10.2,6.1,63.0,44.5,18.8,28,18.9,14.9,12.2,18.2,16.7,16.8,20.2,9.1,27.1,Ball-progressing midfielder,18.9,18.8,18.9,47.2,25.4
Daichi Hakimi,Nigeria,Ajax,Eredivisie,17,Forward,2079,73.4,76.0,74.6,43.0,6,3,50,9,17,25,12,18,11,9,6,29,27,2,2,15,30,72,200,71,14,0,0,82.5,6,38,6088636,5.46,1.12,0.2597402597402597,0.2597402597402597,0.12987012987012986,2.1645021645021645,0.3896103896103896,0.7359307359307359,1.0822510822510822,0.5194805194805194,0.7792207792207791,0.47619047619047616,0.3896103896103896,0.2597402597402597,1.2554112554112553,1.1688311688311688,0.08658008658008658,0.08658008658008658,0.6493506493506493,1.2987012987012987,3.1168831168831166,8.658008658008658,3.073593073593073,0.6060606060606061,0.0,0.0,1.6450216450216448,33.3,33.3,59.3,11.1,11.1,14.8,11.1,14.8,37.0,3.7,29.6,74.1,18.5,18.5,37.0,11.1,14.8,11.1,7.4,11.1,51.9,40.7,51.9,11.1,18.5,100.0,22.2,22.2,20.2,28.0,16.1,40.7,81.5,62.2,29.1,28,24.6,18.5,20.7,12.5,54.4,32.9,48.3,21.7,49.3,High-pressing forward,21.7,29.1,21.7,45.8,22.8
Youssef Rice 2,Denmark,Seattle Sounders,MLS,21,Goalkeeper,1395,84.6,56.5,67.3,45.9,0,0,0,0,56,4,14,0,0,2,1,3,6,0,0,0,0,0,4,38,121,75,2,74.2,0,3,5443055,0.0,0.0,0.0,0.0,0.0,0.0,0.0,3.6129032258064515,0.25806451612903225,0.9032258064516129,0.0,0.0,0.12903225806451613,0.06451612903225806,0.1935483870967742,0.3870967741935484,0.0,0.0,0.0,0.0,0.0,0.25806451612903225,2.4516129032258065,7.806451612903226,4.838709677419355,0.12903225806451613,0.1935483870967742,52.2,52.2,43.5,30.4,32.6,8.7,87.0,17.4,32.6,32.6,82.6,34.8,47.8,65.2,30.4,52.2,15.2,52.2,21.7,26.1,8.7,21.7,26.1,13.0,47.8,8.7,15.2,4.3,36.6,24.8,36.0,42.2,34.8,20.1,28.9,19,33.7,23.7,37.9,49.1,35.0,53.9,22.0,38.2,16.8,Goalkeeper distributor,16.8,28.9,16.8,44.5,20.6
Florian Martinez,Serbia,Flamengo,Brasileirao,17,Centre-back,1763,81.0,68.5,71.4,51.5,1,0,7,0,68,10,40,5,4,23,19,46,4,2,0,2,6,9,81,78,69,0,5,85.0,1,47,3076296,0.92,0.23,0.05104934770277936,0.05104934770277936,0.0,0.3573454339194555,0.0,3.4713556437889963,0.5104934770277936,2.0419739081111743,0.2552467385138968,0.20419739081111743,1.1741349971639252,0.9699376063528077,2.3482699943278504,0.20419739081111743,0.10209869540555871,0.0,0.10209869540555871,0.30629608621667614,0.45944412932501416,4.134997163925128,3.9818491208167894,3.5224049914917757,0.0,0.2552467385138968,2.39931934203063,58.7,58.7,32.6,19.6,6.5,13.0,19.6,6.5,32.6,93.5,26.1,8.7,19.6,13.0,80.4,32.6,17.4,50.0,8.7,17.4,8.7,8.7,51.1,50.0,19.6,5.4,39.1,17.4,41.2,27.2,24.3,16.0,87.0,40.5,26.0,1,24.3,25.1,40.6,44.2,17.1,17.9,17.1,24.6,25.0,Ball-playing centre-back,17.1,26.0,17.1,43.5,19.0
Jude Kim,Australia,LAFC,MLS,29,Attacking midfielder,1894,67.8,62.5,72.0,45.0,1,2,23,26,37,31,34,12,13,7,7,1,24,5,6,40,7,27,160,61,21,0,4,80.0,1,2,4094261,1.79,3.09,0.04751847940865892,0.04751847940865892,0.09503695881731784,1.0929250263991552,1.235480464625132,1.7581837381203802,1.4730728616684265,1.6156282998944034,0.5702217529039071,0.617740232312566,0.3326293558606125,0.3326293558606125,0.04751847940865892,1.1404435058078142,0.23759239704329463,0.28511087645195354,1.900739176346357,0.3326293558606125,1.282998944033791,7.602956705385428,2.8986272439281944,0.9978880675818373,0.0,0.1900739176346357,0.09503695881731784,13.5,13.5,13.5,5.4,13.5,13.5,2.7,16.2,2.7,2.7,2.7,16.2,5.4,24.3,16.2,5.4,18.9,5.4,2.7,2.7,13.5,13.5,51.4,62.2,5.4,43.2,10.8,27.0,8.9,18.1,8.6,8.6,75.7,37.8,16.4,64,16.3,17.5,8.8,8.6,18.4,11.7,23.0,6.1,35.6,Chance creator,17.5,16.4,17.5,43.3,18.7
Rafael Sarr,Mexico,Arsenal,Premier League,19,Goalkeeper,1598,71.9,90.3,68.4,31.3,0,1,0,0,48,1,13,1,0,0,2,1,2,2,0,1,0,0,2,44,93,98,3,72.3,0,1,2776580,0.0,0.2,0.0,0.0,0.05632040050062578,0.0,0.0,2.7033792240300376,0.05632040050062578,0.7321652065081351,0.05632040050062578,0.0,0.0,0.11264080100125155,0.05632040050062578,0.11264080100125155,0.11264080100125155,0.0,0.05632040050062578,0.0,0.0,0.11264080100125155,2.4780976220275344,5.2377972465581975,5.519399249061326,0.16896120150187735,0.05632040050062578,52.2,52.2,91.3,30.4,32.6,4.3,26.1,8.7,82.6,32.6,13.0,65.2,13.0,21.7,87.0,52.2,43.5,52.2,21.7,4.3,13.0,4.3,82.6,21.7,13.0,4.3,15.2,71.7,36.6,63.9,25.2,24.7,78.3,27.0,28.5,1,17.2,54.7,34.5,36.6,27.0,32.8,18.7,20.9,20.5,Goalkeeper distributor,20.5,28.5,20.5,41.8,16.5
Theo Williams,Turkey,Braga,Primeira Liga,20,Centre-back,2092,68.0,69.7,70.2,47.9,0,2,6,0,68,8,43,2,0,17,19,37,11,0,0,1,3,8,74,90,80,0,4,88.0,0,38,3777819,0.59,0.02,0.0,0.0,0.08604206500956023,0.25812619502868067,0.0,2.925430210325048,0.3441682600382409,1.849904397705545,0.08604206500956023,0.0,0.731357552581262,0.8173996175908222,1.5917782026768643,0.4732313575525813,0.0,0.0,0.043021032504780114,0.12906309751434034,0.3441682600382409,3.1835564053537286,3.8718929254302106,3.4416826003824093,0.0,0.17208413001912046,1.6347992351816445,18.5,18.5,94.6,6.5,6.5,4.3,6.5,2.2,2.2,15.2,2.2,4.3,6.5,43.5,18.5,32.6,8.7,10.9,2.2,6.5,6.5,4.3,51.1,23.9,6.5,26.1,13.0,4.3,12.2,25.7,5.2,4.9,56.5,26.6,12.0,28,10.3,10.8,12.0,16.1,9.6,13.1,12.7,7.5,20.7,Ball-playing centre-back,12.7,12.0,12.7,39.0,13.0
