player_name,country,club,league,age,position,squad_number,raw_position,date_of_birth,caps,international_goals,final_squad_selected,tm_player_id,tm_current_club_name,tm_current_club_domestic_competition_id,tm_sub_position,tm_foot,tm_height_in_cm,tm_national_team_name,tm_confederation,tm_url,tm_image_url,data_source,data_refresh_date
Matěj Kovář,Czech Republic,Eindhovense Voetbalvereniging Philips Sport Vereniging,eredivisie,26,Goalkeeper,1,GK,"May 17, 2000",19,0,True,550829.0,Eindhovense Voetbalvereniging Philips Sport Vereniging,NL1,Goalkeeper,right,196.0,,,https://www.transfermarkt.co.uk/matej-kovar/profil/spieler/550829,https://img.a.transfermarkt.technology/portrait/header/550829-1765213743.jpg?lm=1,real_wc2026_squads_transfermarkt_openfootball,2026-06-02
David Zima,Czech Republic,"SK Slavia Praha, a.s.",chance-liga,25,Centre-back,2,DF,"November 8, 2000",24,1,True,544149.0,"SK Slavia Praha, a.s.",TS1,Centre-Back,right,190.0,,,https://www.transfermarkt.co.uk/david-zima/profil/spieler/544149,https://img.a.transfermarkt.technology/portrait/header/544149-1663596313.jpg?lm=1,real_wc2026_squads_transfermarkt_openfootball,2026-06-02
Tomáš Holeš,Czech Republic,"SK Slavia Praha, a.s.",chance-liga,33,Centre-back,3,DF,"March 31, 1993",40,2,True,216278.0,"SK Slavia Praha, a.s.",TS1,Centre-Back,right,180.0,,,https://www.transfermarkt.co.uk/tomas-holes/profil/spieler/216278,https://img.a.transfermarkt.technology/portrait/header/216278-1697831325.png?lm=1,real_wc2026_squads_transfermarkt_openfootball,2026-06-02
Robin Hranáč,Czech Republic,Turn- und Sportgemeinschaft 1899 Hoffenheim Fußball-Spielbetriebs,bundesliga,26,Centre-back,4,DF,"January 29, 2000",13,1,True,620217.0,Turn- und Sportgemeinschaft 1899 Hoffenheim Fußball-Spielbetriebs,L1,Centre-Back,right,190.0,,,https://www.transfermarkt.co.uk/robin-hranac/profil/spieler/620217,https://img.a.transfermarkt.technology/portrait/header/620217-1713471898.jpg?lm=1,real_wc2026_squads_transfermarkt_openfootball,2026-06-02
Vladimír Coufal,Czech Republic,Turn- und Sportgemeinschaft 1899 Hoffenheim Fußball-Spielbetriebs,bundesliga,33,Full-back,5,DF,"August 22, 1992",61,2,True,157672.0,Turn- und Sportgemeinschaft 1899 Hoffenheim Fußball-Spielbetriebs,L1,Right-Back,right,174.0,,,https://www.transfermarkt.co.uk/vladimir-coufal/profil/spieler/157672,https://img.a.transfermarkt.technology/portrait/header/157672-1755091456.jpg?lm=1,real_wc2026_squads_transfermarkt_openfootball,2026-06-02
Štěpán Chaloupek,Czech Republic,"SK Slavia Praha, a.s.",chance-liga,23,Centre-back,6,DF,"March 8, 2003",4,0,True,944827.0,"SK Slavia Praha, a.s.",TS1,Centre-Back,right,188.0,,,https://www.transfermarkt.co.uk/stepan-chaloupek/profil/spieler/944827,https://img.a.transfermarkt.technology/portrait/header/944827-1769071543.jpg?lm=1,real_wc2026_squads_transfermarkt_openfootball,2026-06-02
Ladislav Krejčí,Czech Republic,Wolverhampton Wanderers Football Club,premier-league,27,Centre-back,7,DF,"April 20, 1999",26,5,True,345911.0,Wolverhampton Wanderers Football Club,GB1,Centre-Back,left,191.0,,,https://www.transfermarkt.co.uk/ladislav-krejci/profil/spieler/345911,https://img.a.transfermarkt.technology/portrait/header/345911-1716965804.jpg?lm=1,real_wc2026_squads_transfermarkt_openfootball,2026-06-02
Vladimír Darida,Czech Republic,FC Hradec Králové a.s.,chance-liga,35,Central midfielder,8,MF,"August 8, 1990",78,8,True,179643.0,FC Hradec Králové a.s.,TS1,Central Midfield,right,172.0,,,https://www.transfermarkt.co.uk/vladimir-darida/profil/spieler/179643,https://img.a.transfermarkt.technology/portrait/header/179643-1657098719.jpg?lm=1,real_wc2026_squads_transfermarkt_openfootball,2026-06-02
Adam Hložek,Czech Republic,Turn- und Sportgemeinschaft 1899 Hoffenheim Fußball-Spielbetriebs,bundesliga,23,Forward,9,FW,"July 25, 2002",42,5,True,552057.0,Turn- und Sportgemeinschaft 1899 Hoffenheim Fußball-Spielbetriebs,L1,Centre-Forward,right,188.0,,,https://www.transfermarkt.co.uk/adam-hlozek/profil/spieler/552057,https://img.a.transfermarkt.technology/portrait/header/552057-1755092070.jpg?lm=1,real_wc2026_squads_transfermarkt_openfootball,2026-06-02
Patrik Schick,Czech Republic,Bayer 04 Leverkusen Fußball,bundesliga,30,Forward,10,FW,"January 24, 1996",52,25,True,242086.0,Bayer 04 Leverkusen Fußball,L1,Centre-Forward,left,191.0,,,https://www.transfermarkt.co.uk/patrik-schick/profil/spieler/242086,https://img.a.transfermarkt.technology/portrait/header/242086-1727378322.jpg?lm=1,real_wc2026_squads_transfermarkt_openfootball,2026-06-02
Jan Kuchta,Czech Republic,"AC Sparta Praha, a. s.",chance-liga,29,Forward,11,FW,"January 8, 1997",31,3,True,334802.0,"AC Sparta Praha, a. s.",TS1,Centre-Forward,right,185.0,,,https://www.transfermarkt.co.uk/jan-kuchta/profil/spieler/334802,https://img.a.transfermarkt.technology/portrait/header/334802-1716966274.jpg?lm=1,real_wc2026_squads_transfermarkt_openfootball,2026-06-02
Lukáš Červ,Czech Republic,"FC Viktoria Plzeň, a.s.",chance-liga,25,Central midfielder,12,MF,"April 10, 2001",16,2,True,611049.0,"FC Viktoria Plzeň, a.s.",TS1,Central Midfield,,182.0,,,https://www.transfermarkt.co.uk/lukas-cerv/profil/spieler/611049,https://img.a.transfermarkt.technology/portrait/header/611049-1659447996.jpg?lm=1,real_wc2026_squads_transfermarkt_openfootball,2026-06-02
Mojmír Chytil,Czech Republic,"SK Slavia Praha, a.s.",chance-liga,27,Forward,13,FW,"April 29, 1999",22,6,True,405855.0,"SK Slavia Praha, a.s.",TS1,Centre-Forward,right,187.0,,,https://www.transfermarkt.co.uk/mojmir-chytil/profil/spieler/405855,https://img.a.transfermarkt.technology/portrait/header/405855-1697832425.png?lm=1,real_wc2026_squads_transfermarkt_openfootball,2026-06-02
David Jurásek,Czech Republic,"SK Slavia Praha, a.s.",chance-liga,25,Full-back,14,DF,"August 7, 2000",17,1,True,500054.0,"SK Slavia Praha, a.s.",TS1,Left-Back,left,183.0,,,https://www.transfermarkt.co.uk/david-jurasek/profil/spieler/500054,https://img.a.transfermarkt.technology/portrait/header/500054-1701333965.jpg?lm=1,real_wc2026_squads_transfermarkt_openfootball,2026-06-02
Pavel Šulc,Czech Republic,Olympique Lyonnais,ligue-1,25,Attacking midfielder,15,FW,"December 29, 2000",20,5,True,500053.0,Olympique Lyonnais,FR1,Attacking Midfield,right,177.0,,,https://www.transfermarkt.co.uk/pavel-sulc/profil/spieler/500053,https://img.a.transfermarkt.technology/portrait/header/500053-1718742395.jpg?lm=1,real_wc2026_squads_transfermarkt_openfootball,2026-06-02
Jindřich Staněk,Czech Republic,"SK Slavia Praha, a.s.",chance-liga,30,Goalkeeper,16,GK,"April 27, 1996",14,0,True,242089.0,"SK Slavia Praha, a.s.",TS1,Goalkeeper,right,192.0,,,https://www.transfermarkt.co.uk/jindrich-stanek/profil/spieler/242089,https://img.a.transfermarkt.technology/portrait/header/242089-1716965449.jpg?lm=1,real_wc2026_squads_transfermarkt_openfootball,2026-06-02
Lukáš Provod,Czech Republic,"SK Slavia Praha, a.s.",chance-liga,29,Winger,17,MF,"October 23, 1996",37,3,True,292779.0,"SK Slavia Praha, a.s.",TS1,Left Winger,left,191.0,,,https://www.transfermarkt.co.uk/lukas-provod/profil/spieler/292779,https://img.a.transfermarkt.technology/portrait/header/292779-1697832390.png?lm=1,real_wc2026_squads_transfermarkt_openfootball,2026-06-02
Michal Sadílek,Czech Republic,"SK Slavia Praha, a.s.",chance-liga,27,Central midfielder,18,MF,"May 31, 1999",34,1,True,321204.0,"SK Slavia Praha, a.s.",TS1,Central Midfield,left,169.0,,,https://www.transfermarkt.co.uk/michal-sadilek/profil/spieler/321204,https://img.a.transfermarkt.technology/portrait/header/321204-1658219516.jpg?lm=1,real_wc2026_squads_transfermarkt_openfootball,2026-06-02
Tomáš Chorý,Czech Republic,"SK Slavia Praha, a.s.",chance-liga,31,Forward,19,FW,"January 26, 1995",21,6,True,198614.0,"SK Slavia Praha, a.s.",TS1,Centre-Forward,right,199.0,,,https://www.transfermarkt.co.uk/tomas-chory/profil/spieler/198614,https://img.a.transfermarkt.technology/portrait/header/198614-1515072144.jpg?lm=1,real_wc2026_squads_transfermarkt_openfootball,2026-06-02
Jaroslav Zelený,Czech Republic,"AC Sparta Praha, a. s.",chance-liga,33,Centre-back,20,DF,"August 20, 1992",22,0,True,142219.0,"AC Sparta Praha, a. s.",TS1,Centre-Back,left,190.0,,,https://www.transfermarkt.co.uk/jaroslav-zeleny/profil/spieler/142219,https://img.a.transfermarkt.technology/portrait/header/142219-1654266297.jpg?lm=1,real_wc2026_squads_transfermarkt_openfootball,2026-06-02
David Douděra,Czech Republic,"SK Slavia Praha, a.s.",chance-liga,28,Winger,21,DF,"May 31, 1998",16,2,True,493758.0,"SK Slavia Praha, a.s.",TS1,Right Midfield,right,175.0,,,https://www.transfermarkt.co.uk/david-doudera/profil/spieler/493758,https://img.a.transfermarkt.technology/portrait/header/493758-1697831504.png?lm=1,real_wc2026_squads_transfermarkt_openfootball,2026-06-02
Tomáš Souček,Czech Republic,West Ham United Football Club,premier-league,31,Defensive midfielder,22,MF,"February 27, 1995",89,17,True,283628.0,West Ham United Football Club,GB1,Defensive Midfield,right,192.0,,,https://www.transfermarkt.co.uk/tomas-soucek/profil/spieler/283628,https://img.a.transfermarkt.technology/portrait/header/283628-1704184173.jpg?lm=1,real_wc2026_squads_transfermarkt_openfootball,2026-06-02
Lukáš Horníček,Czech Republic,Sporting Clube de Braga,liga-portugal,23,Goalkeeper,23,GK,"July 13, 2002",1,0,True,629773.0,Sporting Clube de Braga,PO1,Goalkeeper,right,198.0,,,https://www.transfermarkt.co.uk/lukas-hornicek/profil/spieler/629773,https://img.a.transfermarkt.technology/portrait/header/629773-1732826321.jpg?lm=1,real_wc2026_squads_transfermarkt_openfootball,2026-06-02
Alexandr Sojka,Czech Republic,"FC Viktoria Plzeň, a.s.",chance-liga,23,Central midfielder,24,MF,"April 2, 2003",1,0,True,826103.0,"FC Viktoria Plzeň, a.s.",TS1,Central Midfield,,188.0,,,https://www.transfermarkt.co.uk/alexandr-sojka/profil/spieler/826103,https://img.a.transfermarkt.technology/portrait/header/826103-1750680908.jpg?lm=1,real_wc2026_squads_transfermarkt_openfootball,2026-06-02
Hugo Sochůrek,Czech Republic,"AC Sparta Praha, a. s.",chance-liga,18,Central midfielder,25,MF,"June 7, 2008",1,0,True,1206877.0,"AC Sparta Praha, a. s.",TS1,Central Midfield,right,183.0,,,https://www.transfermarkt.co.uk/hugo-sochurek/profil/spieler/1206877,https://img.a.transfermarkt.technology/portrait/header/1206877-1761246727.jpg?lm=1,real_wc2026_squads_transfermarkt_openfootball,2026-06-02
Denis Višinský,Czech Republic,"FC Viktoria Plzeň, a.s.",chance-liga,23,Attacking midfielder,26,FW,"March 21, 2003",1,0,True,652060.0,"FC Viktoria Plzeň, a.s.",TS1,Attacking Midfield,right,178.0,,,https://www.transfermarkt.co.uk/denis-visinsky/profil/spieler/652060,https://img.a.transfermarkt.technology/portrait/header/652060-1706253771.png?lm=1,real_wc2026_squads_transfermarkt_openfootball,2026-06-02
Raúl Rangel,Mexico,Club Deportivo Guadalajara S. A. de C. V.,liga-mx-clausura,26,Goalkeeper,1,GK,"February 25, 2000",13,0,True,802855.0,Club Deportivo Guadalajara S. A. de C. V.,MEX1,Goalkeeper,right,190.0,,,https://www.transfermarkt.co.uk/raul-rangel/profil/spieler/802855,https://img.a.transfermarkt.technology/portrait/header/802855-1751874010.jpg?lm=1,real_wc2026_squads_transfermarkt_openfootball,2026-06-02
Jorge Sánchez,Mexico,Panthessalonikios Athlitikos Omilos Konstantinoupoliton,super-league-1,28,Full-back,2,DF,"December 10, 1997",58,3,True,356044.0,Panthessalonikios Athlitikos Omilos Konstantinoupoliton,GR1,Right-Back,right,181.0,,,https://www.transfermarkt.co.uk/jorge-sanchez/profil/spieler/356044,https://img.a.transfermarkt.technology/portrait/header/356044-1777755351.png?lm=1,real_wc2026_squads_transfermarkt_openfootball,2026-06-02
César Montes,Mexico,"Футбольный клуб ""Локомотив"" Москва",premier-liga,29,Centre-back,3,DF,"February 24, 1997",66,4,True,387687.0,"Футбольный клуб ""Локомотив"" Москва",RU1,Centre-Back,right,195.0,,,https://www.transfermarkt.co.uk/cesar-montes/profil/spieler/387687,https://img.a.transfermarkt.technology/portrait/header/387687-1728229633.png?lm=1,real_wc2026_squads_transfermarkt_openfootball,2026-06-02
Edson Álvarez,Mexico,Fenerbahçe Spor Kulübü,super-lig,28,Defensive midfielder,4,DF,"October 24, 1997",97,7,True,401356.0,Fenerbahçe Spor Kulübü,TR1,Defensive Midfield,right,190.0,,,https://www.transfermarkt.co.uk/edson-alvarez/profil/spieler/401356,https://img.a.transfermarkt.technology/portrait/header/401356-1765380634.jpg?lm=1,real_wc2026_squads_transfermarkt_openfootball,2026-06-02
Johan Vásquez,Mexico,Genoa Cricket and Football Club,serie-a,27,Centre-back,5,DF,"October 22, 1998",45,2,True,532937.0,Genoa Cricket and Football Club,IT1,Centre-Back,left,185.0,,,https://www.transfermarkt.co.uk/johan-vasquez/profil/spieler/532937,https://img.a.transfermarkt.technology/portrait/header/532937-1742929864.jpg?lm=1,real_wc2026_squads_transfermarkt_openfootball,2026-06-02
Érik Lira,Mexico,Club de Fútbol Cruz Azul S.A. de C.V.,liga-mx-clausura,26,Defensive midfielder,6,MF,"May 8, 2000",24,0,True,602324.0,Club de Fútbol Cruz Azul S.A. de C.V.,MEX1,Defensive Midfield,right,172.0,,,https://www.transfermarkt.co.uk/erik-lira/profil/spieler/602324,https://img.a.transfermarkt.technology/portrait/header/602324-1751873784.jpg?lm=1,real_wc2026_squads_transfermarkt_openfootball,2026-06-02
Luis Romo,Mexico,Club Deportivo Guadalajara S. A. de C. V.,liga-mx-clausura,31,Centre-back,7,MF,"June 5, 1995",62,4,True,532938.0,Club Deportivo Guadalajara S. A. de C. V.,MEX1,Centre-Back,right,182.0,,,https://www.transfermarkt.co.uk/luis-romo/profil/spieler/532938,https://img.a.transfermarkt.technology/portrait/header/532938-1580830010.jpg?lm=1,real_wc2026_squads_transfermarkt_openfootball,2026-06-02
Álvaro Fidalgo,Mexico,Real Betis Balompié S.A.D.,laliga,29,Central midfielder,8,MF,"April 9, 1997",3,0,True,261503.0,Real Betis Balompié S.A.D.,ES1,Central Midfield,right,174.0,,,https://www.transfermarkt.co.uk/alvaro-fidalgo/profil/spieler/261503,https://img.a.transfermarkt.technology/portrait/header/261503-1773343851.jpg?lm=1,real_wc2026_squads_transfermarkt_openfootball,2026-06-02
Raúl Jiménez,Mexico,Fulham Football Club,premier-league,35,Forward,9,FW,"May 5, 1991",123,44,True,206040.0,Fulham Football Club,GB1,Centre-Forward,right,187.0,,,https://www.transfermarkt.co.uk/raul-jimenez/profil/spieler/206040,https://img.a.transfermarkt.technology/portrait/header/206040-1742820547.jpg?lm=1,real_wc2026_squads_transfermarkt_openfootball,2026-06-02
Alexis Vega,Mexico,"Deportivo Toluca Futbol Club, S. A. de C. V.",liga-mx-clausura,28,Winger,10,FW,"November 25, 1997",51,7,True,424689.0,"Deportivo Toluca Futbol Club, S. A. de C. V.",MEX1,Left Winger,right,174.0,,,https://www.transfermarkt.co.uk/alexis-vega/profil/spieler/424689,https://img.a.transfermarkt.technology/portrait/header/424689-1666538728.jpg?lm=1,real_wc2026_squads_transfermarkt_openfootball,2026-06-02
Santiago Giménez,Mexico,Associazione Calcio Milan,serie-a,25,Forward,11,FW,"April 18, 2001",47,6,True,552955.0,Associazione Calcio Milan,IT1,Centre-Forward,left,183.0,,,https://www.transfermarkt.co.uk/santiago-gimenez/profil/spieler/552955,https://img.a.transfermarkt.technology/portrait/header/552955-1739903736.jpg?lm=1,real_wc2026_squads_transfermarkt_openfootball,2026-06-02
Carlos Acevedo,Mexico,Club Santos Laguna S. A. de C. V.,liga-mx-clausura,30,Goalkeeper,12,GK,"April 19, 1996",7,0,True,356042.0,Club Santos Laguna S. A. de C. V.,MEX1,Goalkeeper,right,184.0,,,https://www.transfermarkt.co.uk/carlos-acevedo/profil/spieler/356042,https://img.a.transfermarkt.technology/portrait/header/356042-1666549577.jpg?lm=1,real_wc2026_squads_transfermarkt_openfootball,2026-06-02
Guillermo Ochoa,Mexico,AEL Limassol,Unknown,40,Goalkeeper,13,GK,"July 13, 1985",152,0,True,29559.0,,,Goalkeeper,right,185.0,Mexico,CONCACAF,https://www.transfermarkt.co.uk/guillermo-ochoa/profil/spieler/29559,https://img.a.transfermarkt.technology/portrait/header/29559-1668452843.jpg?lm=1,real_wc2026_squads_transfermarkt_openfootball,2026-06-02
Armando González,Mexico,Club Deportivo Guadalajara S. A. de C. V.,liga-mx-clausura,23,Forward,14,FW,"April 20, 2003",7,1,True,837619.0,Club Deportivo Guadalajara S. A. de C. V.,MEX1,Centre-Forward,right,179.0,,,https://www.transfermarkt.co.uk/armando-gonzalez/profil/spieler/837619,https://img.a.transfermarkt.technology/portrait/header/837619-1727117232.jpg?lm=1,real_wc2026_squads_transfermarkt_openfootball,2026-06-02
Israel Reyes,Mexico,Club de Futbol América S. A. de C. V.,liga-mx-clausura,26,Full-back,15,DF,"May 23, 2000",33,2,True,687558.0,Club de Futbol América S. A. de C. V.,MEX1,Right-Back,right,180.0,,,https://www.transfermarkt.co.uk/israel-reyes/profil/spieler/687558,https://img.a.transfermarkt.technology/portrait/header/687558-1751873902.jpg?lm=1,real_wc2026_squads_transfermarkt_openfootball,2026-06-02
Julián Quiñones,Mexico,Al-Qadsiah Saudi Football Club,saudi-pro-league,29,Forward,16,FW,"March 24, 1997",21,2,True,416090.0,Al-Qadsiah Saudi Football Club,SA1,Centre-Forward,right,180.0,,,https://www.transfermarkt.co.uk/julian-quinones/profil/spieler/416090,https://img.a.transfermarkt.technology/portrait/header/416090-1719229425.jpg?lm=1,real_wc2026_squads_transfermarkt_openfootball,2026-06-02
Orbelín Pineda,Mexico,Athlitiki Enosi Konstantinoupoleos,super-league-1,30,Central midfielder,17,MF,"March 24, 1996",91,12,True,334042.0,Athlitiki Enosi Konstantinoupoleos,GR1,Central Midfield,right,169.0,,,https://www.transfermarkt.co.uk/orbelin-pineda/profil/spieler/334042,https://img.a.transfermarkt.technology/portrait/header/334042-1754429262.png?lm=1,real_wc2026_squads_transfermarkt_openfootball,2026-06-02
Obed Vargas,Mexico,Club Atlético de Madrid S.A.D.,laliga,20,Central midfielder,18,MF,"August 5, 2005",6,0,True,889435.0,Club Atlético de Madrid S.A.D.,ES1,Central Midfield,right,175.0,,,https://www.transfermarkt.co.uk/obed-vargas/profil/spieler/889435,https://img.a.transfermarkt.technology/portrait/header/889435-1740863407.jpg?lm=1,real_wc2026_squads_transfermarkt_openfootball,2026-06-02
Gilberto Mora,Mexico,Club Tijuana Xoloitzcuintles de Caliente,liga-mx-clausura,17,Attacking midfielder,19,MF,"October 14, 2008",7,0,True,1155723.0,Club Tijuana Xoloitzcuintles de Caliente,MEX1,Attacking Midfield,right,168.0,,,https://www.transfermarkt.co.uk/gilberto-mora/profil/spieler/1155723,https://img.a.transfermarkt.technology/portrait/header/1155723-1751873501.jpg?lm=1,real_wc2026_squads_transfermarkt_openfootball,2026-06-02
Mateo Chávez,Mexico,Alkmaar Zaanstreek,eredivisie,22,Full-back,20,DF,"May 12, 2004",9,0,True,1066953.0,Alkmaar Zaanstreek,NL1,Left-Back,left,177.0,,,https://www.transfermarkt.co.uk/mateo-chavez/profil/spieler/1066953,https://img.a.transfermarkt.technology/portrait/header/1066953-1753350485.jpg?lm=1,real_wc2026_squads_transfermarkt_openfootball,2026-06-02
César Huerta,Mexico,Royal Sporting Club Anderlecht,jupiler-pro-league,25,Winger,21,FW,"December 3, 2000",26,3,True,540315.0,Royal Sporting Club Anderlecht,BE1,Left Winger,right,171.0,,,https://www.transfermarkt.co.uk/cesar-huerta/profil/spieler/540315,https://img.a.transfermarkt.technology/portrait/header/540315-1722760933.jpg?lm=1,real_wc2026_squads_transfermarkt_openfootball,2026-06-02
Guillermo Martínez,Mexico,Club Universidad Nacional A. C.,liga-mx-clausura,31,Forward,22,FW,"March 15, 1995",11,3,True,347932.0,Club Universidad Nacional A. C.,MEX1,Centre-Forward,left,190.0,,,https://www.transfermarkt.co.uk/guillermo-martinez/profil/spieler/347932,https://img.a.transfermarkt.technology/portrait/header/347932-1485943351.png?lm=1,real_wc2026_squads_transfermarkt_openfootball,2026-06-02
Jesús Gallardo,Mexico,"Deportivo Toluca Futbol Club, S. A. de C. V.",liga-mx-clausura,31,Full-back,23,DF,"August 15, 1994",120,3,True,344854.0,"Deportivo Toluca Futbol Club, S. A. de C. V.",MEX1,Left-Back,left,178.0,,,https://www.transfermarkt.co.uk/jesus-gallardo/profil/spieler/344854,https://img.a.transfermarkt.technology/portrait/header/344854-1668453242.jpg?lm=1,real_wc2026_squads_transfermarkt_openfootball,2026-06-02
Luis Chávez,Mexico,FK Dinamo Moskva,premier-liga,30,Defensive midfielder,24,MF,"January 15, 1996",44,4,True,331059.0,FK Dinamo Moskva,RU1,Defensive Midfield,left,178.0,,,https://www.transfermarkt.co.uk/luis-chavez/profil/spieler/331059,https://img.a.transfermarkt.technology/portrait/header/331059-1693158645.png?lm=1,real_wc2026_squads_transfermarkt_openfootball,2026-06-02
Roberto Alvarado,Mexico,Club Deportivo Guadalajara S. A. de C. V.,liga-mx-clausura,27,Winger,25,FW,"September 7, 1998",66,5,True,353583.0,Club Deportivo Guadalajara S. A. de C. V.,MEX1,Right Winger,left,176.0,,,https://www.transfermarkt.co.uk/roberto-alvarado/profil/spieler/353583,https://img.a.transfermarkt.technology/portrait/header/353583-1668454179.jpg?lm=1,real_wc2026_squads_transfermarkt_openfootball,2026-06-02
Brian Gutiérrez,Mexico,Club Deportivo Guadalajara S. A. de C. V.,liga-mx-clausura,22,Attacking midfielder,26,MF,"June 17, 2003",6,2,True,724443.0,Club Deportivo Guadalajara S. A. de C. V.,MEX1,Attacking Midfield,right,182.0,,,https://www.transfermarkt.co.uk/brian-gutierrez/profil/spieler/724443,https://img.a.transfermarkt.technology/portrait/header/724443-1740682013.jpg?lm=1,real_wc2026_squads_transfermarkt_openfootball,2026-06-02
Ronwen Williams,South Africa,Mamelodi Sundowns,Unknown,34,Goalkeeper,1,GK,"January 21, 1992",62,0,True,175577.0,,,Goalkeeper,right,184.0,South Africa,CAF,https://www.transfermarkt.co.uk/ronwen-williams/profil/spieler/175577,https://img.a.transfermarkt.technology/portrait/header/175577-1771237794.jpg?lm=1,real_wc2026_squads_transfermarkt_openfootball,2026-06-02
Thabang Matuludi,South Africa,Polokwane City,Unknown,27,Full-back,2,DF,"January 14, 1999",2,0,True,1109254.0,,,Right-Back,right,,South Africa,CAF,https://www.transfermarkt.co.uk/thabang-matuludi/profil/spieler/1109254,https://img.a.transfermarkt.technology/portrait/header/1109254-1741933394.jpg?lm=1,real_wc2026_squads_transfermarkt_openfootball,2026-06-02
Khulumani Ndamane,South Africa,Mamelodi Sundowns,Unknown,22,Centre-back,3,DF,"February 5, 2004",5,0,True,1283140.0,,,Centre-Back,right,,South Africa,CAF,https://www.transfermarkt.co.uk/khulumani-ndamane/profil/spieler/1283140,https://img.a.transfermarkt.technology/portrait/header/1283140-1771236109.jpg?lm=1,real_wc2026_squads_transfermarkt_openfootball,2026-06-02
Teboho Mokoena,South Africa,Mamelodi Sundowns,Unknown,29,Defensive midfielder,4,MF,"January 24, 1997",51,9,True,436372.0,,,Defensive Midfield,right,176.0,South Africa,CAF,https://www.transfermarkt.co.uk/teboho-mokoena/profil/spieler/436372,https://img.a.transfermarkt.technology/portrait/header/436372-1771236183.jpg?lm=1,real_wc2026_squads_transfermarkt_openfootball,2026-06-02
Thalente Mbatha,South Africa,Orlando Pirates,Unknown,26,Central midfielder,5,MF,"March 6, 2000",14,3,True,735697.0,,,Central Midfield,right,180.0,South Africa,CAF,https://www.transfermarkt.co.uk/thalente-mbatha/profil/spieler/735697,https://img.a.transfermarkt.technology/portrait/header/735697-1715273419.png?lm=1,real_wc2026_squads_transfermarkt_openfootball,2026-06-02
Aubrey Modiba,South Africa,Mamelodi Sundowns,Unknown,30,Full-back,6,DF,"July 22, 1995",44,3,True,353432.0,,,Left-Back,left,167.0,South Africa,CAF,https://www.transfermarkt.co.uk/aubrey-modiba/profil/spieler/353432,https://img.a.transfermarkt.technology/portrait/header/353432-1771236297.jpg?lm=1,real_wc2026_squads_transfermarkt_openfootball,2026-06-02
Oswin Appollis,South Africa,Orlando Pirates,Unknown,24,Winger,7,FW,"August 25, 2001",25,8,True,673381.0,,,Left Winger,right,171.0,South Africa,CAF,https://www.transfermarkt.co.uk/oswin-appollis/profil/spieler/673381,https://img.a.transfermarkt.technology/portrait/header/673381-1754037319.png?lm=1,real_wc2026_squads_transfermarkt_openfootball,2026-06-02
Tshepang Moremi,South Africa,Orlando Pirates,Unknown,25,Winger,8,FW,"October 2, 2000",9,1,True,844485.0,,,Left Winger,,,South Africa,CAF,https://www.transfermarkt.co.uk/tshepang-moremi/profil/spieler/844485,https://img.a.transfermarkt.technology/portrait/header/844485-1754037742.png?lm=1,real_wc2026_squads_transfermarkt_openfootball,2026-06-02
Lyle Foster,South Africa,Burnley Football Club,premier-league,25,Forward,9,FW,"September 3, 2000",26,10,True,467623.0,Burnley Football Club,GB1,Centre-Forward,right,185.0,,,https://www.transfermarkt.co.uk/lyle-foster/profil/spieler/467623,https://img.a.transfermarkt.technology/portrait/header/467623-1779949909.jpg?lm=1,real_wc2026_squads_transfermarkt_openfootball,2026-06-02
Relebohile Mofokeng,South Africa,Orlando Pirates,Unknown,21,Winger,10,FW,"October 23, 2004",12,0,True,1125037.0,,,Left Winger,right,166.0,South Africa,CAF,https://www.transfermarkt.co.uk/relebohile-mofokeng/profil/spieler/1125037,https://img.a.transfermarkt.technology/portrait/header/1125037-1736459558.png?lm=1,real_wc2026_squads_transfermarkt_openfootball,2026-06-02
Themba Zwane,South Africa,Mamelodi Sundowns,Unknown,36,Central midfielder,11,MF,"August 3, 1989",53,12,True,,,,,,,,,,,real_wc2026_squads_transfermarkt_openfootball,2026-06-02
Thapelo Maseko,South Africa,AEL Limassol,Unknown,22,Forward,12,FW,"November 11, 2003",9,1,True,,,,,,,,,,,real_wc2026_squads_transfermarkt_openfootball,2026-06-02
Sphephelo Sithole,South Africa,Tondela,Unknown,27,Central midfielder,13,MF,"March 3, 1999",27,1,True,,,,,,,,,,,real_wc2026_squads_transfermarkt_openfootball,2026-06-02
Mbekezeli Mbokazi,South Africa,Chicago Fire Soccer Club,major-league-soccer,20,Centre-back,14,DF,"September 19, 2005",10,1,True,1378320.0,Chicago Fire Soccer Club,MLS1,Centre-Back,left,177.0,,,https://www.transfermarkt.co.uk/mbekezeli-mbokazi/profil/spieler/1378320,https://img.a.transfermarkt.technology/portrait/header/1378320-1771596912.jpg?lm=1,real_wc2026_squads_transfermarkt_openfootball,2026-06-02
Iqraam Rayners,South Africa,Mamelodi Sundowns,Unknown,30,Forward,15,FW,"December 19, 1995",13,4,True,337884.0,,,Centre-Forward,right,176.0,South Africa,CAF,https://www.transfermarkt.co.uk/iqraam-rayners/profil/spieler/337884,https://img.a.transfermarkt.technology/portrait/header/337884-1771236829.jpg?lm=1,real_wc2026_squads_transfermarkt_openfootball,2026-06-02
Sipho Chaine,South Africa,Orlando Pirates,Unknown,29,Goalkeeper,16,GK,"December 14, 1996",3,0,True,453370.0,,,Goalkeeper,,181.0,South Africa,CAF,https://www.transfermarkt.co.uk/sipho-chaine/profil/spieler/453370,https://img.a.transfermarkt.technology/portrait/header/453370-1772446947.png?lm=1,real_wc2026_squads_transfermarkt_openfootball,2026-06-02
Evidence Makgopa,South Africa,Orlando Pirates,Unknown,26,Forward,17,FW,"June 5, 2000",26,6,True,746781.0,,,Centre-Forward,right,188.0,South Africa,CAF,https://www.transfermarkt.co.uk/evidence-makgopa/profil/spieler/746781,https://img.a.transfermarkt.technology/portrait/header/746781-1715275953.png?lm=1,real_wc2026_squads_transfermarkt_openfootball,2026-06-02
Samukele Kabini,South Africa,Molde Fotballklubb,eliteserien,22,Full-back,18,DF,"March 15, 2004",5,0,True,1175086.0,Molde Fotballklubb,NO1,Left-Back,left,181.0,,,https://www.transfermarkt.co.uk/samukele-kabini/profil/spieler/1175086,https://img.a.transfermarkt.technology/portrait/header/1175086-1762904439.jpg?lm=1,real_wc2026_squads_transfermarkt_openfootball,2026-06-02
Nkosinathi Sibisi,South Africa,Orlando Pirates,Unknown,30,Centre-back,19,DF,"September 22, 1995",19,0,True,399068.0,,,Centre-Back,right,177.0,South Africa,CAF,https://www.transfermarkt.co.uk/nkosinathi-sibisi/profil/spieler/399068,https://img.a.transfermarkt.technology/portrait/header/399068-1715256845.png?lm=1,real_wc2026_squads_transfermarkt_openfootball,2026-06-02
Khuliso Mudau,South Africa,Mamelodi Sundowns,Unknown,31,Full-back,20,DF,"April 26, 1995",32,1,True,450806.0,,,Right-Back,right,181.0,South Africa,CAF,https://www.transfermarkt.co.uk/khuliso-mudau/profil/spieler/450806,https://img.a.transfermarkt.technology/portrait/header/450806-1771237474.jpg?lm=1,real_wc2026_squads_transfermarkt_openfootball,2026-06-02
Ime Okon,South Africa,Hannover 96,Unknown,22,Centre-back,21,DF,"February 20, 2004",7,1,True,,,,,,,,,,,real_wc2026_squads_transfermarkt_openfootball,2026-06-02
Ricardo Goss,South Africa,Siwelele,Unknown,32,Goalkeeper,22,GK,"April 2, 1994",4,0,True,258304.0,,,Goalkeeper,right,181.0,South Africa,CAF,https://www.transfermarkt.co.uk/ricardo-goss/profil/spieler/258304,https://img.a.transfermarkt.technology/portrait/header/258304-1715326378.jpg?lm=1,real_wc2026_squads_transfermarkt_openfootball,2026-06-02
Jayden Adams,South Africa,Mamelodi Sundowns,Unknown,25,Central midfielder,23,MF,"May 5, 2001",4,0,True,804472.0,,,Central Midfield,right,175.0,South Africa,CAF,https://www.transfermarkt.co.uk/jayden-adams/profil/spieler/804472,https://img.a.transfermarkt.technology/portrait/header/804472-1771236484.jpg?lm=1,real_wc2026_squads_transfermarkt_openfootball,2026-06-02
Olwethu Makhanya,South Africa,Philadelphia Union,major-league-soccer,22,Centre-back,24,DF,"April 30, 2004",0,0,True,1069801.0,Philadelphia Union,MLS1,Centre-Back,right,188.0,,,https://www.transfermarkt.co.uk/olwethu-makhanya/profil/spieler/1069801,https://img.a.transfermarkt.technology/portrait/header/1069801-1771714009.jpg?lm=1,real_wc2026_squads_transfermarkt_openfootball,2026-06-02
Kamogelo Sebelebele,South Africa,Orlando Pirates,Unknown,23,Winger,25,FW,"July 21, 2002",2,0,True,994370.0,,,Right Winger,,,South Africa,CAF,https://www.transfermarkt.co.uk/kamogelo-sebelebele/profil/spieler/994370,https://img.a.transfermarkt.technology/portrait/header/994370-1754038079.png?lm=1,real_wc2026_squads_transfermarkt_openfootball,2026-06-02
Bradley Cross,South Africa,Kaizer Chiefs,Unknown,25,Centre-back,26,DF,"January 30, 2001",0,0,True,,,,,,,,,,,real_wc2026_squads_transfermarkt_openfootball,2026-06-02
Kim Seung-gyu,South Korea,Jeju SK Football Club,k-league-1,35,Full-back,1,GK,"September 30, 1990",86,0,True,638535.0,Jeju SK Football Club,RSK1,Left-Back,left,181.0,,,https://www.transfermarkt.co.uk/ryun-sung-kim/profil/spieler/638535,https://img.a.transfermarkt.technology/portrait/header/638535-1615486686.jpg?lm=1,real_wc2026_squads_transfermarkt_openfootball,2026-06-02
Lee Han-beom,South Korea,Bucheon Football Club 1995,k-league-1,23,Centre-back,2,DF,"June 17, 2002",7,0,True,1177190.0,Bucheon Football Club 1995,RSK1,Centre-Back,,185.0,,,https://www.transfermarkt.co.uk/ye-chan-lee/profil/spieler/1177190,https://img.a.transfermarkt.technology/portrait/header/default.jpg?lm=1,real_wc2026_squads_transfermarkt_openfootball,2026-06-02
Lee Ki-hyuk,South Korea,Futebol Clube de Arouca,liga-portugal,25,Attacking midfielder,3,MF,"July 7, 2000",2,0,True,709166.0,Futebol Clube de Arouca,PO1,Attacking Midfield,right,172.0,,,https://www.transfermarkt.co.uk/hyun-ju-lee/profil/spieler/709166,https://img.a.transfermarkt.technology/portrait/header/709166-1690131657.jpg?lm=1,real_wc2026_squads_transfermarkt_openfootball,2026-06-02
Kim Min-jae,South Korea,Jeju SK Football Club,k-league-1,29,Central midfielder,4,DF,"November 15, 1996",78,4,True,916386.0,Jeju SK Football Club,RSK1,Central Midfield,right,179.0,,,https://www.transfermarkt.co.uk/jae-min-kim/profil/spieler/916386,https://img.a.transfermarkt.technology/portrait/header/default.jpg?lm=1,real_wc2026_squads_transfermarkt_openfootball,2026-06-02
Kim Tae-hyeon,South Korea,Gwangju Football Club,k-league-1,25,Centre-back,5,DF,"September 17, 2000",7,0,True,427555.0,Gwangju Football Club,RSK1,Centre-Back,right,183.0,,,https://www.transfermarkt.co.uk/gyeong-jae-kim/profil/spieler/427555,https://img.a.transfermarkt.technology/portrait/header/427555-1615444219.jpg?lm=1,real_wc2026_squads_transfermarkt_openfootball,2026-06-02
Hwang In-beom,South Korea,Feyenoord Rotterdam,eredivisie,29,Defensive midfielder,6,MF,"September 20, 1996",72,6,True,365394.0,Feyenoord Rotterdam,NL1,Defensive Midfield,both,177.0,,,https://www.transfermarkt.co.uk/in-beom-hwang/profil/spieler/365394,https://img.a.transfermarkt.technology/portrait/header/365394-1729850038.jpg?lm=1,real_wc2026_squads_transfermarkt_openfootball,2026-06-02
Son Heung-min,South Korea,Football Club Seoul,k-league-1,33,Winger,7,FW,"July 8, 1992",143,56,True,581977.0,Football Club Seoul,RSK1,Left Winger,right,181.0,,,https://www.transfermarkt.co.uk/min-kyu-song/profil/spieler/581977,https://img.a.transfermarkt.technology/portrait/header/581977-1615485158.jpg?lm=1,real_wc2026_squads_transfermarkt_openfootball,2026-06-02
Paik Seung-ho,South Korea,Birmingham City,Unknown,29,Central midfielder,8,MF,"March 17, 1997",26,3,True,282689.0,,,Central Midfield,right,182.0,South Korea,AFC,https://www.transfermarkt.co.uk/seung-ho-paik/profil/spieler/282689,https://img.a.transfermarkt.technology/portrait/header/282689-1715262077.jpg?lm=1,real_wc2026_squads_transfermarkt_openfootball,2026-06-02
Cho Gue-sung,South Korea,Incheon United Football Club,k-league-1,28,Full-back,9,FW,"January 25, 1998",43,12,True,1161179.0,Incheon United Football Club,RSK1,Right-Back,right,174.0,,,https://www.transfermarkt.co.uk/seung-gu-choi/profil/spieler/1161179,https://img.a.transfermarkt.technology/portrait/header/default.jpg?lm=1,real_wc2026_squads_transfermarkt_openfootball,2026-06-02
Lee Jae-sung,South Korea,Foundation Coorperation Hana Financial Group Inc. Football Club,k-league-1,33,Full-back,10,MF,"August 10, 1992",104,15,True,314773.0,Foundation Coorperation Hana Financial Group Inc. Football Club,RSK1,Left-Back,left,183.0,,,https://www.transfermarkt.co.uk/myung-jae-lee/profil/spieler/314773,https://img.a.transfermarkt.technology/portrait/header/314773-1738620380.jpg?lm=1,real_wc2026_squads_transfermarkt_openfootball,2026-06-02
Hwang Hee-chan,South Korea,Football Club Pohang Steelers,k-league-1,30,Central midfielder,11,MF,"January 26, 1996",78,17,True,427550.0,Football Club Pohang Steelers,RSK1,Central Midfield,right,181.0,,,https://www.transfermarkt.co.uk/chan-hee-han/profil/spieler/427550,https://img.a.transfermarkt.technology/portrait/header/427550-1584688067.jpg?lm=1,real_wc2026_squads_transfermarkt_openfootball,2026-06-02
Song Bum-keun,South Korea,Football Club Pohang Steelers,k-league-1,28,Winger,12,GK,"October 15, 1997",2,0,True,865595.0,Football Club Pohang Steelers,RSK1,Left Winger,right,180.0,,,https://www.transfermarkt.co.uk/seung-beom-son/profil/spieler/865595,https://img.a.transfermarkt.technology/portrait/header/865595-1714304832.jpg?lm=1,real_wc2026_squads_transfermarkt_openfootball,2026-06-02
Lee Tae-seok,South Korea,Foundation Coorperation Hana Financial Group Inc. Football Club,k-league-1,23,Goalkeeper,13,DF,"July 28, 2002",14,1,True,489410.0,Foundation Coorperation Hana Financial Group Inc. Football Club,RSK1,Goalkeeper,,191.0,,,https://www.transfermarkt.co.uk/kyeong-tae-lee/profil/spieler/489410,https://img.a.transfermarkt.technology/portrait/header/default.jpg?lm=1,real_wc2026_squads_transfermarkt_openfootball,2026-06-02
Cho Wi-je,South Korea,Jeonbuk Hyundai Motors,Unknown,24,Centre-back,14,DF,"August 25, 2001",0,0,True,,,,,,,,,,,real_wc2026_squads_transfermarkt_openfootball,2026-06-02
Kim Moon-hwan,South Korea,Jeonbuk Hyundai Motors,k-league-1,30,Winger,15,DF,"August 1, 1995",35,0,True,822132.0,Jeonbuk Hyundai Motors,RSK1,Left Winger,,170.0,,,https://www.transfermarkt.co.uk/chang-hoon-kim/profil/spieler/822132,https://img.a.transfermarkt.technology/portrait/header/default.jpg?lm=1,real_wc2026_squads_transfermarkt_openfootball,2026-06-02
Park Jin-seob,South Korea,Gimcheon Sangmu Football Club,k-league-1,30,Central midfielder,16,DF,"October 23, 1995",13,1,True,1024721.0,Gimcheon Sangmu Football Club,RSK1,Central Midfield,right,171.0,,,https://www.transfermarkt.co.uk/se-jin-park/profil/spieler/1024721,https://img.a.transfermarkt.technology/portrait/header/default.jpg?lm=1,real_wc2026_squads_transfermarkt_openfootball,2026-06-02
Bae Jun-ho,South Korea,Football Club Pohang Steelers,k-league-1,22,Attacking midfielder,17,MF,"August 21, 2003",13,2,True,839461.0,Football Club Pohang Steelers,RSK1,Attacking Midfield,right,180.0,,,https://www.transfermarkt.co.uk/jae-hun-cho/profil/spieler/839461,https://img.a.transfermarkt.technology/portrait/header/839461-1631646594.png?lm=1,real_wc2026_squads_transfermarkt_openfootball,2026-06-02
Oh Hyeon-gyu,South Korea,Football Club Anyang,k-league-1,25,Central midfielder,18,FW,"April 12, 2001",26,6,True,730364.0,Football Club Anyang,RSK1,Central Midfield,,177.0,,,https://www.transfermarkt.co.uk/gyu-hyeon-choe/profil/spieler/730364,https://img.a.transfermarkt.technology/portrait/header/default.jpg?lm=1,real_wc2026_squads_transfermarkt_openfootball,2026-06-02
Lee Kang-in,South Korea,Football Club Anyang,k-league-1,25,Defensive midfielder,19,MF,"February 19, 2001",46,11,True,639120.0,Football Club Anyang,RSK1,Defensive Midfield,right,180.0,,,https://www.transfermarkt.co.uk/jin-yong-lee/profil/spieler/639120,https://img.a.transfermarkt.technology/portrait/header/639120-1583089879.png?lm=1,real_wc2026_squads_transfermarkt_openfootball,2026-06-02
Yang Hyun-jun,South Korea,The Celtic Football Club,scottish-premiership,24,Winger,20,MF,"May 25, 2002",8,0,True,853110.0,The Celtic Football Club,SC1,Right Winger,right,176.0,,,https://www.transfermarkt.co.uk/hyun-jun-yang/profil/spieler/853110,https://img.a.transfermarkt.technology/portrait/header/853110-1696454819.jpg?lm=1,real_wc2026_squads_transfermarkt_openfootball,2026-06-02
Jo Hyeon-woo,South Korea,1. Fußballclub Union Berlin,bundesliga,34,Attacking midfielder,21,GK,"September 25, 1991",48,0,True,297583.0,1. Fußballclub Union Berlin,L1,Attacking Midfield,right,179.0,,,https://www.transfermarkt.co.uk/woo-yeong-jeong/profil/spieler/297583,https://img.a.transfermarkt.technology/portrait/header/297583-1723707463.jpg?lm=1,real_wc2026_squads_transfermarkt_openfootball,2026-06-02
Seol Young-woo,South Korea,S-Pulse,j1-league,27,Centre-back,22,DF,"December 5, 1998",33,0,True,1480905.0,S-Pulse,JAP1,Centre-Back,,188.0,,,https://www.transfermarkt.co.uk/joo-young-eom/profil/spieler/1480905,https://img.a.transfermarkt.technology/portrait/header/1480905-1774193906.JPG?lm=1,real_wc2026_squads_transfermarkt_openfootball,2026-06-02
Jens Castrop,South Korea,Borussia Verein für Leibesübungen 1900 Mönchengladbach,bundesliga,22,Central midfielder,23,DF,"July 29, 2003",6,0,True,613192.0,Borussia Verein für Leibesübungen 1900 Mönchengladbach,L1,Central Midfield,right,178.0,,,https://www.transfermarkt.co.uk/jens-castrop/profil/spieler/613192,https://img.a.transfermarkt.technology/portrait/header/613192-1760966991.jpg?lm=1,real_wc2026_squads_transfermarkt_openfootball,2026-06-02
Kim Jin-gyu,South Korea,Bucheon Football Club 1995,k-league-1,29,Winger,24,MF,"February 24, 1997",21,3,True,909127.0,Bucheon Football Club 1995,RSK1,Left Winger,right,171.0,,,https://www.transfermarkt.co.uk/kyu-min-kim/profil/spieler/909127,https://img.a.transfermarkt.technology/portrait/header/default.jpg?lm=1,real_wc2026_squads_transfermarkt_openfootball,2026-06-02
Eom Ji-sung,South Korea,Swansea City,premier-league,24,Winger,25,MF,"May 9, 2002",9,2,True,706968.0,Swansea City,GB1,Left Winger,right,176.0,South Korea,AFC,https://www.transfermarkt.co.uk/ji-sung-eom/profil/spieler/706968,https://img.a.transfermarkt.technology/portrait/header/706968-1615445061.jpg?lm=1,real_wc2026_squads_transfermarkt_openfootball,2026-06-02
Lee Dong-gyeong,South Korea,Ulsan Hyundai Football Club,k-league-1,28,Attacking midfielder,26,MF,"September 20, 1997",17,3,True,558086.0,Ulsan Hyundai Football Club,RSK1,Attacking Midfield,left,176.0,,,https://www.transfermarkt.co.uk/dong-gyeong-lee/profil/spieler/558086,https://img.a.transfermarkt.technology/portrait/header/558086-1666196779.png?lm=1,real_wc2026_squads_transfermarkt_openfootball,2026-06-02
Nikola Vasilj,Bosnia and Herzegovina,Fußball-Club St. Pauli von 1910,bundesliga,30,Goalkeeper,1,GK,"December 2, 1995",25,0,True,248454.0,Fußball-Club St. Pauli von 1910,L1,Goalkeeper,right,193.0,,,https://www.transfermarkt.co.uk/nikola-vasilj/profil/spieler/248454,https://img.a.transfermarkt.technology/portrait/header/248454-1755032189.jpg?lm=1,real_wc2026_squads_transfermarkt_openfootball,2026-06-02
Nihad Mujakić,Bosnia and Herzegovina,Gaziantep Futbol Kulübü A.Ş.,super-lig,28,Centre-back,2,DF,"April 15, 1998",11,1,True,380919.0,Gaziantep Futbol Kulübü A.Ş.,TR1,Centre-Back,left,189.0,,,https://www.transfermarkt.co.uk/nihad-mujakic/profil/spieler/380919,https://img.a.transfermarkt.technology/portrait/header/380919-1761574168.jpg?lm=1,real_wc2026_squads_transfermarkt_openfootball,2026-06-02
Dennis Hadžikadunić,Bosnia and Herzegovina,UC Sampdoria,serie-a,27,Centre-back,3,DF,"July 9, 1998",31,0,True,322065.0,UC Sampdoria,IT1,Centre-Back,right,191.0,Bosnia-Herzegovina,UEFA,https://www.transfermarkt.co.uk/dennis-hadzikadunic/profil/spieler/322065,https://img.a.transfermarkt.technology/portrait/header/322065-1728397619.jpg?lm=1,real_wc2026_squads_transfermarkt_openfootball,2026-06-02
Tarik Muharemović,Bosnia and Herzegovina,Unione Sportiva Sassuolo Calcio,serie-a,23,Centre-back,4,DF,"February 28, 2003",13,1,True,679423.0,Unione Sportiva Sassuolo Calcio,IT1,Centre-Back,left,192.0,,,https://www.transfermarkt.co.uk/tarik-muharemovic/profil/spieler/679423,https://img.a.transfermarkt.technology/portrait/header/679423-1751529111.jpg?lm=1,real_wc2026_squads_transfermarkt_openfootball,2026-06-02
Sead Kolašinac,Bosnia and Herzegovina,Atalanta Bergamasca Calcio S.p.a.,serie-a,32,Centre-back,5,DF,"June 20, 1993",64,0,True,94005.0,Atalanta Bergamasca Calcio S.p.a.,IT1,Centre-Back,left,183.0,,,https://www.transfermarkt.co.uk/sead-kolasinac/profil/spieler/94005,https://img.a.transfermarkt.technology/portrait/header/94005-1666815100.jpg?lm=1,real_wc2026_squads_transfermarkt_openfootball,2026-06-02
Benjamin Tahirović,Bosnia and Herzegovina,Brøndby Idrætsforening,superliga,23,Central midfielder,6,MF,"March 3, 2003",27,2,True,787907.0,Brøndby Idrætsforening,DK1,Central Midfield,right,191.0,,,https://www.transfermarkt.co.uk/benjamin-tahirovic/profil/spieler/787907,https://img.a.transfermarkt.technology/portrait/header/787907-1698670879.jpg?lm=1,real_wc2026_squads_transfermarkt_openfootball,2026-06-02
Amar Dedić,Bosnia and Herzegovina,Sport Lisboa e Benfica,liga-portugal,23,Full-back,7,DF,"August 18, 2002",27,1,True,519184.0,Sport Lisboa e Benfica,PO1,Right-Back,right,180.0,,,https://www.transfermarkt.co.uk/amar-dedic/profil/spieler/519184,https://img.a.transfermarkt.technology/portrait/header/519184-1758058581.jpg?lm=1,real_wc2026_squads_transfermarkt_openfootball,2026-06-02
Armin Gigović,Bosnia and Herzegovina,Berner Sport Club Young Boys,super-league,24,Central midfielder,8,MF,"April 6, 2002",19,1,True,651269.0,Berner Sport Club Young Boys,C1,Central Midfield,right,187.0,,,https://www.transfermarkt.co.uk/armin-gigovic/profil/spieler/651269,https://img.a.transfermarkt.technology/portrait/header/651269-1752734921.jpg?lm=1,real_wc2026_squads_transfermarkt_openfootball,2026-06-02
Samed Baždar,Bosnia and Herzegovina,Jagiellonia-Bialystok Sportowa Spólka Akcyjna,pko-bp-ekstraklasa,22,Forward,9,FW,"January 31, 2004",12,1,True,710969.0,Jagiellonia-Bialystok Sportowa Spólka Akcyjna,PL1,Centre-Forward,right,189.0,,,https://www.transfermarkt.co.uk/samed-bazdar/profil/spieler/710969,https://img.a.transfermarkt.technology/portrait/header/710969-1732366805.jpg?lm=1,real_wc2026_squads_transfermarkt_openfootball,2026-06-02
Ermedin Demirović,Bosnia and Herzegovina,Verein für Bewegungsspiele Stuttgart 1893,bundesliga,28,Forward,10,FW,"March 25, 1998",39,4,True,335457.0,Verein für Bewegungsspiele Stuttgart 1893,L1,Centre-Forward,right,185.0,,,https://www.transfermarkt.co.uk/ermedin-demirovic/profil/spieler/335457,https://img.a.transfermarkt.technology/portrait/header/335457-1723707508.jpg?lm=1,real_wc2026_squads_transfermarkt_openfootball,2026-06-02
Edin Džeko,Bosnia and Herzegovina,FC Schalke 04,bundesliga,40,Forward,11,FW,"March 17, 1986",148,73,True,28396.0,FC Schalke 04,L1,Centre-Forward,right,193.0,Bosnia-Herzegovina,UEFA,https://www.transfermarkt.co.uk/edin-dzeko/profil/spieler/28396,https://img.a.transfermarkt.technology/portrait/header/28396-1752151521.jpg?lm=1,real_wc2026_squads_transfermarkt_openfootball,2026-06-02
Mladen Jurkas,Bosnia and Herzegovina,Borac Banja Luka,Unknown,18,Goalkeeper,12,GK,"October 7, 2007",0,0,True,,,,,,,,,,,real_wc2026_squads_transfermarkt_openfootball,2026-06-02
Ivan Bašić,Bosnia and Herzegovina,Astana,Unknown,24,Central midfielder,13,MF,"April 30, 2002",16,0,True,620560.0,,,Central Midfield,left,178.0,Bosnia-Herzegovina,UEFA,https://www.transfermarkt.co.uk/ivan-basic/profil/spieler/620560,https://img.a.transfermarkt.technology/portrait/header/620560-1690113422.png?lm=1,real_wc2026_squads_transfermarkt_openfootball,2026-06-02
Ivan Šunjić,Bosnia and Herzegovina,Pafos,Unknown,29,Defensive midfielder,14,MF,"October 9, 1996",11,0,True,226097.0,,,Defensive Midfield,right,185.0,Bosnia-Herzegovina,UEFA,https://www.transfermarkt.co.uk/ivan-sunjic/profil/spieler/226097,https://img.a.transfermarkt.technology/portrait/header/226097-1758220655.jpg?lm=1,real_wc2026_squads_transfermarkt_openfootball,2026-06-02
Amar Memić,Bosnia and Herzegovina,"FC Viktoria Plzeň, a.s.",chance-liga,25,Winger,15,MF,"January 20, 2001",12,1,True,638990.0,"FC Viktoria Plzeň, a.s.",TS1,Right Midfield,right,176.0,,,https://www.transfermarkt.co.uk/amar-memic/profil/spieler/638990,https://img.a.transfermarkt.technology/portrait/header/638990-1703615342.png?lm=1,real_wc2026_squads_transfermarkt_openfootball,2026-06-02
Amir Hadžiahmetović,Bosnia and Herzegovina,Hull City,premier-league,29,Defensive midfielder,16,MF,"March 8, 1997",35,0,True,293213.0,Hull City,GB1,Defensive Midfield,right,181.0,Bosnia-Herzegovina,UEFA,https://www.transfermarkt.co.uk/amir-hadziahmetovic/profil/spieler/293213,https://img.a.transfermarkt.technology/portrait/header/293213-1696075883.png?lm=1,real_wc2026_squads_transfermarkt_openfootball,2026-06-02
Dženis Burnić,Bosnia and Herzegovina,Karlsruher SC,Unknown,28,Defensive midfielder,17,MF,"May 22, 1998",19,0,True,251295.0,,,Defensive Midfield,left,181.0,Bosnia-Herzegovina,UEFA,https://www.transfermarkt.co.uk/dzenis-burnic/profil/spieler/251295,https://img.a.transfermarkt.technology/portrait/header/251295-1690132888.jpg?lm=1,real_wc2026_squads_transfermarkt_openfootball,2026-06-02
Nikola Katić,Bosnia and Herzegovina,FC Schalke 04,bundesliga,29,Centre-back,18,DF,"October 10, 1996",16,1,True,422051.0,FC Schalke 04,L1,Centre-Back,right,194.0,Bosnia-Herzegovina,UEFA,https://www.transfermarkt.co.uk/nikola-katic/profil/spieler/422051,https://img.a.transfermarkt.technology/portrait/header/422051-1753385816.jpg?lm=1,real_wc2026_squads_transfermarkt_openfootball,2026-06-02
Kerim Alajbegović,Bosnia and Herzegovina,Fußballclub Red Bull Salzburg,bundesliga,18,Winger,19,FW,"September 21, 2007",9,1,True,929994.0,Fußballclub Red Bull Salzburg,A1,Left Winger,both,186.0,,,https://www.transfermarkt.co.uk/kerim-alajbegovic/profil/spieler/929994,https://img.a.transfermarkt.technology/portrait/header/929994-1754993481.png?lm=1,real_wc2026_squads_transfermarkt_openfootball,2026-06-02
Esmir Bajraktarević,Bosnia and Herzegovina,Eindhovense Voetbalvereniging Philips Sport Vereniging,eredivisie,21,Winger,20,FW,"March 10, 2005",15,1,True,925862.0,Eindhovense Voetbalvereniging Philips Sport Vereniging,NL1,Right Winger,left,175.0,,,https://www.transfermarkt.co.uk/esmir-bajraktarevic/profil/spieler/925862,https://img.a.transfermarkt.technology/portrait/header/925862-1710266776.jpg?lm=1,real_wc2026_squads_transfermarkt_openfootball,2026-06-02
Stjepan Radeljić,Bosnia and Herzegovina,Hrvatski Nogometni Klub Rijeka,supersport-hnl,28,Centre-back,21,DF,"September 5, 1997",5,0,True,384568.0,Hrvatski Nogometni Klub Rijeka,KR1,Centre-Back,left,201.0,,,https://www.transfermarkt.co.uk/stjepan-radeljic/profil/spieler/384568,https://img.a.transfermarkt.technology/portrait/header/384568-1613461727.png?lm=1,real_wc2026_squads_transfermarkt_openfootball,2026-06-02
Martin Zlomislić,Bosnia and Herzegovina,Hrvatski Nogometni Klub Rijeka,supersport-hnl,27,Goalkeeper,22,GK,"August 16, 1998",3,0,True,495320.0,Hrvatski Nogometni Klub Rijeka,KR1,Goalkeeper,right,190.0,,,https://www.transfermarkt.co.uk/martin-zlomislic/profil/spieler/495320,https://img.a.transfermarkt.technology/portrait/header/495320-1775026837.jpg?lm=1,real_wc2026_squads_transfermarkt_openfootball,2026-06-02
Haris Tabaković,Bosnia and Herzegovina,Borussia Verein für Leibesübungen 1900 Mönchengladbach,bundesliga,31,Forward,23,FW,"June 20, 1994",10,4,True,203123.0,Borussia Verein für Leibesübungen 1900 Mönchengladbach,L1,Centre-Forward,right,196.0,,,https://www.transfermarkt.co.uk/haris-tabakovic/profil/spieler/203123,https://img.a.transfermarkt.technology/portrait/header/203123-1720778399.jpg?lm=1,real_wc2026_squads_transfermarkt_openfootball,2026-06-02
Nidal Čelik,Bosnia and Herzegovina,Racing Club de Lens,ligue-1,19,Centre-back,24,DF,"July 17, 2006",1,0,True,819566.0,Racing Club de Lens,FR1,Centre-Back,right,192.0,,,https://www.transfermarkt.co.uk/nidal-celik/profil/spieler/819566,https://img.a.transfermarkt.technology/portrait/header/819566-1726634830.jpg?lm=1,real_wc2026_squads_transfermarkt_openfootball,2026-06-02
Jovo Lukić,Bosnia and Herzegovina,Asociația Sportivă Fotbal Club Universitatea Cluj,superliga,27,Forward,25,FW,"November 28, 1998",2,0,True,457738.0,Asociația Sportivă Fotbal Club Universitatea Cluj,RO1,Centre-Forward,left,190.0,,,https://www.transfermarkt.co.uk/jovo-lukic/profil/spieler/457738,https://img.a.transfermarkt.technology/portrait/header/457738-1753429696.png?lm=1,real_wc2026_squads_transfermarkt_openfootball,2026-06-02
Ermin Mahmić,Bosnia and Herzegovina,FC Slovan Liberec,chance-liga,21,Attacking midfielder,26,MF,"March 14, 2005",1,0,True,803049.0,FC Slovan Liberec,TS1,Attacking Midfield,right,182.0,,,https://www.transfermarkt.co.uk/ermin-mahmic/profil/spieler/803049,https://img.a.transfermarkt.technology/portrait/header/803049-1764432914.png?lm=1,real_wc2026_squads_transfermarkt_openfootball,2026-06-02
Dayne St. Clair,Canada,Club Internacional de Fútbol Miami,major-league-soccer,29,Goalkeeper,1,GK,"May 9, 1997",19,0,True,439750.0,Club Internacional de Fútbol Miami,MLS1,Goalkeeper,left,191.0,,,https://www.transfermarkt.co.uk/dayne-st-clair/profil/spieler/439750,https://img.a.transfermarkt.technology/portrait/header/439750-1771695035.jpg?lm=1,real_wc2026_squads_transfermarkt_openfootball,2026-06-02
Alistair Johnston,Canada,The Celtic Football Club,scottish-premiership,27,Full-back,2,DF,"October 8, 1998",56,1,True,637446.0,The Celtic Football Club,SC1,Right-Back,right,180.0,,,https://www.transfermarkt.co.uk/alistair-johnston/profil/spieler/637446,https://img.a.transfermarkt.technology/portrait/header/637446-1701212171.jpg?lm=1,real_wc2026_squads_transfermarkt_openfootball,2026-06-02
Alfie Jones,Canada,Middlesbrough FC,premier-league,28,Centre-back,3,DF,"October 7, 1997",1,0,True,340990.0,Middlesbrough FC,GB1,Centre-Back,right,191.0,Canada,CONCACAF,https://www.transfermarkt.co.uk/alfie-jones/profil/spieler/340990,https://img.a.transfermarkt.technology/portrait/header/340990-1642684544.jpg?lm=1,real_wc2026_squads_transfermarkt_openfootball,2026-06-02
Luc de Fougerolles,Canada,FC Verbroedering Denderhoutem Denderleeuw Eendracht Hekelgem,jupiler-pro-league,20,Centre-back,4,DF,"October 12, 2005",11,0,True,921995.0,FC Verbroedering Denderhoutem Denderleeuw Eendracht Hekelgem,BE1,Centre-Back,right,183.0,,,https://www.transfermarkt.co.uk/luc-de-fougerolles/profil/spieler/921995,https://img.a.transfermarkt.technology/portrait/header/921995-1760114291.jpg?lm=1,real_wc2026_squads_transfermarkt_openfootball,2026-06-02
Joel Waterman,Canada,Chicago Fire Soccer Club,major-league-soccer,30,Centre-back,5,DF,"January 24, 1996",17,0,True,441738.0,Chicago Fire Soccer Club,MLS1,Centre-Back,right,188.0,,,https://www.transfermarkt.co.uk/joel-waterman/profil/spieler/441738,https://img.a.transfermarkt.technology/portrait/header/441738-1771696324.jpg?lm=1,real_wc2026_squads_transfermarkt_openfootball,2026-06-02
Mathieu Choinière,Canada,Los Angeles Football Club,major-league-soccer,27,Central midfielder,6,MF,"February 7, 1999",22,0,True,589006.0,Los Angeles Football Club,MLS1,Central Midfield,right,175.0,,,https://www.transfermarkt.co.uk/mathieu-choiniere/profil/spieler/589006,https://img.a.transfermarkt.technology/portrait/header/589006-1771689836.jpg?lm=1,real_wc2026_squads_transfermarkt_openfootball,2026-06-02
Stephen Eustáquio,Canada,Los Angeles Football Club,major-league-soccer,29,Central midfielder,7,MF,"December 21, 1996",54,4,True,512913.0,Los Angeles Football Club,MLS1,Central Midfield,right,177.0,,,https://www.transfermarkt.co.uk/stephen-eustaquio/profil/spieler/512913,https://img.a.transfermarkt.technology/portrait/header/512913-1778846068.jpg?lm=1,real_wc2026_squads_transfermarkt_openfootball,2026-06-02
Ismaël Koné,Canada,Unione Sportiva Sassuolo Calcio,serie-a,23,Central midfielder,8,MF,"June 16, 2002",38,4,True,921655.0,Unione Sportiva Sassuolo Calcio,IT1,Central Midfield,right,188.0,,,https://www.transfermarkt.co.uk/ismael-kone/profil/spieler/921655,https://img.a.transfermarkt.technology/portrait/header/921655-1757604633.jpg?lm=1,real_wc2026_squads_transfermarkt_openfootball,2026-06-02
Cyle Larin,Canada,Real Club Deportivo Mallorca S.A.D.,laliga,31,Forward,9,FW,"April 17, 1995",88,30,True,343463.0,Real Club Deportivo Mallorca S.A.D.,ES1,Centre-Forward,right,188.0,,,https://www.transfermarkt.co.uk/cyle-larin/profil/spieler/343463,https://img.a.transfermarkt.technology/portrait/header/343463-1720430112.jpg?lm=1,real_wc2026_squads_transfermarkt_openfootball,2026-06-02
Jonathan David,Canada,Juventus Football Club,serie-a,26,Forward,10,FW,"January 14, 2000",75,39,True,533738.0,Juventus Football Club,IT1,Centre-Forward,both,178.0,,,https://www.transfermarkt.co.uk/jonathan-david/profil/spieler/533738,https://img.a.transfermarkt.technology/portrait/header/533738-1760114012.jpg?lm=1,real_wc2026_squads_transfermarkt_openfootball,2026-06-02
Liam Millar,Canada,Kilmarnock Football Club,scottish-premiership,26,Winger,11,MF,"September 27, 1999",39,1,True,487417.0,Kilmarnock Football Club,SC1,Left Winger,right,181.0,,,https://www.transfermarkt.co.uk/liam-millar/profil/spieler/487417,https://img.a.transfermarkt.technology/portrait/header/487417-1553891231.jpg?lm=1,real_wc2026_squads_transfermarkt_openfootball,2026-06-02
Tani Oluwaseyi,Canada,Villarreal Club de Fútbol S.A.D.,laliga,26,Forward,12,FW,"May 15, 2000",22,2,True,972465.0,Villarreal Club de Fútbol S.A.D.,ES1,Centre-Forward,left,187.0,,,https://www.transfermarkt.co.uk/tani-oluwaseyi/profil/spieler/972465,https://img.a.transfermarkt.technology/portrait/header/972465-1758059359.jpg?lm=1,real_wc2026_squads_transfermarkt_openfootball,2026-06-02
Derek Cornelius,Canada,Olympique de Marseille,ligue-1,28,Centre-back,13,DF,"November 25, 1997",42,1,True,328609.0,Olympique de Marseille,FR1,Centre-Back,left,187.0,,,https://www.transfermarkt.co.uk/derek-cornelius/profil/spieler/328609,https://img.a.transfermarkt.technology/portrait/header/328609-1618857970.jpg?lm=1,real_wc2026_squads_transfermarkt_openfootball,2026-06-02
Jacob Shaffelburg,Canada,Los Angeles Football Club,major-league-soccer,26,Winger,14,MF,"November 26, 1999",31,6,True,637632.0,Los Angeles Football Club,MLS1,Left Winger,left,181.0,,,https://www.transfermarkt.co.uk/jacob-shaffelburg/profil/spieler/637632,https://img.a.transfermarkt.technology/portrait/header/637632-1771690425.jpg?lm=1,real_wc2026_squads_transfermarkt_openfootball,2026-06-02
Moïse Bombito,Canada,Olympique Gymnaste Club Nice Côte d'Azur,ligue-1,26,Centre-back,15,DF,"March 30, 2000",19,0,True,1089202.0,Olympique Gymnaste Club Nice Côte d'Azur,FR1,Centre-Back,right,190.0,,,https://www.transfermarkt.co.uk/moise-bombito/profil/spieler/1089202,https://img.a.transfermarkt.technology/portrait/header/1089202-1756826846.jpg?lm=1,real_wc2026_squads_transfermarkt_openfootball,2026-06-02
Maxime Crépeau,Canada,Orlando City Soccer Club,major-league-soccer,32,Goalkeeper,16,GK,"May 11, 1994",30,0,True,189014.0,Orlando City Soccer Club,MLS1,Goalkeeper,right,180.0,,,https://www.transfermarkt.co.uk/maxime-crepeau/profil/spieler/189014,https://img.a.transfermarkt.technology/portrait/header/189014-1771712360.jpg?lm=1,real_wc2026_squads_transfermarkt_openfootball,2026-06-02
Tajon Buchanan,Canada,Villarreal Club de Fútbol S.A.D.,laliga,27,Winger,17,FW,"February 8, 1999",58,8,True,638793.0,Villarreal Club de Fútbol S.A.D.,ES1,Right Winger,right,183.0,,,https://www.transfermarkt.co.uk/tajon-buchanan/profil/spieler/638793,https://img.a.transfermarkt.technology/portrait/header/638793-1758059596.jpg?lm=1,real_wc2026_squads_transfermarkt_openfootball,2026-06-02
Owen Goodman,Canada,Barnsley,Unknown,22,Goalkeeper,18,GK,"November 27, 2003",0,0,True,814848.0,,,Goalkeeper,left,193.0,Canada,CONCACAF,https://www.transfermarkt.co.uk/owen-goodman/profil/spieler/814848,https://img.a.transfermarkt.technology/portrait/header/814848-1739357014.jpg?lm=1,real_wc2026_squads_transfermarkt_openfootball,2026-06-02
Alphonso Davies,Canada,FC Bayern München,bundesliga,25,Full-back,19,DF,"November 2, 2000",58,15,True,424204.0,FC Bayern München,L1,Left-Back,left,185.0,,,https://www.transfermarkt.co.uk/alphonso-davies/profil/spieler/424204,https://img.a.transfermarkt.technology/portrait/header/424204-1711745534.jpg?lm=1,real_wc2026_squads_transfermarkt_openfootball,2026-06-02
Ali Ahmed,Canada,Norwich City,Unknown,25,Forward,20,FW,"October 10, 2000",24,1,True,,,,,,,,,,,real_wc2026_squads_transfermarkt_openfootball,2026-06-02
Jonathan Osorio,Canada,Toronto FC,major-league-soccer,33,Central midfielder,21,MF,"June 12, 1992",89,9,True,260807.0,Toronto FC,MLS1,Central Midfield,both,175.0,,,https://www.transfermarkt.co.uk/jonathan-osorio/profil/spieler/260807,https://img.a.transfermarkt.technology/portrait/header/260807-1771789904.jpg?lm=1,real_wc2026_squads_transfermarkt_openfootball,2026-06-02
Richie Laryea,Canada,Toronto FC,major-league-soccer,31,Full-back,22,DF,"January 7, 1995",73,1,True,417348.0,Toronto FC,MLS1,Right-Back,right,175.0,,,https://www.transfermarkt.co.uk/richie-laryea/profil/spieler/417348,https://img.a.transfermarkt.technology/portrait/header/417348-1771789769.jpg?lm=1,real_wc2026_squads_transfermarkt_openfootball,2026-06-02
Niko Sigur,Canada,HNK Hajduk Split,supersport-hnl,22,Defensive midfielder,23,DF,"September 9, 2003",17,2,True,1045375.0,HNK Hajduk Split,KR1,Defensive Midfield,right,180.0,,,https://www.transfermarkt.co.uk/niko-sigur/profil/spieler/1045375,https://img.a.transfermarkt.technology/portrait/header/1045375-1767281251.jpg?lm=1,real_wc2026_squads_transfermarkt_openfootball,2026-06-02
Promise David,Canada,Royale Union Saint-Gilloise,jupiler-pro-league,24,Forward,24,FW,"July 3, 2001",8,3,True,888785.0,Royale Union Saint-Gilloise,BE1,Centre-Forward,right,195.0,,,https://www.transfermarkt.co.uk/promise-david/profil/spieler/888785,https://img.a.transfermarkt.technology/portrait/header/888785-1772107518.jpg?lm=1,real_wc2026_squads_transfermarkt_openfootball,2026-06-02
Nathan Saliba,Canada,Royal Sporting Club Anderlecht,jupiler-pro-league,22,Central midfielder,25,MF,"February 7, 2004",13,2,True,842420.0,Royal Sporting Club Anderlecht,BE1,Central Midfield,right,180.0,,,https://www.transfermarkt.co.uk/nathan-dylan-saliba/profil/spieler/842420,https://img.a.transfermarkt.technology/portrait/header/842420-1740597560.jpg?lm=1,real_wc2026_squads_transfermarkt_openfootball,2026-06-02
Mahmud Abunada,Qatar,Al-Rayyan,Unknown,26,Goalkeeper,1,GK,"February 5, 2000",4,0,True,669629.0,,,Goalkeeper,left,191.0,Qatar,AFC,https://www.transfermarkt.co.uk/mahmoud-abunada/profil/spieler/669629,https://img.a.transfermarkt.technology/portrait/header/669629-1725823800.png?lm=1,real_wc2026_squads_transfermarkt_openfootball,2026-06-02
Pedro Miguel,Qatar,Al-Sadd,Unknown,35,Centre-back,2,DF,"August 6, 1990",98,3,True,228727.0,,,Centre-Back,right,182.0,Qatar,AFC,https://www.transfermarkt.co.uk/pedro-miguel/profil/spieler/228727,https://img.a.transfermarkt.technology/portrait/header/228727-1725787600.jpg?lm=1,real_wc2026_squads_transfermarkt_openfootball,2026-06-02
Lucas Mendes,Qatar,Al-Wakrah,Unknown,35,Centre-back,3,DF,"July 3, 1990",25,1,True,83983.0,,,Centre-Back,left,184.0,Qatar,AFC,https://www.transfermarkt.co.uk/lucas-mendes/profil/spieler/83983,https://img.a.transfermarkt.technology/portrait/header/83983-1740661376.jpg?lm=1,real_wc2026_squads_transfermarkt_openfootball,2026-06-02
Issa Laye,Qatar,Al-Arabi,Unknown,28,Centre-back,4,DF,"December 22, 1997",3,0,True,1264176.0,,,Centre-Back,right,188.0,Qatar,AFC,https://www.transfermarkt.co.uk/issa-laye/profil/spieler/1264176,https://img.a.transfermarkt.technology/portrait/header/1264176-1741193319.JPG?lm=1,real_wc2026_squads_transfermarkt_openfootball,2026-06-02
Jassem Gaber,Qatar,Al-Rayyan,Unknown,24,Defensive midfielder,5,DF,"February 20, 2002",31,1,True,735813.0,,,Defensive Midfield,right,188.0,Qatar,AFC,https://www.transfermarkt.co.uk/jassem-gaber/profil/spieler/735813,https://img.a.transfermarkt.technology/portrait/header/735813-1725823687.png?lm=1,real_wc2026_squads_transfermarkt_openfootball,2026-06-02
Abdulaziz Hatem,Qatar,Al-Rayyan,Unknown,36,Central midfielder,6,MF,"January 1, 1990",117,11,True,113915.0,,,Central Midfield,left,183.0,Qatar,AFC,https://www.transfermarkt.co.uk/abdulaziz-hatim/profil/spieler/113915,https://img.a.transfermarkt.technology/portrait/header/113915-1740665022.jpg?lm=1,real_wc2026_squads_transfermarkt_openfootball,2026-06-02
Ahmed Alaaeldin,Qatar,Al-Rayyan,Unknown,33,Forward,7,FW,"January 31, 1993",67,9,True,187987.0,,,Centre-Forward,right,177.0,Qatar,AFC,https://www.transfermarkt.co.uk/ahmed-alaaeldin/profil/spieler/187987,https://img.a.transfermarkt.technology/portrait/header/187987-1725823454.png?lm=1,real_wc2026_squads_transfermarkt_openfootball,2026-06-02
Edmilson Junior,Qatar,Al-Duhail,Unknown,31,Winger,8,FW,"August 19, 1994",15,0,True,237846.0,,,Left Winger,right,180.0,Qatar,AFC,https://www.transfermarkt.co.uk/edmilson-junior/profil/spieler/237846,https://img.a.transfermarkt.technology/portrait/header/237846-1737911253.jpg?lm=1,real_wc2026_squads_transfermarkt_openfootball,2026-06-02
Mohammed Muntari,Qatar,Al-Gharafa,Unknown,32,Forward,9,FW,"December 20, 1993",67,16,True,266935.0,,,Centre-Forward,right,194.0,Qatar,AFC,https://www.transfermarkt.co.uk/mohammed-muntari/profil/spieler/266935,https://img.a.transfermarkt.technology/portrait/header/266935-1738110954.jpg?lm=1,real_wc2026_squads_transfermarkt_openfootball,2026-06-02
Hassan Al-Haydos,Qatar,Al-Sadd,Unknown,35,Attacking midfielder,10,FW,"December 11, 1990",185,41,True,86286.0,,,Attacking Midfield,right,174.0,Qatar,AFC,https://www.transfermarkt.co.uk/hasan-al-haydos/profil/spieler/86286,https://img.a.transfermarkt.technology/portrait/header/86286-1725787366.jpg?lm=1,real_wc2026_squads_transfermarkt_openfootball,2026-06-02
Akram Afif,Qatar,Al-Sadd,Unknown,29,Winger,11,FW,"November 18, 1996",124,39,True,336646.0,,,Left Winger,right,177.0,Qatar,AFC,https://www.transfermarkt.co.uk/akram-afif/profil/spieler/336646,https://img.a.transfermarkt.technology/portrait/header/336646-1725787211.jpg?lm=1,real_wc2026_squads_transfermarkt_openfootball,2026-06-02
Karim Boudiaf,Qatar,Al-Duhail,Unknown,35,Defensive midfielder,12,MF,"September 16, 1990",117,5,True,222385.0,,,Defensive Midfield,right,187.0,Qatar,AFC,https://www.transfermarkt.co.uk/karim-boudiaf/profil/spieler/222385,https://img.a.transfermarkt.technology/portrait/header/222385-1737911305.jpg?lm=1,real_wc2026_squads_transfermarkt_openfootball,2026-06-02
Ayoub Al-Oui,Qatar,Al-Gharafa,Unknown,21,Full-back,13,DF,"March 11, 2005",5,0,True,1054631.0,,,Right-Back,right,187.0,Qatar,AFC,https://www.transfermarkt.co.uk/ayoub-al-oui/profil/spieler/1054631,https://img.a.transfermarkt.technology/portrait/header/1054631-1762259857.jpg?lm=1,real_wc2026_squads_transfermarkt_openfootball,2026-06-02
Homam Ahmed,Qatar,Cultural Leonesa,Unknown,26,Full-back,14,DF,"August 25, 1999",67,3,True,449710.0,,,Left-Back,left,169.0,Qatar,AFC,https://www.transfermarkt.co.uk/hazem-ahmed/profil/spieler/449710,https://img.a.transfermarkt.technology/portrait/header/449710-1740664628.jpg?lm=1,real_wc2026_squads_transfermarkt_openfootball,2026-06-02
Yusuf Abdurisag,Qatar,Al-Wakrah,Unknown,26,Winger,15,FW,"August 6, 1999",38,3,True,589099.0,,,Left Winger,right,177.0,Qatar,AFC,https://www.transfermarkt.co.uk/yusuf-abdurisag/profil/spieler/589099,https://img.a.transfermarkt.technology/portrait/header/589099-1725787818.jpg?lm=1,real_wc2026_squads_transfermarkt_openfootball,2026-06-02
Boualem Khoukhi,Qatar,Al-Sadd,Unknown,35,Centre-back,16,DF,"July 9, 1990",115,20,True,222669.0,,,Centre-Back,right,180.0,Qatar,AFC,https://www.transfermarkt.co.uk/boualem-khoukhi/profil/spieler/222669,https://img.a.transfermarkt.technology/portrait/header/222669-1725787279.jpg?lm=1,real_wc2026_squads_transfermarkt_openfootball,2026-06-02
Ahmed Al-Ganehi,Qatar,Al-Gharafa,Unknown,25,Winger,17,MF,"September 22, 2000",13,1,True,670659.0,,,Right Winger,right,178.0,Qatar,AFC,https://www.transfermarkt.co.uk/ahmed-al-ganehi/profil/spieler/670659,https://img.a.transfermarkt.technology/portrait/header/670659-1738110806.jpg?lm=1,real_wc2026_squads_transfermarkt_openfootball,2026-06-02
Sultan Al-Brake,Qatar,Al-Duhail,Unknown,30,Full-back,18,DF,"April 7, 1996",16,0,True,336665.0,,,Left-Back,left,175.0,Qatar,AFC,https://www.transfermarkt.co.uk/sultan-al-brake/profil/spieler/336665,https://img.a.transfermarkt.technology/portrait/header/336665-1737911354.jpg?lm=1,real_wc2026_squads_transfermarkt_openfootball,2026-06-02
Almoez Ali,Qatar,Al-Duhail,Unknown,29,Forward,19,FW,"August 19, 1996",115,55,True,345095.0,,,Centre-Forward,right,180.0,Qatar,AFC,https://www.transfermarkt.co.uk/almoez-ali/profil/spieler/345095,https://img.a.transfermarkt.technology/portrait/header/345095-1737911544.jpg?lm=1,real_wc2026_squads_transfermarkt_openfootball,2026-06-02
Ahmed Fathy,Qatar,Al-Arabi,Unknown,33,Defensive midfielder,20,MF,"January 25, 1993",47,0,True,251183.0,,,Defensive Midfield,right,171.0,Qatar,AFC,https://www.transfermarkt.co.uk/ahmed-fathi/profil/spieler/251183,https://img.a.transfermarkt.technology/portrait/header/251183-1725823489.png?lm=1,real_wc2026_squads_transfermarkt_openfootball,2026-06-02
Salah Zakaria,Qatar,Al-Duhail,Unknown,27,Goalkeeper,21,GK,"April 24, 1999",8,0,True,632912.0,,,Goalkeeper,right,188.0,Qatar,AFC,https://www.transfermarkt.co.uk/salah-zakaria/profil/spieler/632912,https://img.a.transfermarkt.technology/portrait/header/632912-1737911673.jpg?lm=1,real_wc2026_squads_transfermarkt_openfootball,2026-06-02
Meshaal Barsham,Qatar,Al-Sadd,Unknown,28,Goalkeeper,22,GK,"February 14, 1998",52,0,True,560423.0,,,Goalkeeper,right,180.0,Qatar,AFC,https://www.transfermarkt.co.uk/meshaal-barsham/profil/spieler/560423,https://img.a.transfermarkt.technology/portrait/header/560423-1725787457.jpg?lm=1,real_wc2026_squads_transfermarkt_openfootball,2026-06-02
Assim Madibo,Qatar,Al-Wakrah,Unknown,29,Defensive midfielder,23,MF,"October 22, 1996",50,0,True,336667.0,,,Defensive Midfield,right,168.0,Qatar,AFC,https://www.transfermarkt.co.uk/assim-madibo/profil/spieler/336667,https://img.a.transfermarkt.technology/portrait/header/336667-1762278060.jpg?lm=1,real_wc2026_squads_transfermarkt_openfootball,2026-06-02
Tahsin Jamshid,Qatar,Al-Duhail,Unknown,19,Winger,24,FW,"June 16, 2006",2,0,True,1143849.0,,,Left Winger,right,177.0,Qatar,AFC,https://www.transfermarkt.co.uk/tahsin-mohammed-jamshid/profil/spieler/1143849,https://img.a.transfermarkt.technology/portrait/header/1143849-1762259649.jpg?lm=1,real_wc2026_squads_transfermarkt_openfootball,2026-06-02
Al-Hashmi Al-Hussain,Qatar,Al-Arabi,Unknown,22,Centre-back,25,DF,"August 15, 2003",7,0,True,943150.0,,,Centre-Back,right,184.0,Qatar,AFC,https://www.transfermarkt.co.uk/al-hashmi-al-hussain/profil/spieler/943150,https://img.a.transfermarkt.technology/portrait/header/943150-1762258519.jpg?lm=1,real_wc2026_squads_transfermarkt_openfootball,2026-06-02
Mohamed Manai,Qatar,Al-Shamal,Unknown,23,Defensive midfielder,26,FW,"October 25, 2002",9,0,True,822935.0,,,Defensive Midfield,right,189.0,Qatar,AFC,https://www.transfermarkt.co.uk/mohamed-al-mannai/profil/spieler/822935,https://img.a.transfermarkt.technology/portrait/header/822935-1739291004.jpg?lm=1,real_wc2026_squads_transfermarkt_openfootball,2026-06-02
Gregor Kobel,Switzerland,Borussia Dortmund,bundesliga,28,Goalkeeper,1,GK,"December 6, 1997",20,0,True,257814.0,Borussia Dortmund,L1,Goalkeeper,right,196.0,,,https://www.transfermarkt.co.uk/gregor-kobel/profil/spieler/257814,https://img.a.transfermarkt.technology/portrait/header/257814-1709559904.jpg?lm=1,real_wc2026_squads_transfermarkt_openfootball,2026-06-02
Miro Muheim,Switzerland,Hamburger Sport Verein,bundesliga,28,Full-back,2,DF,"March 24, 1998",9,0,True,298603.0,Hamburger Sport Verein,L1,Left-Back,left,182.0,,,https://www.transfermarkt.co.uk/miro-muheim/profil/spieler/298603,https://img.a.transfermarkt.technology/portrait/header/298603-1728395082.jpg?lm=1,real_wc2026_squads_transfermarkt_openfootball,2026-06-02
Silvan Widmer,Switzerland,1. Fußball- und Sportverein Mainz 05,bundesliga,33,Full-back,3,DF,"March 5, 1993",59,5,True,168989.0,1. Fußball- und Sportverein Mainz 05,L1,Right-Back,right,183.0,,,https://www.transfermarkt.co.uk/silvan-widmer/profil/spieler/168989,https://img.a.transfermarkt.technology/portrait/header/168989-1629202510.jpg?lm=1,real_wc2026_squads_transfermarkt_openfootball,2026-06-02
Nico Elvedi,Switzerland,Borussia Verein für Leibesübungen 1900 Mönchengladbach,bundesliga,29,Centre-back,4,DF,"September 30, 1996",66,3,True,192635.0,Borussia Verein für Leibesübungen 1900 Mönchengladbach,L1,Centre-Back,right,189.0,,,https://www.transfermarkt.co.uk/nico-elvedi/profil/spieler/192635,https://img.a.transfermarkt.technology/portrait/header/192635-1691249306.jpg?lm=1,real_wc2026_squads_transfermarkt_openfootball,2026-06-02
Manuel Akanji,Switzerland,Football Club Internazionale Milano S.p.A.,serie-a,30,Centre-back,5,DF,"July 19, 1995",80,4,True,284730.0,Football Club Internazionale Milano S.p.A.,IT1,Centre-Back,right,188.0,,,https://www.transfermarkt.co.uk/manuel-akanji/profil/spieler/284730,https://img.a.transfermarkt.technology/portrait/header/284730-1684165752.jpg?lm=1,real_wc2026_squads_transfermarkt_openfootball,2026-06-02
Denis Zakaria,Switzerland,Association sportive de Monaco Football Club,ligue-1,29,Defensive midfielder,6,MF,"November 20, 1996",64,3,True,334526.0,Association sportive de Monaco Football Club,FR1,Defensive Midfield,right,190.0,,,https://www.transfermarkt.co.uk/denis-zakaria/profil/spieler/334526,https://img.a.transfermarkt.technology/portrait/header/334526-1667990520.jpg?lm=1,real_wc2026_squads_transfermarkt_openfootball,2026-06-02
Breel Embolo,Switzerland,Stade Rennais Football Club,ligue-1,29,Forward,7,FW,"February 14, 1997",86,24,True,237662.0,Stade Rennais Football Club,FR1,Centre-Forward,right,187.0,,,https://www.transfermarkt.co.uk/breel-embolo/profil/spieler/237662,https://img.a.transfermarkt.technology/portrait/header/237662-1779793638.jpg?lm=1,real_wc2026_squads_transfermarkt_openfootball,2026-06-02
Remo Freuler,Switzerland,Bologna Football Club 1909,serie-a,34,Central midfielder,8,MF,"April 15, 1992",87,11,True,148252.0,Bologna Football Club 1909,IT1,Central Midfield,right,180.0,,,https://www.transfermarkt.co.uk/remo-freuler/profil/spieler/148252,https://img.a.transfermarkt.technology/portrait/header/148252-1688044464.jpg?lm=1,real_wc2026_squads_transfermarkt_openfootball,2026-06-02
Johan Manzambi,Switzerland,Sport-Club Freiburg,bundesliga,20,Central midfielder,9,MF,"October 14, 2005",11,3,True,927353.0,Sport-Club Freiburg,L1,Central Midfield,right,182.0,,,https://www.transfermarkt.co.uk/johan-manzambi/profil/spieler/927353,https://img.a.transfermarkt.technology/portrait/header/927353-1753954939.jpg?lm=1,real_wc2026_squads_transfermarkt_openfootball,2026-06-02
Granit Xhaka,Switzerland,Sunderland Association Football Club,premier-league,33,Defensive midfielder,10,MF,"September 27, 1992",145,17,True,111455.0,Sunderland Association Football Club,GB1,Defensive Midfield,left,186.0,,,https://www.transfermarkt.co.uk/granit-xhaka/profil/spieler/111455,https://img.a.transfermarkt.technology/portrait/header/111455-1689711080.jpg?lm=1,real_wc2026_squads_transfermarkt_openfootball,2026-06-02
Dan Ndoye,Switzerland,Nottingham Forest Football Club,premier-league,25,Winger,11,FW,"October 25, 2000",30,7,True,365108.0,Nottingham Forest Football Club,GB1,Right Winger,right,184.0,,,https://www.transfermarkt.co.uk/dan-ndoye/profil/spieler/365108,https://img.a.transfermarkt.technology/portrait/header/365108-1718218474.jpg?lm=1,real_wc2026_squads_transfermarkt_openfootball,2026-06-02
Yvon Mvogo,Switzerland,Football Club Lorient-Bretagne Sud,ligue-1,32,Goalkeeper,12,GK,"June 6, 1994",13,0,True,147051.0,Football Club Lorient-Bretagne Sud,FR1,Goalkeeper,right,190.0,,,https://www.transfermarkt.co.uk/yvon-mvogo/profil/spieler/147051,https://img.a.transfermarkt.technology/portrait/header/147051-1719215379.jpg?lm=1,real_wc2026_squads_transfermarkt_openfootball,2026-06-02
Ricardo Rodriguez,Switzerland,Real Betis Balompié S.A.D.,laliga,33,Full-back,13,DF,"August 25, 1992",137,9,True,86784.0,Real Betis Balompié S.A.D.,ES1,Left-Back,left,182.0,,,https://www.transfermarkt.co.uk/ricardo-rodriguez/profil/spieler/86784,https://img.a.transfermarkt.technology/portrait/header/86784-1718216908.jpg?lm=1,real_wc2026_squads_transfermarkt_openfootball,2026-06-02
Ardon Jashari,Switzerland,Associazione Calcio Milan,serie-a,23,Defensive midfielder,14,MF,"July 30, 2002",7,0,True,608172.0,Associazione Calcio Milan,IT1,Defensive Midfield,left,181.0,,,https://www.transfermarkt.co.uk/ardon-jashari/profil/spieler/608172,https://img.a.transfermarkt.technology/portrait/header/608172-1734438792.jpg?lm=1,real_wc2026_squads_transfermarkt_openfootball,2026-06-02
Djibril Sow,Switzerland,Sevilla Fútbol Club S.A.D.,laliga,29,Central midfielder,15,MF,"February 6, 1997",51,0,True,212723.0,Sevilla Fútbol Club S.A.D.,ES1,Central Midfield,right,184.0,,,https://www.transfermarkt.co.uk/djibril-sow/profil/spieler/212723,https://img.a.transfermarkt.technology/portrait/header/212723-1779793436.jpg?lm=1,real_wc2026_squads_transfermarkt_openfootball,2026-06-02
Christian Fassnacht,Switzerland,Berner Sport Club Young Boys,super-league,32,Attacking midfielder,16,FW,"November 11, 1993",22,5,True,250490.0,Berner Sport Club Young Boys,C1,Attacking Midfield,right,183.0,,,https://www.transfermarkt.co.uk/christian-fassnacht/profil/spieler/250490,https://img.a.transfermarkt.technology/portrait/header/250490-1626261724.jpg?lm=1,real_wc2026_squads_transfermarkt_openfootball,2026-06-02
Rubén Vargas,Switzerland,Sevilla Fútbol Club S.A.D.,laliga,27,Winger,17,FW,"August 5, 1998",61,11,True,345886.0,Sevilla Fútbol Club S.A.D.,ES1,Left Winger,right,179.0,,,https://www.transfermarkt.co.uk/ruben-vargas/profil/spieler/345886,https://img.a.transfermarkt.technology/portrait/header/345886-1779793578.jpg?lm=1,real_wc2026_squads_transfermarkt_openfootball,2026-06-02
Eray Cömert,Switzerland,Valencia Club de Fútbol S. A. D.,laliga,28,Centre-back,18,DF,"February 4, 1998",21,0,True,298583.0,Valencia Club de Fútbol S. A. D.,ES1,Centre-Back,right,183.0,,,https://www.transfermarkt.co.uk/eray-comert/profil/spieler/298583,https://img.a.transfermarkt.technology/portrait/header/298583-1779792788.jpg?lm=1,real_wc2026_squads_transfermarkt_openfootball,2026-06-02
Noah Okafor,Switzerland,Leeds United Association Football Club,premier-league,26,Winger,19,FW,"May 24, 2000",24,2,True,346890.0,Leeds United Association Football Club,GB1,Left Winger,right,185.0,,,https://www.transfermarkt.co.uk/noah-okafor/profil/spieler/346890,https://img.a.transfermarkt.technology/portrait/header/346890-1692879855.jpg?lm=1,real_wc2026_squads_transfermarkt_openfootball,2026-06-02
Michel Aebischer,Switzerland,Pisa Sporting Club,serie-a,29,Central midfielder,20,MF,"January 6, 1997",39,2,True,237658.0,Pisa Sporting Club,IT1,Central Midfield,right,183.0,,,https://www.transfermarkt.co.uk/michel-aebischer/profil/spieler/237658,https://img.a.transfermarkt.technology/portrait/header/237658-1669289063.jpg?lm=1,real_wc2026_squads_transfermarkt_openfootball,2026-06-02
Marvin Keller,Switzerland,Berner Sport Club Young Boys,super-league,23,Goalkeeper,21,GK,"July 3, 2002",1,0,True,500763.0,Berner Sport Club Young Boys,C1,Goalkeeper,right,189.0,,,https://www.transfermarkt.co.uk/marvin-keller/profil/spieler/500763,https://img.a.transfermarkt.technology/portrait/header/500763-1738674979.jpg?lm=1,real_wc2026_squads_transfermarkt_openfootball,2026-06-02
Fabian Rieder,Switzerland,Fußball-Club Augsburg 1907,bundesliga,24,Attacking midfielder,22,MF,"February 16, 2002",27,1,True,507341.0,Fußball-Club Augsburg 1907,L1,Attacking Midfield,left,179.0,,,https://www.transfermarkt.co.uk/fabian-rieder/profil/spieler/507341,https://img.a.transfermarkt.technology/portrait/header/507341-1773671220.jpg?lm=1,real_wc2026_squads_transfermarkt_openfootball,2026-06-02
Zeki Amdouni,Switzerland,Burnley Football Club,premier-league,25,Forward,23,FW,"December 4, 2000",28,11,True,548729.0,Burnley Football Club,GB1,Centre-Forward,right,185.0,,,https://www.transfermarkt.co.uk/zeki-amdouni/profil/spieler/548729,https://img.a.transfermarkt.technology/portrait/header/548729-1715938870.jpg?lm=1,real_wc2026_squads_transfermarkt_openfootball,2026-06-02
Aurèle Amenda,Switzerland,Eintracht Frankfurt Fußball AG,bundesliga,22,Centre-back,24,DF,"July 31, 2003",6,0,True,635645.0,Eintracht Frankfurt Fußball AG,L1,Centre-Back,right,194.0,,,https://www.transfermarkt.co.uk/aurele-amenda/profil/spieler/635645,https://img.a.transfermarkt.technology/portrait/header/635645-1724772426.jpg?lm=1,real_wc2026_squads_transfermarkt_openfootball,2026-06-02
Luca Jaquez,Switzerland,Verein für Bewegungsspiele Stuttgart 1893,bundesliga,23,Centre-back,25,DF,"June 2, 2003",3,0,True,539798.0,Verein für Bewegungsspiele Stuttgart 1893,L1,Centre-Back,right,187.0,,,https://www.transfermarkt.co.uk/luca-jaquez/profil/spieler/539798,https://img.a.transfermarkt.technology/portrait/header/539798-1753307950.jpg?lm=1,real_wc2026_squads_transfermarkt_openfootball,2026-06-02
Cedric Itten,Switzerland,Fortuna Düsseldorf,bundesliga,29,Forward,26,FW,"December 27, 1996",14,5,True,243856.0,Fortuna Düsseldorf,L1,Centre-Forward,right,190.0,Switzerland,UEFA,https://www.transfermarkt.co.uk/cedric-itten/profil/spieler/243856,https://img.a.transfermarkt.technology/portrait/header/243856-1683103359.jpg?lm=1,real_wc2026_squads_transfermarkt_openfootball,2026-06-02
Alisson,Brazil,Liverpool Football Club,premier-league,33,Goalkeeper,1,GK,"October 2, 1992",77,0,True,105470.0,Liverpool Football Club,GB1,Goalkeeper,right,193.0,,,https://www.transfermarkt.co.uk/alisson/profil/spieler/105470,https://img.a.transfermarkt.technology/portrait/header/105470-1780389358.jpg?lm=1,real_wc2026_squads_transfermarkt_openfootball,2026-06-02
Wesley,Brazil,Sport Club Internacional,campeonato-brasileiro-serie-a,22,Winger,2,DF,"September 6, 2003",7,0,True,674732.0,Sport Club Internacional,BRA1,Left Winger,right,175.0,,,https://www.transfermarkt.co.uk/wesley/profil/spieler/674732,https://img.a.transfermarkt.technology/portrait/header/674732-1762261557.jpg?lm=1,real_wc2026_squads_transfermarkt_openfootball,2026-06-02
Gabriel Magalhães,Brazil,SC Dnipro-1,premier-liga,28,Centre-back,3,DF,"December 19, 1997",17,1,True,969596.0,SC Dnipro-1,UKR1,Centre-Back,left,186.0,,,https://www.transfermarkt.co.uk/gabriel-gomes/profil/spieler/969596,https://img.a.transfermarkt.technology/portrait/header/969596-1664439215.png?lm=1,real_wc2026_squads_transfermarkt_openfootball,2026-06-02
Marquinhos,Brazil,Paris Saint-Germain Football Club,ligue-1,32,Centre-back,4,DF,"May 14, 1994",104,7,True,181767.0,Paris Saint-Germain Football Club,FR1,Centre-Back,right,183.0,,,https://www.transfermarkt.co.uk/marquinhos/profil/spieler/181767,https://img.a.transfermarkt.technology/portrait/header/181767-1672303747.jpg?lm=1,real_wc2026_squads_transfermarkt_openfootball,2026-06-02
Casemiro,Brazil,Manchester United Football Club,premier-league,34,Defensive midfielder,5,MF,"February 23, 1992",85,9,True,16306.0,Manchester United Football Club,GB1,Defensive Midfield,right,185.0,,,https://www.transfermarkt.co.uk/casemiro/profil/spieler/16306,https://img.a.transfermarkt.technology/portrait/header/16306-1699018876.jpg?lm=1,real_wc2026_squads_transfermarkt_openfootball,2026-06-02
Alex Sandro,Brazil,Clube de Regatas do Flamengo,campeonato-brasileiro-serie-a,35,Full-back,6,DF,"January 26, 1991",44,2,True,79960.0,Clube de Regatas do Flamengo,BRA1,Left-Back,left,181.0,,,https://www.transfermarkt.co.uk/alex-sandro/profil/spieler/79960,https://img.a.transfermarkt.technology/portrait/header/79960-1751370710.jpg?lm=1,real_wc2026_squads_transfermarkt_openfootball,2026-06-02
Vinícius Júnior,Brazil,Real Madrid Club de Fútbol,laliga,25,Winger,7,FW,"July 12, 2000",48,9,True,371998.0,Real Madrid Club de Fútbol,ES1,Left Winger,right,176.0,,,https://www.transfermarkt.co.uk/vinicius-junior/profil/spieler/371998,https://img.a.transfermarkt.technology/portrait/header/371998-1761575144.jpg?lm=1,real_wc2026_squads_transfermarkt_openfootball,2026-06-02
Bruno Guimarães,Brazil,Newcastle United Football Club,premier-league,28,Central midfielder,8,MF,"November 16, 1997",42,2,True,520624.0,Newcastle United Football Club,GB1,Central Midfield,right,182.0,,,https://www.transfermarkt.co.uk/bruno-guimaraes/profil/spieler/520624,https://img.a.transfermarkt.technology/portrait/header/520624-1668522672.jpg?lm=1,real_wc2026_squads_transfermarkt_openfootball,2026-06-02
Matheus Cunha,Brazil,Manchester United Football Club,premier-league,27,Winger,9,FW,"May 27, 1999",22,1,True,517894.0,Manchester United Football Club,GB1,Left Winger,right,183.0,,,https://www.transfermarkt.co.uk/matheus-cunha/profil/spieler/517894,https://img.a.transfermarkt.technology/portrait/header/517894-1696599737.jpg?lm=1,real_wc2026_squads_transfermarkt_openfootball,2026-06-02
Neymar,Brazil,Santos Futebol Clube,campeonato-brasileiro-serie-a,34,Attacking midfielder,10,FW,"February 5, 1992",128,79,True,68290.0,Santos Futebol Clube,BRA1,Attacking Midfield,right,175.0,,,https://www.transfermarkt.co.uk/neymar/profil/spieler/68290,https://img.a.transfermarkt.technology/portrait/header/68290-1692601435.jpg?lm=1,real_wc2026_squads_transfermarkt_openfootball,2026-06-02
Raphinha,Brazil,Futbol Club Barcelona,laliga,29,Winger,11,FW,"December 14, 1996",38,11,True,411295.0,Futbol Club Barcelona,ES1,Left Winger,left,176.0,,,https://www.transfermarkt.co.uk/raphinha/profil/spieler/411295,https://img.a.transfermarkt.technology/portrait/header/411295-1729754479.png?lm=1,real_wc2026_squads_transfermarkt_openfootball,2026-06-02
Weverton,Brazil,Grêmio Foot-Ball Porto Alegrense,campeonato-brasileiro-serie-a,38,Goalkeeper,12,GK,"December 13, 1987",10,0,True,69400.0,Grêmio Foot-Ball Porto Alegrense,BRA1,Goalkeeper,right,189.0,,,https://www.transfermarkt.co.uk/weverton/profil/spieler/69400,https://img.a.transfermarkt.technology/portrait/header/69400-1751657170.jpg?lm=1,real_wc2026_squads_transfermarkt_openfootball,2026-06-02
Danilo Luiz,Brazil,Antalyaspor,super-lig,34,Forward,13,DF,"July 15, 1991",69,1,True,48974.0,Antalyaspor,TR1,Centre-Forward,right,184.0,,,https://www.transfermarkt.co.uk/luiz-adriano/profil/spieler/48974,https://img.a.transfermarkt.technology/portrait/header/48974-1665561133.png?lm=1,real_wc2026_squads_transfermarkt_openfootball,2026-06-02
Bremer,Brazil,Juventus Football Club,serie-a,29,Centre-back,14,DF,"March 18, 1997",7,1,True,516716.0,Juventus Football Club,IT1,Centre-Back,right,188.0,,,https://www.transfermarkt.co.uk/bremer/profil/spieler/516716,https://img.a.transfermarkt.technology/portrait/header/516716-1725531520.jpg?lm=1,real_wc2026_squads_transfermarkt_openfootball,2026-06-02
Léo Pereira,Brazil,Esporte Clube Vitória,campeonato-brasileiro-serie-a,30,Winger,15,DF,"January 31, 1996",3,0,True,726472.0,Esporte Clube Vitória,BRA1,Left Winger,both,172.0,,,https://www.transfermarkt.co.uk/leo-pereira/profil/spieler/726472,https://img.a.transfermarkt.technology/portrait/header/726472-1768676815.png?lm=1,real_wc2026_squads_transfermarkt_openfootball,2026-06-02
Douglas Santos,Brazil,AO FK Zenit Sankt-Peterburg,premier-liga,32,Full-back,16,DF,"March 22, 1994",6,0,True,220793.0,AO FK Zenit Sankt-Peterburg,RU1,Left-Back,left,176.0,,,https://www.transfermarkt.co.uk/douglas-santos/profil/spieler/220793,https://img.a.transfermarkt.technology/portrait/header/220793-1756746479.png?lm=1,real_wc2026_squads_transfermarkt_openfootball,2026-06-02
Fabinho,Brazil,Al-Ittihad Football Club,saudi-pro-league,32,Defensive midfielder,17,MF,"October 23, 1993",32,0,True,225693.0,Al-Ittihad Football Club,SA1,Defensive Midfield,right,188.0,,,https://www.transfermarkt.co.uk/fabinho/profil/spieler/225693,https://img.a.transfermarkt.technology/portrait/header/225693-1703282636.png?lm=1,real_wc2026_squads_transfermarkt_openfootball,2026-06-02
Danilo Santos,Brazil,Futebol Clube de Arouca,liga-portugal,25,Winger,18,MF,"April 29, 2001",3,2,True,455945.0,Futebol Clube de Arouca,PO1,Left Winger,right,178.0,,,https://www.transfermarkt.co.uk/adilio-santos/profil/spieler/455945,https://img.a.transfermarkt.technology/portrait/header/455945-1567712416.jpg?lm=1,real_wc2026_squads_transfermarkt_openfootball,2026-06-02
Endrick,Brazil,Olympique Lyonnais,ligue-1,19,Forward,19,FW,"July 21, 2006",16,3,True,971570.0,Olympique Lyonnais,FR1,Centre-Forward,left,173.0,,,https://www.transfermarkt.co.uk/endrick/profil/spieler/971570,https://img.a.transfermarkt.technology/portrait/header/971570-1723665994.jpg?lm=1,real_wc2026_squads_transfermarkt_openfootball,2026-06-02
Lucas Paquetá,Brazil,Clube de Regatas do Flamengo,campeonato-brasileiro-serie-a,28,Attacking midfielder,20,MF,"August 27, 1997",62,13,True,444523.0,Clube de Regatas do Flamengo,BRA1,Attacking Midfield,left,180.0,,,https://www.transfermarkt.co.uk/lucas-paqueta/profil/spieler/444523,https://img.a.transfermarkt.technology/portrait/header/444523-1695370009.jpg?lm=1,real_wc2026_squads_transfermarkt_openfootball,2026-06-02
Luiz Henrique,Brazil,AO FK Zenit Sankt-Peterburg,premier-liga,25,Winger,21,FW,"January 2, 2001",14,2,True,800175.0,AO FK Zenit Sankt-Peterburg,RU1,Right Winger,left,182.0,,,https://www.transfermarkt.co.uk/luiz-henrique/profil/spieler/800175,https://img.a.transfermarkt.technology/portrait/header/800175-1756746940.png?lm=1,real_wc2026_squads_transfermarkt_openfootball,2026-06-02
Gabriel Martinelli,Brazil,Arsenal Football Club,premier-league,24,Winger,22,FW,"June 18, 2001",22,4,True,655488.0,Arsenal Football Club,GB1,Left Winger,right,178.0,,,https://www.transfermarkt.co.uk/gabriel-martinelli/profil/spieler/655488,https://img.a.transfermarkt.technology/portrait/header/655488-1682689091.jpg?lm=1,real_wc2026_squads_transfermarkt_openfootball,2026-06-02
Ederson,Brazil,Atalanta Bergamasca Calcio S.p.a.,serie-a,32,Central midfielder,23,GK,"August 17, 1993",32,0,True,607854.0,Atalanta Bergamasca Calcio S.p.a.,IT1,Central Midfield,right,183.0,,,https://www.transfermarkt.co.uk/ederson/profil/spieler/607854,https://img.a.transfermarkt.technology/portrait/header/607854-1646648856.jpg?lm=1,real_wc2026_squads_transfermarkt_openfootball,2026-06-02
Roger Ibañez,Brazil,Al-Ahli Saudi Football Club,saudi-pro-league,27,Centre-back,24,DF,"November 23, 1998",6,0,True,524481.0,Al-Ahli Saudi Football Club,SA1,Centre-Back,right,185.0,,,https://www.transfermarkt.co.uk/roger-ibanez/profil/spieler/524481,https://img.a.transfermarkt.technology/portrait/header/524481-1663581987.jpg?lm=1,real_wc2026_squads_transfermarkt_openfootball,2026-06-02
Igor Thiago,Brazil,Brentford Football Club,premier-league,24,Forward,25,FW,"June 26, 2001",3,2,True,739443.0,Brentford Football Club,GB1,Centre-Forward,right,191.0,,,https://www.transfermarkt.co.uk/igor-thiago/profil/spieler/739443,https://img.a.transfermarkt.technology/portrait/header/739443-1770372295.jpg?lm=1,real_wc2026_squads_transfermarkt_openfootball,2026-06-02
Rayan,Brazil,Association Football Club Bournemouth,premier-league,19,Winger,26,FW,"August 3, 2006",2,1,True,1012564.0,Association Football Club Bournemouth,GB1,Right Winger,left,185.0,,,https://www.transfermarkt.co.uk/rayan/profil/spieler/1012564,https://img.a.transfermarkt.technology/portrait/header/1012564-1729116592.jpg?lm=1,real_wc2026_squads_transfermarkt_openfootball,2026-06-02
Johny Placide,Haiti,EA Guingamp,ligue-1,38,Goalkeeper,1,GK,"January 29, 1988",79,0,True,51035.0,EA Guingamp,FR1,Goalkeeper,right,181.0,,,https://www.transfermarkt.co.uk/johny-placide/profil/spieler/51035,https://img.a.transfermarkt.technology/portrait/header/51035-1613711724.png?lm=1,real_wc2026_squads_transfermarkt_openfootball,2026-06-02
Carlens Arcus,Haiti,Angers Sporting Club de l'Ouest,ligue-1,29,Full-back,2,DF,"June 28, 1996",51,1,True,371686.0,Angers Sporting Club de l'Ouest,FR1,Right-Back,right,176.0,,,https://www.transfermarkt.co.uk/carlens-arcus/profil/spieler/371686,https://img.a.transfermarkt.technology/portrait/header/371686-1750955924.png?lm=1,real_wc2026_squads_transfermarkt_openfootball,2026-06-02
Keeto Thermoncy,Haiti,Young Boys,Unknown,20,Centre-back,3,DF,"March 29, 2006",1,0,True,,,,,,,,,,,real_wc2026_squads_transfermarkt_openfootball,2026-06-02
Ricardo Adé,Haiti,LDU Quito,Unknown,36,Centre-back,4,DF,"May 21, 1990",57,2,True,,,,,,,,,,,real_wc2026_squads_transfermarkt_openfootball,2026-06-02
Hannes Delcroix,Haiti,FC Lugano,super-league,27,Centre-back,5,DF,"February 28, 1999",5,0,True,338635.0,FC Lugano,C1,Centre-Back,left,184.0,,,https://www.transfermarkt.co.uk/hannes-delcroix/profil/spieler/338635,https://img.a.transfermarkt.technology/portrait/header/338635-1660674722.jpg?lm=1,real_wc2026_squads_transfermarkt_openfootball,2026-06-02
Carl Sainté,Haiti,El Paso Locomotive FC,Unknown,23,Central midfielder,6,MF,"August 9, 2002",25,0,True,,,,,,,,,,,real_wc2026_squads_transfermarkt_openfootball,2026-06-02
Derrick Etienne Jr.,Haiti,Toronto FC,major-league-soccer,29,Winger,7,FW,"November 25, 1996",46,8,True,354763.0,Toronto FC,MLS1,Left Winger,right,178.0,,,https://www.transfermarkt.co.uk/derrick-etienne-jr-/profil/spieler/354763,https://img.a.transfermarkt.technology/portrait/header/354763-1771789507.jpg?lm=1,real_wc2026_squads_transfermarkt_openfootball,2026-06-02
Martin Expérience,Haiti,Nancy,Unknown,27,Centre-back,8,DF,"March 9, 1999",19,0,True,,,,,,,,,,,real_wc2026_squads_transfermarkt_openfootball,2026-06-02
Duckens Nazon,Haiti,Kayserispor Kulübü,super-lig,32,Forward,9,FW,"April 7, 1994",76,44,True,345763.0,Kayserispor Kulübü,TR1,Centre-Forward,right,181.0,,,https://www.transfermarkt.co.uk/duckens-nazon/profil/spieler/345763,https://img.a.transfermarkt.technology/portrait/header/345763-1712923993.png?lm=1,real_wc2026_squads_transfermarkt_openfootball,2026-06-02
Jean-Ricner Bellegarde,Haiti,Wolverhampton Wanderers Football Club,premier-league,27,Central midfielder,10,MF,"June 27, 1998",8,0,True,450050.0,Wolverhampton Wanderers Football Club,GB1,Central Midfield,right,172.0,,,https://www.transfermarkt.co.uk/jean-ricner-bellegarde/profil/spieler/450050,https://img.a.transfermarkt.technology/portrait/header/450050-1769112628.jpg?lm=1,real_wc2026_squads_transfermarkt_openfootball,2026-06-02
Louicius Deedson,Haiti,FC Dallas,major-league-soccer,25,Winger,11,FW,"February 11, 2001",30,10,True,646108.0,FC Dallas,MLS1,Right Winger,left,178.0,,,https://www.transfermarkt.co.uk/louicius-deedson/profil/spieler/646108,https://img.a.transfermarkt.technology/portrait/header/646108-1771674994.jpg?lm=1,real_wc2026_squads_transfermarkt_openfootball,2026-06-02
Alexandre Pierre,Haiti,Racing Club de Strasbourg Alsace,ligue-1,25,Goalkeeper,12,GK,"February 25, 2001",14,0,True,838947.0,Racing Club de Strasbourg Alsace,FR1,Goalkeeper,right,190.0,,,https://www.transfermarkt.co.uk/alexandre-pierre/profil/spieler/838947,https://img.a.transfermarkt.technology/portrait/header/838947-1632770891.jpg?lm=1,real_wc2026_squads_transfermarkt_openfootball,2026-06-02
Duke Lacroix,Haiti,Colorado Springs Switchbacks FC,Unknown,32,Centre-back,13,DF,"October 14, 1993",14,2,True,,,,,,,,,,,real_wc2026_squads_transfermarkt_openfootball,2026-06-02
Leverton Pierre,Haiti,Vizela,Unknown,28,Central midfielder,14,MF,"March 9, 1998",33,0,True,,,,,,,,,,,real_wc2026_squads_transfermarkt_openfootball,2026-06-02
Ruben Providence,Haiti,Turn- und Sportverein Egger Glas Hartberg,bundesliga,24,Winger,15,FW,"July 7, 2001",13,2,True,536520.0,Turn- und Sportverein Egger Glas Hartberg,A1,Left Winger,right,178.0,,,https://www.transfermarkt.co.uk/ruben-providence/profil/spieler/536520,https://img.a.transfermarkt.technology/portrait/header/536520-1755787815.jpg?lm=1,real_wc2026_squads_transfermarkt_openfootball,2026-06-02
Lenny Joseph,Haiti,Football Club de Metz,ligue-1,25,Forward,16,FW,"October 12, 2000",0,0,True,815359.0,Football Club de Metz,FR1,Centre-Forward,right,183.0,,,https://www.transfermarkt.co.uk/lenny-joseph/profil/spieler/815359,https://img.a.transfermarkt.technology/portrait/header/815359-1653404408.jpg?lm=1,real_wc2026_squads_transfermarkt_openfootball,2026-06-02
Danley Jean Jacques,Haiti,Philadelphia Union,major-league-soccer,26,Defensive midfielder,17,MF,"May 20, 2000",28,6,True,628834.0,Philadelphia Union,MLS1,Defensive Midfield,right,182.0,,,https://www.transfermarkt.co.uk/danley-jean-jacques/profil/spieler/628834,https://img.a.transfermarkt.technology/portrait/header/628834-1771713850.jpg?lm=1,real_wc2026_squads_transfermarkt_openfootball,2026-06-02
Wilson Isidor,Haiti,Sunderland Association Football Club,premier-league,25,Forward,18,FW,"August 27, 2000",2,1,True,494237.0,Sunderland Association Football Club,GB1,Centre-Forward,right,186.0,,,https://www.transfermarkt.co.uk/wilson-isidor/profil/spieler/494237,https://img.a.transfermarkt.technology/portrait/header/494237-1739871086.jpg?lm=1,real_wc2026_squads_transfermarkt_openfootball,2026-06-02
Yassin Fortuné,Haiti,FK Polissya Zhytomyr,premier-liga,27,Winger,19,FW,"January 30, 1999",3,0,True,342878.0,FK Polissya Zhytomyr,UKR1,Right Winger,right,186.0,,,https://www.transfermarkt.co.uk/yassin-fortune/profil/spieler/342878,https://img.a.transfermarkt.technology/portrait/header/342878-1706355852.png?lm=1,real_wc2026_squads_transfermarkt_openfootball,2026-06-02
Frantzdy Pierrot,Haiti,Çaykur Rizespor Kulübü,super-lig,31,Forward,20,FW,"March 29, 1995",49,33,True,492955.0,Çaykur Rizespor Kulübü,TR1,Centre-Forward,right,194.0,,,https://www.transfermarkt.co.uk/frantzdy-pierrot/profil/spieler/492955,https://img.a.transfermarkt.technology/portrait/header/492955-1754429681.png?lm=1,real_wc2026_squads_transfermarkt_openfootball,2026-06-02
Josué Casimir,Haiti,Association de la Jeunesse auxerroise,ligue-1,24,Winger,21,FW,"September 24, 2001",5,0,True,763182.0,Association de la Jeunesse auxerroise,FR1,Right Winger,right,178.0,,,https://www.transfermarkt.co.uk/josue-casimir/profil/spieler/763182,https://img.a.transfermarkt.technology/portrait/header/763182-1661006947.jpg?lm=1,real_wc2026_squads_transfermarkt_openfootball,2026-06-02
Jean-Kévin Duverne,Haiti,Koninklijke Atletiek Associatie Gent,jupiler-pro-league,28,Centre-back,22,DF,"July 12, 1997",15,1,True,344864.0,Koninklijke Atletiek Associatie Gent,BE1,Centre-Back,right,186.0,,,https://www.transfermarkt.co.uk/jean-kevin-duverne/profil/spieler/344864,https://img.a.transfermarkt.technology/portrait/header/344864-1704213124.jpg?lm=1,real_wc2026_squads_transfermarkt_openfootball,2026-06-02
Josué Duverger,Haiti,Cosmos Koblenz,Unknown,26,Goalkeeper,23,GK,"April 27, 2000",6,0,True,,,,,,,,,,,real_wc2026_squads_transfermarkt_openfootball,2026-06-02
Wilguens Paugain,Haiti,Sportvereniging Zulte Waregem,jupiler-pro-league,24,Full-back,24,DF,"August 24, 2001",6,0,True,609691.0,Sportvereniging Zulte Waregem,BE1,Right-Back,right,180.0,,,https://www.transfermarkt.co.uk/wilguens-paugain/profil/spieler/609691,https://img.a.transfermarkt.technology/portrait/header/609691-1726495140.png?lm=1,real_wc2026_squads_transfermarkt_openfootball,2026-06-02
Dominique Simon,Haiti,FK Pardubice,chance-liga,25,Defensive midfielder,25,MF,"July 29, 2000",0,0,True,988188.0,FK Pardubice,TS1,Defensive Midfield,right,179.0,,,https://www.transfermarkt.co.uk/dominique-simon/profil/spieler/988188,https://img.a.transfermarkt.technology/portrait/header/988188-1713341554.png?lm=1,real_wc2026_squads_transfermarkt_openfootball,2026-06-02
Woodensky Pierre,Haiti,Violette,Unknown,21,Central midfielder,26,MF,"December 30, 2004",1,0,True,,,,,,,,,,,real_wc2026_squads_transfermarkt_openfootball,2026-06-02
Yassine Bounou,Morocco,Al-Hilal Saudi Football Club,saudi-pro-league,35,Goalkeeper,1,GK,"April 5, 1991",89,0,True,207834.0,Al-Hilal Saudi Football Club,SA1,Goalkeeper,left,195.0,,,https://www.transfermarkt.co.uk/yassine-bounou/profil/spieler/207834,https://img.a.transfermarkt.technology/portrait/header/207834-1668503728.jpg?lm=1,real_wc2026_squads_transfermarkt_openfootball,2026-06-02
Achraf Hakimi,Morocco,Paris Saint-Germain Football Club,ligue-1,27,Full-back,2,DF,"November 4, 1998",95,11,True,398073.0,Paris Saint-Germain Football Club,FR1,Right-Back,right,181.0,,,https://www.transfermarkt.co.uk/achraf-hakimi/profil/spieler/398073,https://img.a.transfermarkt.technology/portrait/header/398073-1672304327.jpg?lm=1,real_wc2026_squads_transfermarkt_openfootball,2026-06-02
Noussair Mazraoui,Morocco,Manchester United Football Club,premier-league,28,Full-back,3,DF,"November 14, 1997",43,2,True,340456.0,Manchester United Football Club,GB1,Right-Back,right,183.0,,,https://www.transfermarkt.co.uk/noussair-mazraoui/profil/spieler/340456,https://img.a.transfermarkt.technology/portrait/header/340456-1700207898.jpg?lm=1,real_wc2026_squads_transfermarkt_openfootball,2026-06-02
Sofyan Amrabat,Morocco,Real Betis Balompié S.A.D.,laliga,29,Defensive midfielder,4,MF,"August 21, 1996",73,0,True,287579.0,Real Betis Balompié S.A.D.,ES1,Defensive Midfield,right,185.0,,,https://www.transfermarkt.co.uk/sofyan-amrabat/profil/spieler/287579,https://img.a.transfermarkt.technology/portrait/header/287579-1693604574.jpg?lm=1,real_wc2026_squads_transfermarkt_openfootball,2026-06-02
Nayef Aguerd,Morocco,Olympique de Marseille,ligue-1,30,Centre-back,5,DF,"March 30, 1996",64,2,True,361914.0,Olympique de Marseille,FR1,Centre-Back,left,190.0,,,https://www.transfermarkt.co.uk/nayef-aguerd/profil/spieler/361914,https://img.a.transfermarkt.technology/portrait/header/361914-1659355782.jpg?lm=1,real_wc2026_squads_transfermarkt_openfootball,2026-06-02
Ayyoub Bouaddi,Morocco,Lille Olympique Sporting Club,ligue-1,18,Central midfielder,6,MF,"October 2, 2007",1,0,True,1097139.0,Lille Olympique Sporting Club,FR1,Central Midfield,right,186.0,,,https://www.transfermarkt.co.uk/ayyoub-bouaddi/profil/spieler/1097139,https://img.a.transfermarkt.technology/portrait/header/1097139-1741119960.jpg?lm=1,real_wc2026_squads_transfermarkt_openfootball,2026-06-02
Chemsdine Talbi,Morocco,Sunderland Association Football Club,premier-league,21,Winger,7,MF,"May 9, 2005",5,0,True,743384.0,Sunderland Association Football Club,GB1,Right Winger,right,175.0,,,https://www.transfermarkt.co.uk/chemsdine-talbi/profil/spieler/743384,https://img.a.transfermarkt.technology/portrait/header/743384-1764837422.jpg?lm=1,real_wc2026_squads_transfermarkt_openfootball,2026-06-02
Azzedine Ounahi,Morocco,Girona Fútbol Club S. A. D.,laliga,26,Central midfielder,8,MF,"April 19, 2000",47,9,True,593482.0,Girona Fútbol Club S. A. D.,ES1,Central Midfield,right,182.0,,,https://www.transfermarkt.co.uk/azzedine-ounahi/profil/spieler/593482,https://img.a.transfermarkt.technology/portrait/header/593482-1668080946.jpg?lm=1,real_wc2026_squads_transfermarkt_openfootball,2026-06-02
Soufiane Rahimi,Morocco,Al-Ain,Unknown,30,Winger,9,FW,"June 2, 1996",35,11,True,598506.0,,,Left Winger,right,180.0,Morocco,CAF,https://www.transfermarkt.co.uk/soufiane-rahimi/profil/spieler/598506,https://img.a.transfermarkt.technology/portrait/header/598506-1723144724.jpg?lm=1,real_wc2026_squads_transfermarkt_openfootball,2026-06-02
Brahim Díaz,Morocco,Real Madrid Club de Fútbol,laliga,26,Winger,10,FW,"August 3, 1999",24,13,True,314678.0,Real Madrid Club de Fútbol,ES1,Right Winger,both,170.0,,,https://www.transfermarkt.co.uk/brahim-diaz/profil/spieler/314678,https://img.a.transfermarkt.technology/portrait/header/314678-1744193327.jpg?lm=1,real_wc2026_squads_transfermarkt_openfootball,2026-06-02
Ismael Saibari,Morocco,Eindhovense Voetbalvereniging Philips Sport Vereniging,eredivisie,25,Attacking midfielder,11,MF,"January 28, 2001",28,7,True,702869.0,Eindhovense Voetbalvereniging Philips Sport Vereniging,NL1,Attacking Midfield,right,185.0,,,https://www.transfermarkt.co.uk/ismael-saibari/profil/spieler/702869,https://img.a.transfermarkt.technology/portrait/header/702869-1765214009.jpg?lm=1,real_wc2026_squads_transfermarkt_openfootball,2026-06-02
Munir Mohamedi,Morocco,RS Berkane,Unknown,37,Full-back,12,GK,"May 10, 1989",51,0,True,800363.0,,,Right-Back,right,173.0,Morocco,CAF,https://www.transfermarkt.co.uk/mohamed-moufid/profil/spieler/800363,https://img.a.transfermarkt.technology/portrait/header/800363-1726835580.jpg?lm=1,real_wc2026_squads_transfermarkt_openfootball,2026-06-02
Zakaria El Ouahdi,Morocco,Koninklijke Racing Club Genk,jupiler-pro-league,24,Full-back,13,DF,"December 31, 2001",2,0,True,820474.0,Koninklijke Racing Club Genk,BE1,Right-Back,right,173.0,,,https://www.transfermarkt.co.uk/zakaria-el-ouahdi/profil/spieler/820474,https://img.a.transfermarkt.technology/portrait/header/820474-1714037470.png?lm=1,real_wc2026_squads_transfermarkt_openfootball,2026-06-02
Issa Diop,Morocco,Fulham Football Club,premier-league,29,Centre-back,14,DF,"January 9, 1997",2,0,True,272622.0,Fulham Football Club,GB1,Centre-Back,right,194.0,,,https://www.transfermarkt.co.uk/issa-diop/profil/spieler/272622,https://img.a.transfermarkt.technology/portrait/header/272622-1780316727.jpg?lm=1,real_wc2026_squads_transfermarkt_openfootball,2026-06-02
Samir El Mourabet,Morocco,Racing Club de Strasbourg Alsace,ligue-1,20,Central midfielder,15,MF,"October 6, 2005",2,0,True,1130514.0,Racing Club de Strasbourg Alsace,FR1,Central Midfield,left,186.0,,,https://www.transfermarkt.co.uk/samir-el-mourabet/profil/spieler/1130514,https://img.a.transfermarkt.technology/portrait/header/1130514-1780319759.jpg?lm=1,real_wc2026_squads_transfermarkt_openfootball,2026-06-02
Gessime Yassine,Morocco,Racing Club de Strasbourg Alsace,ligue-1,20,Winger,16,MF,"November 22, 2005",3,0,True,1151929.0,Racing Club de Strasbourg Alsace,FR1,Right Winger,left,172.0,,,https://www.transfermarkt.co.uk/gessime-yassine/profil/spieler/1151929,https://img.a.transfermarkt.technology/portrait/header/1151929-1780320928.jpg?lm=1,real_wc2026_squads_transfermarkt_openfootball,2026-06-02
Abde Ezzalzouli,Morocco,Real Betis Balompié S.A.D.,laliga,24,Winger,17,FW,"December 17, 2001",35,2,True,724520.0,Real Betis Balompié S.A.D.,ES1,Left Winger,right,177.0,,,https://www.transfermarkt.co.uk/abde-ezzalzouli/profil/spieler/724520,https://img.a.transfermarkt.technology/portrait/header/724520-1758782814.jpg?lm=1,real_wc2026_squads_transfermarkt_openfootball,2026-06-02
Chadi Riad,Morocco,Crystal Palace Football Club,premier-league,22,Centre-back,18,DF,"June 17, 2003",4,1,True,689637.0,Crystal Palace Football Club,GB1,Centre-Back,left,187.0,,,https://www.transfermarkt.co.uk/chadi-riad/profil/spieler/689637,https://img.a.transfermarkt.technology/portrait/header/689637-1704399972.jpg?lm=1,real_wc2026_squads_transfermarkt_openfootball,2026-06-02
Youssef Belammari,Morocco,Al Ahly,Unknown,27,Full-back,19,DF,"September 20, 1998",16,0,True,518804.0,,,Left-Back,left,183.0,Morocco,CAF,https://www.transfermarkt.co.uk/youssef-belammari/profil/spieler/518804,https://img.a.transfermarkt.technology/portrait/header/518804-1755166034.jpeg?lm=1,real_wc2026_squads_transfermarkt_openfootball,2026-06-02
Ayoub El Kaabi,Morocco,Olympiakos Syndesmos Filathlon Peiraios,super-league-1,32,Forward,20,FW,"June 25, 1993",57,22,True,521127.0,Olympiakos Syndesmos Filathlon Peiraios,GR1,Centre-Forward,left,182.0,,,https://www.transfermarkt.co.uk/ayoub-el-kaabi/profil/spieler/521127,https://img.a.transfermarkt.technology/portrait/header/521127-1757716791.png?lm=1,real_wc2026_squads_transfermarkt_openfootball,2026-06-02
Ayoube Amaimouni,Morocco,Olympique Gymnaste Club Nice Côte d'Azur,ligue-1,21,Full-back,21,FW,"November 30, 2004",0,0,True,860051.0,Olympique Gymnaste Club Nice Côte d'Azur,FR1,Left-Back,left,184.0,,,https://www.transfermarkt.co.uk/ayoub-amraoui/profil/spieler/860051,https://img.a.transfermarkt.technology/portrait/header/860051-1678440290.jpg?lm=1,real_wc2026_squads_transfermarkt_openfootball,2026-06-02
Ahmed Reda Tagnaouti,Morocco,AS FAR,Unknown,30,Goalkeeper,22,GK,"April 5, 1996",3,0,True,,,,,,,,,,,real_wc2026_squads_transfermarkt_openfootball,2026-06-02
Bilal El Khannouss,Morocco,Verein für Bewegungsspiele Stuttgart 1893,bundesliga,22,Attacking midfielder,23,MF,"May 10, 2004",35,3,True,654982.0,Verein für Bewegungsspiele Stuttgart 1893,L1,Attacking Midfield,right,180.0,,,https://www.transfermarkt.co.uk/bilal-el-khannouss/profil/spieler/654982,https://img.a.transfermarkt.technology/portrait/header/654982-1714038053.png?lm=1,real_wc2026_squads_transfermarkt_openfootball,2026-06-02
Neil El Aynaoui,Morocco,Associazione Sportiva Roma,serie-a,24,Central midfielder,24,MF,"July 2, 2001",15,2,True,901019.0,Associazione Sportiva Roma,IT1,Central Midfield,right,185.0,,,https://www.transfermarkt.co.uk/neil-el-aynaoui/profil/spieler/901019,https://img.a.transfermarkt.technology/portrait/header/901019-1757603917.jpg?lm=1,real_wc2026_squads_transfermarkt_openfootball,2026-06-02
Redouane Halhal,Morocco,Yellow-Red Koninklijke Voetbalclub Mechelen,jupiler-pro-league,23,Centre-back,25,DF,"March 5, 2003",1,0,True,913660.0,Yellow-Red Koninklijke Voetbalclub Mechelen,BE1,Centre-Back,right,191.0,,,https://www.transfermarkt.co.uk/redouane-halhal/profil/spieler/913660,https://img.a.transfermarkt.technology/portrait/header/913660-1726297099.jpg?lm=1,real_wc2026_squads_transfermarkt_openfootball,2026-06-02
Anass Salah-Eddine,Morocco,Eindhovense Voetbalvereniging Philips Sport Vereniging,eredivisie,24,Full-back,26,DF,"January 18, 2002",8,0,True,485584.0,Eindhovense Voetbalvereniging Philips Sport Vereniging,NL1,Left-Back,left,181.0,,,https://www.transfermarkt.co.uk/anass-salah-eddine/profil/spieler/485584,https://img.a.transfermarkt.technology/portrait/header/485584-1766406432.jpg?lm=1,real_wc2026_squads_transfermarkt_openfootball,2026-06-02
Angus Gunn,Scotland,Nottingham Forest Football Club,premier-league,30,Goalkeeper,1,GK,"January 22, 1996",21,0,True,201574.0,Nottingham Forest Football Club,GB1,Goalkeeper,right,196.0,,,https://www.transfermarkt.co.uk/angus-gunn/profil/spieler/201574,https://img.a.transfermarkt.technology/portrait/header/201574-1716378186.jpg?lm=1,real_wc2026_squads_transfermarkt_openfootball,2026-06-02
Aaron Hickey,Scotland,Brentford Football Club,premier-league,24,Full-back,2,DF,"June 10, 2002",20,0,True,591949.0,Brentford Football Club,GB1,Right-Back,both,185.0,,,https://www.transfermarkt.co.uk/aaron-hickey/profil/spieler/591949,https://img.a.transfermarkt.technology/portrait/header/591949-1780070754.jpg?lm=1,real_wc2026_squads_transfermarkt_openfootball,2026-06-02
Andy Robertson,Scotland,Liverpool Football Club,premier-league,32,Full-back,3,DF,"March 11, 1994",93,4,True,234803.0,Liverpool Football Club,GB1,Left-Back,left,178.0,,,https://www.transfermarkt.co.uk/andrew-robertson/profil/spieler/234803,https://img.a.transfermarkt.technology/portrait/header/234803-1709147379.jpg?lm=1,real_wc2026_squads_transfermarkt_openfootball,2026-06-02
Scott McTominay,Scotland,Società Sportiva Calcio Napoli,serie-a,29,Central midfielder,4,MF,"December 8, 1996",69,14,True,315969.0,Società Sportiva Calcio Napoli,IT1,Central Midfield,right,191.0,,,https://www.transfermarkt.co.uk/scott-mctominay/profil/spieler/315969,https://img.a.transfermarkt.technology/portrait/header/315969-1718626681.jpg?lm=1,real_wc2026_squads_transfermarkt_openfootball,2026-06-02
Grant Hanley,Scotland,Hibernian Football Club,scottish-premiership,34,Centre-back,5,DF,"November 20, 1991",67,2,True,121385.0,Hibernian Football Club,SC1,Centre-Back,right,188.0,,,https://www.transfermarkt.co.uk/grant-hanley/profil/spieler/121385,https://img.a.transfermarkt.technology/portrait/header/121385-1718273884.jpg?lm=1,real_wc2026_squads_transfermarkt_openfootball,2026-06-02
Kieran Tierney,Scotland,The Celtic Football Club,scottish-premiership,29,Full-back,6,DF,"June 5, 1997",55,2,True,300716.0,The Celtic Football Club,SC1,Left-Back,left,180.0,,,https://www.transfermarkt.co.uk/kieran-tierney/profil/spieler/300716,https://img.a.transfermarkt.technology/portrait/header/300716-1662666488.jpg?lm=1,real_wc2026_squads_transfermarkt_openfootball,2026-06-02
John McGinn,Scotland,Aston Villa Football Club,premier-league,31,Central midfielder,7,MF,"October 18, 1994",85,20,True,193116.0,Aston Villa Football Club,GB1,Central Midfield,left,178.0,,,https://www.transfermarkt.co.uk/john-mcginn/profil/spieler/193116,https://img.a.transfermarkt.technology/portrait/header/193116-1689172405.jpg?lm=1,real_wc2026_squads_transfermarkt_openfootball,2026-06-02
Tyler Fletcher,Scotland,Dundee United Football Club,scottish-premiership,19,Forward,8,MF,"March 19, 2007",1,0,True,35099.0,Dundee United Football Club,SC1,Centre-Forward,left,185.0,,,https://www.transfermarkt.co.uk/steven-fletcher/profil/spieler/35099,https://img.a.transfermarkt.technology/portrait/header/35099-1598511964.jpg?lm=1,real_wc2026_squads_transfermarkt_openfootball,2026-06-02
Lyndon Dykes,Scotland,Charlton Athletic,Unknown,30,Forward,9,FW,"October 7, 1995",51,10,True,347138.0,,,Centre-Forward,right,188.0,Scotland,UEFA,https://www.transfermarkt.co.uk/lyndon-dykes/profil/spieler/347138,https://img.a.transfermarkt.technology/portrait/header/347138-1701544889.jpg?lm=1,real_wc2026_squads_transfermarkt_openfootball,2026-06-02
Ché Adams,Scotland,Torino Calcio,serie-a,29,Forward,10,FW,"July 13, 1996",46,11,True,346779.0,Torino Calcio,IT1,Centre-Forward,right,179.0,,,https://www.transfermarkt.co.uk/che-adams/profil/spieler/346779,https://img.a.transfermarkt.technology/portrait/header/346779-1716381473.jpg?lm=1,real_wc2026_squads_transfermarkt_openfootball,2026-06-02
Ryan Christie,Scotland,Association Football Club Bournemouth,premier-league,31,Central midfielder,11,MF,"February 22, 1995",67,10,True,188077.0,Association Football Club Bournemouth,GB1,Central Midfield,left,178.0,,,https://www.transfermarkt.co.uk/ryan-christie/profil/spieler/188077,https://img.a.transfermarkt.technology/portrait/header/188077-1697450633.jpg?lm=1,real_wc2026_squads_transfermarkt_openfootball,2026-06-02
Liam Kelly,Scotland,Rangers Football Club,scottish-premiership,30,Goalkeeper,12,GK,"January 23, 1996",3,0,True,208772.0,Rangers Football Club,SC1,Goalkeeper,right,184.0,,,https://www.transfermarkt.co.uk/liam-kelly/profil/spieler/208772,https://img.a.transfermarkt.technology/portrait/header/208772-1701544031.jpg?lm=1,real_wc2026_squads_transfermarkt_openfootball,2026-06-02
Jack Hendry,Scotland,Al-Ettifaq Football Club,saudi-pro-league,31,Centre-back,13,DF,"May 7, 1995",37,3,True,363223.0,Al-Ettifaq Football Club,SA1,Centre-Back,right,192.0,,,https://www.transfermarkt.co.uk/jack-hendry/profil/spieler/363223,https://img.a.transfermarkt.technology/portrait/header/363223-1716378264.jpg?lm=1,real_wc2026_squads_transfermarkt_openfootball,2026-06-02
Ross Stewart,Scotland,Southampton FC,premier-league,29,Forward,14,FW,"July 11, 1996",2,0,True,447995.0,Southampton FC,GB1,Centre-Forward,right,188.0,,,https://www.transfermarkt.co.uk/ross-stewart/profil/spieler/447995,https://img.a.transfermarkt.technology/portrait/header/447995-1645779367.jpg?lm=1,real_wc2026_squads_transfermarkt_openfootball,2026-06-02
John Souttar,Scotland,Rangers Football Club,scottish-premiership,29,Centre-back,15,DF,"September 25, 1996",23,2,True,235767.0,Rangers Football Club,SC1,Centre-Back,right,186.0,,,https://www.transfermarkt.co.uk/john-souttar/profil/spieler/235767,https://img.a.transfermarkt.technology/portrait/header/235767-1709884351.jpg?lm=1,real_wc2026_squads_transfermarkt_openfootball,2026-06-02
Dominic Hyam,Scotland,Wrexham,Unknown,30,Centre-back,16,DF,"December 20, 1995",3,0,True,,,,,,,,,,,real_wc2026_squads_transfermarkt_openfootball,2026-06-02
Ben Gannon-Doak,Scotland,Association Football Club Bournemouth,premier-league,20,Winger,17,FW,"November 11, 2005",13,1,True,719673.0,Association Football Club Bournemouth,GB1,Right Winger,right,176.0,,,https://www.transfermarkt.co.uk/ben-gannon-doak/profil/spieler/719673,https://img.a.transfermarkt.technology/portrait/header/719673-1780071350.jpg?lm=1,real_wc2026_squads_transfermarkt_openfootball,2026-06-02
George Hirst,Scotland,Ipswich Town,premier-league,27,Forward,18,FW,"February 15, 1999",9,1,True,420808.0,Ipswich Town,GB1,Centre-Forward,right,191.0,Scotland,UEFA,https://www.transfermarkt.co.uk/george-hirst/profil/spieler/420808,https://img.a.transfermarkt.technology/portrait/header/420808-1738823357.jpg?lm=1,real_wc2026_squads_transfermarkt_openfootball,2026-06-02
Lewis Ferguson,Scotland,Bologna Football Club 1909,serie-a,26,Central midfielder,19,MF,"August 24, 1999",23,1,True,428563.0,Bologna Football Club 1909,IT1,Central Midfield,right,181.0,,,https://www.transfermarkt.co.uk/lewis-ferguson/profil/spieler/428563,https://img.a.transfermarkt.technology/portrait/header/428563-1753445535.jpg?lm=1,real_wc2026_squads_transfermarkt_openfootball,2026-06-02
Lawrence Shankland,Scotland,Heart of Midlothian Football Club,scottish-premiership,30,Forward,20,FW,"August 10, 1995",19,6,True,225744.0,Heart of Midlothian Football Club,SC1,Centre-Forward,right,185.0,,,https://www.transfermarkt.co.uk/lawrence-shankland/profil/spieler/225744,https://img.a.transfermarkt.technology/portrait/header/225744-1710925414.jpg?lm=1,real_wc2026_squads_transfermarkt_openfootball,2026-06-02
Craig Gordon,Scotland,Heart of Midlothian Football Club,scottish-premiership,43,Goalkeeper,21,GK,"December 31, 1982",84,0,True,12589.0,Heart of Midlothian Football Club,SC1,Goalkeeper,left,193.0,,,https://www.transfermarkt.co.uk/craig-gordon/profil/spieler/12589,https://img.a.transfermarkt.technology/portrait/header/12589-1716378382.jpg?lm=1,real_wc2026_squads_transfermarkt_openfootball,2026-06-02
Nathan Patterson,Scotland,Everton Football Club,premier-league,24,Full-back,22,DF,"October 16, 2001",26,1,True,424015.0,Everton Football Club,GB1,Right-Back,right,189.0,,,https://www.transfermarkt.co.uk/nathan-patterson/profil/spieler/424015,https://img.a.transfermarkt.technology/portrait/header/424015-1736161412.jpg?lm=1,real_wc2026_squads_transfermarkt_openfootball,2026-06-02
Kenny McLean,Scotland,Norwich City,premier-league,34,Central midfielder,23,MF,"January 8, 1992",57,3,True,126600.0,Norwich City,GB1,Central Midfield,left,180.0,Scotland,UEFA,https://www.transfermarkt.co.uk/kenny-mclean/profil/spieler/126600,https://img.a.transfermarkt.technology/portrait/header/126600-1701543723.jpg?lm=1,real_wc2026_squads_transfermarkt_openfootball,2026-06-02
Anthony Ralston,Scotland,The Celtic Football Club,scottish-premiership,27,Full-back,24,DF,"November 16, 1998",26,1,True,388171.0,The Celtic Football Club,SC1,Right-Back,right,178.0,,,https://www.transfermarkt.co.uk/anthony-ralston/profil/spieler/388171,https://img.a.transfermarkt.technology/portrait/header/388171-1505468211.jpg?lm=1,real_wc2026_squads_transfermarkt_openfootball,2026-06-02
Findlay Curtis,Scotland,Rangers Football Club,scottish-premiership,20,Winger,25,FW,"June 9, 2006",2,1,True,1082993.0,Rangers Football Club,SC1,Left Winger,right,180.0,,,https://www.transfermarkt.co.uk/findlay-curtis/profil/spieler/1082993,https://img.a.transfermarkt.technology/portrait/header/1082993-1744313804.jpg?lm=1,real_wc2026_squads_transfermarkt_openfootball,2026-06-02
Scott McKenna,Scotland,GNK Dinamo Zagreb,supersport-hnl,29,Centre-back,26,DF,"November 12, 1996",50,1,True,255906.0,GNK Dinamo Zagreb,KR1,Centre-Back,left,189.0,,,https://www.transfermarkt.co.uk/scott-mckenna/profil/spieler/255906,https://img.a.transfermarkt.technology/portrait/header/255906-1718274297.jpg?lm=1,real_wc2026_squads_transfermarkt_openfootball,2026-06-02
Mathew Ryan,Australia,Levante Unión Deportiva S.A.D.,laliga,34,Goalkeeper,1,GK,"April 8, 1992",104,0,True,128969.0,Levante Unión Deportiva S.A.D.,ES1,Goalkeeper,right,184.0,,,https://www.transfermarkt.co.uk/mathew-ryan/profil/spieler/128969,https://img.a.transfermarkt.technology/portrait/header/128969-1668505563.jpg?lm=1,real_wc2026_squads_transfermarkt_openfootball,2026-06-02
Miloš Degenek,Australia,APOEL,Unknown,32,Centre-back,2,DF,"April 28, 1994",56,1,True,187353.0,,,Centre-Back,right,187.0,Australia,AFC,https://www.transfermarkt.co.uk/milos-degenek/profil/spieler/187353,https://img.a.transfermarkt.technology/portrait/header/187353-1694785259.jpg?lm=1,real_wc2026_squads_transfermarkt_openfootball,2026-06-02
Alessandro Circati,Australia,Parma Calcio 1913,serie-a,22,Centre-back,3,DF,"October 10, 2003",12,1,True,867137.0,Parma Calcio 1913,IT1,Centre-Back,right,190.0,,,https://www.transfermarkt.co.uk/alessandro-circati/profil/spieler/867137,https://img.a.transfermarkt.technology/portrait/header/867137-1780322535.jpg?lm=1,real_wc2026_squads_transfermarkt_openfootball,2026-06-02
Jacob Italiano,Australia,Grazer Athletiksport Klub 1902,bundesliga,24,Full-back,4,DF,"July 30, 2001",4,0,True,545810.0,Grazer Athletiksport Klub 1902,A1,Right-Back,both,177.0,,,https://www.transfermarkt.co.uk/jacob-italiano/profil/spieler/545810,https://img.a.transfermarkt.technology/portrait/header/545810-1727527063.jpg?lm=1,real_wc2026_squads_transfermarkt_openfootball,2026-06-02
Jordan Bos,Australia,Feyenoord Rotterdam,eredivisie,23,Full-back,5,DF,"October 29, 2002",26,4,True,855731.0,Feyenoord Rotterdam,NL1,Left-Back,left,180.0,,,https://www.transfermarkt.co.uk/jordan-bos/profil/spieler/855731,https://img.a.transfermarkt.technology/portrait/header/855731-1753260910.jpg?lm=1,real_wc2026_squads_transfermarkt_openfootball,2026-06-02
Jason Geria,Australia,Albirex Niigata,j1-league,33,Full-back,6,DF,"May 10, 1993",13,0,True,185175.0,Albirex Niigata,JAP1,Right-Back,right,183.0,Australia,AFC,https://www.transfermarkt.co.uk/jason-geria/profil/spieler/185175,https://img.a.transfermarkt.technology/portrait/header/185175-1772671264.jpg?lm=1,real_wc2026_squads_transfermarkt_openfootball,2026-06-02
Mathew Leckie,Australia,Melbourne City Football Club,a-league-men,35,Winger,7,FW,"February 4, 1991",79,14,True,126214.0,Melbourne City Football Club,AUS1,Left Winger,right,181.0,,,https://www.transfermarkt.co.uk/mathew-leckie/profil/spieler/126214,https://img.a.transfermarkt.technology/portrait/header/126214-1599990767.jpg?lm=1,real_wc2026_squads_transfermarkt_openfootball,2026-06-02
Connor Metcalfe,Australia,Fußball-Club St. Pauli von 1910,bundesliga,26,Central midfielder,8,MF,"November 5, 1999",35,1,True,522223.0,Fußball-Club St. Pauli von 1910,L1,Central Midfield,left,183.0,,,https://www.transfermarkt.co.uk/connor-metcalfe/profil/spieler/522223,https://img.a.transfermarkt.technology/portrait/header/522223-1755033011.jpg?lm=1,real_wc2026_squads_transfermarkt_openfootball,2026-06-02
Mohamed Touré,Australia,Norwich City,premier-league,22,Forward,9,FW,"March 26, 2004",9,2,True,742770.0,Norwich City,GB1,Centre-Forward,right,186.0,Australia,AFC,https://www.transfermarkt.co.uk/mohamed-toure/profil/spieler/742770,https://img.a.transfermarkt.technology/portrait/header/742770-1747724540.jpg?lm=1,real_wc2026_squads_transfermarkt_openfootball,2026-06-02
Ajdin Hrustic,Australia,Heracles Almelo,eredivisie,29,Central midfielder,10,FW,"July 5, 1996",37,4,True,265625.0,Heracles Almelo,NL1,Central Midfield,left,180.0,,,https://www.transfermarkt.co.uk/ajdin-hrustic/profil/spieler/265625,https://img.a.transfermarkt.technology/portrait/header/265625-1764162948.png?lm=1,real_wc2026_squads_transfermarkt_openfootball,2026-06-02
Awer Mabil,Australia,Cádiz CF,laliga,30,Winger,11,FW,"September 15, 1995",38,10,True,255729.0,Cádiz CF,ES1,Left Winger,right,178.0,,,https://www.transfermarkt.co.uk/awer-mabil/profil/spieler/255729,https://img.a.transfermarkt.technology/portrait/header/255729-1601548252.jpg?lm=1,real_wc2026_squads_transfermarkt_openfootball,2026-06-02
Paul Izzo,Australia,Randers Fodbold Club,superliga,31,Goalkeeper,12,GK,"January 6, 1995",4,0,True,181921.0,Randers Fodbold Club,DK1,Goalkeeper,right,185.0,,,https://www.transfermarkt.co.uk/paul-izzo/profil/spieler/181921,https://img.a.transfermarkt.technology/portrait/header/181921-1735076008.png?lm=1,real_wc2026_squads_transfermarkt_openfootball,2026-06-02
Aiden O'Neill,Australia,New York City Football Club,major-league-soccer,27,Defensive midfielder,13,MF,"July 4, 1998",30,0,True,385918.0,New York City Football Club,MLS1,Defensive Midfield,right,178.0,,,https://www.transfermarkt.co.uk/aiden-oneill/profil/spieler/385918,https://img.a.transfermarkt.technology/portrait/header/385918-1771711165.jpg?lm=1,real_wc2026_squads_transfermarkt_openfootball,2026-06-02
Cammy Devlin,Australia,Heart of Midlothian Football Club,scottish-premiership,28,Central midfielder,14,MF,"June 7, 1998",4,0,True,399162.0,Heart of Midlothian Football Club,SC1,Central Midfield,right,169.0,,,https://www.transfermarkt.co.uk/cammy-devlin/profil/spieler/399162,https://img.a.transfermarkt.technology/portrait/header/399162-1780322939.jpg?lm=1,real_wc2026_squads_transfermarkt_openfootball,2026-06-02
Kai Trewin,Australia,New York City Football Club,major-league-soccer,25,Defensive midfielder,15,DF,"May 18, 2001",5,0,True,691326.0,New York City Football Club,MLS1,Defensive Midfield,right,183.0,,,https://www.transfermarkt.co.uk/kai-trewin/profil/spieler/691326,https://img.a.transfermarkt.technology/portrait/header/691326-1771711494.jpg?lm=1,real_wc2026_squads_transfermarkt_openfootball,2026-06-02
Aziz Behich,Australia,Melbourne City Football Club,a-league-men,35,Full-back,16,DF,"December 16, 1990",83,3,True,136834.0,Melbourne City Football Club,AUS1,Left-Back,left,170.0,,,https://www.transfermarkt.co.uk/aziz-behich/profil/spieler/136834,https://img.a.transfermarkt.technology/portrait/header/136834-1669893921.jpg?lm=1,real_wc2026_squads_transfermarkt_openfootball,2026-06-02
Nestory Irankunda,Australia,Watford FC,premier-league,20,Winger,17,FW,"February 9, 2006",14,5,True,956920.0,Watford FC,GB1,Right Winger,right,175.0,Australia,AFC,https://www.transfermarkt.co.uk/nestory-irankunda/profil/spieler/956920,https://img.a.transfermarkt.technology/portrait/header/956920-1739808530.jpg?lm=1,real_wc2026_squads_transfermarkt_openfootball,2026-06-02
Patrick Beach,Australia,Melbourne City Football Club,a-league-men,22,Goalkeeper,18,GK,"August 6, 2003",1,0,True,983578.0,Melbourne City Football Club,AUS1,Goalkeeper,left,190.0,,,https://www.transfermarkt.co.uk/patrick-beach/profil/spieler/983578,https://img.a.transfermarkt.technology/portrait/header/983578-1768225896.png?lm=1,real_wc2026_squads_transfermarkt_openfootball,2026-06-02
Harry Souttar,Australia,Leicester City,premier-league,27,Centre-back,19,DF,"October 22, 1998",37,11,True,298091.0,Leicester City,GB1,Centre-Back,right,198.0,,,https://www.transfermarkt.co.uk/harry-souttar/profil/spieler/298091,https://img.a.transfermarkt.technology/portrait/header/298091-1669819322.jpg?lm=1,real_wc2026_squads_transfermarkt_openfootball,2026-06-02
Cristian Volpato,Australia,Unione Sportiva Sassuolo Calcio,serie-a,22,Attacking midfielder,20,FW,"November 15, 2003",0,0,True,746891.0,Unione Sportiva Sassuolo Calcio,IT1,Attacking Midfield,left,187.0,,,https://www.transfermarkt.co.uk/cristian-volpato/profil/spieler/746891,https://img.a.transfermarkt.technology/portrait/header/746891-1753432220.jpg?lm=1,real_wc2026_squads_transfermarkt_openfootball,2026-06-02
Cameron Burgess,Australia,Swansea City,premier-league,30,Centre-back,21,DF,"October 21, 1995",26,0,True,255788.0,Swansea City,GB1,Centre-Back,left,194.0,Australia,AFC,https://www.transfermarkt.co.uk/cameron-burgess/profil/spieler/255788,https://img.a.transfermarkt.technology/portrait/header/255788-1664180001.jpg?lm=1,real_wc2026_squads_transfermarkt_openfootball,2026-06-02
Jackson Irvine,Australia,Fußball-Club St. Pauli von 1910,bundesliga,33,Central midfielder,22,MF,"March 7, 1993",81,14,True,192557.0,Fußball-Club St. Pauli von 1910,L1,Central Midfield,right,189.0,,,https://www.transfermarkt.co.uk/jackson-irvine/profil/spieler/192557,https://img.a.transfermarkt.technology/portrait/header/192557-1755032060.jpg?lm=1,real_wc2026_squads_transfermarkt_openfootball,2026-06-02
Nishan Velupillay,Australia,Melbourne Victory FC,a-league-men,25,Winger,23,FW,"May 7, 2001",7,3,True,888140.0,Melbourne Victory FC,AUS1,Left Winger,right,181.0,,,https://www.transfermarkt.co.uk/nishan-velupillay/profil/spieler/888140,https://img.a.transfermarkt.technology/portrait/header/888140-1703810289.png?lm=1,real_wc2026_squads_transfermarkt_openfootball,2026-06-02
Paul Okon-Engstler,Australia,Sydney Football Club,a-league-men,21,Defensive midfielder,24,MF,"January 24, 2005",5,0,True,1064377.0,Sydney Football Club,AUS1,Defensive Midfield,left,186.0,,,https://www.transfermarkt.co.uk/paul-okon-engstler/profil/spieler/1064377,https://img.a.transfermarkt.technology/portrait/header/1064377-1669898606.png?lm=1,real_wc2026_squads_transfermarkt_openfootball,2026-06-02
Lucas Herrington,Australia,Colorado Rapids,major-league-soccer,18,Centre-back,25,DF,"September 5, 2007",3,0,True,1279984.0,Colorado Rapids,MLS1,Centre-Back,right,193.0,,,https://www.transfermarkt.co.uk/lucas-herrington/profil/spieler/1279984,https://img.a.transfermarkt.technology/portrait/header/1279984-1771673292.jpg?lm=1,real_wc2026_squads_transfermarkt_openfootball,2026-06-02
Tete Yengi,Australia,Zelvia,j1-league,25,Forward,26,FW,"November 28, 2000",0,0,True,849429.0,Zelvia,JAP1,Centre-Forward,right,197.0,,,https://www.transfermarkt.co.uk/tete-yengi/profil/spieler/849429,https://img.a.transfermarkt.technology/portrait/header/849429-1773591834.JPG?lm=1,real_wc2026_squads_transfermarkt_openfootball,2026-06-02
Gatito Fernández,Paraguay,Cerro Porteño,Unknown,38,Goalkeeper,1,GK,"March 29, 1988",30,0,True,107318.0,,,Goalkeeper,right,191.0,Paraguay,CONMEBOL,https://www.transfermarkt.co.uk/roberto-fernandez/profil/spieler/107318,https://img.a.transfermarkt.technology/portrait/header/107318-1772568912.PNG?lm=1,real_wc2026_squads_transfermarkt_openfootball,2026-06-02
Gustavo Velázquez,Paraguay,Cerro Porteño,Unknown,35,Centre-back,2,DF,"April 17, 1991",12,1,True,,,,,,,,,,,real_wc2026_squads_transfermarkt_openfootball,2026-06-02
Omar Alderete,Paraguay,Sunderland Association Football Club,premier-league,29,Centre-back,3,DF,"December 26, 1996",35,3,True,353032.0,Sunderland Association Football Club,GB1,Centre-Back,left,188.0,,,https://www.transfermarkt.co.uk/omar-alderete/profil/spieler/353032,https://img.a.transfermarkt.technology/portrait/header/353032-1669365021.jpg?lm=1,real_wc2026_squads_transfermarkt_openfootball,2026-06-02
Juan José Cáceres,Paraguay,FK Dinamo Moskva,premier-liga,26,Full-back,4,DF,"June 1, 2000",16,0,True,756494.0,FK Dinamo Moskva,RU1,Right-Back,right,177.0,,,https://www.transfermarkt.co.uk/juan-jose-caceres/profil/spieler/756494,https://img.a.transfermarkt.technology/portrait/header/756494-1740027162.png?lm=1,real_wc2026_squads_transfermarkt_openfootball,2026-06-02
Fabián Balbuena,Paraguay,Grêmio Foot-Ball Porto Alegrense,campeonato-brasileiro-serie-a,34,Centre-back,5,DF,"August 23, 1991",47,2,True,285548.0,Grêmio Foot-Ball Porto Alegrense,BRA1,Centre-Back,right,189.0,,,https://www.transfermarkt.co.uk/fabian-balbuena/profil/spieler/285548,https://img.a.transfermarkt.technology/portrait/header/285548-1721727706.png?lm=1,real_wc2026_squads_transfermarkt_openfootball,2026-06-02
Júnior Alonso,Paraguay,Clube Atlético Mineiro,campeonato-brasileiro-serie-a,33,Centre-back,6,DF,"February 9, 1993",70,3,True,273000.0,Clube Atlético Mineiro,BRA1,Centre-Back,left,185.0,,,https://www.transfermarkt.co.uk/junior-alonso/profil/spieler/273000,https://img.a.transfermarkt.technology/portrait/header/273000-1675329607.png?lm=1,real_wc2026_squads_transfermarkt_openfootball,2026-06-02
Ramón Sosa,Paraguay,Sociedade Esportiva Palmeiras,campeonato-brasileiro-serie-a,26,Forward,7,MF,"August 31, 1999",28,1,True,745191.0,Sociedade Esportiva Palmeiras,BRA1,Second Striker,right,179.0,,,https://www.transfermarkt.co.uk/ramon-sosa/profil/spieler/745191,https://img.a.transfermarkt.technology/portrait/header/745191-1731056200.jpg?lm=1,real_wc2026_squads_transfermarkt_openfootball,2026-06-02
Diego Gómez,Paraguay,Brighton and Hove Albion Football Club,premier-league,23,Central midfielder,8,MF,"March 27, 2003",23,3,True,996897.0,Brighton and Hove Albion Football Club,GB1,Central Midfield,right,185.0,,,https://www.transfermarkt.co.uk/diego-gomez/profil/spieler/996897,https://img.a.transfermarkt.technology/portrait/header/996897-1710077684.jpg?lm=1,real_wc2026_squads_transfermarkt_openfootball,2026-06-02
Antonio Sanabria,Paraguay,Unione Sportiva Cremonese S.p.A.,serie-a,30,Forward,9,FW,"March 4, 1996",47,7,True,234523.0,Unione Sportiva Cremonese S.p.A.,IT1,Centre-Forward,right,180.0,,,https://www.transfermarkt.co.uk/antonio-sanabria/profil/spieler/234523,https://img.a.transfermarkt.technology/portrait/header/234523-1692963077.jpg?lm=1,real_wc2026_squads_transfermarkt_openfootball,2026-06-02
Miguel Almirón,Paraguay,Atlanta United Football Club,major-league-soccer,32,Winger,10,MF,"February 10, 1994",75,9,True,272999.0,Atlanta United Football Club,MLS1,Right Winger,left,174.0,,,https://www.transfermarkt.co.uk/miguel-almiron/profil/spieler/272999,https://img.a.transfermarkt.technology/portrait/header/272999-1771526757.jpg?lm=1,real_wc2026_squads_transfermarkt_openfootball,2026-06-02
Maurício,Paraguay,Sociedade Esportiva Palmeiras,campeonato-brasileiro-serie-a,24,Attacking midfielder,11,MF,"June 22, 2001",2,0,True,678439.0,Sociedade Esportiva Palmeiras,BRA1,Attacking Midfield,left,174.0,,,https://www.transfermarkt.co.uk/mauricio/profil/spieler/678439,https://img.a.transfermarkt.technology/portrait/header/678439-1746578477.jpg?lm=1,real_wc2026_squads_transfermarkt_openfootball,2026-06-02
Orlando Gill,Paraguay,Club Atlético San Lorenzo de Almagro,torneo-apertura,26,Goalkeeper,12,GK,"June 11, 2000",5,0,True,643259.0,Club Atlético San Lorenzo de Almagro,ARG1,Goalkeeper,left,198.0,,,https://www.transfermarkt.co.uk/orlando-gill/profil/spieler/643259,https://img.a.transfermarkt.technology/portrait/header/643259-1749582166.jpg?lm=1,real_wc2026_squads_transfermarkt_openfootball,2026-06-02
José Canale,Paraguay,Club Atlético Lanús,torneo-apertura,29,Centre-back,13,DF,"July 20, 1996",1,0,True,402627.0,Club Atlético Lanús,ARG1,Centre-Back,left,187.0,,,https://www.transfermarkt.co.uk/jose-canale/profil/spieler/402627,https://img.a.transfermarkt.technology/portrait/header/402627-1721933937.png?lm=1,real_wc2026_squads_transfermarkt_openfootball,2026-06-02
Andrés Cubas,Paraguay,Vancouver Whitecaps FC,major-league-soccer,30,Defensive midfielder,14,MF,"May 11, 1996",32,0,True,323872.0,Vancouver Whitecaps FC,MLS1,Defensive Midfield,right,166.0,,,https://www.transfermarkt.co.uk/andres-cubas/profil/spieler/323872,https://img.a.transfermarkt.technology/portrait/header/323872-1771861410.jpg?lm=1,real_wc2026_squads_transfermarkt_openfootball,2026-06-02
Gustavo Gómez,Paraguay,Sociedade Esportiva Palmeiras,campeonato-brasileiro-serie-a,33,Centre-back,15,DF,"May 6, 1993",88,4,True,215390.0,Sociedade Esportiva Palmeiras,BRA1,Centre-Back,right,185.0,,,https://www.transfermarkt.co.uk/gustavo-gomez/profil/spieler/215390,https://img.a.transfermarkt.technology/portrait/header/215390-1746578699.jpg?lm=1,real_wc2026_squads_transfermarkt_openfootball,2026-06-02
Damián Bobadilla,Paraguay,São Paulo Futebol Clube,campeonato-brasileiro-serie-a,24,Central midfielder,16,MF,"July 11, 2001",19,1,True,861852.0,São Paulo Futebol Clube,BRA1,Central Midfield,right,181.0,,,https://www.transfermarkt.co.uk/damian-bobadilla/profil/spieler/861852,https://img.a.transfermarkt.technology/portrait/header/861852-1754006580.jpg?lm=1,real_wc2026_squads_transfermarkt_openfootball,2026-06-02
Kaku,Paraguay,Al-Ain,Unknown,31,Forward,17,FW,"January 11, 1995",32,5,True,,,,,,,,,,,real_wc2026_squads_transfermarkt_openfootball,2026-06-02
Álex Arce,Paraguay,Club Sportivo Independiente Rivadavia,torneo-apertura,30,Forward,18,FW,"June 16, 1995",14,1,True,970518.0,Club Sportivo Independiente Rivadavia,ARG1,Centre-Forward,right,187.0,,,https://www.transfermarkt.co.uk/alex-arce/profil/spieler/970518,https://img.a.transfermarkt.technology/portrait/header/970518-1718721471.jpg?lm=1,real_wc2026_squads_transfermarkt_openfootball,2026-06-02
Julio Enciso,Paraguay,Racing Club de Strasbourg Alsace,ligue-1,22,Attacking midfielder,19,FW,"January 23, 2004",31,4,True,660867.0,Racing Club de Strasbourg Alsace,FR1,Attacking Midfield,right,173.0,,,https://www.transfermarkt.co.uk/julio-enciso/profil/spieler/660867,https://img.a.transfermarkt.technology/portrait/header/660867-1669388786.jpg?lm=1,real_wc2026_squads_transfermarkt_openfootball,2026-06-02
Braian Ojeda,Paraguay,Orlando City Soccer Club,major-league-soccer,25,Defensive midfielder,20,MF,"June 27, 2000",16,0,True,491596.0,Orlando City Soccer Club,MLS1,Defensive Midfield,right,173.0,,,https://www.transfermarkt.co.uk/braian-ojeda/profil/spieler/491596,https://img.a.transfermarkt.technology/portrait/header/491596-1771712634.jpg?lm=1,real_wc2026_squads_transfermarkt_openfootball,2026-06-02
Gabriel Ávalos,Paraguay,Club Atlético Independiente de Avellaneda,torneo-apertura,35,Forward,21,FW,"October 12, 1990",22,2,True,358418.0,Club Atlético Independiente de Avellaneda,ARG1,Centre-Forward,right,190.0,,,https://www.transfermarkt.co.uk/gabriel-avalos/profil/spieler/358418,https://img.a.transfermarkt.technology/portrait/header/358418-1720465400.png?lm=1,real_wc2026_squads_transfermarkt_openfootball,2026-06-02
Gastón Olveira,Paraguay,Olimpia,Unknown,33,Goalkeeper,22,GK,"April 21, 1993",1,0,True,,,,,,,,,,,real_wc2026_squads_transfermarkt_openfootball,2026-06-02
Matías Galarza,Paraguay,Atlanta United Football Club,major-league-soccer,24,Central midfielder,23,MF,"February 11, 2002",14,2,True,661269.0,Atlanta United Football Club,MLS1,Central Midfield,left,175.0,,,https://www.transfermarkt.co.uk/matias-galarza/profil/spieler/661269,https://img.a.transfermarkt.technology/portrait/header/661269-1762438276.png?lm=1,real_wc2026_squads_transfermarkt_openfootball,2026-06-02
Gustavo Caballero,Paraguay,Santos Futebol Clube,campeonato-brasileiro-serie-a,24,Winger,24,MF,"September 21, 2001",2,1,True,891672.0,Santos Futebol Clube,BRA1,Left Winger,right,186.0,,,https://www.transfermarkt.co.uk/gustavo-caballero/profil/spieler/891672,https://img.a.transfermarkt.technology/portrait/header/891672-1712762319.jpg?lm=1,real_wc2026_squads_transfermarkt_openfootball,2026-06-02
Isidro Pitta,Paraguay,Red Bull Bragantino,campeonato-brasileiro-serie-a,26,Forward,25,FW,"August 14, 1999",5,0,True,675178.0,Red Bull Bragantino,BRA1,Centre-Forward,right,183.0,,,https://www.transfermarkt.co.uk/isidro-pitta/profil/spieler/675178,https://img.a.transfermarkt.technology/portrait/header/675178-1745259011.jpg?lm=1,real_wc2026_squads_transfermarkt_openfootball,2026-06-02
Alexandro Maidana,Paraguay,Club Atlético Talleres,torneo-apertura,20,Full-back,26,DF,"July 26, 2005",1,0,True,1371519.0,Club Atlético Talleres,ARG1,Left-Back,left,178.0,,,https://www.transfermarkt.co.uk/alexandro-maidana/profil/spieler/1371519,https://img.a.transfermarkt.technology/portrait/header/1371519-1755109849.png?lm=1,real_wc2026_squads_transfermarkt_openfootball,2026-06-02
Mert Günok,Turkey,Fenerbahçe Spor Kulübü,super-lig,37,Goalkeeper,1,GK,"March 1, 1989",37,0,True,51894.0,Fenerbahçe Spor Kulübü,TR1,Goalkeeper,right,196.0,,,https://www.transfermarkt.co.uk/mert-gunok/profil/spieler/51894,https://img.a.transfermarkt.technology/portrait/header/51894-1727355668.png?lm=1,real_wc2026_squads_transfermarkt_openfootball,2026-06-02
Zeki Çelik,Turkey,Associazione Sportiva Roma,serie-a,29,Full-back,2,DF,"February 17, 1997",59,3,True,251075.0,Associazione Sportiva Roma,IT1,Right-Back,right,180.0,,,https://www.transfermarkt.co.uk/zeki-celik/profil/spieler/251075,https://img.a.transfermarkt.technology/portrait/header/251075-1725530746.jpg?lm=1,real_wc2026_squads_transfermarkt_openfootball,2026-06-02
Merih Demiral,Turkey,Al-Ahli Saudi Football Club,saudi-pro-league,28,Centre-back,3,DF,"March 5, 1998",61,6,True,340879.0,Al-Ahli Saudi Football Club,SA1,Centre-Back,right,190.0,,,https://www.transfermarkt.co.uk/merih-demiral/profil/spieler/340879,https://img.a.transfermarkt.technology/portrait/header/340879-1766088053.jpeg?lm=1,real_wc2026_squads_transfermarkt_openfootball,2026-06-02
Çağlar Söyüncü,Turkey,Fenerbahçe Spor Kulübü,super-lig,30,Centre-back,4,DF,"May 23, 1996",59,2,True,320141.0,Fenerbahçe Spor Kulübü,TR1,Centre-Back,both,185.0,,,https://www.transfermarkt.co.uk/caglar-soyuncu/profil/spieler/320141,https://img.a.transfermarkt.technology/portrait/header/320141-1765458282.png?lm=1,real_wc2026_squads_transfermarkt_openfootball,2026-06-02
Salih Özcan,Turkey,Borussia Dortmund,bundesliga,28,Defensive midfielder,5,MF,"January 11, 1998",28,1,True,244940.0,Borussia Dortmund,L1,Defensive Midfield,right,183.0,,,https://www.transfermarkt.co.uk/salih-ozcan/profil/spieler/244940,https://img.a.transfermarkt.technology/portrait/header/244940-1709561120.jpg?lm=1,real_wc2026_squads_transfermarkt_openfootball,2026-06-02
Orkun Kökçü,Turkey,Beşiktaş Jimnastik Kulübü,super-lig,25,Central midfielder,6,MF,"December 29, 2000",48,3,True,454567.0,Beşiktaş Jimnastik Kulübü,TR1,Central Midfield,both,175.0,,,https://www.transfermarkt.co.uk/orkun-kokcu/profil/spieler/454567,https://img.a.transfermarkt.technology/portrait/header/454567-1770375601.png?lm=1,real_wc2026_squads_transfermarkt_openfootball,2026-06-02
Kerem Aktürkoğlu,Turkey,Fenerbahçe Spor Kulübü,super-lig,27,Winger,7,FW,"October 21, 1998",51,15,True,382528.0,Fenerbahçe Spor Kulübü,TR1,Left Winger,right,173.0,,,https://www.transfermarkt.co.uk/kerem-akturkoglu/profil/spieler/382528,https://img.a.transfermarkt.technology/portrait/header/382528-1765381227.png?lm=1,real_wc2026_squads_transfermarkt_openfootball,2026-06-02
Arda Güler,Turkey,Real Madrid Club de Fútbol,laliga,21,Attacking midfielder,8,FW,"February 25, 2005",28,6,True,861410.0,Real Madrid Club de Fútbol,ES1,Attacking Midfield,left,175.0,,,https://www.transfermarkt.co.uk/arda-guler/profil/spieler/861410,https://img.a.transfermarkt.technology/portrait/header/861410-1699472585.jpg?lm=1,real_wc2026_squads_transfermarkt_openfootball,2026-06-02
Deniz Gül,Turkey,Futebol Clube do Porto,liga-portugal,21,Forward,9,FW,"July 2, 2004",6,1,True,1063292.0,Futebol Clube do Porto,PO1,Centre-Forward,right,190.0,,,https://www.transfermarkt.co.uk/deniz-gul/profil/spieler/1063292,https://img.a.transfermarkt.technology/portrait/header/1063292-1774435686.jpeg?lm=1,real_wc2026_squads_transfermarkt_openfootball,2026-06-02
Hakan Çalhanoğlu,Turkey,Football Club Internazionale Milano S.p.A.,serie-a,32,Defensive midfielder,10,MF,"February 8, 1994",104,22,True,126414.0,Football Club Internazionale Milano S.p.A.,IT1,Defensive Midfield,right,178.0,,,https://www.transfermarkt.co.uk/hakan-calhanoglu/profil/spieler/126414,https://img.a.transfermarkt.technology/portrait/header/126414-1709035146.jpg?lm=1,real_wc2026_squads_transfermarkt_openfootball,2026-06-02
Kenan Yıldız,Turkey,Juventus Football Club,serie-a,21,Winger,11,FW,"May 4, 2005",28,5,True,845654.0,Juventus Football Club,IT1,Left Winger,both,187.0,,,https://www.transfermarkt.co.uk/kenan-yildiz/profil/spieler/845654,https://img.a.transfermarkt.technology/portrait/header/845654-1759822280.jpg?lm=1,real_wc2026_squads_transfermarkt_openfootball,2026-06-02
Altay Bayındır,Turkey,Manchester United Football Club,premier-league,28,Goalkeeper,12,GK,"April 14, 1998",11,0,True,336077.0,Manchester United Football Club,GB1,Goalkeeper,right,198.0,,,https://www.transfermarkt.co.uk/altay-bayindir/profil/spieler/336077,https://img.a.transfermarkt.technology/portrait/header/336077-1699471821.jpg?lm=1,real_wc2026_squads_transfermarkt_openfootball,2026-06-02
Eren Elmalı,Turkey,Galatasaray Spor Kulübü,super-lig,25,Full-back,13,DF,"July 7, 2000",21,0,True,616894.0,Galatasaray Spor Kulübü,TR1,Left-Back,left,181.0,,,https://www.transfermarkt.co.uk/eren-elmali/profil/spieler/616894,https://img.a.transfermarkt.technology/portrait/header/616894-1723801363.jpg?lm=1,real_wc2026_squads_transfermarkt_openfootball,2026-06-02
Abdülkerim Bardakcı,Turkey,Galatasaray Spor Kulübü,super-lig,31,Centre-back,14,DF,"September 7, 1994",26,2,True,199316.0,Galatasaray Spor Kulübü,TR1,Centre-Back,left,185.0,,,https://www.transfermarkt.co.uk/abdulkerim-bardakci/profil/spieler/199316,https://img.a.transfermarkt.technology/portrait/header/199316-1671036661.png?lm=1,real_wc2026_squads_transfermarkt_openfootball,2026-06-02
Ozan Kabak,Turkey,Turn- und Sportgemeinschaft 1899 Hoffenheim Fußball-Spielbetriebs,bundesliga,26,Centre-back,15,DF,"March 25, 2000",28,2,True,361260.0,Turn- und Sportgemeinschaft 1899 Hoffenheim Fußball-Spielbetriebs,L1,Centre-Back,right,187.0,,,https://www.transfermarkt.co.uk/ozan-kabak/profil/spieler/361260,https://img.a.transfermarkt.technology/portrait/header/361260-1691269223.jpg?lm=1,real_wc2026_squads_transfermarkt_openfootball,2026-06-02
İsmail Yüksek,Turkey,Fenerbahçe Spor Kulübü,super-lig,27,Defensive midfielder,16,MF,"January 26, 1999",31,1,True,613725.0,Fenerbahçe Spor Kulübü,TR1,Defensive Midfield,right,183.0,,,https://www.transfermarkt.co.uk/ismail-yuksek/profil/spieler/613725,https://img.a.transfermarkt.technology/portrait/header/613725-1765458019.jpg?lm=1,real_wc2026_squads_transfermarkt_openfootball,2026-06-02
İrfan Can Kahveci,Turkey,Kasımpaşa A.Ş.,super-lig,30,Winger,17,FW,"July 15, 1995",45,6,True,216603.0,Kasımpaşa A.Ş.,TR1,Right Winger,left,180.0,,,https://www.transfermarkt.co.uk/irfan-can-kahveci/profil/spieler/216603,https://img.a.transfermarkt.technology/portrait/header/216603-1765459199.png?lm=1,real_wc2026_squads_transfermarkt_openfootball,2026-06-02
Mert Müldür,Turkey,Fenerbahçe Spor Kulübü,super-lig,27,Full-back,18,DF,"April 3, 1999",43,3,True,353922.0,Fenerbahçe Spor Kulübü,TR1,Right-Back,right,184.0,,,https://www.transfermarkt.co.uk/mert-muldur/profil/spieler/353922,https://img.a.transfermarkt.technology/portrait/header/353922-1765459365.jpg?lm=1,real_wc2026_squads_transfermarkt_openfootball,2026-06-02
Yunus Akgün,Turkey,Galatasaray Spor Kulübü,super-lig,25,Winger,19,FW,"July 7, 2000",17,3,True,396908.0,Galatasaray Spor Kulübü,TR1,Right Winger,left,173.0,,,https://www.transfermarkt.co.uk/yunus-akgun/profil/spieler/396908,https://img.a.transfermarkt.technology/portrait/header/396908-1671104289.png?lm=1,real_wc2026_squads_transfermarkt_openfootball,2026-06-02
Ferdi Kadıoğlu,Turkey,Brighton and Hove Albion Football Club,premier-league,26,Full-back,20,DF,"October 7, 1999",30,2,True,369316.0,Brighton and Hove Albion Football Club,GB1,Left-Back,right,174.0,,,https://www.transfermarkt.co.uk/ferdi-kadioglu/profil/spieler/369316,https://img.a.transfermarkt.technology/portrait/header/369316-1724792538.jpg?lm=1,real_wc2026_squads_transfermarkt_openfootball,2026-06-02
Barış Alper Yılmaz,Turkey,Galatasaray Spor Kulübü,super-lig,26,Winger,21,FW,"May 23, 2000",33,2,True,541537.0,Galatasaray Spor Kulübü,TR1,Left Winger,right,186.0,,,https://www.transfermarkt.co.uk/baris-alper-yilmaz/profil/spieler/541537,https://img.a.transfermarkt.technology/portrait/header/541537-1671104025.png?lm=1,real_wc2026_squads_transfermarkt_openfootball,2026-06-02
Kaan Ayhan,Turkey,Galatasaray Spor Kulübü,super-lig,31,Defensive midfielder,22,MF,"November 10, 1994",72,5,True,119031.0,Galatasaray Spor Kulübü,TR1,Defensive Midfield,right,185.0,,,https://www.transfermarkt.co.uk/kaan-ayhan/profil/spieler/119031,https://img.a.transfermarkt.technology/portrait/header/119031-1742638125.jpeg?lm=1,real_wc2026_squads_transfermarkt_openfootball,2026-06-02
Uğurcan Çakır,Turkey,Galatasaray Spor Kulübü,super-lig,30,Goalkeeper,23,GK,"April 5, 1996",38,0,True,292199.0,Galatasaray Spor Kulübü,TR1,Goalkeeper,right,191.0,,,https://www.transfermarkt.co.uk/ugurcan-cakir/profil/spieler/292199,https://img.a.transfermarkt.technology/portrait/header/292199-1756290095.png?lm=1,real_wc2026_squads_transfermarkt_openfootball,2026-06-02
Oğuz Aydın,Turkey,Fenerbahçe Spor Kulübü,super-lig,25,Winger,24,FW,"October 27, 2000",9,0,True,563749.0,Fenerbahçe Spor Kulübü,TR1,Left Winger,right,183.0,,,https://www.transfermarkt.co.uk/oguz-aydin/profil/spieler/563749,https://img.a.transfermarkt.technology/portrait/header/563749-1765461184.png?lm=1,real_wc2026_squads_transfermarkt_openfootball,2026-06-02
Samet Akaydin,Turkey,Çaykur Rizespor Kulübü,super-lig,32,Centre-back,25,DF,"March 13, 1994",18,1,True,295024.0,Çaykur Rizespor Kulübü,TR1,Centre-Back,right,190.0,,,https://www.transfermarkt.co.uk/samet-akaydin/profil/spieler/295024,https://img.a.transfermarkt.technology/portrait/header/295024-1773846798.jpg?lm=1,real_wc2026_squads_transfermarkt_openfootball,2026-06-02
Can Uzun,Turkey,Eintracht Frankfurt Fußball AG,bundesliga,20,Attacking midfielder,26,FW,"November 11, 2005",4,0,True,816585.0,Eintracht Frankfurt Fußball AG,L1,Attacking Midfield,right,186.0,,,https://www.transfermarkt.co.uk/can-uzun/profil/spieler/816585,https://img.a.transfermarkt.technology/portrait/header/816585-1724772468.jpg?lm=1,real_wc2026_squads_transfermarkt_openfootball,2026-06-02
Matt Turner,United States,New England Revolution,major-league-soccer,31,Goalkeeper,1,GK,"June 24, 1994",54,0,True,425306.0,New England Revolution,MLS1,Goalkeeper,right,191.0,,,https://www.transfermarkt.co.uk/matt-turner/profil/spieler/425306,https://img.a.transfermarkt.technology/portrait/header/425306-1771708610.jpg?lm=1,real_wc2026_squads_transfermarkt_openfootball,2026-06-02
Sergiño Dest,United States,Eindhovense Voetbalvereniging Philips Sport Vereniging,eredivisie,25,Full-back,2,DF,"November 3, 2000",38,3,True,361104.0,Eindhovense Voetbalvereniging Philips Sport Vereniging,NL1,Right-Back,right,173.0,,,https://www.transfermarkt.co.uk/sergino-dest/profil/spieler/361104,https://img.a.transfermarkt.technology/portrait/header/361104-1713981952.jpg?lm=1,real_wc2026_squads_transfermarkt_openfootball,2026-06-02
Chris Richards,United States,Crystal Palace Football Club,premier-league,26,Centre-back,3,DF,"March 28, 2000",36,3,True,578539.0,Crystal Palace Football Club,GB1,Centre-Back,right,188.0,,,https://www.transfermarkt.co.uk/chris-richards/profil/spieler/578539,https://img.a.transfermarkt.technology/portrait/header/578539-1754244701.jpg?lm=1,real_wc2026_squads_transfermarkt_openfootball,2026-06-02
Tyler Adams,United States,Association Football Club Bournemouth,premier-league,27,Defensive midfielder,4,MF,"February 14, 1999",53,2,True,332705.0,Association Football Club Bournemouth,GB1,Defensive Midfield,right,175.0,,,https://www.transfermarkt.co.uk/tyler-adams/profil/spieler/332705,https://img.a.transfermarkt.technology/portrait/header/332705-1754244571.jpg?lm=1,real_wc2026_squads_transfermarkt_openfootball,2026-06-02
Antonee Robinson,United States,Fulham Football Club,premier-league,28,Full-back,5,DF,"August 8, 1997",53,4,True,349701.0,Fulham Football Club,GB1,Left-Back,left,183.0,,,https://www.transfermarkt.co.uk/antonee-robinson/profil/spieler/349701,https://img.a.transfermarkt.technology/portrait/header/349701-1703926612.jpg?lm=1,real_wc2026_squads_transfermarkt_openfootball,2026-06-02
Auston Trusty,United States,The Celtic Football Club,scottish-premiership,27,Centre-back,6,DF,"August 12, 1998",7,0,True,389253.0,The Celtic Football Club,SC1,Centre-Back,left,190.0,,,https://www.transfermarkt.co.uk/auston-trusty/profil/spieler/389253,https://img.a.transfermarkt.technology/portrait/header/389253-1647191322.jpg?lm=1,real_wc2026_squads_transfermarkt_openfootball,2026-06-02
Giovanni Reyna,United States,Borussia Verein für Leibesübungen 1900 Mönchengladbach,bundesliga,23,Attacking midfielder,7,MF,"November 13, 2002",37,9,True,504215.0,Borussia Verein für Leibesübungen 1900 Mönchengladbach,L1,Attacking Midfield,right,187.0,,,https://www.transfermarkt.co.uk/giovanni-reyna/profil/spieler/504215,https://img.a.transfermarkt.technology/portrait/header/504215-1760967520.jpg?lm=1,real_wc2026_squads_transfermarkt_openfootball,2026-06-02
Weston McKennie,United States,Juventus Football Club,serie-a,27,Central midfielder,8,MF,"August 28, 1998",65,12,True,332697.0,Juventus Football Club,IT1,Central Midfield,right,185.0,,,https://www.transfermarkt.co.uk/weston-mckennie/profil/spieler/332697,https://img.a.transfermarkt.technology/portrait/header/332697-1754245044.jpg?lm=1,real_wc2026_squads_transfermarkt_openfootball,2026-06-02
Ricardo Pepi,United States,Eindhovense Voetbalvereniging Philips Sport Vereniging,eredivisie,23,Forward,9,FW,"January 9, 2003",36,13,True,627207.0,Eindhovense Voetbalvereniging Philips Sport Vereniging,NL1,Centre-Forward,right,185.0,,,https://www.transfermarkt.co.uk/ricardo-pepi/profil/spieler/627207,https://img.a.transfermarkt.technology/portrait/header/627207-1745174088.jpg?lm=1,real_wc2026_squads_transfermarkt_openfootball,2026-06-02
Christian Pulisic,United States,Associazione Calcio Milan,serie-a,27,Winger,10,FW,"September 18, 1998",85,33,True,315779.0,Associazione Calcio Milan,IT1,Right Winger,right,177.0,,,https://www.transfermarkt.co.uk/christian-pulisic/profil/spieler/315779,https://img.a.transfermarkt.technology/portrait/header/315779-1691696699.jpg?lm=1,real_wc2026_squads_transfermarkt_openfootball,2026-06-02
Brenden Aaronson,United States,Leeds United Association Football Club,premier-league,25,Attacking midfielder,11,FW,"October 22, 2000",57,9,True,393323.0,Leeds United Association Football Club,GB1,Attacking Midfield,right,177.0,,,https://www.transfermarkt.co.uk/brenden-aaronson/profil/spieler/393323,https://img.a.transfermarkt.technology/portrait/header/393323-1691614083.jpg?lm=1,real_wc2026_squads_transfermarkt_openfootball,2026-06-02
Miles Robinson,United States,Football Club Cincinnati,major-league-soccer,29,Centre-back,12,DF,"March 14, 1997",39,3,True,468022.0,Football Club Cincinnati,MLS1,Centre-Back,right,188.0,,,https://www.transfermarkt.co.uk/miles-robinson/profil/spieler/468022,https://img.a.transfermarkt.technology/portrait/header/468022-1771597844.jpg?lm=1,real_wc2026_squads_transfermarkt_openfootball,2026-06-02
Tim Ream,United States,Charlotte Football Club,major-league-soccer,38,Centre-back,13,DF,"October 5, 1987",81,1,True,145466.0,Charlotte Football Club,MLS1,Centre-Back,left,186.0,,,https://www.transfermarkt.co.uk/tim-ream/profil/spieler/145466,https://img.a.transfermarkt.technology/portrait/header/145466-1771611843.jpg?lm=1,real_wc2026_squads_transfermarkt_openfootball,2026-06-02
Sebastian Berhalter,United States,Vancouver Whitecaps FC,major-league-soccer,25,Central midfielder,14,MF,"May 10, 2001",12,1,True,734761.0,Vancouver Whitecaps FC,MLS1,Central Midfield,right,175.0,,,https://www.transfermarkt.co.uk/sebastian-berhalter/profil/spieler/734761,https://img.a.transfermarkt.technology/portrait/header/734761-1771861285.jpg?lm=1,real_wc2026_squads_transfermarkt_openfootball,2026-06-02
Cristian Roldan,United States,Seattle Sounders FC,major-league-soccer,31,Central midfielder,15,MF,"June 3, 1995",46,0,True,354792.0,Seattle Sounders FC,MLS1,Central Midfield,right,173.0,,,https://www.transfermarkt.co.uk/cristian-roldan/profil/spieler/354792,https://img.a.transfermarkt.technology/portrait/header/354792-1771757451.jpg?lm=1,real_wc2026_squads_transfermarkt_openfootball,2026-06-02
Alex Freeman,United States,Villarreal Club de Fútbol S.A.D.,laliga,21,Full-back,16,DF,"August 9, 2004",16,2,True,985806.0,Villarreal Club de Fútbol S.A.D.,ES1,Right-Back,,188.0,,,https://www.transfermarkt.co.uk/alex-freeman/profil/spieler/985806,https://img.a.transfermarkt.technology/portrait/header/985806-1740780278.jpg?lm=1,real_wc2026_squads_transfermarkt_openfootball,2026-06-02
Malik Tillman,United States,Bayer 04 Leverkusen Fußball,bundesliga,24,Attacking midfielder,17,MF,"May 28, 2002",29,3,True,467437.0,Bayer 04 Leverkusen Fußball,L1,Attacking Midfield,right,187.0,,,https://www.transfermarkt.co.uk/malik-tillman/profil/spieler/467437,https://img.a.transfermarkt.technology/portrait/header/467437-1758703514.jpg?lm=1,real_wc2026_squads_transfermarkt_openfootball,2026-06-02
Maximilian Arfsten,United States,Columbus Crew,major-league-soccer,25,Winger,18,DF,"April 19, 2001",19,1,True,993063.0,Columbus Crew,MLS1,Left Winger,left,185.0,,,https://www.transfermarkt.co.uk/max-arfsten/profil/spieler/993063,https://img.a.transfermarkt.technology/portrait/header/993063-1771598732.jpg?lm=1,real_wc2026_squads_transfermarkt_openfootball,2026-06-02
Haji Wright,United States,Coventry City,Unknown,28,Forward,19,FW,"March 27, 1998",20,7,True,315291.0,,,Centre-Forward,right,191.0,United States,CONCACAF,https://www.transfermarkt.co.uk/haji-wright/profil/spieler/315291,https://img.a.transfermarkt.technology/portrait/header/315291-1709161726.jpg?lm=1,real_wc2026_squads_transfermarkt_openfootball,2026-06-02
Folarin Balogun,United States,Association sportive de Monaco Football Club,ligue-1,24,Forward,20,FW,"July 3, 2001",26,9,True,503770.0,Association sportive de Monaco Football Club,FR1,Centre-Forward,right,178.0,,,https://www.transfermarkt.co.uk/folarin-balogun/profil/spieler/503770,https://img.a.transfermarkt.technology/portrait/header/503770-1672838317.jpg?lm=1,real_wc2026_squads_transfermarkt_openfootball,2026-06-02
Timothy Weah,United States,Olympique de Marseille,ligue-1,26,Winger,21,FW,"February 22, 2000",50,7,True,370846.0,Olympique de Marseille,FR1,Right Midfield,right,183.0,,,https://www.transfermarkt.co.uk/timothy-weah/profil/spieler/370846,https://img.a.transfermarkt.technology/portrait/header/370846-1692277669.jpg?lm=1,real_wc2026_squads_transfermarkt_openfootball,2026-06-02
Mark McKenzie,United States,Toulouse Football Club,ligue-1,27,Centre-back,22,DF,"February 25, 1999",28,0,True,429259.0,Toulouse Football Club,FR1,Centre-Back,right,184.0,,,https://www.transfermarkt.co.uk/mark-mckenzie/profil/spieler/429259,https://img.a.transfermarkt.technology/portrait/header/429259-1714036622.png?lm=1,real_wc2026_squads_transfermarkt_openfootball,2026-06-02
Joe Scally,United States,Borussia Verein für Leibesübungen 1900 Mönchengladbach,bundesliga,23,Full-back,23,DF,"December 31, 2002",25,0,True,504153.0,Borussia Verein für Leibesübungen 1900 Mönchengladbach,L1,Right-Back,right,184.0,,,https://www.transfermarkt.co.uk/joe-scally/profil/spieler/504153,https://img.a.transfermarkt.technology/portrait/header/504153-1760967039.jpg?lm=1,real_wc2026_squads_transfermarkt_openfootball,2026-06-02
Matt Freese,United States,New York City Football Club,major-league-soccer,27,Goalkeeper,24,GK,"September 2, 1998",14,0,True,500309.0,New York City Football Club,MLS1,Goalkeeper,,193.0,,,https://www.transfermarkt.co.uk/matt-freese/profil/spieler/500309,https://img.a.transfermarkt.technology/portrait/header/500309-1771710880.jpg?lm=1,real_wc2026_squads_transfermarkt_openfootball,2026-06-02
Chris Brady,United States,Chicago Fire Soccer Club,major-league-soccer,22,Goalkeeper,25,GK,"March 3, 2004",1,0,True,765504.0,Chicago Fire Soccer Club,MLS1,Goalkeeper,,190.0,,,https://www.transfermarkt.co.uk/chris-brady/profil/spieler/765504,https://img.a.transfermarkt.technology/portrait/header/765504-1771695668.jpg?lm=1,real_wc2026_squads_transfermarkt_openfootball,2026-06-02
Alejandro Zendejas,United States,Philadelphia Union,major-league-soccer,28,Central midfielder,26,FW,"February 7, 1998",14,2,True,111783.0,Philadelphia Union,MLS1,Central Midfield,right,182.0,,,https://www.transfermarkt.co.uk/alejandro-bedoya/profil/spieler/111783,https://img.a.transfermarkt.technology/portrait/header/111783-1771713611.jpg?lm=1,real_wc2026_squads_transfermarkt_openfootball,2026-06-02
Eloy Room,Curaçao,Cercle Brugge Koninklijke Sportvereniging,jupiler-pro-league,37,Goalkeeper,1,GK,"February 6, 1989",71,0,True,79294.0,Cercle Brugge Koninklijke Sportvereniging,BE1,Goalkeeper,right,190.0,,,https://www.transfermarkt.co.uk/eloy-room/profil/spieler/79294,https://img.a.transfermarkt.technology/portrait/header/79294-1678126045.jpg?lm=1,real_wc2026_squads_transfermarkt_openfootball,2026-06-02
Shurandy Sambo,Curaçao,Sparta Rotterdam,eredivisie,24,Full-back,2,DF,"August 19, 2001",7,0,True,412937.0,Sparta Rotterdam,NL1,Right-Back,right,174.0,,,https://www.transfermarkt.co.uk/shurandy-sambo/profil/spieler/412937,https://img.a.transfermarkt.technology/portrait/header/412937-1674213037.jpg?lm=1,real_wc2026_squads_transfermarkt_openfootball,2026-06-02
Juriën Gaari,Curaçao,RKC Waalwijk,eredivisie,32,Centre-back,3,DF,"December 23, 1993",59,1,True,328455.0,RKC Waalwijk,NL1,Centre-Back,right,183.0,,,https://www.transfermarkt.co.uk/jurien-gaari/profil/spieler/328455,https://img.a.transfermarkt.technology/portrait/header/328455-1690902822.jpg?lm=1,real_wc2026_squads_transfermarkt_openfootball,2026-06-02
Roshon van Eijma,Curaçao,RKC Waalwijk,eredivisie,28,Centre-back,4,DF,"June 9, 1998",27,1,True,401029.0,RKC Waalwijk,NL1,Centre-Back,right,186.0,,,https://www.transfermarkt.co.uk/roshon-van-eijma/profil/spieler/401029,https://img.a.transfermarkt.technology/portrait/header/401029-1764155225.jpg?lm=1,real_wc2026_squads_transfermarkt_openfootball,2026-06-02
Sherel Floranus,Curaçao,Prins Hendrik Ende Desespereert Nimmer Combinatie Zwolle,eredivisie,27,Full-back,5,DF,"August 23, 1998",27,0,True,315211.0,Prins Hendrik Ende Desespereert Nimmer Combinatie Zwolle,NL1,Left-Back,right,181.0,,,https://www.transfermarkt.co.uk/sherel-floranus/profil/spieler/315211,https://img.a.transfermarkt.technology/portrait/header/315211-1755786473.jpg?lm=1,real_wc2026_squads_transfermarkt_openfootball,2026-06-02
Godfried Roemeratoe,Curaçao,RKC Waalwijk,eredivisie,26,Defensive midfielder,6,MF,"August 19, 1999",27,1,True,393241.0,RKC Waalwijk,NL1,Defensive Midfield,right,178.0,,,https://www.transfermarkt.co.uk/godfried-roemeratoe/profil/spieler/393241,https://img.a.transfermarkt.technology/portrait/header/393241-1764155492.jpg?lm=1,real_wc2026_squads_transfermarkt_openfootball,2026-06-02
Juninho Bacuna,Curaçao,Football Club Volendam,eredivisie,28,Central midfielder,7,MF,"August 7, 1997",48,14,True,348863.0,Football Club Volendam,NL1,Central Midfield,right,178.0,,,https://www.transfermarkt.co.uk/juninho-bacuna/profil/spieler/348863,https://img.a.transfermarkt.technology/portrait/header/348863-1771407091.jpg?lm=1,real_wc2026_squads_transfermarkt_openfootball,2026-06-02
Livano Comenencia,Curaçao,FC Zürich,super-league,22,Full-back,8,MF,"February 3, 2004",19,1,True,626764.0,FC Zürich,C1,Right-Back,right,187.0,,,https://www.transfermarkt.co.uk/livano-comenencia/profil/spieler/626764,https://img.a.transfermarkt.technology/portrait/header/626764-1754664462.jpg?lm=1,real_wc2026_squads_transfermarkt_openfootball,2026-06-02
Jürgen Locadia,Curaçao,Brighton and Hove Albion Football Club,premier-league,32,Forward,9,FW,"November 7, 1993",13,1,True,166240.0,Brighton and Hove Albion Football Club,GB1,Centre-Forward,right,193.0,,,https://www.transfermarkt.co.uk/jurgen-locadia/profil/spieler/166240,https://img.a.transfermarkt.technology/portrait/header/166240-1618656133.jpg?lm=1,real_wc2026_squads_transfermarkt_openfootball,2026-06-02
Leandro Bacuna,Curaçao,Football Club Groningen,eredivisie,34,Central midfielder,10,MF,"August 21, 1991",71,16,True,126014.0,Football Club Groningen,NL1,Central Midfield,right,180.0,,,https://www.transfermarkt.co.uk/leandro-bacuna/profil/spieler/126014,https://img.a.transfermarkt.technology/portrait/header/126014-1771248990.jpg?lm=1,real_wc2026_squads_transfermarkt_openfootball,2026-06-02
Jeremy Antonisse,Curaçao,Athlitiki Enosi Kifisias,super-league-1,24,Winger,11,FW,"March 29, 2002",26,3,True,594273.0,Athlitiki Enosi Kifisias,GR1,Left Winger,right,184.0,,,https://www.transfermarkt.co.uk/jeremy-antonisse/profil/spieler/594273,https://img.a.transfermarkt.technology/portrait/header/594273-1762961885.jpg?lm=1,real_wc2026_squads_transfermarkt_openfootball,2026-06-02
Sontje Hansen,Curaçao,Nijmegen Eendracht Combinatie,eredivisie,24,Winger,12,FW,"May 18, 2002",5,1,True,485582.0,Nijmegen Eendracht Combinatie,NL1,Right Winger,right,176.0,,,https://www.transfermarkt.co.uk/sontje-hansen/profil/spieler/485582,https://img.a.transfermarkt.technology/portrait/header/485582-1723036386.jpg?lm=1,real_wc2026_squads_transfermarkt_openfootball,2026-06-02
Tyrese Noslin,Curaçao,Sportclub Telstar,eredivisie,23,Winger,13,FW,"September 11, 2002",6,1,True,708005.0,Sportclub Telstar,NL1,Right Midfield,right,182.0,,,https://www.transfermarkt.co.uk/tyrese-noslin/profil/spieler/708005,https://img.a.transfermarkt.technology/portrait/header/708005-1768295165.JPG?lm=1,real_wc2026_squads_transfermarkt_openfootball,2026-06-02
Kenji Gorré,Curaçao,Boavista FC,liga-portugal,31,Winger,14,FW,"September 29, 1994",37,6,True,374889.0,Boavista FC,PO1,Left Winger,right,178.0,,,https://www.transfermarkt.co.uk/kenji-gorre/profil/spieler/374889,https://img.a.transfermarkt.technology/portrait/header/374889-1550244072.jpg?lm=1,real_wc2026_squads_transfermarkt_openfootball,2026-06-02
Ar'jany Martha,Curaçao,Beerschot VA,jupiler-pro-league,22,Winger,15,MF,"September 4, 2003",8,2,True,572519.0,Beerschot VA,BE1,Right Winger,left,180.0,,,https://www.transfermarkt.co.uk/arjany-martha/profil/spieler/572519,https://img.a.transfermarkt.technology/portrait/header/572519-1701361604.jpg?lm=1,real_wc2026_squads_transfermarkt_openfootball,2026-06-02
Jearl Margaritha,Curaçao,Beveren,Unknown,26,Forward,16,FW,"April 10, 2000",21,5,True,,,,,,,,,,,real_wc2026_squads_transfermarkt_openfootball,2026-06-02
Brandley Kuwas,Curaçao,Football Club Volendam,eredivisie,33,Winger,17,FW,"September 19, 1992",34,2,True,232219.0,Football Club Volendam,NL1,Right Winger,left,181.0,,,https://www.transfermarkt.co.uk/brandley-kuwas/profil/spieler/232219,https://img.a.transfermarkt.technology/portrait/header/232219-1758624724.jpg?lm=1,real_wc2026_squads_transfermarkt_openfootball,2026-06-02
Armando Obispo,Curaçao,Eindhovense Voetbalvereniging Philips Sport Vereniging,eredivisie,27,Centre-back,18,DF,"March 5, 1999",5,0,True,339337.0,Eindhovense Voetbalvereniging Philips Sport Vereniging,NL1,Centre-Back,left,185.0,,,https://www.transfermarkt.co.uk/armando-obispo/profil/spieler/339337,https://img.a.transfermarkt.technology/portrait/header/339337-1613229330.jpg?lm=1,real_wc2026_squads_transfermarkt_openfootball,2026-06-02
Gervane Kastaneer,Curaçao,Prins Hendrik Ende Desespereert Nimmer Combinatie Zwolle,eredivisie,30,Winger,19,FW,"June 9, 1996",28,9,True,240752.0,Prins Hendrik Ende Desespereert Nimmer Combinatie Zwolle,NL1,Left Winger,right,189.0,,,https://www.transfermarkt.co.uk/gervane-kastaneer/profil/spieler/240752,https://img.a.transfermarkt.technology/portrait/header/240752-1516652506.jpg?lm=1,real_wc2026_squads_transfermarkt_openfootball,2026-06-02
Joshua Brenet,Curaçao,Kayserispor Kulübü,super-lig,32,Full-back,20,DF,"March 20, 1994",17,1,True,207006.0,Kayserispor Kulübü,TR1,Right-Back,right,181.0,,,https://www.transfermarkt.co.uk/joshua-brenet/profil/spieler/207006,https://img.a.transfermarkt.technology/portrait/header/207006-1770380854.png?lm=1,real_wc2026_squads_transfermarkt_openfootball,2026-06-02
Tahith Chong,Curaçao,Luton Town,premier-league,26,Winger,21,MF,"December 4, 1999",5,3,True,344830.0,Luton Town,GB1,Right Winger,left,185.0,,,https://www.transfermarkt.co.uk/tahith-chong/profil/spieler/344830,https://img.a.transfermarkt.technology/portrait/header/344830-1616530468.jpg?lm=1,real_wc2026_squads_transfermarkt_openfootball,2026-06-02
Kevin Felida,Curaçao,RKC Waalwijk,eredivisie,26,Defensive midfielder,22,MF,"November 11, 1999",19,1,True,433933.0,RKC Waalwijk,NL1,Defensive Midfield,right,174.0,,,https://www.transfermarkt.co.uk/kevin-felida/profil/spieler/433933,https://img.a.transfermarkt.technology/portrait/header/433933-1690902941.jpg?lm=1,real_wc2026_squads_transfermarkt_openfootball,2026-06-02
Riechedly Bazoer,Curaçao,Konyaspor,super-lig,29,Centre-back,23,DF,"October 12, 1996",4,0,True,216443.0,Konyaspor,TR1,Centre-Back,right,184.0,,,https://www.transfermarkt.co.uk/riechedly-bazoer/profil/spieler/216443,https://img.a.transfermarkt.technology/portrait/header/216443-1755610334.png?lm=1,real_wc2026_squads_transfermarkt_openfootball,2026-06-02
Deveron Fonville,Curaçao,Nijmegen Eendracht Combinatie,eredivisie,23,Centre-back,24,DF,"May 16, 2003",1,0,True,708989.0,Nijmegen Eendracht Combinatie,NL1,Centre-Back,left,188.0,,,https://www.transfermarkt.co.uk/deveron-fonville/profil/spieler/708989,https://img.a.transfermarkt.technology/portrait/header/708989-1764256260.png?lm=1,real_wc2026_squads_transfermarkt_openfootball,2026-06-02
Tyrick Bodak,Curaçao,Sportclub Telstar,eredivisie,24,Goalkeeper,25,GK,"May 15, 2002",4,0,True,663961.0,Sportclub Telstar,NL1,Goalkeeper,right,190.0,,,https://www.transfermarkt.co.uk/tyrick-bodak/profil/spieler/663961,https://img.a.transfermarkt.technology/portrait/header/663961-1768295206.JPG?lm=1,real_wc2026_squads_transfermarkt_openfootball,2026-06-02
Trevor Doornbusch,Curaçao,Sportclub Heerenveen,eredivisie,26,Goalkeeper,26,GK,"July 6, 1999",7,0,True,390814.0,Sportclub Heerenveen,NL1,Goalkeeper,right,188.0,,,https://www.transfermarkt.co.uk/trevor-doornbusch/profil/spieler/390814,https://img.a.transfermarkt.technology/portrait/header/390814-1567759021.jpg?lm=1,real_wc2026_squads_transfermarkt_openfootball,2026-06-02
Hernán Galíndez,Ecuador,Club Atlético Huracán,torneo-apertura,39,Goalkeeper,1,GK,"March 30, 1987",34,0,True,77127.0,Club Atlético Huracán,ARG1,Goalkeeper,right,189.0,,,https://www.transfermarkt.co.uk/hernan-galindez/profil/spieler/77127,https://img.a.transfermarkt.technology/portrait/header/77127-1755533077.jpg?lm=1,real_wc2026_squads_transfermarkt_openfootball,2026-06-02
Félix Torres,Ecuador,Sport Club Internacional,campeonato-brasileiro-serie-a,29,Centre-back,2,DF,"January 11, 1997",48,5,True,468174.0,Sport Club Internacional,BRA1,Centre-Back,right,187.0,,,https://www.transfermarkt.co.uk/felix-torres/profil/spieler/468174,https://img.a.transfermarkt.technology/portrait/header/468174-1719230427.jpg?lm=1,real_wc2026_squads_transfermarkt_openfootball,2026-06-02
Piero Hincapié,Ecuador,Arsenal Football Club,premier-league,24,Centre-back,3,DF,"January 9, 2002",51,3,True,659813.0,Arsenal Football Club,GB1,Centre-Back,left,184.0,,,https://www.transfermarkt.co.uk/piero-hincapie/profil/spieler/659813,https://img.a.transfermarkt.technology/portrait/header/659813-1727377918.jpg?lm=1,real_wc2026_squads_transfermarkt_openfootball,2026-06-02
Joel Ordóñez,Ecuador,Club Brugge Koninklijke Voetbalvereniging,jupiler-pro-league,22,Centre-back,4,DF,"April 21, 2004",16,0,True,893661.0,Club Brugge Koninklijke Voetbalvereniging,BE1,Centre-Back,right,188.0,,,https://www.transfermarkt.co.uk/joel-ordonez/profil/spieler/893661,https://img.a.transfermarkt.technology/portrait/header/893661-1666292051.jpg?lm=1,real_wc2026_squads_transfermarkt_openfootball,2026-06-02
Jordy Alcívar,Ecuador,Club León Fútbol Club,liga-mx-clausura,26,Defensive midfielder,5,MF,"August 5, 1999",10,1,True,598145.0,Club León Fútbol Club,MEX1,Defensive Midfield,,175.0,,,https://www.transfermarkt.co.uk/jordy-alcivar/profil/spieler/598145,https://img.a.transfermarkt.technology/portrait/header/598145-1739214899.png?lm=1,real_wc2026_squads_transfermarkt_openfootball,2026-06-02
Willian Pacho,Ecuador,Paris Saint-Germain Football Club,ligue-1,24,Centre-back,6,DF,"October 16, 2001",34,2,True,661171.0,Paris Saint-Germain Football Club,FR1,Centre-Back,left,188.0,,,https://www.transfermarkt.co.uk/willian-pacho/profil/spieler/661171,https://img.a.transfermarkt.technology/portrait/header/661171-1696508666.jpg?lm=1,real_wc2026_squads_transfermarkt_openfootball,2026-06-02
Pervis Estupiñán,Ecuador,Associazione Calcio Milan,serie-a,28,Full-back,7,DF,"January 21, 1998",53,4,True,349599.0,Associazione Calcio Milan,IT1,Left-Back,left,175.0,,,https://www.transfermarkt.co.uk/pervis-estupinan/profil/spieler/349599,https://img.a.transfermarkt.technology/portrait/header/349599-1668498118.jpg?lm=1,real_wc2026_squads_transfermarkt_openfootball,2026-06-02
Anthony Valencia,Ecuador,Royal Antwerp Football Club,jupiler-pro-league,22,Winger,8,MF,"July 21, 2003",2,1,True,974374.0,Royal Antwerp Football Club,BE1,Right Winger,left,174.0,,,https://www.transfermarkt.co.uk/anthony-valencia/profil/spieler/974374,https://img.a.transfermarkt.technology/portrait/header/974374-1659086874.jpg?lm=1,real_wc2026_squads_transfermarkt_openfootball,2026-06-02
John Yeboah,Ecuador,Venezia FC,serie-a,25,Forward,9,FW,"June 23, 2000",22,3,True,439914.0,Venezia FC,IT1,Second Striker,left,170.0,,,https://www.transfermarkt.co.uk/john-yeboah/profil/spieler/439914,https://img.a.transfermarkt.technology/portrait/header/439914-1668768754.png?lm=1,real_wc2026_squads_transfermarkt_openfootball,2026-06-02
Kendry Páez,Ecuador,Club Atlético River Plate,torneo-apertura,19,Attacking midfielder,10,MF,"May 4, 2007",25,2,True,1052439.0,Club Atlético River Plate,ARG1,Attacking Midfield,left,178.0,,,https://www.transfermarkt.co.uk/kendry-paez/profil/spieler/1052439,https://img.a.transfermarkt.technology/portrait/header/1052439-1739215811.png?lm=1,real_wc2026_squads_transfermarkt_openfootball,2026-06-02
Kevin Rodríguez,Ecuador,Royale Union Saint-Gilloise,jupiler-pro-league,26,Forward,11,FW,"March 4, 2000",31,2,True,684159.0,Royale Union Saint-Gilloise,BE1,Centre-Forward,right,190.0,,,https://www.transfermarkt.co.uk/kevin-rodriguez/profil/spieler/684159,https://img.a.transfermarkt.technology/portrait/header/684159-1772107309.jpg?lm=1,real_wc2026_squads_transfermarkt_openfootball,2026-06-02
Moisés Ramírez,Ecuador,Athlitiki Enosi Kifisias,super-league-1,25,Goalkeeper,12,GK,"September 9, 2000",7,0,True,450233.0,Athlitiki Enosi Kifisias,GR1,Goalkeeper,right,185.0,,,https://www.transfermarkt.co.uk/moises-ramirez/profil/spieler/450233,https://img.a.transfermarkt.technology/portrait/header/450233-1762960779.jpg?lm=1,real_wc2026_squads_transfermarkt_openfootball,2026-06-02
Enner Valencia,Ecuador,Promotora del Club Pachuca S. A. de C. V.,liga-mx-clausura,36,Forward,13,FW,"November 4, 1989",105,49,True,139503.0,Promotora del Club Pachuca S. A. de C. V.,MEX1,Centre-Forward,right,177.0,,,https://www.transfermarkt.co.uk/enner-valencia/profil/spieler/139503,https://img.a.transfermarkt.technology/portrait/header/139503-1665590120.png?lm=1,real_wc2026_squads_transfermarkt_openfootball,2026-06-02
Alan Minda,Ecuador,Clube Atlético Mineiro,campeonato-brasileiro-serie-a,23,Winger,14,MF,"May 14, 2003",19,2,True,897051.0,Clube Atlético Mineiro,BRA1,Right Winger,right,171.0,,,https://www.transfermarkt.co.uk/alan-minda/profil/spieler/897051,https://img.a.transfermarkt.technology/portrait/header/897051-1753174865.jpg?lm=1,real_wc2026_squads_transfermarkt_openfootball,2026-06-02
Pedro Vite,Ecuador,Club Universidad Nacional A. C.,liga-mx-clausura,24,Attacking midfielder,15,MF,"March 9, 2002",16,1,True,659806.0,Club Universidad Nacional A. C.,MEX1,Attacking Midfield,left,173.0,,,https://www.transfermarkt.co.uk/pedro-vite/profil/spieler/659806,https://img.a.transfermarkt.technology/portrait/header/659806-1740766130.jpg?lm=1,real_wc2026_squads_transfermarkt_openfootball,2026-06-02
Jordy Caicedo,Ecuador,Club Atlético Huracán,torneo-apertura,28,Forward,16,FW,"November 18, 1997",19,3,True,360412.0,Club Atlético Huracán,ARG1,Centre-Forward,right,185.0,,,https://www.transfermarkt.co.uk/jordy-caicedo/profil/spieler/360412,https://img.a.transfermarkt.technology/portrait/header/360412-1760543461.jpg?lm=1,real_wc2026_squads_transfermarkt_openfootball,2026-06-02
Ángelo Preciado,Ecuador,Clube Atlético Mineiro,campeonato-brasileiro-serie-a,28,Full-back,17,DF,"February 18, 1998",54,0,True,450241.0,Clube Atlético Mineiro,BRA1,Right-Back,right,173.0,,,https://www.transfermarkt.co.uk/angelo-preciado/profil/spieler/450241,https://img.a.transfermarkt.technology/portrait/header/450241-1626766727.jpg?lm=1,real_wc2026_squads_transfermarkt_openfootball,2026-06-02
Denil Castillo,Ecuador,Fodbold Club Midtjylland,superliga,22,Central midfielder,18,MF,"March 24, 2004",5,0,True,941418.0,Fodbold Club Midtjylland,DK1,Central Midfield,right,187.0,,,https://www.transfermarkt.co.uk/denil-castillo/profil/spieler/941418,https://img.a.transfermarkt.technology/portrait/header/941418-1749388775.jpg?lm=1,real_wc2026_squads_transfermarkt_openfootball,2026-06-02
Gonzalo Plata,Ecuador,Clube de Regatas do Flamengo,campeonato-brasileiro-serie-a,25,Winger,19,FW,"November 1, 2000",49,8,True,592735.0,Clube de Regatas do Flamengo,BRA1,Right Winger,left,178.0,,,https://www.transfermarkt.co.uk/gonzalo-plata/profil/spieler/592735,https://img.a.transfermarkt.technology/portrait/header/592735-1744288468.jpg?lm=1,real_wc2026_squads_transfermarkt_openfootball,2026-06-02
Nilson Angulo,Ecuador,Sunderland Association Football Club,premier-league,22,Winger,20,FW,"June 19, 2003",13,1,True,903611.0,Sunderland Association Football Club,GB1,Left Winger,right,183.0,,,https://www.transfermarkt.co.uk/nilson-angulo/profil/spieler/903611,https://img.a.transfermarkt.technology/portrait/header/903611-1749390009.jpg?lm=1,real_wc2026_squads_transfermarkt_openfootball,2026-06-02
Alan Franco,Ecuador,Clube Atlético Mineiro,campeonato-brasileiro-serie-a,27,Central midfielder,21,MF,"August 21, 1998",57,1,True,400960.0,Clube Atlético Mineiro,BRA1,Central Midfield,right,176.0,,,https://www.transfermarkt.co.uk/alan-franco/profil/spieler/400960,https://img.a.transfermarkt.technology/portrait/header/400960-1719230549.jpg?lm=1,real_wc2026_squads_transfermarkt_openfootball,2026-06-02
Gonzalo Valle,Ecuador,LDU Quito,Unknown,30,Goalkeeper,22,GK,"February 28, 1996",3,0,True,,,,,,,,,,,real_wc2026_squads_transfermarkt_openfootball,2026-06-02
Moisés Caicedo,Ecuador,Chelsea Football Club,premier-league,24,Defensive midfielder,23,MF,"November 2, 2001",60,3,True,687626.0,Chelsea Football Club,GB1,Defensive Midfield,right,178.0,,,https://www.transfermarkt.co.uk/moises-caicedo/profil/spieler/687626,https://img.a.transfermarkt.technology/portrait/header/687626-1660729724.jpg?lm=1,real_wc2026_squads_transfermarkt_openfootball,2026-06-02
Jeremy Arévalo,Ecuador,Verein für Bewegungsspiele Stuttgart 1893,bundesliga,21,Forward,24,FW,"March 19, 2005",3,0,True,971663.0,Verein für Bewegungsspiele Stuttgart 1893,L1,Centre-Forward,left,182.0,,,https://www.transfermarkt.co.uk/jeremy-arevalo/profil/spieler/971663,https://img.a.transfermarkt.technology/portrait/header/971663-1762250473.jpg?lm=1,real_wc2026_squads_transfermarkt_openfootball,2026-06-02
Jackson Porozo,Ecuador,Club Tijuana Xoloitzcuintles de Caliente,liga-mx-clausura,25,Centre-back,25,DF,"August 4, 2000",9,1,True,491616.0,Club Tijuana Xoloitzcuintles de Caliente,MEX1,Centre-Back,right,193.0,,,https://www.transfermarkt.co.uk/jackson-porozo/profil/spieler/491616,https://img.a.transfermarkt.technology/portrait/header/491616-1706871948.jpg?lm=1,real_wc2026_squads_transfermarkt_openfootball,2026-06-02
Yaimar Medina,Ecuador,Koninklijke Racing Club Genk,jupiler-pro-league,21,Full-back,26,DF,"November 5, 2004",5,0,True,893659.0,Koninklijke Racing Club Genk,BE1,Left-Back,left,178.0,,,https://www.transfermarkt.co.uk/yaimar-medina/profil/spieler/893659,https://img.a.transfermarkt.technology/portrait/header/893659-1738668539.jpg?lm=1,real_wc2026_squads_transfermarkt_openfootball,2026-06-02
Manuel Neuer,Germany,FC Bayern München,bundesliga,40,Goalkeeper,1,GK,"March 27, 1986",124,0,True,17259.0,FC Bayern München,L1,Goalkeeper,right,193.0,,,https://www.transfermarkt.co.uk/manuel-neuer/profil/spieler/17259,https://img.a.transfermarkt.technology/portrait/header/17259-1762943283.jpg?lm=1,real_wc2026_squads_transfermarkt_openfootball,2026-06-02
Antonio Rüdiger,Germany,Real Madrid Club de Fútbol,laliga,33,Centre-back,2,DF,"March 3, 1993",82,3,True,86202.0,Real Madrid Club de Fútbol,ES1,Centre-Back,right,190.0,,,https://www.transfermarkt.co.uk/antonio-rudiger/profil/spieler/86202,https://img.a.transfermarkt.technology/portrait/header/86202-1684484602.jpg?lm=1,real_wc2026_squads_transfermarkt_openfootball,2026-06-02
Waldemar Anton,Germany,Borussia Dortmund,bundesliga,29,Centre-back,3,DF,"July 20, 1996",12,0,True,193004.0,Borussia Dortmund,L1,Centre-Back,right,189.0,,,https://www.transfermarkt.co.uk/waldemar-anton/profil/spieler/193004,https://img.a.transfermarkt.technology/portrait/header/193004-1723922551.jpg?lm=1,real_wc2026_squads_transfermarkt_openfootball,2026-06-02
Jonathan Tah,Germany,FC Bayern München,bundesliga,30,Centre-back,4,DF,"February 11, 1996",46,1,True,196357.0,FC Bayern München,L1,Centre-Back,right,195.0,,,https://www.transfermarkt.co.uk/jonathan-tah/profil/spieler/196357,https://img.a.transfermarkt.technology/portrait/header/196357-1695367765.jpg?lm=1,real_wc2026_squads_transfermarkt_openfootball,2026-06-02
Aleksandar Pavlović,Germany,FC Bayern München,bundesliga,22,Defensive midfielder,5,MF,"May 3, 2004",10,1,True,792380.0,FC Bayern München,L1,Defensive Midfield,both,188.0,,,https://www.transfermarkt.co.uk/aleksandar-pavlovic/profil/spieler/792380,https://img.a.transfermarkt.technology/portrait/header/792380-1727098078.jpg?lm=1,real_wc2026_squads_transfermarkt_openfootball,2026-06-02
Joshua Kimmich,Germany,FC Bayern München,bundesliga,31,Defensive midfielder,6,DF,"February 8, 1995",109,11,True,161056.0,FC Bayern München,L1,Defensive Midfield,right,177.0,,,https://www.transfermarkt.co.uk/joshua-kimmich/profil/spieler/161056,https://img.a.transfermarkt.technology/portrait/header/161056-1700039639.jpg?lm=1,real_wc2026_squads_transfermarkt_openfootball,2026-06-02
Kai Havertz,Germany,Arsenal Football Club,premier-league,27,Forward,7,FW,"June 11, 1999",57,21,True,309400.0,Arsenal Football Club,GB1,Centre-Forward,left,193.0,,,https://www.transfermarkt.co.uk/kai-havertz/profil/spieler/309400,https://img.a.transfermarkt.technology/portrait/header/309400-1683903902.jpg?lm=1,real_wc2026_squads_transfermarkt_openfootball,2026-06-02
Leon Goretzka,Germany,FC Bayern München,bundesliga,31,Central midfielder,8,MF,"February 6, 1995",69,15,True,153084.0,FC Bayern München,L1,Central Midfield,right,189.0,,,https://www.transfermarkt.co.uk/leon-goretzka/profil/spieler/153084,https://img.a.transfermarkt.technology/portrait/header/153084-1700040179.jpg?lm=1,real_wc2026_squads_transfermarkt_openfootball,2026-06-02
Jamie Leweling,Germany,Verein für Bewegungsspiele Stuttgart 1893,bundesliga,25,Winger,9,MF,"February 26, 2001",4,1,True,518505.0,Verein für Bewegungsspiele Stuttgart 1893,L1,Right Winger,both,185.0,,,https://www.transfermarkt.co.uk/jamie-leweling/profil/spieler/518505,https://img.a.transfermarkt.technology/portrait/header/518505-1691999306.jpg?lm=1,real_wc2026_squads_transfermarkt_openfootball,2026-06-02
Jamal Musiala,Germany,FC Bayern München,bundesliga,23,Attacking midfielder,10,MF,"February 26, 2003",41,9,True,580195.0,FC Bayern München,L1,Attacking Midfield,right,184.0,,,https://www.transfermarkt.co.uk/jamal-musiala/profil/spieler/580195,https://img.a.transfermarkt.technology/portrait/header/580195-1711745441.jpg?lm=1,real_wc2026_squads_transfermarkt_openfootball,2026-06-02
Nick Woltemade,Germany,Newcastle United Football Club,premier-league,24,Forward,11,FW,"February 14, 2002",11,4,True,455661.0,Newcastle United Football Club,GB1,Centre-Forward,right,198.0,,,https://www.transfermarkt.co.uk/nick-woltemade/profil/spieler/455661,https://img.a.transfermarkt.technology/portrait/header/455661-1779983237.jpg?lm=1,real_wc2026_squads_transfermarkt_openfootball,2026-06-02
Oliver Baumann,Germany,Turn- und Sportgemeinschaft 1899 Hoffenheim Fußball-Spielbetriebs,bundesliga,36,Goalkeeper,12,GK,"June 2, 1990",12,0,True,55089.0,Turn- und Sportgemeinschaft 1899 Hoffenheim Fußball-Spielbetriebs,L1,Goalkeeper,right,187.0,,,https://www.transfermarkt.co.uk/oliver-baumann/profil/spieler/55089,https://img.a.transfermarkt.technology/portrait/header/55089-1755090197.jpg?lm=1,real_wc2026_squads_transfermarkt_openfootball,2026-06-02
Pascal Groß,Germany,Brighton and Hove Albion Football Club,premier-league,34,Central midfielder,13,MF,"June 15, 1991",18,1,True,82873.0,Brighton and Hove Albion Football Club,GB1,Central Midfield,right,181.0,,,https://www.transfermarkt.co.uk/pascal-gross/profil/spieler/82873,https://img.a.transfermarkt.technology/portrait/header/82873-1746195832.jpg?lm=1,real_wc2026_squads_transfermarkt_openfootball,2026-06-02
Maximilian Beier,Germany,Borussia Dortmund,bundesliga,23,Forward,14,FW,"October 17, 2002",8,0,True,578392.0,Borussia Dortmund,L1,Centre-Forward,right,185.0,,,https://www.transfermarkt.co.uk/maximilian-beier/profil/spieler/578392,https://img.a.transfermarkt.technology/portrait/header/578392-1733829348.jpg?lm=1,real_wc2026_squads_transfermarkt_openfootball,2026-06-02
Nico Schlotterbeck,Germany,Borussia Dortmund,bundesliga,26,Centre-back,15,DF,"December 1, 1999",26,0,True,388198.0,Borussia Dortmund,L1,Centre-Back,left,191.0,,,https://www.transfermarkt.co.uk/nico-schlotterbeck/profil/spieler/388198,https://img.a.transfermarkt.technology/portrait/header/388198-1709560457.jpg?lm=1,real_wc2026_squads_transfermarkt_openfootball,2026-06-02
Angelo Stiller,Germany,Verein für Bewegungsspiele Stuttgart 1893,bundesliga,25,Defensive midfielder,16,MF,"April 4, 2001",7,0,True,443710.0,Verein für Bewegungsspiele Stuttgart 1893,L1,Defensive Midfield,left,183.0,,,https://www.transfermarkt.co.uk/angelo-stiller/profil/spieler/443710,https://img.a.transfermarkt.technology/portrait/header/443710-1753308094.jpg?lm=1,real_wc2026_squads_transfermarkt_openfootball,2026-06-02
Florian Wirtz,Germany,Liverpool Football Club,premier-league,23,Attacking midfielder,17,MF,"May 3, 2003",40,11,True,598577.0,Liverpool Football Club,GB1,Attacking Midfield,right,177.0,,,https://www.transfermarkt.co.uk/florian-wirtz/profil/spieler/598577,https://img.a.transfermarkt.technology/portrait/header/598577-1689710503.jpg?lm=1,real_wc2026_squads_transfermarkt_openfootball,2026-06-02
Nathaniel Brown,Germany,Eintracht Frankfurt Fußball AG,bundesliga,22,Full-back,18,DF,"June 16, 2003",4,0,True,691892.0,Eintracht Frankfurt Fußball AG,L1,Left-Back,left,176.0,,,https://www.transfermarkt.co.uk/nathaniel-brown/profil/spieler/691892,https://img.a.transfermarkt.technology/portrait/header/691892-1724772335.jpg?lm=1,real_wc2026_squads_transfermarkt_openfootball,2026-06-02
Leroy Sané,Germany,Galatasaray Spor Kulübü,super-lig,30,Winger,19,MF,"January 11, 1996",75,16,True,192565.0,Galatasaray Spor Kulübü,TR1,Right Winger,left,183.0,,,https://www.transfermarkt.co.uk/leroy-sane/profil/spieler/192565,https://img.a.transfermarkt.technology/portrait/header/192565-1694587968.jpg?lm=1,real_wc2026_squads_transfermarkt_openfootball,2026-06-02
Nadiem Amiri,Germany,1. Fußball- und Sportverein Mainz 05,bundesliga,29,Central midfielder,20,MF,"October 27, 1996",10,1,True,232454.0,1. Fußball- und Sportverein Mainz 05,L1,Central Midfield,right,180.0,,,https://www.transfermarkt.co.uk/nadiem-amiri/profil/spieler/232454,https://img.a.transfermarkt.technology/portrait/header/232454-1722885996.jpg?lm=1,real_wc2026_squads_transfermarkt_openfootball,2026-06-02
Alexander Nübel,Germany,Verein für Bewegungsspiele Stuttgart 1893,bundesliga,29,Goalkeeper,21,GK,"September 30, 1996",3,0,True,195778.0,Verein für Bewegungsspiele Stuttgart 1893,L1,Goalkeeper,right,193.0,,,https://www.transfermarkt.co.uk/alexander-nubel/profil/spieler/195778,https://img.a.transfermarkt.technology/portrait/header/195778-1691998861.jpg?lm=1,real_wc2026_squads_transfermarkt_openfootball,2026-06-02
David Raum,Germany,RasenBallsport Leipzig,bundesliga,28,Full-back,22,DF,"April 22, 1998",36,1,True,318204.0,RasenBallsport Leipzig,L1,Left-Back,left,181.0,,,https://www.transfermarkt.co.uk/david-raum/profil/spieler/318204,https://img.a.transfermarkt.technology/portrait/header/318204-1713945422.jpg?lm=1,real_wc2026_squads_transfermarkt_openfootball,2026-06-02
Felix Nmecha,Germany,Borussia Dortmund,bundesliga,25,Central midfielder,23,MF,"October 10, 2000",7,1,True,406640.0,Borussia Dortmund,L1,Central Midfield,right,190.0,,,https://www.transfermarkt.co.uk/felix-nmecha/profil/spieler/406640,https://img.a.transfermarkt.technology/portrait/header/406640-1709560961.jpg?lm=1,real_wc2026_squads_transfermarkt_openfootball,2026-06-02
Malick Thiaw,Germany,Newcastle United Football Club,premier-league,24,Centre-back,24,DF,"August 8, 2001",5,0,True,521964.0,Newcastle United Football Club,GB1,Centre-Back,right,194.0,,,https://www.transfermarkt.co.uk/malick-thiaw/profil/spieler/521964,https://img.a.transfermarkt.technology/portrait/header/521964-1682063635.jpg?lm=1,real_wc2026_squads_transfermarkt_openfootball,2026-06-02
Lennart Karl,Germany,FC Bayern München,bundesliga,18,Attacking midfielder,25,MF,"February 22, 2008",3,0,True,1075147.0,FC Bayern München,L1,Attacking Midfield,left,168.0,,,https://www.transfermarkt.co.uk/lennart-karl/profil/spieler/1075147,https://img.a.transfermarkt.technology/portrait/header/1075147-1759417800.jpg?lm=1,real_wc2026_squads_transfermarkt_openfootball,2026-06-02
Deniz Undav,Germany,Verein für Bewegungsspiele Stuttgart 1893,bundesliga,29,Forward,26,FW,"July 19, 1996",8,6,True,339314.0,Verein für Bewegungsspiele Stuttgart 1893,L1,Centre-Forward,both,179.0,,,https://www.transfermarkt.co.uk/deniz-undav/profil/spieler/339314,https://img.a.transfermarkt.technology/portrait/header/339314-1691999036.jpg?lm=1,real_wc2026_squads_transfermarkt_openfootball,2026-06-02
Yahia Fofana,Ivory Coast,Çaykur Rizespor Kulübü,super-lig,25,Goalkeeper,1,GK,"August 21, 2000",34,0,True,418651.0,Çaykur Rizespor Kulübü,TR1,Goalkeeper,right,194.0,,,https://www.transfermarkt.co.uk/yahia-fofana/profil/spieler/418651,https://img.a.transfermarkt.technology/portrait/header/418651-1759315646.jpg?lm=1,real_wc2026_squads_transfermarkt_openfootball,2026-06-02
Ousmane Diomande,Ivory Coast,Sporting Clube de Portugal,liga-portugal,22,Centre-back,2,DF,"December 4, 2003",14,1,True,974982.0,Sporting Clube de Portugal,PO1,Centre-Back,right,190.0,,,https://www.transfermarkt.co.uk/ousmane-diomande/profil/spieler/974982,https://img.a.transfermarkt.technology/portrait/header/974982-1759778940.jpg?lm=1,real_wc2026_squads_transfermarkt_openfootball,2026-06-02
Ghislain Konan,Ivory Coast,Gil Vicente Futebol Clube,liga-portugal,30,Full-back,3,DF,"December 27, 1995",53,0,True,422850.0,Gil Vicente Futebol Clube,PO1,Left-Back,left,176.0,,,https://www.transfermarkt.co.uk/ghislain-konan/profil/spieler/422850,https://img.a.transfermarkt.technology/portrait/header/422850-1780315250.jpg?lm=1,real_wc2026_squads_transfermarkt_openfootball,2026-06-02
Jean Michaël Seri,Ivory Coast,Al-Orobah FC,saudi-pro-league,34,Defensive midfielder,4,MF,"July 19, 1991",65,4,True,178614.0,Al-Orobah FC,SA1,Defensive Midfield,right,168.0,,,https://www.transfermarkt.co.uk/jean-michael-seri/profil/spieler/178614,https://img.a.transfermarkt.technology/portrait/header/178614-1718179799.jpg?lm=1,real_wc2026_squads_transfermarkt_openfootball,2026-06-02
Wilfried Singo,Ivory Coast,Galatasaray Spor Kulübü,super-lig,25,Centre-back,5,DF,"December 25, 2000",33,1,True,648779.0,Galatasaray Spor Kulübü,TR1,Centre-Back,right,190.0,,,https://www.transfermarkt.co.uk/wilfried-singo/profil/spieler/648779,https://img.a.transfermarkt.technology/portrait/header/648779-1779991391.png?lm=1,real_wc2026_squads_transfermarkt_openfootball,2026-06-02
Seko Fofana,Ivory Coast,Futebol Clube do Porto,liga-portugal,31,Central midfielder,6,MF,"May 7, 1995",31,7,True,182893.0,Futebol Clube do Porto,PO1,Central Midfield,right,185.0,,,https://www.transfermarkt.co.uk/seko-fofana/profil/spieler/182893,https://img.a.transfermarkt.technology/portrait/header/182893-1653394911.jpg?lm=1,real_wc2026_squads_transfermarkt_openfootball,2026-06-02
Odilon Kossounou,Ivory Coast,Atalanta Bergamasca Calcio S.p.a.,serie-a,25,Centre-back,7,DF,"January 4, 2001",35,0,True,644771.0,Atalanta Bergamasca Calcio S.p.a.,IT1,Centre-Back,right,191.0,,,https://www.transfermarkt.co.uk/odilon-kossounou/profil/spieler/644771,https://img.a.transfermarkt.technology/portrait/header/644771-1730183693.jpg?lm=1,real_wc2026_squads_transfermarkt_openfootball,2026-06-02
Franck Kessié,Ivory Coast,Al-Ahli Saudi Football Club,saudi-pro-league,29,Central midfielder,8,MF,"December 19, 1996",102,15,True,294808.0,Al-Ahli Saudi Football Club,SA1,Central Midfield,right,183.0,,,https://www.transfermarkt.co.uk/franck-kessie/profil/spieler/294808,https://img.a.transfermarkt.technology/portrait/header/294808-1749205138.jpg?lm=1,real_wc2026_squads_transfermarkt_openfootball,2026-06-02
Ange-Yoan Bonny,Ivory Coast,Football Club Internazionale Milano S.p.A.,serie-a,22,Forward,9,FW,"October 25, 2003",0,0,True,827734.0,Football Club Internazionale Milano S.p.A.,IT1,Centre-Forward,right,189.0,,,https://www.transfermarkt.co.uk/ange-yoan-bonny/profil/spieler/827734,https://img.a.transfermarkt.technology/portrait/header/827734-1751380953.jpg?lm=1,real_wc2026_squads_transfermarkt_openfootball,2026-06-02
Simon Adingra,Ivory Coast,Association sportive de Monaco Football Club,ligue-1,24,Winger,10,FW,"January 1, 2002",28,5,True,658536.0,Association sportive de Monaco Football Club,FR1,Left Winger,right,175.0,,,https://www.transfermarkt.co.uk/simon-adingra/profil/spieler/658536,https://img.a.transfermarkt.technology/portrait/header/658536-1746437487.jpg?lm=1,real_wc2026_squads_transfermarkt_openfootball,2026-06-02
Yan Diomande,Ivory Coast,RasenBallsport Leipzig,bundesliga,19,Winger,11,FW,"November 14, 2006",9,3,True,1390649.0,RasenBallsport Leipzig,L1,Left Winger,right,180.0,,,https://www.transfermarkt.co.uk/yan-diomande/profil/spieler/1390649,https://img.a.transfermarkt.technology/portrait/header/1390649-1759779499.jpg?lm=1,real_wc2026_squads_transfermarkt_openfootball,2026-06-02
Elye Wahi,Ivory Coast,Olympique Gymnaste Club Nice Côte d'Azur,ligue-1,23,Forward,12,FW,"January 2, 2003",1,0,True,659542.0,Olympique Gymnaste Club Nice Côte d'Azur,FR1,Centre-Forward,right,184.0,,,https://www.transfermarkt.co.uk/elye-wahi/profil/spieler/659542,https://img.a.transfermarkt.technology/portrait/header/659542-1753984614.jpg?lm=1,real_wc2026_squads_transfermarkt_openfootball,2026-06-02
Christopher Opéri,Ivory Coast,İstanbul Başakşehir Futbol Kulübü,super-lig,29,Full-back,13,DF,"April 29, 1997",11,0,True,469976.0,İstanbul Başakşehir Futbol Kulübü,TR1,Left-Back,left,183.0,,,https://www.transfermarkt.co.uk/christopher-operi/profil/spieler/469976,https://img.a.transfermarkt.technology/portrait/header/469976-1759746677.jpg?lm=1,real_wc2026_squads_transfermarkt_openfootball,2026-06-02
Oumar Diakité,Ivory Coast,Cercle Brugge Koninklijke Sportvereniging,jupiler-pro-league,22,Forward,14,FW,"December 20, 2003",28,6,True,847279.0,Cercle Brugge Koninklijke Sportvereniging,BE1,Centre-Forward,right,185.0,,,https://www.transfermarkt.co.uk/oumar-diakite/profil/spieler/847279,https://img.a.transfermarkt.technology/portrait/header/847279-1723837401.png?lm=1,real_wc2026_squads_transfermarkt_openfootball,2026-06-02
Amad Diallo,Ivory Coast,Manchester United Football Club,premier-league,23,Winger,15,FW,"July 11, 2002",18,5,True,536835.0,Manchester United Football Club,GB1,Right Winger,left,173.0,,,https://www.transfermarkt.co.uk/amad-diallo/profil/spieler/536835,https://img.a.transfermarkt.technology/portrait/header/536835-1747857754.jpg?lm=1,real_wc2026_squads_transfermarkt_openfootball,2026-06-02
Mohamed Koné,Ivory Coast,Royal Charleroi Sporting Club,jupiler-pro-league,24,Goalkeeper,16,GK,"March 7, 2002",0,0,True,911985.0,Royal Charleroi Sporting Club,BE1,Goalkeeper,right,186.0,,,https://www.transfermarkt.co.uk/mohamed-kone/profil/spieler/911985,https://img.a.transfermarkt.technology/portrait/header/911985-1715878431.jpg?lm=1,real_wc2026_squads_transfermarkt_openfootball,2026-06-02
Guéla Doué,Ivory Coast,Racing Club de Strasbourg Alsace,ligue-1,23,Full-back,17,DF,"October 17, 2002",19,2,True,711980.0,Racing Club de Strasbourg Alsace,FR1,Right-Back,right,186.0,,,https://www.transfermarkt.co.uk/guela-doue/profil/spieler/711980,https://img.a.transfermarkt.technology/portrait/header/711980-1732575765.png?lm=1,real_wc2026_squads_transfermarkt_openfootball,2026-06-02
Ibrahim Sangaré,Ivory Coast,Nottingham Forest Football Club,premier-league,28,Defensive midfielder,18,MF,"December 2, 1997",57,12,True,375885.0,Nottingham Forest Football Club,GB1,Defensive Midfield,right,191.0,,,https://www.transfermarkt.co.uk/ibrahim-sangare/profil/spieler/375885,https://img.a.transfermarkt.technology/portrait/header/375885-1700738495.jpg?lm=1,real_wc2026_squads_transfermarkt_openfootball,2026-06-02
Nicolas Pépé,Ivory Coast,Villarreal Club de Fútbol S.A.D.,laliga,31,Winger,19,FW,"May 29, 1995",54,12,True,343052.0,Villarreal Club de Fútbol S.A.D.,ES1,Right Winger,left,183.0,,,https://www.transfermarkt.co.uk/nicolas-pepe/profil/spieler/343052,https://img.a.transfermarkt.technology/portrait/header/343052-1758059244.jpg?lm=1,real_wc2026_squads_transfermarkt_openfootball,2026-06-02
Emmanuel Agbadou,Ivory Coast,Beşiktaş Jimnastik Kulübü,super-lig,28,Centre-back,20,DF,"June 17, 1997",19,2,True,683895.0,Beşiktaş Jimnastik Kulübü,TR1,Centre-Back,right,192.0,,,https://www.transfermarkt.co.uk/emmanuel-agbadou/profil/spieler/683895,https://img.a.transfermarkt.technology/portrait/header/683895-1770396716.jpg?lm=1,real_wc2026_squads_transfermarkt_openfootball,2026-06-02
Evan Ndicka,Ivory Coast,Associazione Sportiva Roma,serie-a,26,Centre-back,21,DF,"August 20, 1999",28,0,True,371149.0,Associazione Sportiva Roma,IT1,Centre-Back,left,192.0,,,https://www.transfermarkt.co.uk/evan-ndicka/profil/spieler/371149,https://img.a.transfermarkt.technology/portrait/header/371149-1757605149.jpg?lm=1,real_wc2026_squads_transfermarkt_openfootball,2026-06-02
Evann Guessand,Ivory Coast,Crystal Palace Football Club,premier-league,24,Winger,22,FW,"July 1, 2001",21,4,True,500689.0,Crystal Palace Football Club,GB1,Right Winger,right,188.0,,,https://www.transfermarkt.co.uk/evann-guessand/profil/spieler/500689,https://img.a.transfermarkt.technology/portrait/header/500689-1765812945.jpg?lm=1,real_wc2026_squads_transfermarkt_openfootball,2026-06-02
Alban Lafont,Ivory Coast,Panathinaikos Athlitikos Omilos,super-league-1,27,Goalkeeper,23,GK,"January 23, 1999",4,0,True,357117.0,Panathinaikos Athlitikos Omilos,GR1,Goalkeeper,right,196.0,,,https://www.transfermarkt.co.uk/alban-lafont/profil/spieler/357117,https://img.a.transfermarkt.technology/portrait/header/357117-1756042679.png?lm=1,real_wc2026_squads_transfermarkt_openfootball,2026-06-02
Bazoumana Touré,Ivory Coast,Turn- und Sportgemeinschaft 1899 Hoffenheim Fußball-Spielbetriebs,bundesliga,20,Winger,24,FW,"March 2, 2006",5,2,True,1067904.0,Turn- und Sportgemeinschaft 1899 Hoffenheim Fußball-Spielbetriebs,L1,Left Winger,left,175.0,,,https://www.transfermarkt.co.uk/bazoumana-toure/profil/spieler/1067904,https://img.a.transfermarkt.technology/portrait/header/1067904-1755092124.jpg?lm=1,real_wc2026_squads_transfermarkt_openfootball,2026-06-02
Parfait Guiagon,Ivory Coast,Royal Charleroi Sporting Club,jupiler-pro-league,25,Winger,25,MF,"February 22, 2001",5,0,True,624913.0,Royal Charleroi Sporting Club,BE1,Left Winger,right,169.0,,,https://www.transfermarkt.co.uk/parfait-guiagon/profil/spieler/624913,https://img.a.transfermarkt.technology/portrait/header/624913-1758629240.jpg?lm=1,real_wc2026_squads_transfermarkt_openfootball,2026-06-02
Christ Inao Oulaï,Ivory Coast,Trabzonspor Kulübü,super-lig,20,Central midfielder,26,MF,"April 6, 2006",8,0,True,1279526.0,Trabzonspor Kulübü,TR1,Central Midfield,right,173.0,,,https://www.transfermarkt.co.uk/christ-inao-oulai/profil/spieler/1279526,https://img.a.transfermarkt.technology/portrait/header/1279526-1756305389.png?lm=1,real_wc2026_squads_transfermarkt_openfootball,2026-06-02
Zion Suzuki,Japan,Parma Calcio 1913,serie-a,23,Goalkeeper,1,GK,"August 21, 2002",24,0,True,432298.0,Parma Calcio 1913,IT1,Goalkeeper,right,190.0,,,https://www.transfermarkt.co.uk/zion-suzuki/profil/spieler/432298,https://img.a.transfermarkt.technology/portrait/header/432298-1780323348.jpg?lm=1,real_wc2026_squads_transfermarkt_openfootball,2026-06-02
Yukinari Sugawara,Japan,Sportverein Werder Bremen von 1899,bundesliga,25,Full-back,2,DF,"June 28, 2000",21,2,True,405385.0,Sportverein Werder Bremen von 1899,L1,Right-Back,right,179.0,,,https://www.transfermarkt.co.uk/yukinari-sugawara/profil/spieler/405385,https://img.a.transfermarkt.technology/portrait/header/405385-1758702447.jpg?lm=1,real_wc2026_squads_transfermarkt_openfootball,2026-06-02
Shōgo Taniguchi,Japan,Koninklijke Sint-Truidense Voetbalvereniging,jupiler-pro-league,34,Centre-back,3,DF,"July 15, 1991",38,1,True,307870.0,Koninklijke Sint-Truidense Voetbalvereniging,BE1,Centre-Back,right,183.0,,,https://www.transfermarkt.co.uk/shogo-taniguchi/profil/spieler/307870,https://img.a.transfermarkt.technology/portrait/header/307870-1605776779.jpg?lm=1,real_wc2026_squads_transfermarkt_openfootball,2026-06-02
Kō Itakura,Japan,AFC Ajax Amsterdam,eredivisie,29,Centre-back,4,DF,"January 27, 1997",40,2,True,355816.0,AFC Ajax Amsterdam,NL1,Centre-Back,right,188.0,,,https://www.transfermarkt.co.uk/ko-itakura/profil/spieler/355816,https://img.a.transfermarkt.technology/portrait/header/355816-1662966245.jpg?lm=1,real_wc2026_squads_transfermarkt_openfootball,2026-06-02
Yūto Nagatomo,Japan,Tokyo Football Club,j1-league,39,Full-back,5,DF,"September 12, 1986",145,4,True,79522.0,Tokyo Football Club,JAP1,Left-Back,both,170.0,,,https://www.transfermarkt.co.uk/yuto-nagatomo/profil/spieler/79522,https://img.a.transfermarkt.technology/portrait/header/79522-1772683341.JPG?lm=1,real_wc2026_squads_transfermarkt_openfootball,2026-06-02
Wataru Endo,Japan,Liverpool Football Club,premier-league,33,Defensive midfielder,6,MF,"February 9, 1993",73,4,True,146310.0,Liverpool Football Club,GB1,Defensive Midfield,right,178.0,,,https://www.transfermarkt.co.uk/wataru-endo/profil/spieler/146310,https://img.a.transfermarkt.technology/portrait/header/146310-1657181542.jpg?lm=1,real_wc2026_squads_transfermarkt_openfootball,2026-06-02
Ao Tanaka,Japan,Leeds United Association Football Club,premier-league,27,Central midfielder,7,MF,"September 10, 1998",38,8,True,489359.0,Leeds United Association Football Club,GB1,Central Midfield,right,180.0,,,https://www.transfermarkt.co.uk/ao-tanaka/profil/spieler/489359,https://img.a.transfermarkt.technology/portrait/header/489359-1780324258.jpg?lm=1,real_wc2026_squads_transfermarkt_openfootball,2026-06-02
Takefusa Kubo,Japan,Real Sociedad de Fútbol S.A.D.,laliga,25,Winger,8,MF,"June 4, 2001",49,7,True,405398.0,Real Sociedad de Fútbol S.A.D.,ES1,Right Winger,left,173.0,,,https://www.transfermarkt.co.uk/takefusa-kubo/profil/spieler/405398,https://img.a.transfermarkt.technology/portrait/header/405398-1697110254.jpg?lm=1,real_wc2026_squads_transfermarkt_openfootball,2026-06-02
Keisuke Gotō,Japan,Koninklijke Sint-Truidense Voetbalvereniging,jupiler-pro-league,21,Forward,9,FW,"June 3, 2005",4,0,True,916623.0,Koninklijke Sint-Truidense Voetbalvereniging,BE1,Centre-Forward,right,191.0,,,https://www.transfermarkt.co.uk/keisuke-goto/profil/spieler/916623,https://img.a.transfermarkt.technology/portrait/header/916623-1737967086.jpg?lm=1,real_wc2026_squads_transfermarkt_openfootball,2026-06-02
Ritsu Dōan,Japan,Eintracht Frankfurt Fußball AG,bundesliga,27,Winger,10,MF,"June 16, 1998",65,11,True,358504.0,Eintracht Frankfurt Fußball AG,L1,Right Winger,left,172.0,,,https://www.transfermarkt.co.uk/ritsu-doan/profil/spieler/358504,https://img.a.transfermarkt.technology/portrait/header/358504-1757597784.jpg?lm=1,real_wc2026_squads_transfermarkt_openfootball,2026-06-02
Daizen Maeda,Japan,The Celtic Football Club,scottish-premiership,28,Winger,11,MF,"October 20, 1997",27,4,True,420931.0,The Celtic Football Club,SC1,Left Winger,right,173.0,,,https://www.transfermarkt.co.uk/daizen-maeda/profil/spieler/420931,https://img.a.transfermarkt.technology/portrait/header/420931-1780324672.jpg?lm=1,real_wc2026_squads_transfermarkt_openfootball,2026-06-02
Keisuke Ōsako,Japan,Sanfrecce Hiroshima,j1-league,26,Goalkeeper,12,GK,"July 28, 1999",11,0,True,415521.0,Sanfrecce Hiroshima,JAP1,Goalkeeper,right,190.0,,,https://www.transfermarkt.co.uk/keisuke-osako/profil/spieler/415521,https://img.a.transfermarkt.technology/portrait/header/415521-1770310185.jpg?lm=1,real_wc2026_squads_transfermarkt_openfootball,2026-06-02
Keito Nakamura,Japan,Stade Reims,ligue-1,25,Winger,13,MF,"July 28, 2000",25,10,True,405397.0,Stade Reims,FR1,Left Winger,right,180.0,Japan,AFC,https://www.transfermarkt.co.uk/keito-nakamura/profil/spieler/405397,https://img.a.transfermarkt.technology/portrait/header/405397-1723837290.png?lm=1,real_wc2026_squads_transfermarkt_openfootball,2026-06-02
Junya Itō,Japan,Koninklijke Racing Club Genk,jupiler-pro-league,33,Winger,14,MF,"March 9, 1993",69,15,True,348791.0,Koninklijke Racing Club Genk,BE1,Right Winger,right,177.0,,,https://www.transfermarkt.co.uk/junya-ito/profil/spieler/348791,https://img.a.transfermarkt.technology/portrait/header/348791-1723820780.png?lm=1,real_wc2026_squads_transfermarkt_openfootball,2026-06-02
Daichi Kamada,Japan,Crystal Palace Football Club,premier-league,29,Attacking midfielder,15,MF,"August 5, 1996",49,12,True,356141.0,Crystal Palace Football Club,GB1,Attacking Midfield,right,180.0,,,https://www.transfermarkt.co.uk/daichi-kamada/profil/spieler/356141,https://img.a.transfermarkt.technology/portrait/header/356141-1707947777.jpg?lm=1,real_wc2026_squads_transfermarkt_openfootball,2026-06-02
Tsuyoshi Watanabe,Japan,Feyenoord Rotterdam,eredivisie,29,Centre-back,16,DF,"February 5, 1997",11,0,True,598791.0,Feyenoord Rotterdam,NL1,Centre-Back,right,186.0,,,https://www.transfermarkt.co.uk/tsuyoshi-watanabe/profil/spieler/598791,https://img.a.transfermarkt.technology/portrait/header/598791-1705504081.jpg?lm=1,real_wc2026_squads_transfermarkt_openfootball,2026-06-02
Yuito Suzuki,Japan,Sport-Club Freiburg,bundesliga,24,Forward,17,MF,"October 25, 2001",6,0,True,668606.0,Sport-Club Freiburg,L1,Second Striker,right,175.0,,,https://www.transfermarkt.co.uk/yuito-suzuki/profil/spieler/668606,https://img.a.transfermarkt.technology/portrait/header/668606-1753955159.jpg?lm=1,real_wc2026_squads_transfermarkt_openfootball,2026-06-02
Ayase Ueda,Japan,Feyenoord Rotterdam,eredivisie,27,Forward,18,FW,"August 28, 1998",39,16,True,589128.0,Feyenoord Rotterdam,NL1,Centre-Forward,right,182.0,,,https://www.transfermarkt.co.uk/ayase-ueda/profil/spieler/589128,https://img.a.transfermarkt.technology/portrait/header/589128-1765214070.jpg?lm=1,real_wc2026_squads_transfermarkt_openfootball,2026-06-02
Kōki Ogawa,Japan,Nijmegen Eendracht Combinatie,eredivisie,28,Forward,19,FW,"August 8, 1997",15,11,True,351567.0,Nijmegen Eendracht Combinatie,NL1,Centre-Forward,right,186.0,,,https://www.transfermarkt.co.uk/koki-ogawa/profil/spieler/351567,https://img.a.transfermarkt.technology/portrait/header/351567-1764256684.png?lm=1,real_wc2026_squads_transfermarkt_openfootball,2026-06-02
Ayumu Seko,Japan,Le Havre Athletic Club,ligue-1,26,Centre-back,20,DF,"June 7, 2000",14,0,True,405389.0,Le Havre Athletic Club,FR1,Centre-Back,right,186.0,,,https://www.transfermarkt.co.uk/ayumu-seko/profil/spieler/405389,https://img.a.transfermarkt.technology/portrait/header/405389-1558683017.png?lm=1,real_wc2026_squads_transfermarkt_openfootball,2026-06-02
Hiroki Itō,Japan,FC Bayern München,bundesliga,27,Centre-back,21,DF,"May 12, 1999",24,1,True,353892.0,FC Bayern München,L1,Centre-Back,left,188.0,,,https://www.transfermarkt.co.uk/hiroki-ito/profil/spieler/353892,https://img.a.transfermarkt.technology/portrait/header/353892-1778846469.jpg?lm=1,real_wc2026_squads_transfermarkt_openfootball,2026-06-02
Takehiro Tomiyasu,Japan,AFC Ajax Amsterdam,eredivisie,27,Full-back,22,DF,"November 5, 1998",43,1,True,331560.0,AFC Ajax Amsterdam,NL1,Right-Back,right,188.0,,,https://www.transfermarkt.co.uk/takehiro-tomiyasu/profil/spieler/331560,https://img.a.transfermarkt.technology/portrait/header/331560-1682591217.jpg?lm=1,real_wc2026_squads_transfermarkt_openfootball,2026-06-02
Tomoki Hayakawa,Japan,Kashima Antlers FC,j1-league,27,Goalkeeper,23,GK,"March 3, 1999",4,0,True,683271.0,Kashima Antlers FC,JAP1,Goalkeeper,right,187.0,,,https://www.transfermarkt.co.uk/tomoki-hayakawa/profil/spieler/683271,https://img.a.transfermarkt.technology/portrait/header/683271-1772672828.JPG?lm=1,real_wc2026_squads_transfermarkt_openfootball,2026-06-02
Kaishū Sano,Japan,1. Fußball- und Sportverein Mainz 05,bundesliga,25,Defensive midfielder,24,MF,"December 30, 2000",13,0,True,643574.0,1. Fußball- und Sportverein Mainz 05,L1,Defensive Midfield,right,176.0,,,https://www.transfermarkt.co.uk/kaishu-sano/profil/spieler/643574,https://img.a.transfermarkt.technology/portrait/header/643574-1752587688.jpg?lm=1,real_wc2026_squads_transfermarkt_openfootball,2026-06-02
Junnosuke Suzuki,Japan,Football Club København,superliga,22,Centre-back,25,DF,"July 12, 2003",6,0,True,848856.0,Football Club København,DK1,Centre-Back,right,185.0,,,https://www.transfermarkt.co.uk/junnosuke-suzuki/profil/spieler/848856,https://img.a.transfermarkt.technology/portrait/header/848856-1761081129.jpg?lm=1,real_wc2026_squads_transfermarkt_openfootball,2026-06-02
Kento Shiogai,Japan,Verein für Leibesübungen Wolfsburg,bundesliga,21,Forward,26,FW,"March 26, 2005",2,0,True,1144627.0,Verein für Leibesübungen Wolfsburg,L1,Centre-Forward,right,180.0,,,https://www.transfermarkt.co.uk/kento-shiogai/profil/spieler/1144627,https://img.a.transfermarkt.technology/portrait/header/1144627-1764256555.png?lm=1,real_wc2026_squads_transfermarkt_openfootball,2026-06-02
Bart Verbruggen,Netherlands,Brighton and Hove Albion Football Club,premier-league,23,Goalkeeper,1,GK,"August 18, 2002",27,0,True,565093.0,Brighton and Hove Albion Football Club,GB1,Goalkeeper,right,194.0,,,https://www.transfermarkt.co.uk/bart-verbruggen/profil/spieler/565093,https://img.a.transfermarkt.technology/portrait/header/565093-1716990260.jpg?lm=1,real_wc2026_squads_transfermarkt_openfootball,2026-06-02
Jurriën Timber,Netherlands,Arsenal Football Club,premier-league,24,Full-back,2,DF,"June 17, 2001",23,0,True,420243.0,Arsenal Football Club,GB1,Right-Back,right,179.0,,,https://www.transfermarkt.co.uk/jurrien-timber/profil/spieler/420243,https://img.a.transfermarkt.technology/portrait/header/420243-1702413077.jpg?lm=1,real_wc2026_squads_transfermarkt_openfootball,2026-06-02
Marten de Roon,Netherlands,Atalanta Bergamasca Calcio S.p.a.,serie-a,35,Defensive midfielder,3,MF,"March 29, 1991",42,1,True,133179.0,Atalanta Bergamasca Calcio S.p.a.,IT1,Defensive Midfield,right,185.0,,,https://www.transfermarkt.co.uk/marten-de-roon/profil/spieler/133179,https://img.a.transfermarkt.technology/portrait/header/133179-1779892536.jpg?lm=1,real_wc2026_squads_transfermarkt_openfootball,2026-06-02
Virgil van Dijk,Netherlands,Liverpool Football Club,premier-league,34,Centre-back,4,DF,"July 8, 1991",90,12,True,139208.0,Liverpool Football Club,GB1,Centre-Back,right,195.0,,,https://www.transfermarkt.co.uk/virgil-van-dijk/profil/spieler/139208,https://img.a.transfermarkt.technology/portrait/header/139208-1702049837.jpg?lm=1,real_wc2026_squads_transfermarkt_openfootball,2026-06-02
Nathan Aké,Netherlands,Manchester City Football Club,premier-league,31,Centre-back,5,DF,"February 18, 1995",58,5,True,177476.0,Manchester City Football Club,GB1,Centre-Back,left,180.0,,,https://www.transfermarkt.co.uk/nathan-ake/profil/spieler/177476,https://img.a.transfermarkt.technology/portrait/header/177476-1666733797.jpg?lm=1,real_wc2026_squads_transfermarkt_openfootball,2026-06-02
Jan Paul van Hecke,Netherlands,Brighton and Hove Albion Football Club,premier-league,26,Centre-back,6,DF,"June 8, 2000",10,0,True,576314.0,Brighton and Hove Albion Football Club,GB1,Centre-Back,right,189.0,,,https://www.transfermarkt.co.uk/jan-paul-van-hecke/profil/spieler/576314,https://img.a.transfermarkt.technology/portrait/header/576314-1742501220.jpg?lm=1,real_wc2026_squads_transfermarkt_openfootball,2026-06-02
Justin Kluivert,Netherlands,Association Football Club Bournemouth,premier-league,27,Attacking midfielder,7,MF,"May 5, 1999",11,0,True,330659.0,Association Football Club Bournemouth,GB1,Attacking Midfield,both,172.0,,,https://www.transfermarkt.co.uk/justin-kluivert/profil/spieler/330659,https://img.a.transfermarkt.technology/portrait/header/330659-1779893085.jpg?lm=1,real_wc2026_squads_transfermarkt_openfootball,2026-06-02
Ryan Gravenberch,Netherlands,Liverpool Football Club,premier-league,24,Defensive midfielder,8,MF,"May 16, 2002",25,1,True,478573.0,Liverpool Football Club,GB1,Defensive Midfield,right,190.0,,,https://www.transfermarkt.co.uk/ryan-gravenberch/profil/spieler/478573,https://img.a.transfermarkt.technology/portrait/header/478573-1718097194.jpg?lm=1,real_wc2026_squads_transfermarkt_openfootball,2026-06-02
Wout Weghorst,Netherlands,AFC Ajax Amsterdam,eredivisie,33,Forward,9,FW,"August 7, 1992",51,14,True,228645.0,AFC Ajax Amsterdam,NL1,Centre-Forward,right,197.0,,,https://www.transfermarkt.co.uk/wout-weghorst/profil/spieler/228645,https://img.a.transfermarkt.technology/portrait/header/228645-1727259675.jpg?lm=1,real_wc2026_squads_transfermarkt_openfootball,2026-06-02
Memphis Depay,Netherlands,Sport Club Corinthians Paulista,campeonato-brasileiro-serie-a,32,Forward,10,FW,"February 13, 1994",108,55,True,167850.0,Sport Club Corinthians Paulista,BRA1,Second Striker,right,178.0,,,https://www.transfermarkt.co.uk/memphis-depay/profil/spieler/167850,https://img.a.transfermarkt.technology/portrait/header/167850-1779892903.jpg?lm=1,real_wc2026_squads_transfermarkt_openfootball,2026-06-02
Cody Gakpo,Netherlands,Liverpool Football Club,premier-league,27,Winger,11,FW,"May 7, 1999",48,19,True,434675.0,Liverpool Football Club,GB1,Left Winger,right,193.0,,,https://www.transfermarkt.co.uk/cody-gakpo/profil/spieler/434675,https://img.a.transfermarkt.technology/portrait/header/434675-1682690965.jpg?lm=1,real_wc2026_squads_transfermarkt_openfootball,2026-06-02
Mats Wieffer,Netherlands,Brighton and Hove Albion Football Club,premier-league,26,Full-back,12,DF,"November 16, 1999",14,1,True,415381.0,Brighton and Hove Albion Football Club,GB1,Right-Back,right,188.0,,,https://www.transfermarkt.co.uk/mats-wieffer/profil/spieler/415381,https://img.a.transfermarkt.technology/portrait/header/415381-1779892289.jpg?lm=1,real_wc2026_squads_transfermarkt_openfootball,2026-06-02
Robin Roefs,Netherlands,Sunderland Association Football Club,premier-league,23,Goalkeeper,13,GK,"January 17, 2003",0,0,True,646991.0,Sunderland Association Football Club,GB1,Goalkeeper,left,193.0,,,https://www.transfermarkt.co.uk/robin-roefs/profil/spieler/646991,https://img.a.transfermarkt.technology/portrait/header/646991-1723035894.jpg?lm=1,real_wc2026_squads_transfermarkt_openfootball,2026-06-02
Tijjani Reijnders,Netherlands,Manchester City Football Club,premier-league,27,Central midfielder,14,MF,"July 29, 1998",30,7,True,460939.0,Manchester City Football Club,GB1,Central Midfield,right,185.0,,,https://www.transfermarkt.co.uk/tijjani-reijnders/profil/spieler/460939,https://img.a.transfermarkt.technology/portrait/header/460939-1773302677.jpg?lm=1,real_wc2026_squads_transfermarkt_openfootball,2026-06-02
Micky van de Ven,Netherlands,Tottenham Hotspur Football Club,premier-league,25,Centre-back,15,DF,"April 19, 2001",19,1,True,557459.0,Tottenham Hotspur Football Club,GB1,Centre-Back,left,193.0,,,https://www.transfermarkt.co.uk/micky-van-de-ven/profil/spieler/557459,https://img.a.transfermarkt.technology/portrait/header/557459-1744313600.jpg?lm=1,real_wc2026_squads_transfermarkt_openfootball,2026-06-02
Guus Til,Netherlands,Eindhovense Voetbalvereniging Philips Sport Vereniging,eredivisie,28,Attacking midfielder,16,MF,"December 22, 1997",6,1,True,372267.0,Eindhovense Voetbalvereniging Philips Sport Vereniging,NL1,Attacking Midfield,right,187.0,,,https://www.transfermarkt.co.uk/guus-til/profil/spieler/372267,https://img.a.transfermarkt.technology/portrait/header/372267-1765213922.jpg?lm=1,real_wc2026_squads_transfermarkt_openfootball,2026-06-02
Noa Lang,Netherlands,Galatasaray Spor Kulübü,super-lig,26,Winger,17,FW,"June 17, 1999",15,3,True,339332.0,Galatasaray Spor Kulübü,TR1,Left Winger,right,173.0,,,https://www.transfermarkt.co.uk/noa-lang/profil/spieler/339332,https://img.a.transfermarkt.technology/portrait/header/339332-1742501723.jpg?lm=1,real_wc2026_squads_transfermarkt_openfootball,2026-06-02
Donyell Malen,Netherlands,Associazione Sportiva Roma,serie-a,27,Forward,18,FW,"January 19, 1999",51,13,True,326029.0,Associazione Sportiva Roma,IT1,Centre-Forward,right,176.0,,,https://www.transfermarkt.co.uk/donyell-malen/profil/spieler/326029,https://img.a.transfermarkt.technology/portrait/header/326029-1711746104.jpg?lm=1,real_wc2026_squads_transfermarkt_openfootball,2026-06-02
Brian Brobbey,Netherlands,Sunderland Association Football Club,premier-league,24,Forward,19,FW,"February 1, 2002",10,1,True,473169.0,Sunderland Association Football Club,GB1,Centre-Forward,right,180.0,,,https://www.transfermarkt.co.uk/brian-brobbey/profil/spieler/473169,https://img.a.transfermarkt.technology/portrait/header/473169-1718013901.jpg?lm=1,real_wc2026_squads_transfermarkt_openfootball,2026-06-02
Teun Koopmeiners,Netherlands,Juventus Football Club,serie-a,28,Defensive midfielder,20,MF,"February 28, 1998",27,3,True,360518.0,Juventus Football Club,IT1,Defensive Midfield,left,184.0,,,https://www.transfermarkt.co.uk/teun-koopmeiners/profil/spieler/360518,https://img.a.transfermarkt.technology/portrait/header/360518-1707302998.jpg?lm=1,real_wc2026_squads_transfermarkt_openfootball,2026-06-02
Frenkie de Jong,Netherlands,Futbol Club Barcelona,laliga,29,Central midfielder,21,MF,"May 12, 1997",64,2,True,326330.0,Futbol Club Barcelona,ES1,Central Midfield,right,181.0,,,https://www.transfermarkt.co.uk/frenkie-de-jong/profil/spieler/326330,https://img.a.transfermarkt.technology/portrait/header/326330-1746041680.jpg?lm=1,real_wc2026_squads_transfermarkt_openfootball,2026-06-02
Denzel Dumfries,Netherlands,Football Club Internazionale Milano S.p.A.,serie-a,30,Full-back,22,DF,"April 18, 1996",71,11,True,321528.0,Football Club Internazionale Milano S.p.A.,IT1,Right-Back,right,188.0,,,https://www.transfermarkt.co.uk/denzel-dumfries/profil/spieler/321528,https://img.a.transfermarkt.technology/portrait/header/321528-1746042223.jpg?lm=1,real_wc2026_squads_transfermarkt_openfootball,2026-06-02
Mark Flekken,Netherlands,Bayer 04 Leverkusen Fußball,bundesliga,32,Goalkeeper,23,GK,"June 13, 1993",11,0,True,125714.0,Bayer 04 Leverkusen Fußball,L1,Goalkeeper,both,195.0,,,https://www.transfermarkt.co.uk/mark-flekken/profil/spieler/125714,https://img.a.transfermarkt.technology/portrait/header/125714-1758704276.jpg?lm=1,real_wc2026_squads_transfermarkt_openfootball,2026-06-02
Crysencio Summerville,Netherlands,West Ham United Football Club,premier-league,24,Winger,24,FW,"October 30, 2001",0,0,True,474701.0,West Ham United Football Club,GB1,Left Winger,right,174.0,,,https://www.transfermarkt.co.uk/crysencio-summerville/profil/spieler/474701,https://img.a.transfermarkt.technology/portrait/header/474701-1701683744.jpg?lm=1,real_wc2026_squads_transfermarkt_openfootball,2026-06-02
Jorrel Hato,Netherlands,Chelsea Football Club,premier-league,20,Full-back,25,DF,"March 7, 2006",7,0,True,904802.0,Chelsea Football Club,GB1,Left-Back,left,182.0,,,https://www.transfermarkt.co.uk/jorrel-hato/profil/spieler/904802,https://img.a.transfermarkt.technology/portrait/header/904802-1701361717.jpg?lm=1,real_wc2026_squads_transfermarkt_openfootball,2026-06-02
Quinten Timber,Netherlands,Olympique de Marseille,ligue-1,24,Central midfielder,26,MF,"June 17, 2001",10,1,True,420213.0,Olympique de Marseille,FR1,Central Midfield,right,179.0,,,https://www.transfermarkt.co.uk/quinten-timber/profil/spieler/420213,https://img.a.transfermarkt.technology/portrait/header/420213-1765214219.jpg?lm=1,real_wc2026_squads_transfermarkt_openfootball,2026-06-02
Jacob Widell Zetterström,Sweden,Derby County,Unknown,27,Goalkeeper,1,GK,"July 11, 1998",3,0,True,549440.0,,,Goalkeeper,right,197.0,Sweden,UEFA,https://www.transfermarkt.co.uk/jacob-widell-zetterstrom/profil/spieler/549440,https://img.a.transfermarkt.technology/portrait/header/549440-1741273419.jpg?lm=1,real_wc2026_squads_transfermarkt_openfootball,2026-06-02
Gustaf Lagerbielke,Sweden,Sporting Clube de Braga,liga-portugal,26,Centre-back,2,DF,"April 10, 2000",10,2,True,485395.0,Sporting Clube de Braga,PO1,Centre-Back,right,193.0,,,https://www.transfermarkt.co.uk/gustaf-lagerbielke/profil/spieler/485395,https://img.a.transfermarkt.technology/portrait/header/485395-1692356028.jpg?lm=1,real_wc2026_squads_transfermarkt_openfootball,2026-06-02
Victor Lindelöf,Sweden,Aston Villa Football Club,premier-league,31,Centre-back,3,DF,"July 17, 1994",76,3,True,184573.0,Aston Villa Football Club,GB1,Centre-Back,right,187.0,,,https://www.transfermarkt.co.uk/victor-lindelof/profil/spieler/184573,https://img.a.transfermarkt.technology/portrait/header/184573-1695244778.jpg?lm=1,real_wc2026_squads_transfermarkt_openfootball,2026-06-02
Isak Hien,Sweden,Atalanta Bergamasca Calcio S.p.a.,serie-a,27,Centre-back,4,DF,"January 13, 1999",28,0,True,503075.0,Atalanta Bergamasca Calcio S.p.a.,IT1,Centre-Back,right,191.0,,,https://www.transfermarkt.co.uk/isak-hien/profil/spieler/503075,https://img.a.transfermarkt.technology/portrait/header/503075-1725531359.jpg?lm=1,real_wc2026_squads_transfermarkt_openfootball,2026-06-02
Gabriel Gudmundsson,Sweden,Leeds United Association Football Club,premier-league,27,Full-back,5,DF,"April 29, 1999",23,0,True,362108.0,Leeds United Association Football Club,GB1,Left-Back,left,180.0,,,https://www.transfermarkt.co.uk/gabriel-gudmundsson/profil/spieler/362108,https://img.a.transfermarkt.technology/portrait/header/362108-1666691160.jpg?lm=1,real_wc2026_squads_transfermarkt_openfootball,2026-06-02
Herman Johansson,Sweden,FC Dallas,major-league-soccer,28,Winger,6,DF,"October 16, 1997",3,0,True,744853.0,FC Dallas,MLS1,Right Midfield,right,190.0,,,https://www.transfermarkt.co.uk/herman-johansson/profil/spieler/744853,https://img.a.transfermarkt.technology/portrait/header/744853-1771675287.jpg?lm=1,real_wc2026_squads_transfermarkt_openfootball,2026-06-02
Lucas Bergvall,Sweden,Tottenham Hotspur Football Club,premier-league,20,Central midfielder,7,MF,"February 2, 2006",9,0,True,866246.0,Tottenham Hotspur Football Club,GB1,Central Midfield,right,187.0,,,https://www.transfermarkt.co.uk/lucas-bergvall/profil/spieler/866246,https://img.a.transfermarkt.technology/portrait/header/866246-1701861399.jpg?lm=1,real_wc2026_squads_transfermarkt_openfootball,2026-06-02
Daniel Svensson,Sweden,Borussia Dortmund,bundesliga,24,Full-back,8,DF,"February 12, 2002",12,0,True,579287.0,Borussia Dortmund,L1,Left-Back,left,183.0,,,https://www.transfermarkt.co.uk/daniel-svensson/profil/spieler/579287,https://img.a.transfermarkt.technology/portrait/header/579287-1739179044.jpg?lm=1,real_wc2026_squads_transfermarkt_openfootball,2026-06-02
Alexander Isak,Sweden,Liverpool Football Club,premier-league,26,Forward,9,FW,"September 21, 1999",57,17,True,349066.0,Liverpool Football Club,GB1,Centre-Forward,right,192.0,,,https://www.transfermarkt.co.uk/alexander-isak/profil/spieler/349066,https://img.a.transfermarkt.technology/portrait/header/349066-1680791339.jpg?lm=1,real_wc2026_squads_transfermarkt_openfootball,2026-06-02
Benjamin Nygren,Sweden,The Celtic Football Club,scottish-premiership,24,Attacking midfielder,10,MF,"July 8, 2001",10,3,True,475949.0,The Celtic Football Club,SC1,Attacking Midfield,left,188.0,,,https://www.transfermarkt.co.uk/benjamin-nygren/profil/spieler/475949,https://img.a.transfermarkt.technology/portrait/header/475949-1758813565.jpg?lm=1,real_wc2026_squads_transfermarkt_openfootball,2026-06-02
Anthony Elanga,Sweden,Newcastle United Football Club,premier-league,24,Winger,11,FW,"April 27, 2002",29,6,True,583189.0,Newcastle United Football Club,GB1,Right Winger,right,178.0,,,https://www.transfermarkt.co.uk/anthony-elanga/profil/spieler/583189,https://img.a.transfermarkt.technology/portrait/header/583189-1700739021.jpg?lm=1,real_wc2026_squads_transfermarkt_openfootball,2026-06-02
Viktor Johansson,Sweden,Stoke City,premier-league,27,Goalkeeper,12,GK,"September 14, 1998",12,0,True,273742.0,Stoke City,GB1,Goalkeeper,right,187.0,Sweden,UEFA,https://www.transfermarkt.co.uk/viktor-johansson/profil/spieler/273742,https://img.a.transfermarkt.technology/portrait/header/273742-1649405701.jpg?lm=1,real_wc2026_squads_transfermarkt_openfootball,2026-06-02
Ken Sema,Sweden,Pafos,Unknown,32,Full-back,13,MF,"September 30, 1993",33,5,True,252345.0,,,Left-Back,left,180.0,Sweden,UEFA,https://www.transfermarkt.co.uk/ken-sema/profil/spieler/252345,https://img.a.transfermarkt.technology/portrait/header/252345-1758221507.jpg?lm=1,real_wc2026_squads_transfermarkt_openfootball,2026-06-02
Hjalmar Ekdal,Sweden,Burnley Football Club,premier-league,27,Centre-back,14,DF,"October 21, 1998",12,0,True,392179.0,Burnley Football Club,GB1,Centre-Back,right,187.0,,,https://www.transfermarkt.co.uk/hjalmar-ekdal/profil/spieler/392179,https://img.a.transfermarkt.technology/portrait/header/392179-1685717602.jpg?lm=1,real_wc2026_squads_transfermarkt_openfootball,2026-06-02
Carl Starfelt,Sweden,Real Club Celta de Vigo S. A. D.,laliga,31,Centre-back,15,DF,"June 1, 1995",17,0,True,258987.0,Real Club Celta de Vigo S. A. D.,ES1,Centre-Back,right,187.0,,,https://www.transfermarkt.co.uk/carl-starfelt/profil/spieler/258987,https://img.a.transfermarkt.technology/portrait/header/258987-1758827268.jpg?lm=1,real_wc2026_squads_transfermarkt_openfootball,2026-06-02
Jesper Karlström,Sweden,Udinese Calcio,serie-a,30,Defensive midfielder,16,MF,"June 21, 1995",24,0,True,222855.0,Udinese Calcio,IT1,Defensive Midfield,right,185.0,,,https://www.transfermarkt.co.uk/jesper-karlstrom/profil/spieler/222855,https://img.a.transfermarkt.technology/portrait/header/222855-1730184243.jpg?lm=1,real_wc2026_squads_transfermarkt_openfootball,2026-06-02
Viktor Gyökeres,Sweden,Arsenal Football Club,premier-league,28,Forward,17,FW,"June 4, 1998",32,19,True,325443.0,Arsenal Football Club,GB1,Centre-Forward,right,189.0,,,https://www.transfermarkt.co.uk/viktor-gyokeres/profil/spieler/325443,https://img.a.transfermarkt.technology/portrait/header/325443-1737581896.jpg?lm=1,real_wc2026_squads_transfermarkt_openfootball,2026-06-02
Yasin Ayari,Sweden,Brighton and Hove Albion Football Club,premier-league,22,Central midfielder,18,MF,"October 6, 2003",20,3,True,667287.0,Brighton and Hove Albion Football Club,GB1,Central Midfield,right,172.0,,,https://www.transfermarkt.co.uk/yasin-ayari/profil/spieler/667287,https://img.a.transfermarkt.technology/portrait/header/667287-1746438362.jpg?lm=1,real_wc2026_squads_transfermarkt_openfootball,2026-06-02
Mattias Svanberg,Sweden,Verein für Leibesübungen Wolfsburg,bundesliga,27,Central midfielder,19,MF,"January 5, 1999",40,2,True,342405.0,Verein für Leibesübungen Wolfsburg,L1,Central Midfield,right,185.0,,,https://www.transfermarkt.co.uk/mattias-svanberg/profil/spieler/342405,https://img.a.transfermarkt.technology/portrait/header/342405-1752736577.jpg?lm=1,real_wc2026_squads_transfermarkt_openfootball,2026-06-02
Eric Smith,Sweden,Fußball-Club St. Pauli von 1910,bundesliga,29,Centre-back,20,DF,"January 8, 1997",1,0,True,292534.0,Fußball-Club St. Pauli von 1910,L1,Centre-Back,right,192.0,,,https://www.transfermarkt.co.uk/eric-smith/profil/spieler/292534,https://img.a.transfermarkt.technology/portrait/header/292534-1755032356.jpg?lm=1,real_wc2026_squads_transfermarkt_openfootball,2026-06-02
Alexander Bernhardsson,Sweden,Holstein Kiel,bundesliga,27,Winger,21,DF,"September 8, 1998",10,0,True,633454.0,Holstein Kiel,L1,Right Winger,left,185.0,Sweden,UEFA,https://www.transfermarkt.co.uk/alexander-bernhardsson/profil/spieler/633454,https://img.a.transfermarkt.technology/portrait/header/633454-1756808339.jpg?lm=1,real_wc2026_squads_transfermarkt_openfootball,2026-06-02
Besfort Zeneli,Sweden,Royale Union Saint-Gilloise,jupiler-pro-league,23,Central midfielder,22,MF,"November 21, 2002",7,0,True,715653.0,Royale Union Saint-Gilloise,BE1,Central Midfield,right,187.0,,,https://www.transfermarkt.co.uk/besfort-zeneli/profil/spieler/715653,https://img.a.transfermarkt.technology/portrait/header/715653-1772107822.jpg?lm=1,real_wc2026_squads_transfermarkt_openfootball,2026-06-02
Kristoffer Nordfeldt,Sweden,Allmänna Idrottsklubben,allsvenskan,36,Goalkeeper,23,GK,"June 23, 1989",20,0,True,75890.0,Allmänna Idrottsklubben,SE1,Goalkeeper,right,190.0,,,https://www.transfermarkt.co.uk/kristoffer-nordfeldt/profil/spieler/75890,https://img.a.transfermarkt.technology/portrait/header/75890-1718957612.jpg?lm=1,real_wc2026_squads_transfermarkt_openfootball,2026-06-02
Elliot Stroud,Sweden,Mjällby Almänna Idrottsförening,allsvenskan,23,Winger,24,DF,"June 22, 2002",0,0,True,687622.0,Mjällby Almänna Idrottsförening,SE1,Left Midfield,left,185.0,,,https://www.transfermarkt.co.uk/elliot-stroud/profil/spieler/687622,https://img.a.transfermarkt.technology/portrait/header/687622-1724893794.jpg?lm=1,real_wc2026_squads_transfermarkt_openfootball,2026-06-02
Gustaf Nilsson,Sweden,Club Brugge Koninklijke Voetbalvereniging,jupiler-pro-league,29,Forward,25,FW,"May 23, 1997",9,3,True,320440.0,Club Brugge Koninklijke Voetbalvereniging,BE1,Centre-Forward,right,196.0,,,https://www.transfermarkt.co.uk/gustaf-nilsson/profil/spieler/320440,https://img.a.transfermarkt.technology/portrait/header/320440-1754511265.jpg?lm=1,real_wc2026_squads_transfermarkt_openfootball,2026-06-02
Taha Ali,Sweden,Malmö Fotbollförening,allsvenskan,27,Winger,26,FW,"July 1, 1998",1,0,True,731771.0,Malmö Fotbollförening,SE1,Left Winger,right,174.0,,,https://www.transfermarkt.co.uk/taha-ali/profil/spieler/731771,https://img.a.transfermarkt.technology/portrait/header/731771-1673336117.jpg?lm=1,real_wc2026_squads_transfermarkt_openfootball,2026-06-02
Mouhib Chamakh,Tunisia,Club Africain,Unknown,24,Goalkeeper,1,GK,"August 25, 2001",1,0,True,,,,,,,,,,,real_wc2026_squads_transfermarkt_openfootball,2026-06-02
Ali Abdi,Tunisia,Olympique Gymnaste Club Nice Côte d'Azur,ligue-1,32,Full-back,2,DF,"December 20, 1993",45,7,True,211474.0,Olympique Gymnaste Club Nice Côte d'Azur,FR1,Left-Back,left,183.0,,,https://www.transfermarkt.co.uk/ali-abdi/profil/spieler/211474,https://img.a.transfermarkt.technology/portrait/header/211474-1756827001.jpg?lm=1,real_wc2026_squads_transfermarkt_openfootball,2026-06-02
Montassar Talbi,Tunisia,Football Club Lorient-Bretagne Sud,ligue-1,28,Centre-back,3,DF,"May 26, 1998",62,4,True,496706.0,Football Club Lorient-Bretagne Sud,FR1,Centre-Back,right,190.0,,,https://www.transfermarkt.co.uk/montassar-talbi/profil/spieler/496706,https://img.a.transfermarkt.technology/portrait/header/496706-1628493934.png?lm=1,real_wc2026_squads_transfermarkt_openfootball,2026-06-02
Omar Rekik,Tunisia,Sparta Rotterdam,eredivisie,24,Centre-back,4,DF,"December 20, 2001",4,0,True,578292.0,Sparta Rotterdam,NL1,Centre-Back,right,186.0,,,https://www.transfermarkt.co.uk/omar-rekik/profil/spieler/578292,https://img.a.transfermarkt.technology/portrait/header/578292-1658862423.jpg?lm=1,real_wc2026_squads_transfermarkt_openfootball,2026-06-02
Adem Arous,Tunisia,Kasımpaşa A.Ş.,super-lig,21,Centre-back,5,DF,"July 17, 2004",1,0,True,1071742.0,Kasımpaşa A.Ş.,TR1,Centre-Back,right,188.0,,,https://www.transfermarkt.co.uk/adem-arous/profil/spieler/1071742,https://img.a.transfermarkt.technology/portrait/header/1071742-1759930106.jpg?lm=1,real_wc2026_squads_transfermarkt_openfootball,2026-06-02
Dylan Bronn,Tunisia,Servette Football Club 1890 SA,super-league,30,Centre-back,6,DF,"June 19, 1995",52,2,True,450417.0,Servette Football Club 1890 SA,C1,Centre-Back,right,185.0,,,https://www.transfermarkt.co.uk/dylan-bronn/profil/spieler/450417,https://img.a.transfermarkt.technology/portrait/header/450417-1663667831.jpg?lm=1,real_wc2026_squads_transfermarkt_openfootball,2026-06-02
Elias Achouri,Tunisia,Football Club København,superliga,27,Winger,7,FW,"February 10, 1999",29,4,True,645589.0,Football Club København,DK1,Left Winger,right,177.0,,,https://www.transfermarkt.co.uk/elias-achouri/profil/spieler/645589,https://img.a.transfermarkt.technology/portrait/header/645589-1695238048.jpg?lm=1,real_wc2026_squads_transfermarkt_openfootball,2026-06-02
Elias Saad,Tunisia,Fußball-Club St. Pauli von 1910,bundesliga,26,Winger,8,FW,"December 27, 1999",14,4,True,526466.0,Fußball-Club St. Pauli von 1910,L1,Left Winger,right,185.0,,,https://www.transfermarkt.co.uk/elias-saad/profil/spieler/526466,https://img.a.transfermarkt.technology/portrait/header/526466-1755201952.jpg?lm=1,real_wc2026_squads_transfermarkt_openfootball,2026-06-02
Hazem Mastouri,Tunisia,Dinamo Makhachkala,premier-liga,28,Forward,9,FW,"June 18, 1997",18,4,True,953150.0,Dinamo Makhachkala,RU1,Centre-Forward,right,191.0,,,https://www.transfermarkt.co.uk/hazem-mastouri/profil/spieler/953150,https://img.a.transfermarkt.technology/portrait/header/953150-1757589089.png?lm=1,real_wc2026_squads_transfermarkt_openfootball,2026-06-02
Hannibal Mejbri,Tunisia,Burnley,Unknown,23,Central midfielder,10,MF,"January 21, 2003",44,1,True,,,,,,,,,,,real_wc2026_squads_transfermarkt_openfootball,2026-06-02
Ismaël Gharbi,Tunisia,Fußball-Club Augsburg 1907,bundesliga,22,Winger,11,MF,"April 10, 2004",15,2,True,810096.0,Fußball-Club Augsburg 1907,L1,Left Winger,right,173.0,,,https://www.transfermarkt.co.uk/ismael-gharbi/profil/spieler/810096,https://img.a.transfermarkt.technology/portrait/header/810096-1773671302.jpg?lm=1,real_wc2026_squads_transfermarkt_openfootball,2026-06-02
Mortadha Ben Ouanes,Tunisia,Kasımpaşa A.Ş.,super-lig,31,Winger,12,DF,"July 2, 1994",17,0,True,230921.0,Kasımpaşa A.Ş.,TR1,Left Winger,left,182.0,,,https://www.transfermarkt.co.uk/mortadha-ben-ouanes/profil/spieler/230921,https://img.a.transfermarkt.technology/portrait/header/230921-1759931275.jpg?lm=1,real_wc2026_squads_transfermarkt_openfootball,2026-06-02
Rani Khedira,Tunisia,1. Fußballclub Union Berlin,bundesliga,32,Defensive midfielder,13,MF,"January 27, 1994",2,0,True,124410.0,1. Fußballclub Union Berlin,L1,Defensive Midfield,right,189.0,,,https://www.transfermarkt.co.uk/rani-khedira/profil/spieler/124410,https://img.a.transfermarkt.technology/portrait/header/124410-1692707430.jpg?lm=1,real_wc2026_squads_transfermarkt_openfootball,2026-06-02
Khalil Ayari,Tunisia,Paris Saint-Germain,Unknown,21,Central midfielder,14,MF,"February 2, 2005",2,0,True,,,,,,,,,,,real_wc2026_squads_transfermarkt_openfootball,2026-06-02
Hadj Mahmoud,Tunisia,Lugano,Unknown,26,Central midfielder,15,MF,"April 24, 2000",7,0,True,,,,,,,,,,,real_wc2026_squads_transfermarkt_openfootball,2026-06-02
Aymen Dahmen,Tunisia,CS Sfaxien,Unknown,29,Goalkeeper,16,GK,"January 28, 1997",37,0,True,569433.0,,,Goalkeeper,right,188.0,Tunisia,CAF,https://www.transfermarkt.co.uk/aymen-dahmen/profil/spieler/569433,https://img.a.transfermarkt.technology/portrait/header/569433-1767008501.jpg?lm=1,real_wc2026_squads_transfermarkt_openfootball,2026-06-02
Ellyes Skhiri,Tunisia,Eintracht Frankfurt Fußball AG,bundesliga,31,Defensive midfielder,17,MF,"May 10, 1995",81,4,True,290587.0,Eintracht Frankfurt Fußball AG,L1,Defensive Midfield,right,185.0,,,https://www.transfermarkt.co.uk/ellyes-skhiri/profil/spieler/290587,https://img.a.transfermarkt.technology/portrait/header/290587-1696509403.jpg?lm=1,real_wc2026_squads_transfermarkt_openfootball,2026-06-02
Rayan Elloumi,Tunisia,Vancouver Whitecaps FC,major-league-soccer,18,Forward,18,FW,"September 17, 2007",2,0,True,1273985.0,Vancouver Whitecaps FC,MLS1,Centre-Forward,,180.0,,,https://www.transfermarkt.co.uk/rayan-elloumi/profil/spieler/1273985,https://img.a.transfermarkt.technology/portrait/header/1273985-1771861480.jpg?lm=1,real_wc2026_squads_transfermarkt_openfootball,2026-06-02
Firas Chaouat,Tunisia,Club Africain,Unknown,30,Forward,19,FW,"May 8, 1996",28,6,True,,,,,,,,,,,real_wc2026_squads_transfermarkt_openfootball,2026-06-02
Yan Valery,Tunisia,Berner Sport Club Young Boys,super-league,27,Full-back,20,DF,"February 22, 1999",21,0,True,406008.0,Berner Sport Club Young Boys,C1,Right-Back,right,185.0,,,https://www.transfermarkt.co.uk/yan-valery/profil/spieler/406008,https://img.a.transfermarkt.technology/portrait/header/406008-1672669807.jpg?lm=1,real_wc2026_squads_transfermarkt_openfootball,2026-06-02
Mohamed Amine Ben Hamida,Tunisia,Denizlispor,super-lig,30,Full-back,21,DF,"December 15, 1995",12,0,True,249446.0,Denizlispor,TR1,Left-Back,left,175.0,,,https://www.transfermarkt.co.uk/ayman-ben-mohamed/profil/spieler/249446,https://img.a.transfermarkt.technology/portrait/header/249446-1615163202.jpeg?lm=1,real_wc2026_squads_transfermarkt_openfootball,2026-06-02
Sabri Ben Hessen,Tunisia,Étoile du Sahel,Unknown,29,Goalkeeper,22,GK,"June 13, 1996",2,0,True,295381.0,,,Goalkeeper,right,189.0,Tunisia,CAF,https://www.transfermarkt.co.uk/sabri-ben-hessen/profil/spieler/295381,https://img.a.transfermarkt.technology/portrait/header/default.jpg?lm=1,real_wc2026_squads_transfermarkt_openfootball,2026-06-02
Moutaz Neffati,Tunisia,IFK Norrköping,allsvenskan,21,Full-back,23,DF,"September 4, 2004",5,0,True,1034598.0,IFK Norrköping,SE1,Right-Back,,182.0,,,https://www.transfermarkt.co.uk/moutaz-neffati/profil/spieler/1034598,https://img.a.transfermarkt.technology/portrait/header/1034598-1737584440.jpg?lm=1,real_wc2026_squads_transfermarkt_openfootball,2026-06-02
Raed Chikhaoui,Tunisia,FC Sochaux-Montbéliard,ligue-1,22,Attacking midfielder,24,DF,"June 9, 2004",0,0,True,290603.0,FC Sochaux-Montbéliard,FR1,Attacking Midfield,left,175.0,,,https://www.transfermarkt.co.uk/haykeul-chikhaoui/profil/spieler/290603,https://img.a.transfermarkt.technology/portrait/header/290603-1683049293.jpg?lm=1,real_wc2026_squads_transfermarkt_openfootball,2026-06-02
Anis Ben Slimane,Tunisia,Sheffield United,premier-league,25,Central midfielder,25,MF,"March 16, 2001",39,4,True,546712.0,Sheffield United,GB1,Central Midfield,both,188.0,,,https://www.transfermarkt.co.uk/anis-slimane/profil/spieler/546712,https://img.a.transfermarkt.technology/portrait/header/546712-1668422834.jpg?lm=1,real_wc2026_squads_transfermarkt_openfootball,2026-06-02
Sebastian Tounekti,Tunisia,The Celtic Football Club,scottish-premiership,23,Winger,26,MF,"July 13, 2002",10,1,True,539677.0,The Celtic Football Club,SC1,Left Winger,right,170.0,,,https://www.transfermarkt.co.uk/sebastian-tounekti/profil/spieler/539677,https://img.a.transfermarkt.technology/portrait/header/539677-1771532390.jpg?lm=1,real_wc2026_squads_transfermarkt_openfootball,2026-06-02
Thibaut Courtois,Belgium,Real Madrid Club de Fútbol,laliga,34,Goalkeeper,1,GK,"May 11, 1992",107,0,True,108390.0,Real Madrid Club de Fútbol,ES1,Goalkeeper,left,200.0,,,https://www.transfermarkt.co.uk/thibaut-courtois/profil/spieler/108390,https://img.a.transfermarkt.technology/portrait/header/108390-1717280733.jpg?lm=1,real_wc2026_squads_transfermarkt_openfootball,2026-06-02
Zeno Debast,Belgium,Sporting Clube de Portugal,liga-portugal,22,Centre-back,2,DF,"October 24, 2003",26,1,True,548193.0,Sporting Clube de Portugal,PO1,Centre-Back,right,191.0,,,https://www.transfermarkt.co.uk/zeno-debast/profil/spieler/548193,https://img.a.transfermarkt.technology/portrait/header/548193-1759779104.jpg?lm=1,real_wc2026_squads_transfermarkt_openfootball,2026-06-02
Arthur Theate,Belgium,Eintracht Frankfurt Fußball AG,bundesliga,26,Centre-back,3,DF,"May 25, 2000",32,1,True,368891.0,Eintracht Frankfurt Fußball AG,L1,Centre-Back,left,185.0,,,https://www.transfermarkt.co.uk/arthur-theate/profil/spieler/368891,https://img.a.transfermarkt.technology/portrait/header/368891-1757597860.jpg?lm=1,real_wc2026_squads_transfermarkt_openfootball,2026-06-02
Brandon Mechele,Belgium,Club Brugge Koninklijke Voetbalvereniging,jupiler-pro-league,33,Centre-back,4,DF,"January 28, 1993",7,1,True,236168.0,Club Brugge Koninklijke Voetbalvereniging,BE1,Centre-Back,right,190.0,,,https://www.transfermarkt.co.uk/brandon-mechele/profil/spieler/236168,https://img.a.transfermarkt.technology/portrait/header/236168-1704874625.jpg?lm=1,real_wc2026_squads_transfermarkt_openfootball,2026-06-02
Maxim De Cuyper,Belgium,Brighton and Hove Albion Football Club,premier-league,25,Full-back,5,DF,"December 22, 2000",17,4,True,429915.0,Brighton and Hove Albion Football Club,GB1,Left-Back,left,182.0,,,https://www.transfermarkt.co.uk/maxim-de-cuyper/profil/spieler/429915,https://img.a.transfermarkt.technology/portrait/header/429915-1733899691.jpg?lm=1,real_wc2026_squads_transfermarkt_openfootball,2026-06-02
Axel Witsel,Belgium,Girona Fútbol Club S. A. D.,laliga,37,Defensive midfielder,6,MF,"January 12, 1989",136,12,True,35047.0,Girona Fútbol Club S. A. D.,ES1,Defensive Midfield,right,186.0,,,https://www.transfermarkt.co.uk/axel-witsel/profil/spieler/35047,https://img.a.transfermarkt.technology/portrait/header/35047-1665067807.jpg?lm=1,real_wc2026_squads_transfermarkt_openfootball,2026-06-02
Kevin De Bruyne,Belgium,Società Sportiva Calcio Napoli,serie-a,34,Attacking midfielder,7,MF,"June 28, 1991",117,36,True,88755.0,Società Sportiva Calcio Napoli,IT1,Attacking Midfield,right,181.0,,,https://www.transfermarkt.co.uk/kevin-de-bruyne/profil/spieler/88755,https://img.a.transfermarkt.technology/portrait/header/88755-1713391485.jpg?lm=1,real_wc2026_squads_transfermarkt_openfootball,2026-06-02
Youri Tielemans,Belgium,Aston Villa Football Club,premier-league,29,Central midfielder,8,MF,"May 7, 1997",83,12,True,249565.0,Aston Villa Football Club,GB1,Central Midfield,right,177.0,,,https://www.transfermarkt.co.uk/youri-tielemans/profil/spieler/249565,https://img.a.transfermarkt.technology/portrait/header/249565-1716886438.jpg?lm=1,real_wc2026_squads_transfermarkt_openfootball,2026-06-02
Romelu Lukaku,Belgium,Società Sportiva Calcio Napoli,serie-a,33,Forward,9,FW,"May 13, 1993",124,89,True,96341.0,Società Sportiva Calcio Napoli,IT1,Centre-Forward,left,191.0,,,https://www.transfermarkt.co.uk/romelu-lukaku/profil/spieler/96341,https://img.a.transfermarkt.technology/portrait/header/96341-1661780981.jpg?lm=1,real_wc2026_squads_transfermarkt_openfootball,2026-06-02
Leandro Trossard,Belgium,Arsenal Football Club,premier-league,31,Winger,10,FW,"December 4, 1994",50,11,True,144028.0,Arsenal Football Club,GB1,Left Winger,right,172.0,,,https://www.transfermarkt.co.uk/leandro-trossard/profil/spieler/144028,https://img.a.transfermarkt.technology/portrait/header/144028-1702412939.jpg?lm=1,real_wc2026_squads_transfermarkt_openfootball,2026-06-02
Jérémy Doku,Belgium,Manchester City Football Club,premier-league,24,Winger,11,FW,"May 27, 2002",41,7,True,486049.0,Manchester City Football Club,GB1,Left Winger,right,173.0,,,https://www.transfermarkt.co.uk/jeremy-doku/profil/spieler/486049,https://img.a.transfermarkt.technology/portrait/header/486049-1743670159.jpg?lm=1,real_wc2026_squads_transfermarkt_openfootball,2026-06-02
Senne Lammens,Belgium,Manchester United Football Club,premier-league,23,Goalkeeper,12,GK,"July 7, 2002",2,0,True,503883.0,Manchester United Football Club,GB1,Goalkeeper,right,193.0,,,https://www.transfermarkt.co.uk/senne-lammens/profil/spieler/503883,https://img.a.transfermarkt.technology/portrait/header/503883-1755675220.jpg?lm=1,real_wc2026_squads_transfermarkt_openfootball,2026-06-02
Mike Penders,Belgium,Racing Club de Strasbourg Alsace,ligue-1,20,Goalkeeper,13,GK,"July 31, 2005",0,0,True,834397.0,Racing Club de Strasbourg Alsace,FR1,Goalkeeper,left,200.0,,,https://www.transfermarkt.co.uk/mike-penders/profil/spieler/834397,https://img.a.transfermarkt.technology/portrait/header/834397-1714036498.png?lm=1,real_wc2026_squads_transfermarkt_openfootball,2026-06-02
Dodi Lukébakio,Belgium,Sport Lisboa e Benfica,liga-portugal,28,Winger,14,FW,"September 24, 1997",29,5,True,303259.0,Sport Lisboa e Benfica,PO1,Right Winger,left,187.0,,,https://www.transfermarkt.co.uk/dodi-lukebakio/profil/spieler/303259,https://img.a.transfermarkt.technology/portrait/header/303259-1657098989.jpg?lm=1,real_wc2026_squads_transfermarkt_openfootball,2026-06-02
Thomas Meunier,Belgium,Lille Olympique Sporting Club,ligue-1,34,Full-back,15,DF,"September 12, 1991",78,10,True,100986.0,Lille Olympique Sporting Club,FR1,Right-Back,right,191.0,,,https://www.transfermarkt.co.uk/thomas-meunier/profil/spieler/100986,https://img.a.transfermarkt.technology/portrait/header/100986-1741073106.jpg?lm=1,real_wc2026_squads_transfermarkt_openfootball,2026-06-02
Koni De Winter,Belgium,Associazione Calcio Milan,serie-a,23,Centre-back,16,DF,"June 12, 2002",7,0,True,490384.0,Associazione Calcio Milan,IT1,Centre-Back,right,191.0,,,https://www.transfermarkt.co.uk/koni-de-winter/profil/spieler/490384,https://img.a.transfermarkt.technology/portrait/header/490384-1730126791.jpg?lm=1,real_wc2026_squads_transfermarkt_openfootball,2026-06-02
Charles De Ketelaere,Belgium,Atalanta Bergamasca Calcio S.p.a.,serie-a,25,Attacking midfielder,17,FW,"March 10, 2001",28,5,True,435772.0,Atalanta Bergamasca Calcio S.p.a.,IT1,Attacking Midfield,left,192.0,,,https://www.transfermarkt.co.uk/charles-de-ketelaere/profil/spieler/435772,https://img.a.transfermarkt.technology/portrait/header/435772-1659601388.jpg?lm=1,real_wc2026_squads_transfermarkt_openfootball,2026-06-02
Joaquin Seys,Belgium,Club Brugge Koninklijke Voetbalvereniging,jupiler-pro-league,21,Full-back,18,DF,"March 28, 2005",4,0,True,981196.0,Club Brugge Koninklijke Voetbalvereniging,BE1,Left-Back,left,178.0,,,https://www.transfermarkt.co.uk/joaquin-seys/profil/spieler/981196,https://img.a.transfermarkt.technology/portrait/header/981196-1754511396.jpg?lm=1,real_wc2026_squads_transfermarkt_openfootball,2026-06-02
Diego Moreira,Belgium,Racing Club de Strasbourg Alsace,ligue-1,21,Winger,19,MF,"August 6, 2004",2,0,True,655006.0,Racing Club de Strasbourg Alsace,FR1,Left Midfield,left,179.0,,,https://www.transfermarkt.co.uk/diego-moreira/profil/spieler/655006,https://img.a.transfermarkt.technology/portrait/header/655006-1732575837.png?lm=1,real_wc2026_squads_transfermarkt_openfootball,2026-06-02
Hans Vanaken,Belgium,Club Brugge Koninklijke Voetbalvereniging,jupiler-pro-league,33,Attacking midfielder,20,MF,"August 24, 1992",32,7,True,137576.0,Club Brugge Koninklijke Voetbalvereniging,BE1,Attacking Midfield,right,195.0,,,https://www.transfermarkt.co.uk/hans-vanaken/profil/spieler/137576,https://img.a.transfermarkt.technology/portrait/header/137576-1705414489.jpg?lm=1,real_wc2026_squads_transfermarkt_openfootball,2026-06-02
Timothy Castagne,Belgium,Fulham Football Club,premier-league,30,Full-back,21,DF,"December 5, 1995",62,2,True,262226.0,Fulham Football Club,GB1,Right-Back,right,185.0,,,https://www.transfermarkt.co.uk/timothy-castagne/profil/spieler/262226,https://img.a.transfermarkt.technology/portrait/header/262226-1762354618.jpg?lm=1,real_wc2026_squads_transfermarkt_openfootball,2026-06-02
Alexis Saelemaekers,Belgium,Associazione Calcio Milan,serie-a,26,Winger,22,MF,"June 27, 1999",23,2,True,381950.0,Associazione Calcio Milan,IT1,Right Midfield,right,180.0,,,https://www.transfermarkt.co.uk/alexis-saelemaekers/profil/spieler/381950,https://img.a.transfermarkt.technology/portrait/header/381950-1757604189.jpg?lm=1,real_wc2026_squads_transfermarkt_openfootball,2026-06-02
Nicolas Raskin,Belgium,Rangers Football Club,scottish-premiership,25,Defensive midfielder,23,MF,"February 23, 2001",11,1,True,422763.0,Rangers Football Club,SC1,Defensive Midfield,right,178.0,,,https://www.transfermarkt.co.uk/nicolas-raskin/profil/spieler/422763,https://img.a.transfermarkt.technology/portrait/header/422763-1616873075.jpg?lm=1,real_wc2026_squads_transfermarkt_openfootball,2026-06-02
Amadou Onana,Belgium,Aston Villa Football Club,premier-league,24,Defensive midfielder,24,MF,"August 16, 2001",27,1,True,485706.0,Aston Villa Football Club,GB1,Defensive Midfield,right,195.0,,,https://www.transfermarkt.co.uk/amadou-onana/profil/spieler/485706,https://img.a.transfermarkt.technology/portrait/header/485706-1718697649.jpg?lm=1,real_wc2026_squads_transfermarkt_openfootball,2026-06-02
Nathan Ngoy,Belgium,Lille Olympique Sporting Club,ligue-1,23,Centre-back,25,DF,"June 10, 2003",2,0,True,548254.0,Lille Olympique Sporting Club,FR1,Centre-Back,right,183.0,,,https://www.transfermarkt.co.uk/nathan-ngoy/profil/spieler/548254,https://img.a.transfermarkt.technology/portrait/header/548254-1705573683.jpg?lm=1,real_wc2026_squads_transfermarkt_openfootball,2026-06-02
Matias Fernandez-Pardo,Belgium,Lille Olympique Sporting Club,ligue-1,21,Forward,26,FW,"February 3, 2005",0,0,True,724129.0,Lille Olympique Sporting Club,FR1,Centre-Forward,right,188.0,,,https://www.transfermarkt.co.uk/matias-fernandez-pardo/profil/spieler/724129,https://img.a.transfermarkt.technology/portrait/header/724129-1780057362.jpg?lm=1,real_wc2026_squads_transfermarkt_openfootball,2026-06-02
Mohamed El Shenawy,Egypt,Al Ahly,Unknown,37,Goalkeeper,1,GK,"December 18, 1988",76,0,True,134573.0,,,Goalkeeper,right,191.0,Egypt,CAF,https://www.transfermarkt.co.uk/mohamed-el-shenawy/profil/spieler/134573,https://img.a.transfermarkt.technology/portrait/header/134573-1561366941.jpg?lm=1,real_wc2026_squads_transfermarkt_openfootball,2026-06-02
Yasser Ibrahim,Egypt,Al Ahly,Unknown,33,Centre-back,2,DF,"February 10, 1993",16,1,True,237425.0,,,Centre-Back,right,185.0,Egypt,CAF,https://www.transfermarkt.co.uk/yasser-ibrahim/profil/spieler/237425,https://img.a.transfermarkt.technology/portrait/header/237425-1736170099.jpg?lm=1,real_wc2026_squads_transfermarkt_openfootball,2026-06-02
Mohamed Hany,Egypt,Al Ahly,Unknown,30,Full-back,3,DF,"February 2, 1996",41,0,True,343974.0,,,Right-Back,right,180.0,Egypt,CAF,https://www.transfermarkt.co.uk/mohamed-hany/profil/spieler/343974,https://img.a.transfermarkt.technology/portrait/header/343974-1704282414.jpg?lm=1,real_wc2026_squads_transfermarkt_openfootball,2026-06-02
Hossam Abdelmaguid,Egypt,Zamalek,Unknown,25,Centre-back,4,DF,"April 30, 2001",13,0,True,737524.0,,,Centre-Back,right,194.0,Egypt,CAF,https://www.transfermarkt.co.uk/hossam-abdelmaguid/profil/spieler/737524,https://img.a.transfermarkt.technology/portrait/header/737524-1770919372.png?lm=1,real_wc2026_squads_transfermarkt_openfootball,2026-06-02
Ramy Rabia,Egypt,Al-Ain,Unknown,33,Centre-back,5,DF,"May 20, 1993",44,5,True,172623.0,,,Centre-Back,right,183.0,Egypt,CAF,https://www.transfermarkt.co.uk/ramy-rabia/profil/spieler/172623,https://img.a.transfermarkt.technology/portrait/header/172623-1619018314.jpg?lm=1,real_wc2026_squads_transfermarkt_openfootball,2026-06-02
Mohamed Abdelmonem,Egypt,Olympique Gymnaste Club Nice Côte d'Azur,ligue-1,27,Centre-back,6,DF,"February 1, 1999",35,3,True,566025.0,Olympique Gymnaste Club Nice Côte d'Azur,FR1,Centre-Back,right,183.0,,,https://www.transfermarkt.co.uk/mohamed-abdelmonem/profil/spieler/566025,https://img.a.transfermarkt.technology/portrait/header/566025-1739971401.jpg?lm=1,real_wc2026_squads_transfermarkt_openfootball,2026-06-02
Trézéguet,Egypt,Al Ahly,Unknown,31,Winger,7,FW,"October 1, 1994",95,23,True,234189.0,,,Left Winger,right,180.0,Egypt,CAF,https://www.transfermarkt.co.uk/trezeguet/profil/spieler/234189,https://img.a.transfermarkt.technology/portrait/header/234189-1740665108.jpg?lm=1,real_wc2026_squads_transfermarkt_openfootball,2026-06-02
Emam Ashour,Egypt,Fodbold Club Midtjylland,superliga,28,Central midfielder,8,MF,"February 20, 1998",28,0,True,604008.0,Fodbold Club Midtjylland,DK1,Central Midfield,right,182.0,,,https://www.transfermarkt.co.uk/emam-ashour/profil/spieler/604008,https://img.a.transfermarkt.technology/portrait/header/604008-1638630901.jpg?lm=1,real_wc2026_squads_transfermarkt_openfootball,2026-06-02
Hamza Abdelkarim,Egypt,Barcelona,Unknown,18,Forward,9,FW,"January 1, 2008",1,0,True,,,,,,,,,,,real_wc2026_squads_transfermarkt_openfootball,2026-06-02
Mohamed Salah,Egypt,Liverpool Football Club,premier-league,33,Winger,10,FW,"June 15, 1992",116,67,True,148455.0,Liverpool Football Club,GB1,Right Winger,left,175.0,,,https://www.transfermarkt.co.uk/mohamed-salah/profil/spieler/148455,https://img.a.transfermarkt.technology/portrait/header/148455-1727337594.jpg?lm=1,real_wc2026_squads_transfermarkt_openfootball,2026-06-02
Mostafa Ziko,Egypt,Pyramids,Unknown,29,Central midfielder,11,MF,"April 27, 1997",1,1,True,,,,,,,,,,,real_wc2026_squads_transfermarkt_openfootball,2026-06-02
Haissem Hassan,Egypt,Real Oviedo S.A.D.,laliga,24,Winger,12,FW,"February 8, 2002",3,0,True,620164.0,Real Oviedo S.A.D.,ES1,Right Winger,left,175.0,,,https://www.transfermarkt.co.uk/haissem-hassan/profil/spieler/620164,https://img.a.transfermarkt.technology/portrait/header/620164-1765280596.jpg?lm=1,real_wc2026_squads_transfermarkt_openfootball,2026-06-02
Ahmed Fatouh,Egypt,Zamalek,Unknown,28,Full-back,13,DF,"March 22, 1998",38,1,True,465966.0,,,Left-Back,left,178.0,Egypt,CAF,https://www.transfermarkt.co.uk/ahmed-fatouh/profil/spieler/465966,https://img.a.transfermarkt.technology/portrait/header/465966-1770917331.png?lm=1,real_wc2026_squads_transfermarkt_openfootball,2026-06-02
Hamdy Fathy,Egypt,Al-Wakrah,Unknown,31,Defensive midfielder,14,MF,"September 29, 1994",62,3,True,340303.0,,,Defensive Midfield,right,180.0,Egypt,CAF,https://www.transfermarkt.co.uk/hamdy-fathy/profil/spieler/340303,https://img.a.transfermarkt.technology/portrait/header/340303-1762278201.jpg?lm=1,real_wc2026_squads_transfermarkt_openfootball,2026-06-02
Karim Hafez,Egypt,Yeni Malatyaspor,super-lig,30,Full-back,15,DF,"March 12, 1996",8,0,True,333004.0,Yeni Malatyaspor,TR1,Left-Back,left,175.0,,,https://www.transfermarkt.co.uk/karim-hafez/profil/spieler/333004,https://img.a.transfermarkt.technology/portrait/header/333004-1629971463.png?lm=1,real_wc2026_squads_transfermarkt_openfootball,2026-06-02
El Mahdy Soliman,Egypt,Zamalek,Unknown,39,Goalkeeper,16,GK,"June 8, 1987",0,0,True,,,,,,,,,,,real_wc2026_squads_transfermarkt_openfootball,2026-06-02
Mohanad Lasheen,Egypt,Pyramids,Unknown,30,Central midfielder,17,MF,"May 29, 1996",22,0,True,,,,,,,,,,,real_wc2026_squads_transfermarkt_openfootball,2026-06-02
Nabil Emad,Egypt,Al-Najma,Unknown,30,Central midfielder,18,MF,"April 6, 1996",12,0,True,,,,,,,,,,,real_wc2026_squads_transfermarkt_openfootball,2026-06-02
Marwan Attia,Egypt,Al Ahly,Unknown,27,Forward,19,MF,"August 1, 1998",33,1,True,557938.0,,,Centre-Forward,right,184.0,Egypt,CAF,https://www.transfermarkt.co.uk/marwan-hamdi/profil/spieler/557938,https://img.a.transfermarkt.technology/portrait/header/557938-1761430697.jpg?lm=1,real_wc2026_squads_transfermarkt_openfootball,2026-06-02
Ibrahim Adel,Egypt,Fodbold Club Nordsjælland,superliga,25,Winger,20,FW,"April 23, 2001",23,3,True,677278.0,Fodbold Club Nordsjælland,DK1,Left Winger,right,178.0,,,https://www.transfermarkt.co.uk/ibrahim-adel/profil/spieler/677278,https://img.a.transfermarkt.technology/portrait/header/677278-1765896161.png?lm=1,real_wc2026_squads_transfermarkt_openfootball,2026-06-02
Mahmoud Saber,Egypt,ZED,Unknown,24,Central midfielder,21,MF,"July 30, 2001",15,1,True,729390.0,,,Central Midfield,right,,Egypt,CAF,https://www.transfermarkt.co.uk/mahmoud-saber/profil/spieler/729390,https://img.a.transfermarkt.technology/portrait/header/729390-1757611135.png?lm=1,real_wc2026_squads_transfermarkt_openfootball,2026-06-02
Omar Marmoush,Egypt,Manchester City Football Club,premier-league,27,Forward,22,FW,"February 7, 1999",48,11,True,445939.0,Manchester City Football Club,GB1,Centre-Forward,right,183.0,,,https://www.transfermarkt.co.uk/omar-marmoush/profil/spieler/445939,https://img.a.transfermarkt.technology/portrait/header/445939-1747656490.jpg?lm=1,real_wc2026_squads_transfermarkt_openfootball,2026-06-02
Mostafa Shobeir,Egypt,Al Ahly,Unknown,26,Goalkeeper,23,GK,"May 15, 2000",8,0,True,661455.0,,,Goalkeeper,right,185.0,Egypt,CAF,https://www.transfermarkt.co.uk/oufa-shobeir/profil/spieler/661455,https://img.a.transfermarkt.technology/portrait/header/661455-1619018135.jpg?lm=1,real_wc2026_squads_transfermarkt_openfootball,2026-06-02
Tarek Alaa,Egypt,ZED,Unknown,24,Centre-back,24,DF,"January 5, 2002",2,0,True,,,,,,,,,,,real_wc2026_squads_transfermarkt_openfootball,2026-06-02
Zizo,Egypt,Moreirense Futebol Clube,liga-portugal,30,Winger,25,FW,"January 10, 1996",62,5,True,320722.0,Moreirense Futebol Clube,PO1,Right Winger,right,180.0,,,https://www.transfermarkt.co.uk/zizo/profil/spieler/320722,https://img.a.transfermarkt.technology/portrait/header/320722-1510678484.png?lm=1,real_wc2026_squads_transfermarkt_openfootball,2026-06-02
Mohamed Alaa,Egypt,El Gouna,Unknown,27,Goalkeeper,26,GK,"January 1, 1999",0,0,True,184818.0,,,Goalkeeper,right,184.0,Egypt,CAF,https://www.transfermarkt.co.uk/mohamed-awad/profil/spieler/184818,https://img.a.transfermarkt.technology/portrait/header/184818-1770920383.png?lm=1,real_wc2026_squads_transfermarkt_openfootball,2026-06-02
Alireza Beiranvand,Iran,Boavista FC,liga-portugal,33,Goalkeeper,1,GK,"September 21, 1992",85,0,True,229081.0,Boavista FC,PO1,Goalkeeper,right,194.0,,,https://www.transfermarkt.co.uk/alireza-beiranvand/profil/spieler/229081,https://img.a.transfermarkt.technology/portrait/header/229081-1669279763.jpg?lm=1,real_wc2026_squads_transfermarkt_openfootball,2026-06-02
Saleh Hardani,Iran,Esteghlal,Unknown,27,Centre-back,2,DF,"December 26, 1998",17,1,True,,,,,,,,,,,real_wc2026_squads_transfermarkt_openfootball,2026-06-02
Ehsan Hajsafi,Iran,Athlitiki Enosi Konstantinoupoleos,super-league-1,36,Full-back,3,DF,"February 25, 1990",145,7,True,77547.0,Athlitiki Enosi Konstantinoupoleos,GR1,Left-Back,left,178.0,,,https://www.transfermarkt.co.uk/ehsan-hajsafi/profil/spieler/77547,https://img.a.transfermarkt.technology/portrait/header/77547-1728415346.png?lm=1,real_wc2026_squads_transfermarkt_openfootball,2026-06-02
Shojae Khalilzadeh,Iran,Tractor,Unknown,37,Centre-back,4,DF,"May 14, 1989",57,2,True,,,,,,,,,,,real_wc2026_squads_transfermarkt_openfootball,2026-06-02
Milad Mohammadi,Iran,Adana Demirspor,super-lig,32,Full-back,5,DF,"September 29, 1993",75,1,True,333355.0,Adana Demirspor,TR1,Left-Back,left,178.0,,,https://www.transfermarkt.co.uk/milad-mohammadi/profil/spieler/333355,https://img.a.transfermarkt.technology/portrait/header/333355-1712243520.png?lm=1,real_wc2026_squads_transfermarkt_openfootball,2026-06-02
Saeid Ezatolahi,Iran,Vejle Boldklub,superliga,29,Defensive midfielder,6,MF,"October 1, 1996",82,1,True,249271.0,Vejle Boldklub,DK1,Defensive Midfield,right,190.0,,,https://www.transfermarkt.co.uk/saeid-ezatolahi/profil/spieler/249271,https://img.a.transfermarkt.technology/portrait/header/249271-1707245122.jpg?lm=1,real_wc2026_squads_transfermarkt_openfootball,2026-06-02
Alireza Jahanbakhsh,Iran,FC Verbroedering Denderhoutem Denderleeuw Eendracht Hekelgem,jupiler-pro-league,32,Winger,7,MF,"August 11, 1993",98,17,True,213268.0,FC Verbroedering Denderhoutem Denderleeuw Eendracht Hekelgem,BE1,Right Winger,right,183.0,,,https://www.transfermarkt.co.uk/alireza-jahanbakhsh/profil/spieler/213268,https://img.a.transfermarkt.technology/portrait/header/213268-1660812135.jpg?lm=1,real_wc2026_squads_transfermarkt_openfootball,2026-06-02
Mohammad Mohebi,Iran,FK Rostov,premier-liga,27,Winger,8,MF,"December 20, 1998",36,14,True,603149.0,FK Rostov,RU1,Left Winger,right,186.0,,,https://www.transfermarkt.co.uk/mohammad-mohebi/profil/spieler/603149,https://img.a.transfermarkt.technology/portrait/header/603149-1721923287.png?lm=1,real_wc2026_squads_transfermarkt_openfootball,2026-06-02
Mehdi Taremi,Iran,Olympiakos Syndesmos Filathlon Peiraios,super-league-1,33,Forward,9,FW,"July 18, 1992",104,60,True,307058.0,Olympiakos Syndesmos Filathlon Peiraios,GR1,Centre-Forward,right,185.0,,,https://www.transfermarkt.co.uk/mehdi-taremi/profil/spieler/307058,https://img.a.transfermarkt.technology/portrait/header/307058-1757716838.png?lm=1,real_wc2026_squads_transfermarkt_openfootball,2026-06-02
Mehdi Ghayedi,Iran,Al-Nasr,Unknown,27,Winger,10,FW,"December 5, 1998",29,10,True,478192.0,,,Left Winger,right,166.0,Iran,AFC,https://www.transfermarkt.co.uk/mehdi-ghayedi/profil/spieler/478192,https://img.a.transfermarkt.technology/portrait/header/478192-1707245004.jpg?lm=1,real_wc2026_squads_transfermarkt_openfootball,2026-06-02
Ali Alipour,Iran,Persepolis,Unknown,30,Forward,11,FW,"November 11, 1995",13,1,True,249360.0,,,Centre-Forward,both,181.0,Iran,AFC,https://www.transfermarkt.co.uk/ali-alipour/profil/spieler/249360,https://img.a.transfermarkt.technology/portrait/header/249360-1710239440.jpg?lm=1,real_wc2026_squads_transfermarkt_openfootball,2026-06-02
Payam Niazmand,Iran,Portimonense SC,liga-portugal,31,Goalkeeper,12,GK,"April 6, 1995",15,0,True,343044.0,Portimonense SC,PO1,Goalkeeper,right,194.0,,,https://www.transfermarkt.co.uk/payam-niazmand/profil/spieler/343044,https://img.a.transfermarkt.technology/portrait/header/343044-1663311007.png?lm=1,real_wc2026_squads_transfermarkt_openfootball,2026-06-02
Hossein Kanaanizadegan,Iran,Persepolis,Unknown,32,Centre-back,13,DF,"March 23, 1994",64,6,True,,,,,,,,,,,real_wc2026_squads_transfermarkt_openfootball,2026-06-02
Saman Ghoddos,Iran,Brentford Football Club,premier-league,32,Attacking midfielder,14,MF,"September 6, 1993",67,3,True,204294.0,Brentford Football Club,GB1,Attacking Midfield,right,175.0,,,https://www.transfermarkt.co.uk/saman-ghoddos/profil/spieler/204294,https://img.a.transfermarkt.technology/portrait/header/204294-1716552348.jpg?lm=1,real_wc2026_squads_transfermarkt_openfootball,2026-06-02
Rouzbeh Cheshmi,Iran,Esteghlal,Unknown,32,Central midfielder,15,MF,"July 24, 1993",40,3,True,,,,,,,,,,,real_wc2026_squads_transfermarkt_openfootball,2026-06-02
Mehdi Torabi,Iran,Tractor,Unknown,31,Winger,16,MF,"September 10, 1994",52,7,True,455356.0,,,Right Winger,right,184.0,Iran,AFC,https://www.transfermarkt.co.uk/mehdi-tikdari/profil/spieler/455356,https://img.a.transfermarkt.technology/portrait/header/455356-1736157815.jpg?lm=1,real_wc2026_squads_transfermarkt_openfootball,2026-06-02
Aria Yousefi,Iran,Sepahan,Unknown,24,Centre-back,17,DF,"April 22, 2002",13,1,True,,,,,,,,,,,real_wc2026_squads_transfermarkt_openfootball,2026-06-02
Amirhossein Hosseinzadeh,Iran,Tractor,Unknown,25,Forward,18,FW,"October 30, 2000",17,5,True,542380.0,,,Centre-Forward,right,178.0,Iran,AFC,https://www.transfermarkt.co.uk/amirhossein-hosseinzadeh/profil/spieler/542380,https://img.a.transfermarkt.technology/portrait/header/542380-1760614107.jpg?lm=1,real_wc2026_squads_transfermarkt_openfootball,2026-06-02
Ali Nemati,Iran,Foolad,Unknown,30,Centre-back,19,DF,"February 8, 1996",16,0,True,,,,,,,,,,,real_wc2026_squads_transfermarkt_openfootball,2026-06-02
Shahriyar Moghanlou,Iran,Clube Desportivo Santa Clara,liga-portugal,31,Forward,20,FW,"December 21, 1994",20,2,True,357125.0,Clube Desportivo Santa Clara,PO1,Centre-Forward,left,187.0,,,https://www.transfermarkt.co.uk/shahriar-moghanlou/profil/spieler/357125,https://img.a.transfermarkt.technology/portrait/header/357125-1663332450.jpg?lm=1,real_wc2026_squads_transfermarkt_openfootball,2026-06-02
Mohammad Ghorbani,Iran,FC Orenburg,premier-liga,24,Defensive midfielder,21,MF,"October 7, 2001",15,0,True,856087.0,FC Orenburg,RU1,Defensive Midfield,right,190.0,,,https://www.transfermarkt.co.uk/mohammad-ghorbani/profil/spieler/856087,https://img.a.transfermarkt.technology/portrait/header/856087-1755380279.jpg?lm=1,real_wc2026_squads_transfermarkt_openfootball,2026-06-02
Hossein Hosseini,Iran,Sepahan,Unknown,33,Forward,22,GK,"June 30, 1992",13,0,True,542380.0,,,Centre-Forward,right,178.0,Iran,AFC,https://www.transfermarkt.co.uk/amirhossein-hosseinzadeh/profil/spieler/542380,https://img.a.transfermarkt.technology/portrait/header/542380-1760614107.jpg?lm=1,real_wc2026_squads_transfermarkt_openfootball,2026-06-02
Ramin Rezaeian,Iran,Foolad,Unknown,36,Full-back,23,DF,"March 21, 1990",73,7,True,188312.0,,,Right-Back,right,184.0,Iran,AFC,https://www.transfermarkt.co.uk/ramin-rezaeian/profil/spieler/188312,https://img.a.transfermarkt.technology/portrait/header/188312-1716552273.jpg?lm=1,real_wc2026_squads_transfermarkt_openfootball,2026-06-02
Dennis Eckert,Iran,Royal Standard Club de Liège,jupiler-pro-league,29,Forward,24,FW,"January 9, 1997",0,0,True,249303.0,Royal Standard Club de Liège,BE1,Centre-Forward,right,183.0,,,https://www.transfermarkt.co.uk/dennis-eckert-ayensa/profil/spieler/249303,https://img.a.transfermarkt.technology/portrait/header/249303-1666292999.jpg?lm=1,real_wc2026_squads_transfermarkt_openfootball,2026-06-02
Danial Eiri,Iran,Malavan,Unknown,22,Centre-back,25,DF,"October 26, 2003",0,0,True,,,,,,,,,,,real_wc2026_squads_transfermarkt_openfootball,2026-06-02
Amirmohammad Razzaghinia,Iran,Esteghlal,Unknown,20,Central midfielder,26,MF,"April 11, 2006",3,0,True,,,,,,,,,,,real_wc2026_squads_transfermarkt_openfootball,2026-06-02
Max Crocombe,New Zealand,Millwall,Unknown,32,Goalkeeper,1,GK,"August 12, 1993",22,0,True,207843.0,,,Goalkeeper,right,194.0,New Zealand,OFC,https://www.transfermarkt.co.uk/max-crocombe/profil/spieler/207843,https://img.a.transfermarkt.technology/portrait/header/207843-1756666566.jpg?lm=1,real_wc2026_squads_transfermarkt_openfootball,2026-06-02
Tim Payne,New Zealand,Wellington Phoenix Football Club,a-league-men,32,Full-back,2,DF,"January 10, 1994",49,3,True,149901.0,Wellington Phoenix Football Club,AUS1,Right-Back,right,179.0,,,https://www.transfermarkt.co.uk/tim-payne/profil/spieler/149901,https://img.a.transfermarkt.technology/portrait/header/149901-1780066554.jpg?lm=1,real_wc2026_squads_transfermarkt_openfootball,2026-06-02
Francis de Vries,New Zealand,Auckland Football Club,a-league-men,31,Full-back,3,DF,"November 28, 1994",18,1,True,207061.0,Auckland Football Club,AUS1,Left-Back,left,188.0,,,https://www.transfermarkt.co.uk/francis-de-vries/profil/spieler/207061,https://img.a.transfermarkt.technology/portrait/header/207061-1780067063.jpg?lm=1,real_wc2026_squads_transfermarkt_openfootball,2026-06-02
Tyler Bindon,New Zealand,Sheffield United,premier-league,21,Centre-back,4,DF,"January 27, 2005",23,3,True,1007720.0,Sheffield United,GB1,Centre-Back,right,188.0,New Zealand,OFC,https://www.transfermarkt.co.uk/tyler-bindon/profil/spieler/1007720,https://img.a.transfermarkt.technology/portrait/header/1007720-1695905864.jpg?lm=1,real_wc2026_squads_transfermarkt_openfootball,2026-06-02
Michael Boxall,New Zealand,Minnesota United FC,major-league-soccer,37,Centre-back,5,DF,"August 18, 1988",61,1,True,81723.0,Minnesota United FC,MLS1,Centre-Back,right,188.0,,,https://www.transfermarkt.co.uk/michael-boxall/profil/spieler/81723,https://img.a.transfermarkt.technology/portrait/header/81723-1771697078.jpg?lm=1,real_wc2026_squads_transfermarkt_openfootball,2026-06-02
Joe Bell,New Zealand,Viking Fotballklubb,eliteserien,27,Defensive midfielder,6,MF,"April 27, 1999",31,1,True,345700.0,Viking Fotballklubb,NO1,Defensive Midfield,right,182.0,,,https://www.transfermarkt.co.uk/joe-bell/profil/spieler/345700,https://img.a.transfermarkt.technology/portrait/header/345700-1711129756.jpg?lm=1,real_wc2026_squads_transfermarkt_openfootball,2026-06-02
Matthew Garbett,New Zealand,Peterborough United,Unknown,24,Central midfielder,7,MF,"April 13, 2002",35,5,True,617019.0,,,Central Midfield,right,188.0,New Zealand,OFC,https://www.transfermarkt.co.uk/matthew-garbett/profil/spieler/617019,https://img.a.transfermarkt.technology/portrait/header/617019-1661846532.jpg?lm=1,real_wc2026_squads_transfermarkt_openfootball,2026-06-02
Marko Stamenić,New Zealand,Swansea City,premier-league,24,Central midfielder,8,MF,"February 19, 2002",37,3,True,617018.0,Swansea City,GB1,Central Midfield,right,188.0,New Zealand,OFC,https://www.transfermarkt.co.uk/marko-stamenic/profil/spieler/617018,https://img.a.transfermarkt.technology/portrait/header/617018-1728417778.png?lm=1,real_wc2026_squads_transfermarkt_openfootball,2026-06-02
Chris Wood,New Zealand,Nottingham Forest Football Club,premier-league,34,Forward,9,FW,"December 7, 1991",88,45,True,108725.0,Nottingham Forest Football Club,GB1,Centre-Forward,right,191.0,,,https://www.transfermarkt.co.uk/chris-wood/profil/spieler/108725,https://img.a.transfermarkt.technology/portrait/header/108725-1740646786.jpg?lm=1,real_wc2026_squads_transfermarkt_openfootball,2026-06-02
Sarpreet Singh,New Zealand,Wellington Phoenix Football Club,a-league-men,27,Attacking midfielder,10,MF,"February 20, 1999",26,3,True,350357.0,Wellington Phoenix Football Club,AUS1,Attacking Midfield,left,177.0,,,https://www.transfermarkt.co.uk/sarpreet-singh/profil/spieler/350357,https://img.a.transfermarkt.technology/portrait/header/350357-1689944061.jpg?lm=1,real_wc2026_squads_transfermarkt_openfootball,2026-06-02
Elijah Just,New Zealand,Motherwell Football Club,scottish-premiership,26,Winger,11,MF,"May 1, 2000",42,9,True,485672.0,Motherwell Football Club,SC1,Right Winger,left,175.0,,,https://www.transfermarkt.co.uk/elijah-just/profil/spieler/485672,https://img.a.transfermarkt.technology/portrait/header/485672-1768832018.png?lm=1,real_wc2026_squads_transfermarkt_openfootball,2026-06-02
Alex Paulsen,New Zealand,Klub Sportowy Lechia Gdańsk,pko-bp-ekstraklasa,23,Goalkeeper,12,GK,"July 4, 2002",6,0,True,617009.0,Klub Sportowy Lechia Gdańsk,PL1,Goalkeeper,right,184.0,,,https://www.transfermarkt.co.uk/alex-paulsen/profil/spieler/617009,https://img.a.transfermarkt.technology/portrait/header/617009-1765112812.png?lm=1,real_wc2026_squads_transfermarkt_openfootball,2026-06-02
Liberato Cacace,New Zealand,Wrexham,Unknown,25,Full-back,13,DF,"September 27, 2000",35,1,True,469211.0,,,Left-Back,left,183.0,New Zealand,OFC,https://www.transfermarkt.co.uk/liberato-cacace/profil/spieler/469211,https://img.a.transfermarkt.technology/portrait/header/469211-1730125371.jpg?lm=1,real_wc2026_squads_transfermarkt_openfootball,2026-06-02
Alex Rufer,New Zealand,Wellington Phoenix Football Club,a-league-men,29,Defensive midfielder,14,MF,"June 12, 1996",24,0,True,256019.0,Wellington Phoenix Football Club,AUS1,Defensive Midfield,right,184.0,,,https://www.transfermarkt.co.uk/alex-rufer/profil/spieler/256019,https://img.a.transfermarkt.technology/portrait/header/256019-1721932700.jpg?lm=1,real_wc2026_squads_transfermarkt_openfootball,2026-06-02
Nando Pijnaker,New Zealand,Auckland Football Club,a-league-men,27,Centre-back,15,DF,"February 25, 1999",23,0,True,455425.0,Auckland Football Club,AUS1,Centre-Back,left,192.0,,,https://www.transfermarkt.co.uk/nando-pijnaker/profil/spieler/455425,https://img.a.transfermarkt.technology/portrait/header/455425-1780066910.jpg?lm=1,real_wc2026_squads_transfermarkt_openfootball,2026-06-02
Finn Surman,New Zealand,Portland Timbers,major-league-soccer,22,Centre-back,16,DF,"September 23, 2003",17,2,True,724809.0,Portland Timbers,MLS1,Centre-Back,right,190.0,,,https://www.transfermarkt.co.uk/finn-surman/profil/spieler/724809,https://img.a.transfermarkt.technology/portrait/header/724809-1771715473.jpg?lm=1,real_wc2026_squads_transfermarkt_openfootball,2026-06-02
Kosta Barbarouses,New Zealand,Western Sydney Wanderers,a-league-men,36,Forward,17,FW,"February 19, 1990",74,10,True,50200.0,Western Sydney Wanderers,AUS1,Centre-Forward,both,171.0,,,https://www.transfermarkt.co.uk/kosta-barbarouses/profil/spieler/50200,https://img.a.transfermarkt.technology/portrait/header/50200-1780067550.jpg?lm=1,real_wc2026_squads_transfermarkt_openfootball,2026-06-02
Ben Waine,New Zealand,Port Vale,Unknown,25,Forward,18,FW,"June 11, 2001",30,9,True,539502.0,,,Centre-Forward,right,179.0,New Zealand,OFC,https://www.transfermarkt.co.uk/ben-waine/profil/spieler/539502,https://img.a.transfermarkt.technology/portrait/header/539502-1752176158.jpg?lm=1,real_wc2026_squads_transfermarkt_openfootball,2026-06-02
Ben Old,New Zealand,AS Saint-Étienne,ligue-1,23,Full-back,19,MF,"August 13, 2002",22,2,True,617021.0,AS Saint-Étienne,FR1,Left-Back,left,173.0,New Zealand,OFC,https://www.transfermarkt.co.uk/ben-old/profil/spieler/617021,https://img.a.transfermarkt.technology/portrait/header/617021-1727721943.jpg?lm=1,real_wc2026_squads_transfermarkt_openfootball,2026-06-02
Callum McCowatt,New Zealand,Silkeborg Idrætsforening,superliga,27,Attacking midfielder,20,MF,"April 30, 1999",30,4,True,400797.0,Silkeborg Idrætsforening,DK1,Attacking Midfield,right,179.0,,,https://www.transfermarkt.co.uk/callum-mccowatt/profil/spieler/400797,https://img.a.transfermarkt.technology/portrait/header/400797-1763565137.jpg?lm=1,real_wc2026_squads_transfermarkt_openfootball,2026-06-02
Jesse Randall,New Zealand,Auckland Football Club,a-league-men,23,Winger,21,FW,"August 19, 2002",9,2,True,677509.0,Auckland Football Club,AUS1,Left Winger,right,176.0,,,https://www.transfermarkt.co.uk/jesse-randall/profil/spieler/677509,https://img.a.transfermarkt.technology/portrait/header/677509-1779792630.jpg?lm=1,real_wc2026_squads_transfermarkt_openfootball,2026-06-02
Michael Woud,New Zealand,Auckland Football Club,a-league-men,27,Goalkeeper,22,GK,"January 16, 1999",6,0,True,350347.0,Auckland Football Club,AUS1,Goalkeeper,left,196.0,,,https://www.transfermarkt.co.uk/michael-woud/profil/spieler/350347,https://img.a.transfermarkt.technology/portrait/header/350347-1780066767.jpg?lm=1,real_wc2026_squads_transfermarkt_openfootball,2026-06-02
Ryan Thomas,New Zealand,Prins Hendrik Ende Desespereert Nimmer Combinatie Zwolle,eredivisie,31,Defensive midfielder,23,MF,"December 20, 1994",25,3,True,203357.0,Prins Hendrik Ende Desespereert Nimmer Combinatie Zwolle,NL1,Defensive Midfield,right,174.0,,,https://www.transfermarkt.co.uk/ryan-thomas/profil/spieler/203357,https://img.a.transfermarkt.technology/portrait/header/203357-1724750728.jpg?lm=1,real_wc2026_squads_transfermarkt_openfootball,2026-06-02
Callan Elliot,New Zealand,Auckland Football Club,a-league-men,26,Full-back,24,DF,"July 7, 1999",9,0,True,482204.0,Auckland Football Club,AUS1,Right-Back,right,177.0,,,https://www.transfermarkt.co.uk/callan-elliot/profil/spieler/482204,https://img.a.transfermarkt.technology/portrait/header/482204-1780067161.jpg?lm=1,real_wc2026_squads_transfermarkt_openfootball,2026-06-02
Lachlan Bayliss,New Zealand,Newcastle United Jets Football Club,a-league-men,23,Central midfielder,25,MF,"July 24, 2002",2,0,True,1109358.0,Newcastle United Jets Football Club,AUS1,Central Midfield,right,179.0,,,https://www.transfermarkt.co.uk/lachlan-bayliss/profil/spieler/1109358,https://img.a.transfermarkt.technology/portrait/header/1109358-1780067341.jpg?lm=1,real_wc2026_squads_transfermarkt_openfootball,2026-06-02
Tommy Smith,New Zealand,Braintree Town,Unknown,36,Centre-back,26,DF,"March 31, 1990",56,2,True,54381.0,,,Centre-Back,left,187.0,New Zealand,OFC,https://www.transfermarkt.co.uk/tommy-smith/profil/spieler/54381,https://img.a.transfermarkt.technology/portrait/header/54381-1550087802.jpg?lm=1,real_wc2026_squads_transfermarkt_openfootball,2026-06-02
Vozinha,Cape Verde,Chaves,Unknown,40,Goalkeeper,1,GK,"June 3, 1986",85,0,True,,,,,,,,,,,real_wc2026_squads_transfermarkt_openfootball,2026-06-02
Stopira,Cape Verde,Torreense,Unknown,38,Centre-back,2,DF,"May 20, 1988",60,4,True,,,,,,,,,,,real_wc2026_squads_transfermarkt_openfootball,2026-06-02
Diney,Cape Verde,Al-Bataeh,Unknown,31,Centre-back,3,DF,"January 17, 1995",29,2,True,,,,,,,,,,,real_wc2026_squads_transfermarkt_openfootball,2026-06-02
Roberto Lopes,Cape Verde,Shamrock Rovers,Unknown,33,Centre-back,4,DF,"June 17, 1992",44,0,True,,,,,,,,,,,real_wc2026_squads_transfermarkt_openfootball,2026-06-02
Logan Costa,Cape Verde,Villarreal Club de Fútbol S.A.D.,laliga,25,Centre-back,5,DF,"April 1, 2001",26,0,True,484988.0,Villarreal Club de Fútbol S.A.D.,ES1,Centre-Back,right,190.0,,,https://www.transfermarkt.co.uk/logan-costa/profil/spieler/484988,https://img.a.transfermarkt.technology/portrait/header/484988-1708555203.jpg?lm=1,real_wc2026_squads_transfermarkt_openfootball,2026-06-02
Kevin Pina,Cape Verde,FK Krasnodar,premier-liga,29,Defensive midfielder,6,MF,"January 27, 1997",30,2,True,544586.0,FK Krasnodar,RU1,Defensive Midfield,both,181.0,,,https://www.transfermarkt.co.uk/kevin-lenini/profil/spieler/544586,https://img.a.transfermarkt.technology/portrait/header/544586-1753530971.png?lm=1,real_wc2026_squads_transfermarkt_openfootball,2026-06-02
Jovane Cabral,Cape Verde,Club Football Estrela da Amadora,liga-portugal,27,Winger,7,MF,"June 14, 1998",25,2,True,448466.0,Club Football Estrela da Amadora,PO1,Left Winger,right,174.0,,,https://www.transfermarkt.co.uk/jovane-cabral/profil/spieler/448466,https://img.a.transfermarkt.technology/portrait/header/448466-1743699997.jpg?lm=1,real_wc2026_squads_transfermarkt_openfootball,2026-06-02
João Paulo,Cape Verde,SC Fotbal Club FCSB SA,superliga,28,Defensive midfielder,8,MF,"May 26, 1998",40,1,True,623965.0,SC Fotbal Club FCSB SA,RO1,Defensive Midfield,left,180.0,,,https://www.transfermarkt.co.uk/joao-paulo/profil/spieler/623965,https://img.a.transfermarkt.technology/portrait/header/623965-1769075187.png?lm=1,real_wc2026_squads_transfermarkt_openfootball,2026-06-02
Gilson Benchimol,Cape Verde,Akron Togliatti,premier-liga,24,Forward,9,FW,"December 29, 2001",21,5,True,820252.0,Akron Togliatti,RU1,Centre-Forward,right,187.0,,,https://www.transfermarkt.co.uk/benchimol/profil/spieler/820252,https://img.a.transfermarkt.technology/portrait/header/820252-1757606152.png?lm=1,real_wc2026_squads_transfermarkt_openfootball,2026-06-02
Jamiro Monteiro,Cape Verde,Prins Hendrik Ende Desespereert Nimmer Combinatie Zwolle,eredivisie,32,Central midfielder,10,MF,"November 23, 1993",53,5,True,272930.0,Prins Hendrik Ende Desespereert Nimmer Combinatie Zwolle,NL1,Central Midfield,right,175.0,,,https://www.transfermarkt.co.uk/jamiro-monteiro/profil/spieler/272930,https://img.a.transfermarkt.technology/portrait/header/272930-1755786603.jpg?lm=1,real_wc2026_squads_transfermarkt_openfootball,2026-06-02
Garry Rodrigues,Cape Verde,Sivasspor,super-lig,35,Winger,11,MF,"November 27, 1990",59,9,True,170895.0,Sivasspor,TR1,Right Winger,right,173.0,,,https://www.transfermarkt.co.uk/garry-rodrigues/profil/spieler/170895,https://img.a.transfermarkt.technology/portrait/header/170895-1762901499.png?lm=1,real_wc2026_squads_transfermarkt_openfootball,2026-06-02
Márcio Rosa,Cape Verde,Vitória Sport Clube,liga-portugal,29,Goalkeeper,12,GK,"February 23, 1997",10,0,True,396583.0,Vitória Sport Clube,PO1,Goalkeeper,right,184.0,,,https://www.transfermarkt.co.uk/mario-evora/profil/spieler/396583,https://img.a.transfermarkt.technology/portrait/header/default.jpg?lm=1,real_wc2026_squads_transfermarkt_openfootball,2026-06-02
Sidny Lopes Cabral,Cape Verde,Sport Lisboa e Benfica,liga-portugal,23,Full-back,13,DF,"September 18, 2002",8,3,True,611855.0,Sport Lisboa e Benfica,PO1,Right-Back,both,176.0,,,https://www.transfermarkt.co.uk/sidny-lopes-cabral/profil/spieler/611855,https://img.a.transfermarkt.technology/portrait/header/611855-1767966134.jpg?lm=1,real_wc2026_squads_transfermarkt_openfootball,2026-06-02
Deroy Duarte,Cape Verde,Fortuna Sittardia Combinatie,eredivisie,26,Central midfielder,14,MF,"July 4, 1999",30,0,True,432852.0,Fortuna Sittardia Combinatie,NL1,Central Midfield,right,177.0,,,https://www.transfermarkt.co.uk/deroy-duarte/profil/spieler/432852,https://img.a.transfermarkt.technology/portrait/header/432852-1720984330.png?lm=1,real_wc2026_squads_transfermarkt_openfootball,2026-06-02
Laros Duarte,Cape Verde,Football Club Groningen,eredivisie,29,Defensive midfielder,15,MF,"February 28, 1997",12,0,True,258513.0,Football Club Groningen,NL1,Defensive Midfield,right,180.0,,,https://www.transfermarkt.co.uk/laros-duarte/profil/spieler/258513,https://img.a.transfermarkt.technology/portrait/header/258513-1723456170.jpg?lm=1,real_wc2026_squads_transfermarkt_openfootball,2026-06-02
Yannick Semedo,Cape Verde,Farense,Unknown,30,Central midfielder,16,MF,"December 29, 1995",10,1,True,,,,,,,,,,,real_wc2026_squads_transfermarkt_openfootball,2026-06-02
Willy Semedo,Cape Verde,Royal Charleroi Sporting Club,jupiler-pro-league,32,Winger,17,MF,"April 27, 1994",36,2,True,531450.0,Royal Charleroi Sporting Club,BE1,Left Winger,right,185.0,,,https://www.transfermarkt.co.uk/willy-semedo/profil/spieler/531450,https://img.a.transfermarkt.technology/portrait/header/531450-1663246672.jpg?lm=1,real_wc2026_squads_transfermarkt_openfootball,2026-06-02
Telmo Arcanjo,Cape Verde,Vitória Sport Clube,liga-portugal,24,Winger,18,MF,"June 21, 2001",14,1,True,791528.0,Vitória Sport Clube,PO1,Right Winger,left,180.0,,,https://www.transfermarkt.co.uk/telmo-arcanjo/profil/spieler/791528,https://img.a.transfermarkt.technology/portrait/header/791528-1695206920.jpg?lm=1,real_wc2026_squads_transfermarkt_openfootball,2026-06-02
Dailon Livramento,Cape Verde,Casa Pia Atlético Clube,liga-portugal,25,Forward,19,FW,"May 4, 2001",20,7,True,676411.0,Casa Pia Atlético Clube,PO1,Centre-Forward,right,185.0,,,https://www.transfermarkt.co.uk/dailon-livramento/profil/spieler/676411,https://img.a.transfermarkt.technology/portrait/header/676411-1664798687.jpg?lm=1,real_wc2026_squads_transfermarkt_openfootball,2026-06-02
Ryan Mendes,Cape Verde,Fatih Karagümrük Sportif Faaliyetler San. Tic. A.Ş.,super-lig,36,Winger,20,FW,"January 8, 1990",94,22,True,111627.0,Fatih Karagümrük Sportif Faaliyetler San. Tic. A.Ş.,TR1,Left Winger,right,178.0,,,https://www.transfermarkt.co.uk/ryan-mendes/profil/spieler/111627,https://img.a.transfermarkt.technology/portrait/header/111627-1695219605.png?lm=1,real_wc2026_squads_transfermarkt_openfootball,2026-06-02
Nuno da Costa,Cape Verde,İstanbul Başakşehir Futbol Kulübü,super-lig,35,Forward,21,MF,"February 10, 1991",7,1,True,306166.0,İstanbul Başakşehir Futbol Kulübü,TR1,Centre-Forward,right,184.0,,,https://www.transfermarkt.co.uk/nuno-da-costa/profil/spieler/306166,https://img.a.transfermarkt.technology/portrait/header/306166-1759748387.jpg?lm=1,real_wc2026_squads_transfermarkt_openfootball,2026-06-02
Steven Moreira,Cape Verde,Columbus Crew,major-league-soccer,31,Full-back,22,DF,"August 13, 1994",18,0,True,203517.0,Columbus Crew,MLS1,Right-Back,right,180.0,,,https://www.transfermarkt.co.uk/steven-moreira/profil/spieler/203517,https://img.a.transfermarkt.technology/portrait/header/203517-1771599895.jpg?lm=1,real_wc2026_squads_transfermarkt_openfootball,2026-06-02
CJ dos Santos,Cape Verde,San Diego Football Club,major-league-soccer,25,Goalkeeper,23,GK,"August 24, 2000",0,0,True,532096.0,San Diego Football Club,MLS1,Goalkeeper,right,194.0,,,https://www.transfermarkt.co.uk/cj-dos-santos/profil/spieler/532096,https://img.a.transfermarkt.technology/portrait/header/532096-1771754118.jpg?lm=1,real_wc2026_squads_transfermarkt_openfootball,2026-06-02
Wagner Pina,Cape Verde,Trabzonspor Kulübü,super-lig,23,Full-back,24,DF,"November 3, 2002",12,0,True,1072017.0,Trabzonspor Kulübü,TR1,Right-Back,right,180.0,,,https://www.transfermarkt.co.uk/wagner-pina/profil/spieler/1072017,https://img.a.transfermarkt.technology/portrait/header/1072017-1756297062.png?lm=1,real_wc2026_squads_transfermarkt_openfootball,2026-06-02
Kelvin Pires,Cape Verde,SJK,Unknown,26,Centre-back,25,DF,"June 5, 2000",4,1,True,,,,,,,,,,,real_wc2026_squads_transfermarkt_openfootball,2026-06-02
Hélio Varela,Cape Verde,Koninklijke Atletiek Associatie Gent,jupiler-pro-league,24,Winger,26,MF,"May 3, 2002",19,0,True,840836.0,Koninklijke Atletiek Associatie Gent,BE1,Left Winger,right,176.0,,,https://www.transfermarkt.co.uk/helio-varela/profil/spieler/840836,https://img.a.transfermarkt.technology/portrait/header/840836-1724925918.jpg?lm=1,real_wc2026_squads_transfermarkt_openfootball,2026-06-02
Nawaf Al-Aqidi,Saudi Arabia,Al-Nassr Football Club,saudi-pro-league,26,Goalkeeper,1,GK,"May 10, 2000",22,0,True,886183.0,Al-Nassr Football Club,SA1,Goalkeeper,,186.0,,,https://www.transfermarkt.co.uk/nawaf-al-aqidi/profil/spieler/886183,https://img.a.transfermarkt.technology/portrait/header/886183-1685035404.PNG?lm=1,real_wc2026_squads_transfermarkt_openfootball,2026-06-02
Ali Majrashi,Saudi Arabia,Al-Ahli Saudi Football Club,saudi-pro-league,26,Full-back,2,DF,"October 2, 1999",20,0,True,672391.0,Al-Ahli Saudi Football Club,SA1,Right-Back,right,169.0,,,https://www.transfermarkt.co.uk/ali-majrashi/profil/spieler/672391,https://img.a.transfermarkt.technology/portrait/header/672391-1705422198.jpg?lm=1,real_wc2026_squads_transfermarkt_openfootball,2026-06-02
Ali Lajami,Saudi Arabia,Al-Hilal Saudi Football Club,saudi-pro-league,30,Centre-back,3,DF,"April 24, 1996",20,1,True,264909.0,Al-Hilal Saudi Football Club,SA1,Centre-Back,right,178.0,,,https://www.transfermarkt.co.uk/ali-lajami/profil/spieler/264909,https://img.a.transfermarkt.technology/portrait/header/264909-1685034200.PNG?lm=1,real_wc2026_squads_transfermarkt_openfootball,2026-06-02
Abdulelah Al-Amri,Saudi Arabia,Al-Nassr Football Club,saudi-pro-league,29,Centre-back,4,DF,"January 15, 1997",41,1,True,509894.0,Al-Nassr Football Club,SA1,Centre-Back,right,183.0,,,https://www.transfermarkt.co.uk/abdulelah-al-amri/profil/spieler/509894,https://img.a.transfermarkt.technology/portrait/header/509894-1685033914.PNG?lm=1,real_wc2026_squads_transfermarkt_openfootball,2026-06-02
Hassan Al-Tambakti,Saudi Arabia,Al-Hilal Saudi Football Club,saudi-pro-league,27,Centre-back,5,DF,"February 9, 1999",51,0,True,509897.0,Al-Hilal Saudi Football Club,SA1,Centre-Back,right,183.0,,,https://www.transfermarkt.co.uk/hassan-tambakti/profil/spieler/509897,https://img.a.transfermarkt.technology/portrait/header/509897-1697052892.png?lm=1,real_wc2026_squads_transfermarkt_openfootball,2026-06-02
Nasser Al-Dawsari,Saudi Arabia,Al-Hilal Saudi Football Club,saudi-pro-league,27,Central midfielder,6,MF,"December 19, 1998",42,0,True,509911.0,Al-Hilal Saudi Football Club,SA1,Central Midfield,left,178.0,,,https://www.transfermarkt.co.uk/nasser-al-dawsari/profil/spieler/509911,https://img.a.transfermarkt.technology/portrait/header/509911-1697051477.png?lm=1,real_wc2026_squads_transfermarkt_openfootball,2026-06-02
Musab Al-Juwayr,Saudi Arabia,Al-Qadsiah Saudi Football Club,saudi-pro-league,22,Central midfielder,7,MF,"June 20, 2003",33,6,True,901181.0,Al-Qadsiah Saudi Football Club,SA1,Central Midfield,right,178.0,,,https://www.transfermarkt.co.uk/musab-al-juwayr/profil/spieler/901181,https://img.a.transfermarkt.technology/portrait/header/901181-1697052286.png?lm=1,real_wc2026_squads_transfermarkt_openfootball,2026-06-02
Ayman Yahya,Saudi Arabia,Al-Nassr Football Club,saudi-pro-league,25,Full-back,8,FW,"May 14, 2001",25,0,True,735815.0,Al-Nassr Football Club,SA1,Left-Back,,168.0,,,https://www.transfermarkt.co.uk/ayman-yahya/profil/spieler/735815,https://img.a.transfermarkt.technology/portrait/header/735815-1685034359.PNG?lm=1,real_wc2026_squads_transfermarkt_openfootball,2026-06-02
Firas Al-Buraikan,Saudi Arabia,Al-Ahli Saudi Football Club,saudi-pro-league,26,Forward,9,FW,"May 14, 2000",69,15,True,631922.0,Al-Ahli Saudi Football Club,SA1,Centre-Forward,left,181.0,,,https://www.transfermarkt.co.uk/firas-al-buraikan/profil/spieler/631922,https://img.a.transfermarkt.technology/portrait/header/631922-1669121494.jpg?lm=1,real_wc2026_squads_transfermarkt_openfootball,2026-06-02
Salem Al-Dawsari,Saudi Arabia,Al-Hilal Saudi Football Club,saudi-pro-league,34,Winger,10,FW,"August 19, 1991",108,26,True,195332.0,Al-Hilal Saudi Football Club,SA1,Left Winger,right,171.0,,,https://www.transfermarkt.co.uk/salem-al-dawsari/profil/spieler/195332,https://img.a.transfermarkt.technology/portrait/header/195332-1697051935.png?lm=1,real_wc2026_squads_transfermarkt_openfootball,2026-06-02
Saleh Al-Shehri,Saudi Arabia,Al-Ittihad Football Club,saudi-pro-league,32,Forward,11,FW,"November 1, 1993",55,18,True,242267.0,Al-Ittihad Football Club,SA1,Centre-Forward,right,184.0,,,https://www.transfermarkt.co.uk/saleh-al-shehri/profil/spieler/242267,https://img.a.transfermarkt.technology/portrait/header/242267-1697051090.png?lm=1,real_wc2026_squads_transfermarkt_openfootball,2026-06-02
Saud Abdulhamid,Saudi Arabia,Racing Club de Lens,ligue-1,26,Full-back,12,DF,"July 18, 1999",53,1,True,631927.0,Racing Club de Lens,FR1,Right-Back,right,175.0,,,https://www.transfermarkt.co.uk/saud-abdulhamid/profil/spieler/631927,https://img.a.transfermarkt.technology/portrait/header/631927-1730124451.jpg?lm=1,real_wc2026_squads_transfermarkt_openfootball,2026-06-02
Nawaf Boushal,Saudi Arabia,Al-Nassr Football Club,saudi-pro-league,26,Full-back,13,DF,"September 16, 1999",24,0,True,821377.0,Al-Nassr Football Club,SA1,Right-Back,right,178.0,,,https://www.transfermarkt.co.uk/nawaf-boushal/profil/spieler/821377,https://img.a.transfermarkt.technology/portrait/header/821377-1685035434.png?lm=1,real_wc2026_squads_transfermarkt_openfootball,2026-06-02
Hassan Kadesh,Saudi Arabia,Al-Ittihad Football Club,saudi-pro-league,33,Full-back,14,DF,"September 26, 1992",19,2,True,260859.0,Al-Ittihad Football Club,SA1,Left-Back,left,179.0,,,https://www.transfermarkt.co.uk/hassan-kadesh/profil/spieler/260859,https://img.a.transfermarkt.technology/portrait/header/260859-1703280060.png?lm=1,real_wc2026_squads_transfermarkt_openfootball,2026-06-02
Abdullah Al-Khaibari,Saudi Arabia,Al-Nassr Football Club,saudi-pro-league,29,Defensive midfielder,15,MF,"August 16, 1996",38,0,True,437903.0,Al-Nassr Football Club,SA1,Defensive Midfield,right,178.0,,,https://www.transfermarkt.co.uk/abdullah-al-khaibari/profil/spieler/437903,https://img.a.transfermarkt.technology/portrait/header/437903-1685033951.PNG?lm=1,real_wc2026_squads_transfermarkt_openfootball,2026-06-02
Ziyad Al-Johani,Saudi Arabia,Al-Ahli Saudi Football Club,saudi-pro-league,24,Defensive midfielder,16,MF,"November 11, 2001",11,0,True,901079.0,Al-Ahli Saudi Football Club,SA1,Defensive Midfield,left,180.0,,,https://www.transfermarkt.co.uk/ziyad-al-johani/profil/spieler/901079,https://img.a.transfermarkt.technology/portrait/header/901079-1749200517.jpg?lm=1,real_wc2026_squads_transfermarkt_openfootball,2026-06-02
Khalid Al-Ghannam,Saudi Arabia,Al-Ettifaq Football Club,saudi-pro-league,25,Winger,17,FW,"November 8, 2000",5,0,True,631923.0,Al-Ettifaq Football Club,SA1,Left Winger,right,171.0,,,https://www.transfermarkt.co.uk/khalid-al-ghannam/profil/spieler/631923,https://img.a.transfermarkt.technology/portrait/header/631923-1680950653.JPG?lm=1,real_wc2026_squads_transfermarkt_openfootball,2026-06-02
Alaa Al-Hejji,Saudi Arabia,Neom Sports Club,saudi-pro-league,30,Central midfielder,18,MF,"December 3, 1995",1,0,True,443937.0,Neom Sports Club,SA1,Central Midfield,right,173.0,,,https://www.transfermarkt.co.uk/alaa-hejji/profil/spieler/443937,https://img.a.transfermarkt.technology/portrait/header/443937-1685533107.JPG?lm=1,real_wc2026_squads_transfermarkt_openfootball,2026-06-02
Abdullah Al-Hamdan,Saudi Arabia,Al-Nassr Football Club,saudi-pro-league,26,Forward,19,FW,"September 13, 1999",48,11,True,68626.0,Al-Nassr Football Club,SA1,Centre-Forward,,184.0,,,https://www.transfermarkt.co.uk/abdullah-al-hamdan/profil/spieler/68626,https://img.a.transfermarkt.technology/portrait/header/68626-1697051244.png?lm=1,real_wc2026_squads_transfermarkt_openfootball,2026-06-02
Sultan Mandash,Saudi Arabia,Al-Hilal Saudi Football Club,saudi-pro-league,31,Winger,20,FW,"October 17, 1994",5,1,True,210349.0,Al-Hilal Saudi Football Club,SA1,Right Winger,left,172.0,,,https://www.transfermarkt.co.uk/sultan-mandash/profil/spieler/210349,https://img.a.transfermarkt.technology/portrait/header/210349-1697280616.png?lm=1,real_wc2026_squads_transfermarkt_openfootball,2026-06-02
Mohammed Al-Owais,Saudi Arabia,Al-Hilal Saudi Football Club,saudi-pro-league,34,Goalkeeper,21,GK,"October 10, 1991",63,0,True,262845.0,Al-Hilal Saudi Football Club,SA1,Goalkeeper,left,185.0,,,https://www.transfermarkt.co.uk/mohammed-al-owais/profil/spieler/262845,https://img.a.transfermarkt.technology/portrait/header/262845-1697051570.png?lm=1,real_wc2026_squads_transfermarkt_openfootball,2026-06-02
Ahmed Al-Kassar,Saudi Arabia,Al-Qadsiah Saudi Football Club,saudi-pro-league,35,Goalkeeper,22,GK,"May 8, 1991",8,0,True,177956.0,Al-Qadsiah Saudi Football Club,SA1,Goalkeeper,right,179.0,,,https://www.transfermarkt.co.uk/ahmed-al-kassar/profil/spieler/177956,https://img.a.transfermarkt.technology/portrait/header/177956-1697280635.png?lm=1,real_wc2026_squads_transfermarkt_openfootball,2026-06-02
Mohamed Kanno,Saudi Arabia,Al-Hilal Saudi Football Club,saudi-pro-league,31,Central midfielder,23,MF,"September 22, 1994",75,8,True,308120.0,Al-Hilal Saudi Football Club,SA1,Central Midfield,right,192.0,,,https://www.transfermarkt.co.uk/mohamed-kanno/profil/spieler/308120,https://img.a.transfermarkt.technology/portrait/header/308120-1697051841.png?lm=1,real_wc2026_squads_transfermarkt_openfootball,2026-06-02
Moteb Al-Harbi,Saudi Arabia,Al-Hilal Saudi Football Club,saudi-pro-league,26,Full-back,24,DF,"February 20, 2000",11,0,True,869509.0,Al-Hilal Saudi Football Club,SA1,Left-Back,left,173.0,,,https://www.transfermarkt.co.uk/moteb-al-harbi/profil/spieler/869509,https://img.a.transfermarkt.technology/portrait/header/869509-1685911461.jpg?lm=1,real_wc2026_squads_transfermarkt_openfootball,2026-06-02
Jehad Thakri,Saudi Arabia,Al-Qadsiah Saudi Football Club,saudi-pro-league,24,Centre-back,25,DF,"July 21, 2001",6,0,True,901334.0,Al-Qadsiah Saudi Football Club,SA1,Centre-Back,,183.0,,,https://www.transfermarkt.co.uk/jehad-thakri/profil/spieler/901334,https://img.a.transfermarkt.technology/portrait/header/901334-1698420724.JPG?lm=1,real_wc2026_squads_transfermarkt_openfootball,2026-06-02
Mohammed Abu Al-Shamat,Saudi Arabia,Al-Qadsiah Saudi Football Club,saudi-pro-league,23,Full-back,26,DF,"August 11, 2002",5,0,True,1181852.0,Al-Qadsiah Saudi Football Club,SA1,Right-Back,right,170.0,,,https://www.transfermarkt.co.uk/mohammed-abu-al-shamat/profil/spieler/1181852,https://img.a.transfermarkt.technology/portrait/header/1181852-1774859021.jpg?lm=1,real_wc2026_squads_transfermarkt_openfootball,2026-06-02
David Raya,Spain,Arsenal Football Club,premier-league,30,Goalkeeper,1,GK,"September 15, 1995",12,0,True,262749.0,Arsenal Football Club,GB1,Goalkeeper,right,183.0,,,https://www.transfermarkt.co.uk/david-raya/profil/spieler/262749,https://img.a.transfermarkt.technology/portrait/header/262749-1668168018.jpg?lm=1,real_wc2026_squads_transfermarkt_openfootball,2026-06-02
Marc Pubill,Spain,Club Atlético de Madrid S.A.D.,laliga,22,Centre-back,2,DF,"June 20, 2003",0,0,True,844637.0,Club Atlético de Madrid S.A.D.,ES1,Centre-Back,right,190.0,,,https://www.transfermarkt.co.uk/marc-pubill/profil/spieler/844637,https://img.a.transfermarkt.technology/portrait/header/844637-1779789749.jpg?lm=1,real_wc2026_squads_transfermarkt_openfootball,2026-06-02
Álex Grimaldo,Spain,Bayer 04 Leverkusen Fußball,bundesliga,30,Full-back,3,DF,"September 20, 1995",12,0,True,193082.0,Bayer 04 Leverkusen Fußball,L1,Left-Back,left,171.0,,,https://www.transfermarkt.co.uk/alejandro-grimaldo/profil/spieler/193082,https://img.a.transfermarkt.technology/portrait/header/193082-1689710805.jpg?lm=1,real_wc2026_squads_transfermarkt_openfootball,2026-06-02
Eric García,Spain,Futbol Club Barcelona,laliga,25,Centre-back,4,DF,"January 9, 2001",19,0,True,466794.0,Futbol Club Barcelona,ES1,Centre-Back,right,182.0,,,https://www.transfermarkt.co.uk/eric-garcia/profil/spieler/466794,https://img.a.transfermarkt.technology/portrait/header/466794-1693604801.jpg?lm=1,real_wc2026_squads_transfermarkt_openfootball,2026-06-02
Marcos Llorente,Spain,Club Atlético de Madrid S.A.D.,laliga,31,Full-back,5,DF,"January 30, 1995",23,0,True,282411.0,Club Atlético de Madrid S.A.D.,ES1,Right-Back,right,184.0,,,https://www.transfermarkt.co.uk/marcos-llorente/profil/spieler/282411,https://img.a.transfermarkt.technology/portrait/header/282411-1773182531.jpg?lm=1,real_wc2026_squads_transfermarkt_openfootball,2026-06-02
Mikel Merino,Spain,Arsenal Football Club,premier-league,29,Central midfielder,6,MF,"June 22, 1996",41,10,True,338424.0,Arsenal Football Club,GB1,Central Midfield,left,189.0,,,https://www.transfermarkt.co.uk/mikel-merino/profil/spieler/338424,https://img.a.transfermarkt.technology/portrait/header/338424-1716803831.jpg?lm=1,real_wc2026_squads_transfermarkt_openfootball,2026-06-02
Ferran Torres,Spain,Futbol Club Barcelona,laliga,26,Forward,7,FW,"February 29, 2000",55,23,True,398184.0,Futbol Club Barcelona,ES1,Centre-Forward,right,182.0,,,https://www.transfermarkt.co.uk/ferran-torres/profil/spieler/398184,https://img.a.transfermarkt.technology/portrait/header/398184-1779789996.jpg?lm=1,real_wc2026_squads_transfermarkt_openfootball,2026-06-02
Fabián Ruiz,Spain,Paris Saint-Germain Football Club,ligue-1,30,Central midfielder,8,MF,"April 3, 1996",41,6,True,350219.0,Paris Saint-Germain Football Club,FR1,Central Midfield,left,189.0,,,https://www.transfermarkt.co.uk/fabian-ruiz/profil/spieler/350219,https://img.a.transfermarkt.technology/portrait/header/350219-1718958379.jpg?lm=1,real_wc2026_squads_transfermarkt_openfootball,2026-06-02
Gavi,Spain,Futbol Club Barcelona,laliga,21,Central midfielder,9,MF,"August 5, 2004",28,5,True,646740.0,Futbol Club Barcelona,ES1,Central Midfield,right,173.0,,,https://www.transfermarkt.co.uk/gavi/profil/spieler/646740,https://img.a.transfermarkt.technology/portrait/header/646740-1682685701.jpg?lm=1,real_wc2026_squads_transfermarkt_openfootball,2026-06-02
Dani Olmo,Spain,Futbol Club Barcelona,laliga,28,Attacking midfielder,10,FW,"May 7, 1998",48,12,True,293385.0,Futbol Club Barcelona,ES1,Attacking Midfield,right,179.0,,,https://www.transfermarkt.co.uk/dani-olmo/profil/spieler/293385,https://img.a.transfermarkt.technology/portrait/header/293385-1711546268.jpg?lm=1,real_wc2026_squads_transfermarkt_openfootball,2026-06-02
Yéremy Pino,Spain,Crystal Palace Football Club,premier-league,23,Winger,11,FW,"October 20, 2002",21,4,True,568157.0,Crystal Palace Football Club,GB1,Right Winger,right,172.0,,,https://www.transfermarkt.co.uk/yeremy-pino/profil/spieler/568157,https://img.a.transfermarkt.technology/portrait/header/568157-1686664370.jpg?lm=1,real_wc2026_squads_transfermarkt_openfootball,2026-06-02
Pedro Porro,Spain,Tottenham Hotspur Football Club,premier-league,26,Full-back,12,DF,"September 13, 1999",16,0,True,553875.0,Tottenham Hotspur Football Club,GB1,Right-Back,right,173.0,,,https://www.transfermarkt.co.uk/pedro-porro/profil/spieler/553875,https://img.a.transfermarkt.technology/portrait/header/553875-1730812390.jpg?lm=1,real_wc2026_squads_transfermarkt_openfootball,2026-06-02
Joan Garcia,Spain,Futbol Club Barcelona,laliga,25,Goalkeeper,13,GK,"May 4, 2001",1,0,True,561613.0,Futbol Club Barcelona,ES1,Goalkeeper,right,194.0,,,https://www.transfermarkt.co.uk/joan-garcia/profil/spieler/561613,https://img.a.transfermarkt.technology/portrait/header/561613-1747386081.jpg?lm=1,real_wc2026_squads_transfermarkt_openfootball,2026-06-02
Aymeric Laporte,Spain,Athletic Club Bilbao,laliga,32,Centre-back,14,DF,"May 27, 1994",44,2,True,176553.0,Athletic Club Bilbao,ES1,Centre-Back,left,191.0,,,https://www.transfermarkt.co.uk/aymeric-laporte/profil/spieler/176553,https://img.a.transfermarkt.technology/portrait/header/176553-1685546335.jpg?lm=1,real_wc2026_squads_transfermarkt_openfootball,2026-06-02
Álex Baena,Spain,Club Atlético de Madrid S.A.D.,laliga,24,Winger,15,MF,"July 20, 2001",15,2,True,548111.0,Club Atlético de Madrid S.A.D.,ES1,Left Winger,right,174.0,,,https://www.transfermarkt.co.uk/alex-baena/profil/spieler/548111,https://img.a.transfermarkt.technology/portrait/header/548111-1761821030.jpg?lm=1,real_wc2026_squads_transfermarkt_openfootball,2026-06-02
Rodri,Spain,Manchester City Football Club,premier-league,29,Defensive midfielder,16,MF,"June 22, 1996",61,4,True,357565.0,Manchester City Football Club,GB1,Defensive Midfield,right,191.0,,,https://www.transfermarkt.co.uk/rodri/profil/spieler/357565,https://img.a.transfermarkt.technology/portrait/header/357565-1682587890.jpg?lm=1,real_wc2026_squads_transfermarkt_openfootball,2026-06-02
Nico Williams,Spain,Athletic Club Bilbao,laliga,23,Winger,17,FW,"July 12, 2002",30,6,True,709187.0,Athletic Club Bilbao,ES1,Left Winger,right,181.0,,,https://www.transfermarkt.co.uk/nico-williams/profil/spieler/709187,https://img.a.transfermarkt.technology/portrait/header/709187-1709676169.png?lm=1,real_wc2026_squads_transfermarkt_openfootball,2026-06-02
Martín Zubimendi,Spain,Arsenal Football Club,premier-league,27,Defensive midfielder,18,MF,"February 2, 1999",25,3,True,423440.0,Arsenal Football Club,GB1,Defensive Midfield,right,181.0,,,https://www.transfermarkt.co.uk/martin-zubimendi/profil/spieler/423440,https://img.a.transfermarkt.technology/portrait/header/423440-1684149419.jpg?lm=1,real_wc2026_squads_transfermarkt_openfootball,2026-06-02
Lamine Yamal,Spain,Futbol Club Barcelona,laliga,18,Winger,19,FW,"July 13, 2007",25,6,True,937958.0,Futbol Club Barcelona,ES1,Right Winger,left,180.0,,,https://www.transfermarkt.co.uk/lamine-yamal/profil/spieler/937958,https://img.a.transfermarkt.technology/portrait/header/937958-1773173768.jpg?lm=1,real_wc2026_squads_transfermarkt_openfootball,2026-06-02
Pedri,Spain,Futbol Club Barcelona,laliga,23,Central midfielder,20,MF,"November 25, 2002",40,5,True,683840.0,Futbol Club Barcelona,ES1,Central Midfield,right,174.0,,,https://www.transfermarkt.co.uk/pedri/profil/spieler/683840,https://img.a.transfermarkt.technology/portrait/header/683840-1744278342.jpg?lm=1,real_wc2026_squads_transfermarkt_openfootball,2026-06-02
Mikel Oyarzabal,Spain,Real Sociedad de Fútbol S.A.D.,laliga,29,Forward,21,FW,"April 21, 1997",52,24,True,351478.0,Real Sociedad de Fútbol S.A.D.,ES1,Centre-Forward,left,181.0,,,https://www.transfermarkt.co.uk/mikel-oyarzabal/profil/spieler/351478,https://img.a.transfermarkt.technology/portrait/header/351478-1749415304.jpg?lm=1,real_wc2026_squads_transfermarkt_openfootball,2026-06-02
Pau Cubarsí,Spain,Futbol Club Barcelona,laliga,19,Centre-back,22,DF,"January 22, 2007",11,0,True,962110.0,Futbol Club Barcelona,ES1,Centre-Back,right,184.0,,,https://www.transfermarkt.co.uk/pau-cubarsi/profil/spieler/962110,https://img.a.transfermarkt.technology/portrait/header/962110-1712779232.jpg?lm=1,real_wc2026_squads_transfermarkt_openfootball,2026-06-02
Unai Simón,Spain,Athletic Club Bilbao,laliga,29,Goalkeeper,23,GK,"June 11, 1997",57,0,True,262396.0,Athletic Club Bilbao,ES1,Goalkeeper,right,190.0,,,https://www.transfermarkt.co.uk/unai-simon/profil/spieler/262396,https://img.a.transfermarkt.technology/portrait/header/262396-1709674901.png?lm=1,real_wc2026_squads_transfermarkt_openfootball,2026-06-02
Marc Cucurella,Spain,Chelsea Football Club,premier-league,27,Full-back,24,DF,"July 22, 1998",23,1,True,284857.0,Chelsea Football Club,GB1,Left-Back,left,173.0,,,https://www.transfermarkt.co.uk/marc-cucurella/profil/spieler/284857,https://img.a.transfermarkt.technology/portrait/header/284857-1765185117.jpg?lm=1,real_wc2026_squads_transfermarkt_openfootball,2026-06-02
Víctor Muñoz,Spain,Club Atlético Osasuna,laliga,22,Winger,25,FW,"July 13, 2003",2,1,True,935231.0,Club Atlético Osasuna,ES1,Left Winger,right,173.0,,,https://www.transfermarkt.co.uk/victor-munoz/profil/spieler/935231,https://img.a.transfermarkt.technology/portrait/header/935231-1747037145.jpg?lm=1,real_wc2026_squads_transfermarkt_openfootball,2026-06-02
Borja Iglesias,Spain,Real Club Celta de Vigo S. A. D.,laliga,33,Forward,26,FW,"January 17, 1993",6,0,True,278359.0,Real Club Celta de Vigo S. A. D.,ES1,Centre-Forward,right,187.0,,,https://www.transfermarkt.co.uk/borja-iglesias/profil/spieler/278359,https://img.a.transfermarkt.technology/portrait/header/278359-1686661509.jpg?lm=1,real_wc2026_squads_transfermarkt_openfootball,2026-06-02
Sergio Rochet,Uruguay,Sport Club Internacional,campeonato-brasileiro-serie-a,33,Goalkeeper,1,GK,"March 23, 1993",35,0,True,264014.0,Sport Club Internacional,BRA1,Goalkeeper,right,190.0,,,https://www.transfermarkt.co.uk/sergio-rochet/profil/spieler/264014,https://img.a.transfermarkt.technology/portrait/header/264014-1668501221.jpg?lm=1,real_wc2026_squads_transfermarkt_openfootball,2026-06-02
José María Giménez,Uruguay,Club Atlético de Madrid S.A.D.,laliga,31,Centre-back,2,DF,"January 20, 1995",99,8,True,250845.0,Club Atlético de Madrid S.A.D.,ES1,Centre-Back,right,185.0,,,https://www.transfermarkt.co.uk/jose-maria-gimenez/profil/spieler/250845,https://img.a.transfermarkt.technology/portrait/header/250845-1664970029.jpg?lm=1,real_wc2026_squads_transfermarkt_openfootball,2026-06-02
Sebastián Cáceres,Uruguay,Club de Futbol América S. A. de C. V.,liga-mx-clausura,26,Centre-back,3,DF,"August 18, 1999",24,0,True,532389.0,Club de Futbol América S. A. de C. V.,MEX1,Centre-Back,right,182.0,,,https://www.transfermarkt.co.uk/sebastian-caceres/profil/spieler/532389,https://img.a.transfermarkt.technology/portrait/header/532389-1774479408.jpg?lm=1,real_wc2026_squads_transfermarkt_openfootball,2026-06-02
Ronald Araújo,Uruguay,Futbol Club Barcelona,laliga,27,Centre-back,4,DF,"March 7, 1999",27,1,True,480267.0,Futbol Club Barcelona,ES1,Centre-Back,right,192.0,,,https://www.transfermarkt.co.uk/ronald-araujo/profil/spieler/480267,https://img.a.transfermarkt.technology/portrait/header/480267-1736431980.jpg?lm=1,real_wc2026_squads_transfermarkt_openfootball,2026-06-02
Manuel Ugarte,Uruguay,Manchester United Football Club,premier-league,25,Defensive midfielder,5,MF,"April 11, 2001",36,1,True,476701.0,Manchester United Football Club,GB1,Defensive Midfield,right,182.0,,,https://www.transfermarkt.co.uk/manuel-ugarte/profil/spieler/476701,https://img.a.transfermarkt.technology/portrait/header/476701-1715107512.jpg?lm=1,real_wc2026_squads_transfermarkt_openfootball,2026-06-02
Rodrigo Bentancur,Uruguay,Tottenham Hotspur Football Club,premier-league,28,Defensive midfielder,6,MF,"June 25, 1997",74,3,True,354362.0,Tottenham Hotspur Football Club,GB1,Defensive Midfield,right,187.0,,,https://www.transfermarkt.co.uk/rodrigo-bentancur/profil/spieler/354362,https://img.a.transfermarkt.technology/portrait/header/354362-1740605779.jpg?lm=1,real_wc2026_squads_transfermarkt_openfootball,2026-06-02
Nicolás de la Cruz,Uruguay,Clube de Regatas do Flamengo,campeonato-brasileiro-serie-a,29,Central midfielder,7,MF,"June 1, 1997",34,5,True,397458.0,Clube de Regatas do Flamengo,BRA1,Central Midfield,right,167.0,,,https://www.transfermarkt.co.uk/nicolas-de-la-cruz/profil/spieler/397458,https://img.a.transfermarkt.technology/portrait/header/397458-1719565799.jpg?lm=1,real_wc2026_squads_transfermarkt_openfootball,2026-06-02
Federico Valverde,Uruguay,Real Madrid Club de Fútbol,laliga,27,Central midfielder,8,MF,"July 22, 1998",73,9,True,369081.0,Real Madrid Club de Fútbol,ES1,Central Midfield,right,182.0,,,https://www.transfermarkt.co.uk/federico-valverde/profil/spieler/369081,https://img.a.transfermarkt.technology/portrait/header/369081-1731018042.jpg?lm=1,real_wc2026_squads_transfermarkt_openfootball,2026-06-02
Darwin Núñez,Uruguay,Al-Hilal Saudi Football Club,saudi-pro-league,26,Forward,9,FW,"June 24, 1999",38,13,True,546543.0,Al-Hilal Saudi Football Club,SA1,Centre-Forward,right,187.0,,,https://www.transfermarkt.co.uk/darwin-nunez/profil/spieler/546543,https://img.a.transfermarkt.technology/portrait/header/546543-1681827179.jpg?lm=1,real_wc2026_squads_transfermarkt_openfootball,2026-06-02
Giorgian de Arrascaeta,Uruguay,Clube de Regatas do Flamengo,campeonato-brasileiro-serie-a,32,Attacking midfielder,10,MF,"June 1, 1994",60,13,True,248410.0,Clube de Regatas do Flamengo,BRA1,Attacking Midfield,right,174.0,,,https://www.transfermarkt.co.uk/giorgian-de-arrascaeta/profil/spieler/248410,https://img.a.transfermarkt.technology/portrait/header/248410-1668501457.jpg?lm=1,real_wc2026_squads_transfermarkt_openfootball,2026-06-02
Facundo Pellistri,Uruguay,Panathinaikos Athlitikos Omilos,super-league-1,24,Winger,11,FW,"December 20, 2001",39,2,True,676318.0,Panathinaikos Athlitikos Omilos,GR1,Right Winger,right,175.0,,,https://www.transfermarkt.co.uk/facundo-pellistri/profil/spieler/676318,https://img.a.transfermarkt.technology/portrait/header/676318-1756043624.png?lm=1,real_wc2026_squads_transfermarkt_openfootball,2026-06-02
Santiago Mele,Uruguay,Club de Fútbol Monterrey Rayados A.C.,liga-mx-clausura,28,Goalkeeper,12,GK,"September 6, 1997",8,0,True,320739.0,Club de Fútbol Monterrey Rayados A.C.,MEX1,Goalkeeper,right,184.0,,,https://www.transfermarkt.co.uk/santiago-mele/profil/spieler/320739,https://img.a.transfermarkt.technology/portrait/header/320739-1766446350.jpg?lm=1,real_wc2026_squads_transfermarkt_openfootball,2026-06-02
Guillermo Varela,Uruguay,Clube de Regatas do Flamengo,campeonato-brasileiro-serie-a,33,Full-back,13,DF,"March 24, 1993",28,0,True,188862.0,Clube de Regatas do Flamengo,BRA1,Right-Back,right,173.0,,,https://www.transfermarkt.co.uk/guillermo-varela/profil/spieler/188862,https://img.a.transfermarkt.technology/portrait/header/188862-1770771666.jpg?lm=1,real_wc2026_squads_transfermarkt_openfootball,2026-06-02
Agustín Canobbio,Uruguay,Fluminense Football Club,campeonato-brasileiro-serie-a,27,Winger,14,MF,"October 1, 1998",15,1,True,457533.0,Fluminense Football Club,BRA1,Left Winger,right,175.0,,,https://www.transfermarkt.co.uk/agustin-canobbio/profil/spieler/457533,https://img.a.transfermarkt.technology/portrait/header/457533-1713630231.jpg?lm=1,real_wc2026_squads_transfermarkt_openfootball,2026-06-02
Emiliano Martínez,Uruguay,Sociedade Esportiva Palmeiras,campeonato-brasileiro-serie-a,26,Defensive midfielder,15,MF,"August 17, 1999",10,0,True,707447.0,Sociedade Esportiva Palmeiras,BRA1,Defensive Midfield,right,185.0,,,https://www.transfermarkt.co.uk/emiliano-martinez/profil/spieler/707447,https://img.a.transfermarkt.technology/portrait/header/707447-1720681061.jpg?lm=1,real_wc2026_squads_transfermarkt_openfootball,2026-06-02
Mathías Olivera,Uruguay,Società Sportiva Calcio Napoli,serie-a,28,Full-back,16,DF,"October 31, 1997",35,2,True,376514.0,Società Sportiva Calcio Napoli,IT1,Left-Back,left,185.0,,,https://www.transfermarkt.co.uk/mathias-olivera/profil/spieler/376514,https://img.a.transfermarkt.technology/portrait/header/376514-1681910576.jpg?lm=1,real_wc2026_squads_transfermarkt_openfootball,2026-06-02
Matías Viña,Uruguay,Club Atlético River Plate,torneo-apertura,28,Full-back,17,DF,"November 9, 1997",43,1,True,439072.0,Club Atlético River Plate,ARG1,Left-Back,left,180.0,,,https://www.transfermarkt.co.uk/matias-vina/profil/spieler/439072,https://img.a.transfermarkt.technology/portrait/header/439072-1663581362.jpg?lm=1,real_wc2026_squads_transfermarkt_openfootball,2026-06-02
Brian Rodríguez,Uruguay,Club de Futbol América S. A. de C. V.,liga-mx-clausura,26,Winger,18,FW,"May 20, 2000",32,4,True,465818.0,Club de Futbol América S. A. de C. V.,MEX1,Left Winger,right,176.0,,,https://www.transfermarkt.co.uk/brian-rodriguez/profil/spieler/465818,https://img.a.transfermarkt.technology/portrait/header/465818-1646496779.jpg?lm=1,real_wc2026_squads_transfermarkt_openfootball,2026-06-02
Rodrigo Aguirre,Uruguay,Club Tigres UANL Sinergia Deportiva S.A. de C.V.,liga-mx-clausura,31,Forward,19,FW,"October 1, 1994",10,3,True,189410.0,Club Tigres UANL Sinergia Deportiva S.A. de C.V.,MEX1,Centre-Forward,left,182.0,,,https://www.transfermarkt.co.uk/rodrigo-aguirre/profil/spieler/189410,https://img.a.transfermarkt.technology/portrait/header/189410-1449133224.jpg?lm=1,real_wc2026_squads_transfermarkt_openfootball,2026-06-02
Maximiliano Araújo,Uruguay,Sporting Clube de Portugal,liga-portugal,26,Full-back,20,MF,"February 15, 2000",28,3,True,572675.0,Sporting Clube de Portugal,PO1,Left-Back,left,179.0,,,https://www.transfermarkt.co.uk/maxi-araujo/profil/spieler/572675,https://img.a.transfermarkt.technology/portrait/header/572675-1773786535.jpg?lm=1,real_wc2026_squads_transfermarkt_openfootball,2026-06-02
Federico Viñas,Uruguay,Real Oviedo S.A.D.,laliga,27,Forward,21,FW,"June 30, 1998",11,2,True,578419.0,Real Oviedo S.A.D.,ES1,Centre-Forward,left,182.0,,,https://www.transfermarkt.co.uk/federico-vinas/profil/spieler/578419,https://img.a.transfermarkt.technology/portrait/header/578419-1763542136.jpg?lm=1,real_wc2026_squads_transfermarkt_openfootball,2026-06-02
Joaquín Piquerez,Uruguay,Sociedade Esportiva Palmeiras,campeonato-brasileiro-serie-a,27,Full-back,22,MF,"August 24, 1998",19,0,True,496268.0,Sociedade Esportiva Palmeiras,BRA1,Left-Back,left,184.0,,,https://www.transfermarkt.co.uk/joaquin-piquerez/profil/spieler/496268,https://img.a.transfermarkt.technology/portrait/header/496268-1706144655.jpg?lm=1,real_wc2026_squads_transfermarkt_openfootball,2026-06-02
Fernando Muslera,Uruguay,Club Estudiantes de La Plata,torneo-apertura,39,Goalkeeper,23,GK,"June 16, 1986",134,0,True,58088.0,Club Estudiantes de La Plata,ARG1,Goalkeeper,right,190.0,,,https://www.transfermarkt.co.uk/fernando-muslera/profil/spieler/58088,https://img.a.transfermarkt.technology/portrait/header/58088-1671035581.png?lm=1,real_wc2026_squads_transfermarkt_openfootball,2026-06-02
Santiago Bueno,Uruguay,Wolverhampton Wanderers Football Club,premier-league,27,Centre-back,24,DF,"November 9, 1998",8,0,True,438001.0,Wolverhampton Wanderers Football Club,GB1,Centre-Back,right,190.0,,,https://www.transfermarkt.co.uk/santiago-bueno/profil/spieler/438001,https://img.a.transfermarkt.technology/portrait/header/438001-1738823992.jpg?lm=1,real_wc2026_squads_transfermarkt_openfootball,2026-06-02
Juan Manuel Sanabria,Uruguay,Real Salt Lake,major-league-soccer,26,Full-back,25,MF,"March 29, 2000",5,1,True,446106.0,Real Salt Lake,MLS1,Left-Back,left,172.0,,,https://www.transfermarkt.co.uk/juan-manuel-sanabria/profil/spieler/446106,https://img.a.transfermarkt.technology/portrait/header/446106-1771718886.jpg?lm=1,real_wc2026_squads_transfermarkt_openfootball,2026-06-02
Rodrigo Zalazar,Uruguay,Sporting Clube de Braga,liga-portugal,26,Attacking midfielder,26,MF,"August 12, 1999",8,2,True,606752.0,Sporting Clube de Braga,PO1,Attacking Midfield,right,178.0,,,https://www.transfermarkt.co.uk/rodrigo-zalazar/profil/spieler/606752,https://img.a.transfermarkt.technology/portrait/header/606752-1771936397.png?lm=1,real_wc2026_squads_transfermarkt_openfootball,2026-06-02
Brice Samba,France,Stade Rennais Football Club,ligue-1,32,Goalkeeper,1,GK,"April 25, 1994",4,0,True,191056.0,Stade Rennais Football Club,FR1,Goalkeeper,left,187.0,,,https://www.transfermarkt.co.uk/brice-samba/profil/spieler/191056,https://img.a.transfermarkt.technology/portrait/header/191056-1602242038.jpg?lm=1,real_wc2026_squads_transfermarkt_openfootball,2026-06-02
Malo Gusto,France,Chelsea Football Club,premier-league,23,Full-back,2,DF,"May 19, 2003",9,0,True,620322.0,Chelsea Football Club,GB1,Right-Back,right,178.0,,,https://www.transfermarkt.co.uk/malo-gusto/profil/spieler/620322,https://img.a.transfermarkt.technology/portrait/header/620322-1752061866.jpg?lm=1,real_wc2026_squads_transfermarkt_openfootball,2026-06-02
Lucas Digne,France,Aston Villa Football Club,premier-league,32,Full-back,3,DF,"July 20, 1993",56,0,True,126664.0,Aston Villa Football Club,GB1,Left-Back,left,178.0,,,https://www.transfermarkt.co.uk/lucas-digne/profil/spieler/126664,https://img.a.transfermarkt.technology/portrait/header/126664-1736160616.jpg?lm=1,real_wc2026_squads_transfermarkt_openfootball,2026-06-02
Dayot Upamecano,France,FC Bayern München,bundesliga,27,Centre-back,4,DF,"October 27, 1998",36,2,True,344695.0,FC Bayern München,L1,Centre-Back,right,186.0,,,https://www.transfermarkt.co.uk/dayot-upamecano/profil/spieler/344695,https://img.a.transfermarkt.technology/portrait/header/344695-1701245272.jpg?lm=1,real_wc2026_squads_transfermarkt_openfootball,2026-06-02
Jules Koundé,France,Futbol Club Barcelona,laliga,27,Full-back,5,DF,"November 12, 1998",46,0,True,411975.0,Futbol Club Barcelona,ES1,Right-Back,right,180.0,,,https://www.transfermarkt.co.uk/jules-kounde/profil/spieler/411975,https://img.a.transfermarkt.technology/portrait/header/411975-1702502639.jpg?lm=1,real_wc2026_squads_transfermarkt_openfootball,2026-06-02
Manu Koné,France,Associazione Sportiva Roma,serie-a,25,Central midfielder,6,MF,"May 17, 2001",12,0,True,624690.0,Associazione Sportiva Roma,IT1,Central Midfield,right,185.0,,,https://www.transfermarkt.co.uk/manu-kone/profil/spieler/624690,https://img.a.transfermarkt.technology/portrait/header/624690-1757931309.jpg?lm=1,real_wc2026_squads_transfermarkt_openfootball,2026-06-02
Ousmane Dembélé,France,Paris Saint-Germain Football Club,ligue-1,29,Forward,7,FW,"May 15, 1997",58,7,True,288230.0,Paris Saint-Germain Football Club,FR1,Centre-Forward,both,178.0,,,https://www.transfermarkt.co.uk/ousmane-dembele/profil/spieler/288230,https://img.a.transfermarkt.technology/portrait/header/288230-1684148641.jpg?lm=1,real_wc2026_squads_transfermarkt_openfootball,2026-06-02
Aurélien Tchouaméni,France,Real Madrid Club de Fútbol,laliga,26,Defensive midfielder,8,MF,"January 27, 2000",44,3,True,413112.0,Real Madrid Club de Fútbol,ES1,Defensive Midfield,right,188.0,,,https://www.transfermarkt.co.uk/aurelien-tchouameni/profil/spieler/413112,https://img.a.transfermarkt.technology/portrait/header/413112-1668500754.jpg?lm=1,real_wc2026_squads_transfermarkt_openfootball,2026-06-02
Marcus Thuram,France,Football Club Internazionale Milano S.p.A.,serie-a,28,Forward,9,FW,"August 6, 1997",33,3,True,318528.0,Football Club Internazionale Milano S.p.A.,IT1,Centre-Forward,right,192.0,,,https://www.transfermarkt.co.uk/marcus-thuram/profil/spieler/318528,https://img.a.transfermarkt.technology/portrait/header/318528-1746041509.jpg?lm=1,real_wc2026_squads_transfermarkt_openfootball,2026-06-02
Kylian Mbappé,France,Real Madrid Club de Fútbol,laliga,27,Forward,10,FW,"December 20, 1998",96,56,True,342229.0,Real Madrid Club de Fútbol,ES1,Centre-Forward,right,180.0,,,https://www.transfermarkt.co.uk/kylian-mbappe/profil/spieler/342229,https://img.a.transfermarkt.technology/portrait/header/342229-1682683695.jpg?lm=1,real_wc2026_squads_transfermarkt_openfootball,2026-06-02
Michael Olise,France,FC Bayern München,bundesliga,24,Winger,11,FW,"December 12, 2001",15,4,True,566723.0,FC Bayern München,L1,Right Winger,left,184.0,,,https://www.transfermarkt.co.uk/michael-olise/profil/spieler/566723,https://img.a.transfermarkt.technology/portrait/header/566723-1762944477.jpg?lm=1,real_wc2026_squads_transfermarkt_openfootball,2026-06-02
Bradley Barcola,France,Paris Saint-Germain Football Club,ligue-1,23,Winger,12,FW,"September 2, 2002",18,3,True,708265.0,Paris Saint-Germain Football Club,FR1,Left Winger,right,182.0,,,https://www.transfermarkt.co.uk/bradley-barcola/profil/spieler/708265,https://img.a.transfermarkt.technology/portrait/header/708265-1780063967.jpg?lm=1,real_wc2026_squads_transfermarkt_openfootball,2026-06-02
N'Golo Kanté,France,Fenerbahçe Spor Kulübü,super-lig,35,Defensive midfielder,13,MF,"March 29, 1991",67,2,True,225083.0,Fenerbahçe Spor Kulübü,TR1,Defensive Midfield,right,168.0,,,https://www.transfermarkt.co.uk/ngolo-kante/profil/spieler/225083,https://img.a.transfermarkt.technology/portrait/header/225083-1770653003.png?lm=1,real_wc2026_squads_transfermarkt_openfootball,2026-06-02
Adrien Rabiot,France,Associazione Calcio Milan,serie-a,31,Central midfielder,14,MF,"April 3, 1995",57,7,True,182913.0,Associazione Calcio Milan,IT1,Central Midfield,left,191.0,,,https://www.transfermarkt.co.uk/adrien-rabiot/profil/spieler/182913,https://img.a.transfermarkt.technology/portrait/header/182913-1681462009.jpg?lm=1,real_wc2026_squads_transfermarkt_openfootball,2026-06-02
Ibrahima Konaté,France,Liverpool Football Club,premier-league,27,Centre-back,15,DF,"May 25, 1999",27,0,True,357119.0,Liverpool Football Club,GB1,Centre-Back,right,194.0,,,https://www.transfermarkt.co.uk/ibrahima-konate/profil/spieler/357119,https://img.a.transfermarkt.technology/portrait/header/357119-1669190550.jpg?lm=1,real_wc2026_squads_transfermarkt_openfootball,2026-06-02
Mike Maignan,France,Associazione Calcio Milan,serie-a,30,Goalkeeper,16,GK,"July 3, 1995",38,0,True,182906.0,Associazione Calcio Milan,IT1,Goalkeeper,right,191.0,,,https://www.transfermarkt.co.uk/mike-maignan/profil/spieler/182906,https://img.a.transfermarkt.technology/portrait/header/182906-1681459155.jpg?lm=1,real_wc2026_squads_transfermarkt_openfootball,2026-06-02
William Saliba,France,Arsenal Football Club,premier-league,25,Centre-back,17,DF,"March 24, 2001",31,0,True,495666.0,Arsenal Football Club,GB1,Centre-Back,right,192.0,,,https://www.transfermarkt.co.uk/william-saliba/profil/spieler/495666,https://img.a.transfermarkt.technology/portrait/header/495666-1718697201.jpg?lm=1,real_wc2026_squads_transfermarkt_openfootball,2026-06-02
Warren Zaïre-Emery,France,Paris Saint-Germain Football Club,ligue-1,20,Central midfielder,18,MF,"March 8, 2006",10,1,True,810092.0,Paris Saint-Germain Football Club,FR1,Central Midfield,right,178.0,,,https://www.transfermarkt.co.uk/warren-zaire-emery/profil/spieler/810092,https://img.a.transfermarkt.technology/portrait/header/810092-1777411744.jpg?lm=1,real_wc2026_squads_transfermarkt_openfootball,2026-06-02
Théo Hernandez,France,Al-Hilal Saudi Football Club,saudi-pro-league,28,Full-back,19,DF,"October 6, 1997",42,2,True,339808.0,Al-Hilal Saudi Football Club,SA1,Left-Back,left,184.0,,,https://www.transfermarkt.co.uk/theo-hernandez/profil/spieler/339808,https://img.a.transfermarkt.technology/portrait/header/339808-1725532072.jpg?lm=1,real_wc2026_squads_transfermarkt_openfootball,2026-06-02
Désiré Doué,France,Paris Saint-Germain Football Club,ligue-1,21,Winger,20,FW,"June 3, 2005",6,2,True,914562.0,Paris Saint-Germain Football Club,FR1,Right Winger,right,181.0,,,https://www.transfermarkt.co.uk/desire-doue/profil/spieler/914562,https://img.a.transfermarkt.technology/portrait/header/914562-1667317075.jpg?lm=1,real_wc2026_squads_transfermarkt_openfootball,2026-06-02
Lucas Hernandez,France,Paris Saint-Germain Football Club,ligue-1,30,Full-back,21,DF,"February 14, 1996",41,0,True,281963.0,Paris Saint-Germain Football Club,FR1,Left-Back,left,184.0,,,https://www.transfermarkt.co.uk/lucas-hernandez/profil/spieler/281963,https://img.a.transfermarkt.technology/portrait/header/281963-1667830435.jpg?lm=1,real_wc2026_squads_transfermarkt_openfootball,2026-06-02
Jean-Philippe Mateta,France,Crystal Palace Football Club,premier-league,28,Forward,22,FW,"June 28, 1997",3,2,True,420002.0,Crystal Palace Football Club,GB1,Centre-Forward,right,192.0,,,https://www.transfermarkt.co.uk/jean-philippe-mateta/profil/spieler/420002,https://img.a.transfermarkt.technology/portrait/header/420002-1723202650.jpg?lm=1,real_wc2026_squads_transfermarkt_openfootball,2026-06-02
Robin Risser,France,Racing Club de Lens,ligue-1,21,Goalkeeper,23,GK,"December 2, 2004",0,0,True,743515.0,Racing Club de Lens,FR1,Goalkeeper,right,193.0,,,https://www.transfermarkt.co.uk/robin-risser/profil/spieler/743515,https://img.a.transfermarkt.technology/portrait/header/743515-1732575159.png?lm=1,real_wc2026_squads_transfermarkt_openfootball,2026-06-02
Rayan Cherki,France,Manchester City Football Club,premier-league,22,Attacking midfielder,24,MF,"August 17, 2003",5,1,True,607223.0,Manchester City Football Club,GB1,Attacking Midfield,both,177.0,,,https://www.transfermarkt.co.uk/rayan-cherki/profil/spieler/607223,https://img.a.transfermarkt.technology/portrait/header/607223-1773302431.jpg?lm=1,real_wc2026_squads_transfermarkt_openfootball,2026-06-02
Maghnes Akliouche,France,Association sportive de Monaco Football Club,ligue-1,24,Winger,25,MF,"February 25, 2002",7,1,True,745200.0,Association sportive de Monaco Football Club,FR1,Right Winger,left,183.0,,,https://www.transfermarkt.co.uk/maghnes-akliouche/profil/spieler/745200,https://img.a.transfermarkt.technology/portrait/header/745200-1717406573.jpg?lm=1,real_wc2026_squads_transfermarkt_openfootball,2026-06-02
Maxence Lacroix,France,Crystal Palace Football Club,premier-league,26,Centre-back,26,DF,"April 6, 2000",2,0,True,434224.0,Crystal Palace Football Club,GB1,Centre-Back,right,190.0,,,https://www.transfermarkt.co.uk/maxence-lacroix/profil/spieler/434224,https://img.a.transfermarkt.technology/portrait/header/434224-1657202248.jpg?lm=1,real_wc2026_squads_transfermarkt_openfootball,2026-06-02
Fahad Talib,Iraq,Al-Talaba,Unknown,31,Goalkeeper,1,GK,"October 21, 1994",21,0,True,377268.0,,,Goalkeeper,,193.0,Iraq,AFC,https://www.transfermarkt.co.uk/fahad-talib/profil/spieler/377268,https://img.a.transfermarkt.technology/portrait/header/377268-1705016778.png?lm=1,real_wc2026_squads_transfermarkt_openfootball,2026-06-02
Rebin Sulaka,Iraq,Port,Unknown,34,Centre-back,2,DF,"April 12, 1992",54,1,True,217073.0,,,Centre-Back,right,192.0,Iraq,AFC,https://www.transfermarkt.co.uk/rebin-sulaka/profil/spieler/217073,https://img.a.transfermarkt.technology/portrait/header/217073-1728051145.png?lm=1,real_wc2026_squads_transfermarkt_openfootball,2026-06-02
Hussein Ali,Iraq,Pogoń Szczecin,Unknown,24,Winger,3,DF,"March 1, 2002",25,1,True,535744.0,,,Left Winger,right,163.0,Iraq,AFC,https://www.transfermarkt.co.uk/hussein-ali/profil/spieler/535744,https://img.a.transfermarkt.technology/portrait/header/535744-1730810042.png?lm=1,real_wc2026_squads_transfermarkt_openfootball,2026-06-02
Zaid Tahseen,Iraq,Pakhtakor,Unknown,25,Centre-back,4,DF,"January 29, 2001",26,1,True,931147.0,,,Centre-Back,,187.0,Iraq,AFC,https://www.transfermarkt.co.uk/zaid-tahseen/profil/spieler/931147,https://img.a.transfermarkt.technology/portrait/header/931147-1759064522.png?lm=1,real_wc2026_squads_transfermarkt_openfootball,2026-06-02
Akam Hashim,Iraq,Al-Zawraa,Unknown,27,Centre-back,5,DF,"August 16, 1998",12,1,True,933541.0,,,Centre-Back,left,186.0,Iraq,AFC,https://www.transfermarkt.co.uk/akam-hashem/profil/spieler/933541,https://img.a.transfermarkt.technology/portrait/header/933541-1705017331.png?lm=1,real_wc2026_squads_transfermarkt_openfootball,2026-06-02
Manaf Younis,Iraq,Al-Shorta,Unknown,29,Centre-back,6,DF,"November 16, 1996",32,1,True,945266.0,,,Centre-Back,right,190.0,Iraq,AFC,https://www.transfermarkt.co.uk/manaf-younis/profil/spieler/945266,https://img.a.transfermarkt.technology/portrait/header/945266-1730751366.png?lm=1,real_wc2026_squads_transfermarkt_openfootball,2026-06-02
Youssef Amyn,Iraq,AEK Larnaca,Unknown,22,Winger,7,MF,"August 21, 2003",25,2,True,684307.0,,,Left Winger,right,175.0,Iraq,AFC,https://www.transfermarkt.co.uk/youssef-amyn/profil/spieler/684307,https://img.a.transfermarkt.technology/portrait/header/684307-1763132234.jpg?lm=1,real_wc2026_squads_transfermarkt_openfootball,2026-06-02
Ibrahim Bayesh,Iraq,Al-Dhafra,Unknown,26,Attacking midfielder,8,MF,"May 1, 2000",74,8,True,560957.0,,,Attacking Midfield,right,177.0,Iraq,AFC,https://www.transfermarkt.co.uk/ibrahim-bayesh/profil/spieler/560957,https://img.a.transfermarkt.technology/portrait/header/560957-1705017215.png?lm=1,real_wc2026_squads_transfermarkt_openfootball,2026-06-02
Ali Al-Hamadi,Iraq,Luton Town,premier-league,24,Forward,9,FW,"March 1, 2002",18,5,True,610581.0,Luton Town,GB1,Centre-Forward,right,187.0,Iraq,AFC,https://www.transfermarkt.co.uk/ali-al-hamadi/profil/spieler/610581,https://img.a.transfermarkt.technology/portrait/header/610581-1705017216.png?lm=1,real_wc2026_squads_transfermarkt_openfootball,2026-06-02
Mohanad Ali,Iraq,Dibba,Unknown,25,Forward,10,FW,"June 20, 2000",71,27,True,589646.0,,,Centre-Forward,right,183.0,Iraq,AFC,https://www.transfermarkt.co.uk/mohanad-ali/profil/spieler/589646,https://img.a.transfermarkt.technology/portrait/header/589646-1730810213.png?lm=1,real_wc2026_squads_transfermarkt_openfootball,2026-06-02
Ahmed Qasem,Iraq,Nashville SC,major-league-soccer,22,Winger,11,FW,"July 12, 2003",1,0,True,833817.0,Nashville SC,MLS1,Right Winger,left,183.0,,,https://www.transfermarkt.co.uk/ahmed-qasem/profil/spieler/833817,https://img.a.transfermarkt.technology/portrait/header/833817-1771709601.jpg?lm=1,real_wc2026_squads_transfermarkt_openfootball,2026-06-02
Jalal Hassan,Iraq,Al-Zawraa,Unknown,35,Goalkeeper,12,GK,"May 18, 1991",100,0,True,206782.0,,,Goalkeeper,right,184.0,Iraq,AFC,https://www.transfermarkt.co.uk/jalal-hassan/profil/spieler/206782,https://img.a.transfermarkt.technology/portrait/header/206782-1705017271.png?lm=1,real_wc2026_squads_transfermarkt_openfootball,2026-06-02
Ali Yousif,Iraq,Al-Talaba,Unknown,30,Forward,13,FW,"January 19, 1996",6,1,True,576265.0,,,Centre-Forward,right,192.0,Iraq,AFC,https://www.transfermarkt.co.uk/ali-yousif/profil/spieler/576265,https://img.a.transfermarkt.technology/portrait/header/576265-1689486955.jpg?lm=1,real_wc2026_squads_transfermarkt_openfootball,2026-06-02
Zidane Iqbal,Iraq,Football Club Utrecht,eredivisie,23,Central midfielder,14,MF,"April 27, 2003",23,2,True,686845.0,Football Club Utrecht,NL1,Central Midfield,right,181.0,,,https://www.transfermarkt.co.uk/zidane-iqbal/profil/spieler/686845,https://img.a.transfermarkt.technology/portrait/header/686845-1723460350.jpg?lm=1,real_wc2026_squads_transfermarkt_openfootball,2026-06-02
Ahmed Yahya,Iraq,Al-Shorta,Unknown,30,Full-back,15,DF,"July 1, 1995",19,0,True,949320.0,,,Left-Back,left,187.0,Iraq,AFC,https://www.transfermarkt.co.uk/ahmed-yahya/profil/spieler/949320,https://img.a.transfermarkt.technology/portrait/header/949320-1730810996.png?lm=1,real_wc2026_squads_transfermarkt_openfootball,2026-06-02
Amir Al-Ammari,Iraq,Klub Sportowy Cracovia Spółka Akcyjna,pko-bp-ekstraklasa,28,Defensive midfielder,16,MF,"July 27, 1997",49,3,True,303766.0,Klub Sportowy Cracovia Spółka Akcyjna,PL1,Defensive Midfield,left,184.0,,,https://www.transfermarkt.co.uk/amir-al-ammari/profil/spieler/303766,https://img.a.transfermarkt.technology/portrait/header/303766-1740127197.png?lm=1,real_wc2026_squads_transfermarkt_openfootball,2026-06-02
Ali Jasim,Iraq,Al-Najma Sport Club,saudi-pro-league,22,Winger,17,FW,"January 20, 2004",35,2,True,877672.0,Al-Najma Sport Club,SA1,Left Winger,right,178.0,,,https://www.transfermarkt.co.uk/ali-jasim/profil/spieler/877672,https://img.a.transfermarkt.technology/portrait/header/877672-1738057702.jpg?lm=1,real_wc2026_squads_transfermarkt_openfootball,2026-06-02
Aymen Hussein,Iraq,Al-Karma,Unknown,30,Forward,18,FW,"March 22, 1996",93,33,True,401054.0,,,Centre-Forward,right,189.0,Iraq,AFC,https://www.transfermarkt.co.uk/aymen-hussein/profil/spieler/401054,https://img.a.transfermarkt.technology/portrait/header/401054-1740662943.png?lm=1,real_wc2026_squads_transfermarkt_openfootball,2026-06-02
Kevin Yakob,Iraq,Aarhus Gymnastik Forening,superliga,25,Central midfielder,19,MF,"October 10, 2000",7,0,True,413268.0,Aarhus Gymnastik Forening,DK1,Central Midfield,right,184.0,,,https://www.transfermarkt.co.uk/kevin-yakob/profil/spieler/413268,https://img.a.transfermarkt.technology/portrait/header/413268-1689244158.jpg?lm=1,real_wc2026_squads_transfermarkt_openfootball,2026-06-02
Aimar Sher,Iraq,Sarpsborg 08 Fotballforening,eliteserien,23,Central midfielder,20,MF,"December 20, 2002",6,0,True,579294.0,Sarpsborg 08 Fotballforening,NO1,Central Midfield,right,180.0,,,https://www.transfermarkt.co.uk/aimar-sher/profil/spieler/579294,https://img.a.transfermarkt.technology/portrait/header/579294-1664972912.jpg?lm=1,real_wc2026_squads_transfermarkt_openfootball,2026-06-02
Marko Farji,Iraq,Venezia FC,serie-a,22,Winger,21,FW,"March 16, 2004",10,0,True,663153.0,Venezia FC,IT1,Left Winger,right,184.0,Iraq,AFC,https://www.transfermarkt.co.uk/marko-farji/profil/spieler/663153,https://img.a.transfermarkt.technology/portrait/header/663153-1691265801.jpg?lm=1,real_wc2026_squads_transfermarkt_openfootball,2026-06-02
Ahmed Basil,Iraq,Al-Shorta,Unknown,29,Goalkeeper,22,GK,"August 19, 1996",14,0,True,560952.0,,,Goalkeeper,both,186.0,Iraq,AFC,https://www.transfermarkt.co.uk/ahmed-basil-fadhil/profil/spieler/560952,https://img.a.transfermarkt.technology/portrait/header/560952-1730810244.png?lm=1,real_wc2026_squads_transfermarkt_openfootball,2026-06-02
Merchas Doski,Iraq,"FC Viktoria Plzeň, a.s.",chance-liga,26,Full-back,23,DF,"December 7, 1999",30,0,True,530527.0,"FC Viktoria Plzeň, a.s.",TS1,Left-Back,left,173.0,,,https://www.transfermarkt.co.uk/merchas-doski/profil/spieler/530527,https://img.a.transfermarkt.technology/portrait/header/530527-1705017663.png?lm=1,real_wc2026_squads_transfermarkt_openfootball,2026-06-02
Zaid Ismail,Iraq,Al-Talaba,Unknown,24,Defensive midfielder,24,MF,"January 3, 2002",5,0,True,1132850.0,,,Defensive Midfield,,185.0,Iraq,AFC,https://www.transfermarkt.co.uk/zaid-ismail/profil/spieler/1132850,https://img.a.transfermarkt.technology/portrait/header/1132850-1769951640.jpg?lm=1,real_wc2026_squads_transfermarkt_openfootball,2026-06-02
Mustafa Saadoon,Iraq,Al-Shorta,Unknown,25,Full-back,25,DF,"May 25, 2001",15,0,True,952341.0,,,Right-Back,right,182.0,Iraq,AFC,https://www.transfermarkt.co.uk/mustafa-saadoon/profil/spieler/952341,https://img.a.transfermarkt.technology/portrait/header/952341-1691265624.jpg?lm=1,real_wc2026_squads_transfermarkt_openfootball,2026-06-02
Frans Putros,Iraq,Persib,Unknown,32,Centre-back,26,DF,"July 14, 1993",26,0,True,166460.0,,,Centre-Back,right,181.0,Iraq,AFC,https://www.transfermarkt.co.uk/frans-dhia-putros/profil/spieler/166460,https://img.a.transfermarkt.technology/portrait/header/166460-1730326039.png?lm=1,real_wc2026_squads_transfermarkt_openfootball,2026-06-02
Ørjan Nyland,Norway,Sevilla Fútbol Club S.A.D.,laliga,35,Goalkeeper,1,GK,"September 10, 1990",69,0,True,73517.0,Sevilla Fútbol Club S.A.D.,ES1,Goalkeeper,right,192.0,,,https://www.transfermarkt.co.uk/orjan-nyland/profil/spieler/73517,https://img.a.transfermarkt.technology/portrait/header/73517-1779430891.jpg?lm=1,real_wc2026_squads_transfermarkt_openfootball,2026-06-02
Morten Thorsby,Norway,Unione Sportiva Cremonese S.p.A.,serie-a,30,Central midfielder,2,MF,"May 5, 1996",30,0,True,226524.0,Unione Sportiva Cremonese S.p.A.,IT1,Central Midfield,right,188.0,,,https://www.transfermarkt.co.uk/morten-thorsby/profil/spieler/226524,https://img.a.transfermarkt.technology/portrait/header/226524-1725529624.jpg?lm=1,real_wc2026_squads_transfermarkt_openfootball,2026-06-02
Kristoffer Ajer,Norway,Brentford Football Club,premier-league,28,Centre-back,3,DF,"April 17, 1998",50,2,True,328658.0,Brentford Football Club,GB1,Centre-Back,right,198.0,,,https://www.transfermarkt.co.uk/kristoffer-ajer/profil/spieler/328658,https://img.a.transfermarkt.technology/portrait/header/328658-1700649482.jpg?lm=1,real_wc2026_squads_transfermarkt_openfootball,2026-06-02
Leo Østigård,Norway,Genoa Cricket and Football Club,serie-a,26,Centre-back,4,DF,"November 28, 1999",36,1,True,367284.0,Genoa Cricket and Football Club,IT1,Centre-Back,right,183.0,,,https://www.transfermarkt.co.uk/leo-ostigard/profil/spieler/367284,https://img.a.transfermarkt.technology/portrait/header/367284-1708552959.jpg?lm=1,real_wc2026_squads_transfermarkt_openfootball,2026-06-02
David Møller Wolfe,Norway,Wolverhampton Wanderers Football Club,premier-league,24,Full-back,5,DF,"April 23, 2002",20,1,True,661427.0,Wolverhampton Wanderers Football Club,GB1,Left-Back,left,187.0,,,https://www.transfermarkt.co.uk/david-moller-wolfe/profil/spieler/661427,https://img.a.transfermarkt.technology/portrait/header/661427-1753350331.jpg?lm=1,real_wc2026_squads_transfermarkt_openfootball,2026-06-02
Patrick Berg,Norway,Fotballklubben Bodø/Glimt,eliteserien,28,Defensive midfielder,6,MF,"November 24, 1997",41,0,True,308439.0,Fotballklubben Bodø/Glimt,NO1,Defensive Midfield,right,177.0,,,https://www.transfermarkt.co.uk/patrick-berg/profil/spieler/308439,https://img.a.transfermarkt.technology/portrait/header/308439-1712614235.jpg?lm=1,real_wc2026_squads_transfermarkt_openfootball,2026-06-02
Alexander Sørloth,Norway,Club Atlético de Madrid S.A.D.,laliga,30,Forward,7,FW,"December 5, 1995",70,26,True,238407.0,Club Atlético de Madrid S.A.D.,ES1,Centre-Forward,left,195.0,,,https://www.transfermarkt.co.uk/alexander-sorloth/profil/spieler/238407,https://img.a.transfermarkt.technology/portrait/header/238407-1716403969.jpg?lm=1,real_wc2026_squads_transfermarkt_openfootball,2026-06-02
Sander Berge,Norway,Fulham Football Club,premier-league,28,Defensive midfielder,8,MF,"February 14, 1998",64,1,True,333014.0,Fulham Football Club,GB1,Defensive Midfield,right,195.0,,,https://www.transfermarkt.co.uk/sander-berge/profil/spieler/333014,https://img.a.transfermarkt.technology/portrait/header/333014-1780049344.jpg?lm=1,real_wc2026_squads_transfermarkt_openfootball,2026-06-02
Erling Haaland,Norway,Manchester City Football Club,premier-league,25,Forward,9,FW,"July 21, 2000",49,55,True,418560.0,Manchester City Football Club,GB1,Centre-Forward,left,195.0,,,https://www.transfermarkt.co.uk/erling-haaland/profil/spieler/418560,https://img.a.transfermarkt.technology/portrait/header/418560-1709108116.png?lm=1,real_wc2026_squads_transfermarkt_openfootball,2026-06-02
Martin Ødegaard,Norway,Arsenal Football Club,premier-league,27,Attacking midfielder,10,MF,"December 17, 1998",67,4,True,316264.0,Arsenal Football Club,GB1,Attacking Midfield,left,178.0,,,https://www.transfermarkt.co.uk/martin-odegaard/profil/spieler/316264,https://img.a.transfermarkt.technology/portrait/header/316264-1678877651.jpg?lm=1,real_wc2026_squads_transfermarkt_openfootball,2026-06-02
Jørgen Strand Larsen,Norway,Crystal Palace Football Club,premier-league,26,Forward,11,FW,"February 6, 2000",26,4,True,429983.0,Crystal Palace Football Club,GB1,Centre-Forward,right,193.0,,,https://www.transfermarkt.co.uk/jorgen-strand-larsen/profil/spieler/429983,https://img.a.transfermarkt.technology/portrait/header/429983-1743541067.jpg?lm=1,real_wc2026_squads_transfermarkt_openfootball,2026-06-02
Sander Tangvik,Norway,Hamburger Sport Verein,bundesliga,23,Goalkeeper,12,GK,"November 29, 2002",0,0,True,549378.0,Hamburger Sport Verein,L1,Goalkeeper,right,193.0,,,https://www.transfermarkt.co.uk/sander-tangvik/profil/spieler/549378,https://img.a.transfermarkt.technology/portrait/header/549378-1768895607.jpg?lm=1,real_wc2026_squads_transfermarkt_openfootball,2026-06-02
Egil Selvik,Norway,Watford FC,premier-league,28,Goalkeeper,13,GK,"July 30, 1997",6,0,True,380744.0,Watford FC,GB1,Goalkeeper,left,193.0,Norway,UEFA,https://www.transfermarkt.co.uk/egil-selvik/profil/spieler/380744,https://img.a.transfermarkt.technology/portrait/header/380744-1671209334.jpg?lm=1,real_wc2026_squads_transfermarkt_openfootball,2026-06-02
Fredrik Aursnes,Norway,Sport Lisboa e Benfica,liga-portugal,30,Central midfielder,14,MF,"December 10, 1995",20,1,True,223367.0,Sport Lisboa e Benfica,PO1,Central Midfield,right,181.0,,,https://www.transfermarkt.co.uk/fredrik-aursnes/profil/spieler/223367,https://img.a.transfermarkt.technology/portrait/header/223367-1737497700.jpg?lm=1,real_wc2026_squads_transfermarkt_openfootball,2026-06-02
Fredrik André Bjørkan,Norway,Fotballklubben Bodø/Glimt,eliteserien,27,Full-back,15,DF,"August 21, 1998",19,1,True,364938.0,Fotballklubben Bodø/Glimt,NO1,Left-Back,left,180.0,,,https://www.transfermarkt.co.uk/fredrik-bjorkan/profil/spieler/364938,https://img.a.transfermarkt.technology/portrait/header/364938-1771971421.jpg?lm=1,real_wc2026_squads_transfermarkt_openfootball,2026-06-02
Marcus Holmgren Pedersen,Norway,Torino Calcio,serie-a,25,Full-back,16,DF,"July 16, 2000",31,0,True,583404.0,Torino Calcio,IT1,Right-Back,right,184.0,,,https://www.transfermarkt.co.uk/marcus-pedersen/profil/spieler/583404,https://img.a.transfermarkt.technology/portrait/header/583404-1695028079.jpg?lm=1,real_wc2026_squads_transfermarkt_openfootball,2026-06-02
Torbjørn Heggem,Norway,Bologna Football Club 1909,serie-a,27,Centre-back,17,DF,"January 12, 1999",13,0,True,464469.0,Bologna Football Club 1909,IT1,Centre-Back,left,192.0,,,https://www.transfermarkt.co.uk/torbjorn-heggem/profil/spieler/464469,https://img.a.transfermarkt.technology/portrait/header/464469-1702050091.jpg?lm=1,real_wc2026_squads_transfermarkt_openfootball,2026-06-02
Kristian Thorstvedt,Norway,Unione Sportiva Sassuolo Calcio,serie-a,27,Central midfielder,18,MF,"March 13, 1999",35,4,True,564785.0,Unione Sportiva Sassuolo Calcio,IT1,Central Midfield,left,189.0,,,https://www.transfermarkt.co.uk/kristian-thorstvedt/profil/spieler/564785,https://img.a.transfermarkt.technology/portrait/header/564785-1692883043.jpg?lm=1,real_wc2026_squads_transfermarkt_openfootball,2026-06-02
Thelo Aasgaard,Norway,Rangers Football Club,scottish-premiership,24,Attacking midfielder,19,MF,"May 2, 2002",6,5,True,647384.0,Rangers Football Club,SC1,Attacking Midfield,right,188.0,,,https://www.transfermarkt.co.uk/thelo-aasgaard/profil/spieler/647384,https://img.a.transfermarkt.technology/portrait/header/647384-1645614893.png?lm=1,real_wc2026_squads_transfermarkt_openfootball,2026-06-02
Antonio Nusa,Norway,RasenBallsport Leipzig,bundesliga,21,Winger,20,FW,"April 17, 2005",22,7,True,894914.0,RasenBallsport Leipzig,L1,Left Winger,right,183.0,,,https://www.transfermarkt.co.uk/antonio-nusa/profil/spieler/894914,https://img.a.transfermarkt.technology/portrait/header/894914-1724337096.jpg?lm=1,real_wc2026_squads_transfermarkt_openfootball,2026-06-02
Andreas Schjelderup,Norway,Sport Lisboa e Benfica,liga-portugal,22,Winger,21,MF,"June 1, 2004",10,1,True,670103.0,Sport Lisboa e Benfica,PO1,Left Winger,right,176.0,,,https://www.transfermarkt.co.uk/andreas-schjelderup/profil/spieler/670103,https://img.a.transfermarkt.technology/portrait/header/670103-1697191976.jpg?lm=1,real_wc2026_squads_transfermarkt_openfootball,2026-06-02
Oscar Bobb,Norway,Fulham Football Club,premier-league,22,Winger,22,MF,"July 12, 2003",18,2,True,661207.0,Fulham Football Club,GB1,Right Winger,left,175.0,,,https://www.transfermarkt.co.uk/oscar-bobb/profil/spieler/661207,https://img.a.transfermarkt.technology/portrait/header/661207-1770716679.png?lm=1,real_wc2026_squads_transfermarkt_openfootball,2026-06-02
Jens Petter Hauge,Norway,Fotballklubben Bodø/Glimt,eliteserien,26,Winger,23,MF,"October 12, 1999",14,1,True,422355.0,Fotballklubben Bodø/Glimt,NO1,Left Winger,right,184.0,,,https://www.transfermarkt.co.uk/jens-petter-hauge/profil/spieler/422355,https://img.a.transfermarkt.technology/portrait/header/422355-1780050203.jpg?lm=1,real_wc2026_squads_transfermarkt_openfootball,2026-06-02
Sondre Langås,Norway,Derby County,Unknown,25,Centre-back,24,DF,"February 2, 2001",2,0,True,737837.0,,,Centre-Back,right,190.0,Norway,UEFA,https://www.transfermarkt.co.uk/sondre-langas/profil/spieler/737837,https://img.a.transfermarkt.technology/portrait/header/737837-1711131237.jpg?lm=1,real_wc2026_squads_transfermarkt_openfootball,2026-06-02
Henrik Falchener,Norway,Viking Fotballklubb,eliteserien,23,Centre-back,25,DF,"May 8, 2003",1,0,True,743088.0,Viking Fotballklubb,NO1,Centre-Back,right,194.0,,,https://www.transfermarkt.co.uk/henrik-falchener/profil/spieler/743088,https://img.a.transfermarkt.technology/portrait/header/743088-1780049035.jpg?lm=1,real_wc2026_squads_transfermarkt_openfootball,2026-06-02
Julian Ryerson,Norway,Borussia Dortmund,bundesliga,28,Full-back,26,FW,"November 17, 1997",41,1,True,370789.0,Borussia Dortmund,L1,Right-Back,right,183.0,,,https://www.transfermarkt.co.uk/julian-ryerson/profil/spieler/370789,https://img.a.transfermarkt.technology/portrait/header/370789-1709561216.jpg?lm=1,real_wc2026_squads_transfermarkt_openfootball,2026-06-02
Yehvann Diouf,Senegal,Olympique Gymnaste Club Nice Côte d'Azur,ligue-1,26,Goalkeeper,1,GK,"November 16, 1999",2,0,True,448632.0,Olympique Gymnaste Club Nice Côte d'Azur,FR1,Goalkeeper,right,188.0,,,https://www.transfermarkt.co.uk/yehvann-diouf/profil/spieler/448632,https://img.a.transfermarkt.technology/portrait/header/448632-1756822717.jpg?lm=1,real_wc2026_squads_transfermarkt_openfootball,2026-06-02
Mamadou Sarr,Senegal,Chelsea Football Club,premier-league,20,Centre-back,2,DF,"August 29, 2005",7,0,True,910905.0,Chelsea Football Club,GB1,Centre-Back,right,194.0,,,https://www.transfermarkt.co.uk/mamadou-sarr/profil/spieler/910905,https://img.a.transfermarkt.technology/portrait/header/910905-1773787147.jpg?lm=1,real_wc2026_squads_transfermarkt_openfootball,2026-06-02
Kalidou Koulibaly,Senegal,Al-Hilal Saudi Football Club,saudi-pro-league,34,Centre-back,3,DF,"June 20, 1991",102,2,True,93128.0,Al-Hilal Saudi Football Club,SA1,Centre-Back,right,186.0,,,https://www.transfermarkt.co.uk/kalidou-koulibaly/profil/spieler/93128,https://img.a.transfermarkt.technology/portrait/header/93128-1697050549.png?lm=1,real_wc2026_squads_transfermarkt_openfootball,2026-06-02
Abdoulaye Seck,Senegal,Maccabi Haifa,Unknown,34,Centre-back,4,DF,"June 4, 1992",22,4,True,265383.0,,,Centre-Back,right,191.0,Senegal,CAF,https://www.transfermarkt.co.uk/abdoulaye-seck/profil/spieler/265383,https://img.a.transfermarkt.technology/portrait/header/265383-1616852043.jpg?lm=1,real_wc2026_squads_transfermarkt_openfootball,2026-06-02
Idrissa Gueye,Senegal,Everton Football Club,premier-league,36,Defensive midfielder,5,MF,"September 26, 1989",130,7,True,126665.0,Everton Football Club,GB1,Defensive Midfield,right,174.0,,,https://www.transfermarkt.co.uk/idrissa-gueye/profil/spieler/126665,https://img.a.transfermarkt.technology/portrait/header/126665-1746646577.jpg?lm=1,real_wc2026_squads_transfermarkt_openfootball,2026-06-02
Pathé Ciss,Senegal,Rayo Vallecano de Madrid S. A. D.,laliga,32,Central midfielder,6,MF,"March 16, 1994",29,0,True,525578.0,Rayo Vallecano de Madrid S. A. D.,ES1,Central Midfield,right,186.0,,,https://www.transfermarkt.co.uk/pathe-ciss/profil/spieler/525578,https://img.a.transfermarkt.technology/portrait/header/525578-1775761248.jpg?lm=1,real_wc2026_squads_transfermarkt_openfootball,2026-06-02
Assane Diao,Senegal,Calcio Como,serie-a,20,Winger,7,FW,"September 7, 2005",5,0,True,1061282.0,Calcio Como,IT1,Left Winger,right,185.0,,,https://www.transfermarkt.co.uk/assane-diao/profil/spieler/1061282,https://img.a.transfermarkt.technology/portrait/header/1061282-1699273116.jpg?lm=1,real_wc2026_squads_transfermarkt_openfootball,2026-06-02
Lamine Camara,Senegal,Association sportive de Monaco Football Club,ligue-1,22,Central midfielder,8,MF,"January 1, 2004",32,7,True,918969.0,Association sportive de Monaco Football Club,FR1,Central Midfield,right,173.0,,,https://www.transfermarkt.co.uk/lamine-camara/profil/spieler/918969,https://img.a.transfermarkt.technology/portrait/header/918969-1726834088.jpg?lm=1,real_wc2026_squads_transfermarkt_openfootball,2026-06-02
Bamba Dieng,Senegal,Football Club Lorient-Bretagne Sud,ligue-1,26,Forward,9,FW,"March 23, 2000",22,2,True,822458.0,Football Club Lorient-Bretagne Sud,FR1,Centre-Forward,right,178.0,,,https://www.transfermarkt.co.uk/bamba-dieng/profil/spieler/822458,https://img.a.transfermarkt.technology/portrait/header/822458-1750956902.png?lm=1,real_wc2026_squads_transfermarkt_openfootball,2026-06-02
Sadio Mané,Senegal,Al-Nassr Football Club,saudi-pro-league,34,Winger,10,FW,"April 10, 1992",127,55,True,200512.0,Al-Nassr Football Club,SA1,Left Winger,right,174.0,,,https://www.transfermarkt.co.uk/sadio-mane/profil/spieler/200512,https://img.a.transfermarkt.technology/portrait/header/200512-1767005854.jpg?lm=1,real_wc2026_squads_transfermarkt_openfootball,2026-06-02
Nicolas Jackson,Senegal,FC Bayern München,bundesliga,24,Forward,11,FW,"June 20, 2001",32,8,True,776890.0,FC Bayern München,L1,Centre-Forward,right,187.0,,,https://www.transfermarkt.co.uk/nicolas-jackson/profil/spieler/776890,https://img.a.transfermarkt.technology/portrait/header/776890-1757939139.jpg?lm=1,real_wc2026_squads_transfermarkt_openfootball,2026-06-02
Cherif Ndiaye,Senegal,Samsunspor,super-lig,30,Forward,12,FW,"January 23, 1996",18,4,True,480705.0,Samsunspor,TR1,Centre-Forward,right,190.0,,,https://www.transfermarkt.co.uk/cherif-ndiaye/profil/spieler/480705,https://img.a.transfermarkt.technology/portrait/header/480705-1758884255.jpg?lm=1,real_wc2026_squads_transfermarkt_openfootball,2026-06-02
Iliman Ndiaye,Senegal,Everton Football Club,premier-league,26,Winger,13,FW,"March 6, 2000",39,4,True,623570.0,Everton Football Club,GB1,Right Winger,right,180.0,,,https://www.transfermarkt.co.uk/iliman-ndiaye/profil/spieler/623570,https://img.a.transfermarkt.technology/portrait/header/623570-1765811829.jpg?lm=1,real_wc2026_squads_transfermarkt_openfootball,2026-06-02
Ismail Jakobs,Senegal,Galatasaray Spor Kulübü,super-lig,26,Full-back,14,DF,"August 17, 1999",29,0,True,375137.0,Galatasaray Spor Kulübü,TR1,Left-Back,left,184.0,,,https://www.transfermarkt.co.uk/ismail-jakobs/profil/spieler/375137,https://img.a.transfermarkt.technology/portrait/header/375137-1779995347.png?lm=1,real_wc2026_squads_transfermarkt_openfootball,2026-06-02
Krépin Diatta,Senegal,Association sportive de Monaco Football Club,ligue-1,27,Winger,15,DF,"February 25, 1999",60,2,True,490426.0,Association sportive de Monaco Football Club,FR1,Right Midfield,right,175.0,,,https://www.transfermarkt.co.uk/krepin-diatta/profil/spieler/490426,https://img.a.transfermarkt.technology/portrait/header/490426-1668163198.jpg?lm=1,real_wc2026_squads_transfermarkt_openfootball,2026-06-02
Édouard Mendy,Senegal,Al-Ahli Saudi Football Club,saudi-pro-league,34,Goalkeeper,16,GK,"March 1, 1992",56,0,True,442531.0,Al-Ahli Saudi Football Club,SA1,Goalkeeper,right,194.0,,,https://www.transfermarkt.co.uk/edouard-mendy/profil/spieler/442531,https://img.a.transfermarkt.technology/portrait/header/442531-1600951863.jpg?lm=1,real_wc2026_squads_transfermarkt_openfootball,2026-06-02
Pape Matar Sarr,Senegal,Tottenham Hotspur Football Club,premier-league,23,Central midfielder,17,MF,"September 14, 2002",39,4,True,568693.0,Tottenham Hotspur Football Club,GB1,Central Midfield,right,184.0,,,https://www.transfermarkt.co.uk/pape-matar-sarr/profil/spieler/568693,https://img.a.transfermarkt.technology/portrait/header/568693-1668163083.jpg?lm=1,real_wc2026_squads_transfermarkt_openfootball,2026-06-02
Ismaïla Sarr,Senegal,Crystal Palace Football Club,premier-league,28,Winger,18,FW,"February 25, 1998",82,19,True,410225.0,Crystal Palace Football Club,GB1,Right Winger,right,185.0,,,https://www.transfermarkt.co.uk/ismaila-sarr/profil/spieler/410225,https://img.a.transfermarkt.technology/portrait/header/410225-1765811669.jpg?lm=1,real_wc2026_squads_transfermarkt_openfootball,2026-06-02
Moussa Niakhaté,Senegal,Olympique Lyonnais,ligue-1,30,Centre-back,19,DF,"March 8, 1996",30,0,True,291200.0,Olympique Lyonnais,FR1,Centre-Back,left,190.0,,,https://www.transfermarkt.co.uk/moussa-niakhate/profil/spieler/291200,https://img.a.transfermarkt.technology/portrait/header/291200-1780384737.jpg?lm=1,real_wc2026_squads_transfermarkt_openfootball,2026-06-02
Ibrahim Mbaye,Senegal,Paris Saint-Germain Football Club,ligue-1,18,Winger,20,FW,"January 24, 2008",10,3,True,1185888.0,Paris Saint-Germain Football Club,FR1,Right Winger,right,175.0,,,https://www.transfermarkt.co.uk/ibrahim-mbaye/profil/spieler/1185888,https://img.a.transfermarkt.technology/portrait/header/1185888-1759430450.jpg?lm=1,real_wc2026_squads_transfermarkt_openfootball,2026-06-02
Habib Diarra,Senegal,Sunderland Association Football Club,premier-league,22,Central midfielder,21,MF,"January 3, 2004",20,4,True,876631.0,Sunderland Association Football Club,GB1,Central Midfield,right,178.0,,,https://www.transfermarkt.co.uk/habib-diarra/profil/spieler/876631,https://img.a.transfermarkt.technology/portrait/header/876631-1765811931.jpg?lm=1,real_wc2026_squads_transfermarkt_openfootball,2026-06-02
Bara Sapoko Ndiaye,Senegal,FC Bayern München,bundesliga,18,Central midfielder,22,MF,"December 31, 2007",1,0,True,1497653.0,FC Bayern München,L1,Central Midfield,right,180.0,,,https://www.transfermarkt.co.uk/bara-sapoko-ndiaye/profil/spieler/1497653,https://img.a.transfermarkt.technology/portrait/header/1497653-1778847569.jpg?lm=1,real_wc2026_squads_transfermarkt_openfootball,2026-06-02
Mory Diaw,Senegal,Le Havre Athletic Club,ligue-1,32,Goalkeeper,23,GK,"June 22, 1993",5,0,True,164904.0,Le Havre Athletic Club,FR1,Goalkeeper,right,197.0,,,https://www.transfermarkt.co.uk/mory-diaw/profil/spieler/164904,https://img.a.transfermarkt.technology/portrait/header/164904-1679507026.jpg?lm=1,real_wc2026_squads_transfermarkt_openfootball,2026-06-02
Antoine Mendy,Senegal,Olympique Gymnaste Club Nice Côte d'Azur,ligue-1,22,Centre-back,24,DF,"May 27, 2004",6,0,True,891998.0,Olympique Gymnaste Club Nice Côte d'Azur,FR1,Centre-Back,right,187.0,,,https://www.transfermarkt.co.uk/antoine-mendy/profil/spieler/891998,https://img.a.transfermarkt.technology/portrait/header/891998-1756827019.jpg?lm=1,real_wc2026_squads_transfermarkt_openfootball,2026-06-02
El Hadji Malick Diouf,Senegal,West Ham United Football Club,premier-league,21,Full-back,25,DF,"December 29, 2004",19,1,True,1111589.0,West Ham United Football Club,GB1,Left-Back,left,183.0,,,https://www.transfermarkt.co.uk/el-hadji-malick-diouf/profil/spieler/1111589,https://img.a.transfermarkt.technology/portrait/header/1111589-1768815059.jpg?lm=1,real_wc2026_squads_transfermarkt_openfootball,2026-06-02
Pape Gueye,Senegal,Villarreal Club de Fútbol S.A.D.,laliga,27,Central midfielder,26,MF,"January 24, 1999",41,5,True,485963.0,Villarreal Club de Fútbol S.A.D.,ES1,Central Midfield,left,189.0,,,https://www.transfermarkt.co.uk/pape-gueye/profil/spieler/485963,https://img.a.transfermarkt.technology/portrait/header/485963-1768814767.jpg?lm=1,real_wc2026_squads_transfermarkt_openfootball,2026-06-02
Melvin Mastil,Algeria,Stade Nyonnais,Unknown,26,Goalkeeper,1,GK,"February 19, 2000",1,0,True,,,,,,,,,,,real_wc2026_squads_transfermarkt_openfootball,2026-06-02
Aïssa Mandi,Algeria,Lille Olympique Sporting Club,ligue-1,34,Centre-back,2,DF,"October 22, 1991",116,7,True,80293.0,Lille Olympique Sporting Club,FR1,Centre-Back,right,186.0,,,https://www.transfermarkt.co.uk/aissa-mandi/profil/spieler/80293,https://img.a.transfermarkt.technology/portrait/header/80293-1780325909.jpg?lm=1,real_wc2026_squads_transfermarkt_openfootball,2026-06-02
Achref Abada,Algeria,USM Alger,Unknown,26,Centre-back,3,DF,"June 15, 1999",6,1,True,949929.0,,,Centre-Back,right,187.0,Algeria,CAF,https://www.transfermarkt.co.uk/achref-abada/profil/spieler/949929,https://img.a.transfermarkt.technology/portrait/header/949929-1755271555.jpg?lm=1,real_wc2026_squads_transfermarkt_openfootball,2026-06-02
Mohamed Amine Tougai,Algeria,Espérance de Tunis,Unknown,26,Centre-back,4,DF,"January 22, 2000",28,2,True,592396.0,,,Centre-Back,right,191.0,Algeria,CAF,https://www.transfermarkt.co.uk/mohamed-amine-tougai/profil/spieler/592396,https://img.a.transfermarkt.technology/portrait/header/592396-1764245197.jpg?lm=1,real_wc2026_squads_transfermarkt_openfootball,2026-06-02
Zineddine Belaïd,Algeria,JS Kabylie,Unknown,27,Centre-back,5,DF,"March 20, 1999",9,1,True,625142.0,,,Centre-Back,right,187.0,Algeria,CAF,https://www.transfermarkt.co.uk/zineddine-belaid/profil/spieler/625142,https://img.a.transfermarkt.technology/portrait/header/625142-1774284277.jpg?lm=1,real_wc2026_squads_transfermarkt_openfootball,2026-06-02
Ramiz Zerrouki,Algeria,Football Club Twente,eredivisie,28,Defensive midfielder,6,MF,"May 26, 1998",51,3,True,416660.0,Football Club Twente,NL1,Defensive Midfield,right,183.0,,,https://www.transfermarkt.co.uk/ramiz-zerrouki/profil/spieler/416660,https://img.a.transfermarkt.technology/portrait/header/416660-1764690287.png?lm=1,real_wc2026_squads_transfermarkt_openfootball,2026-06-02
Riyad Mahrez,Algeria,Al-Ahli Saudi Football Club,saudi-pro-league,35,Winger,7,FW,"February 21, 1991",113,38,True,171424.0,Al-Ahli Saudi Football Club,SA1,Right Winger,left,179.0,,,https://www.transfermarkt.co.uk/riyad-mahrez/profil/spieler/171424,https://img.a.transfermarkt.technology/portrait/header/171424-1699948752.jpg?lm=1,real_wc2026_squads_transfermarkt_openfootball,2026-06-02
Houssem Aouar,Algeria,Al-Ittihad Football Club,saudi-pro-league,27,Attacking midfielder,8,MF,"June 30, 1998",19,6,True,395693.0,Al-Ittihad Football Club,SA1,Attacking Midfield,right,175.0,,,https://www.transfermarkt.co.uk/houssem-aouar/profil/spieler/395693,https://img.a.transfermarkt.technology/portrait/header/395693-1695025633.jpg?lm=1,real_wc2026_squads_transfermarkt_openfootball,2026-06-02
Amine Gouiri,Algeria,Olympique de Marseille,ligue-1,26,Forward,9,FW,"February 16, 2000",21,8,True,418659.0,Olympique de Marseille,FR1,Centre-Forward,right,181.0,,,https://www.transfermarkt.co.uk/amine-gouiri/profil/spieler/418659,https://img.a.transfermarkt.technology/portrait/header/418659-1762353913.jpg?lm=1,real_wc2026_squads_transfermarkt_openfootball,2026-06-02
Farès Chaïbi,Algeria,Eintracht Frankfurt Fußball AG,bundesliga,23,Attacking midfielder,10,MF,"November 28, 2002",28,3,True,855015.0,Eintracht Frankfurt Fußball AG,L1,Attacking Midfield,right,183.0,,,https://www.transfermarkt.co.uk/fares-chaibi/profil/spieler/855015,https://img.a.transfermarkt.technology/portrait/header/855015-1693383538.jpg?lm=1,real_wc2026_squads_transfermarkt_openfootball,2026-06-02
Anis Hadj Moussa,Algeria,Feyenoord Rotterdam,eredivisie,24,Winger,11,FW,"February 11, 2002",13,0,True,917911.0,Feyenoord Rotterdam,NL1,Right Winger,left,176.0,,,https://www.transfermarkt.co.uk/anis-hadj-moussa/profil/spieler/917911,https://img.a.transfermarkt.technology/portrait/header/917911-1734434073.jpg?lm=1,real_wc2026_squads_transfermarkt_openfootball,2026-06-02
Nadhir Benbouali,Algeria,Royal Charleroi Sporting Club,jupiler-pro-league,26,Forward,12,FW,"April 17, 2000",2,1,True,840254.0,Royal Charleroi Sporting Club,BE1,Centre-Forward,left,190.0,,,https://www.transfermarkt.co.uk/nadhir-benbouali/profil/spieler/840254,https://img.a.transfermarkt.technology/portrait/header/840254-1706262937.jpg?lm=1,real_wc2026_squads_transfermarkt_openfootball,2026-06-02
Jaouen Hadjam,Algeria,Berner Sport Club Young Boys,super-league,23,Full-back,13,DF,"March 26, 2003",16,3,True,750903.0,Berner Sport Club Young Boys,C1,Left-Back,left,185.0,,,https://www.transfermarkt.co.uk/jaouen-hadjam/profil/spieler/750903,https://img.a.transfermarkt.technology/portrait/header/750903-1733948529.jpg?lm=1,real_wc2026_squads_transfermarkt_openfootball,2026-06-02
Hicham Boudaoui,Algeria,Olympique Gymnaste Club Nice Côte d'Azur,ligue-1,26,Central midfielder,14,MF,"September 23, 1999",32,0,True,560593.0,Olympique Gymnaste Club Nice Côte d'Azur,FR1,Central Midfield,right,175.0,,,https://www.transfermarkt.co.uk/hicham-boudaoui/profil/spieler/560593,https://img.a.transfermarkt.technology/portrait/header/560593-1756824680.jpg?lm=1,real_wc2026_squads_transfermarkt_openfootball,2026-06-02
Rayan Aït-Nouri,Algeria,Manchester City Football Club,premier-league,25,Full-back,15,DF,"June 6, 2001",27,0,True,578391.0,Manchester City Football Club,GB1,Left-Back,left,180.0,,,https://www.transfermarkt.co.uk/rayan-ait-nouri/profil/spieler/578391,https://img.a.transfermarkt.technology/portrait/header/578391-1761076429.jpg?lm=1,real_wc2026_squads_transfermarkt_openfootball,2026-06-02
Oussama Benbot,Algeria,USM Alger,Unknown,31,Goalkeeper,16,GK,"October 11, 1994",2,0,True,437982.0,,,Goalkeeper,,190.0,Algeria,CAF,https://www.transfermarkt.co.uk/oussama-benbout/profil/spieler/437982,https://img.a.transfermarkt.technology/portrait/header/437982-1685952979.jpg?lm=1,real_wc2026_squads_transfermarkt_openfootball,2026-06-02
Rafik Belghali,Algeria,Verona Hellas Football Club,serie-a,24,Full-back,17,DF,"June 7, 2002",11,1,True,864306.0,Verona Hellas Football Club,IT1,Right-Back,right,180.0,,,https://www.transfermarkt.co.uk/rafik-belghali/profil/spieler/864306,https://img.a.transfermarkt.technology/portrait/header/864306-1706263707.jpg?lm=1,real_wc2026_squads_transfermarkt_openfootball,2026-06-02
Mohamed Amoura,Algeria,Verein für Leibesübungen Wolfsburg,bundesliga,26,Forward,18,FW,"May 9, 2000",44,19,True,746910.0,Verein für Leibesübungen Wolfsburg,L1,Centre-Forward,right,170.0,,,https://www.transfermarkt.co.uk/mohamed-amoura/profil/spieler/746910,https://img.a.transfermarkt.technology/portrait/header/746910-1724771303.jpg?lm=1,real_wc2026_squads_transfermarkt_openfootball,2026-06-02
Nabil Bentaleb,Algeria,Lille Olympique Sporting Club,ligue-1,31,Defensive midfielder,19,MF,"November 24, 1994",58,6,True,245537.0,Lille Olympique Sporting Club,FR1,Defensive Midfield,left,187.0,,,https://www.transfermarkt.co.uk/nabil-bentaleb/profil/spieler/245537,https://img.a.transfermarkt.technology/portrait/header/245537-1672670443.jpg?lm=1,real_wc2026_squads_transfermarkt_openfootball,2026-06-02
Adil Boulbina,Algeria,Al-Duhail,Unknown,23,Winger,20,FW,"May 2, 2003",10,6,True,748443.0,,,Left Winger,right,179.0,Algeria,CAF,https://www.transfermarkt.co.uk/adil-boulbina/profil/spieler/748443,https://img.a.transfermarkt.technology/portrait/header/748443-1762259488.jpg?lm=1,real_wc2026_squads_transfermarkt_openfootball,2026-06-02
Ramy Bensebaini,Algeria,Borussia Dortmund,bundesliga,31,Centre-back,21,DF,"April 16, 1995",81,7,True,284732.0,Borussia Dortmund,L1,Centre-Back,left,187.0,,,https://www.transfermarkt.co.uk/ramy-bensebaini/profil/spieler/284732,https://img.a.transfermarkt.technology/portrait/header/284732-1730103772.jpg?lm=1,real_wc2026_squads_transfermarkt_openfootball,2026-06-02
Ibrahim Maza,Algeria,Bayer 04 Leverkusen Fußball,bundesliga,20,Attacking midfielder,22,MF,"November 24, 2005",15,2,True,905011.0,Bayer 04 Leverkusen Fußball,L1,Attacking Midfield,right,180.0,,,https://www.transfermarkt.co.uk/ibrahim-maza/profil/spieler/905011,https://img.a.transfermarkt.technology/portrait/header/905011-1758702817.jpg?lm=1,real_wc2026_squads_transfermarkt_openfootball,2026-06-02
Luca Zidane,Algeria,Granada CF,laliga,28,Goalkeeper,23,GK,"May 13, 1998",6,0,True,283489.0,Granada CF,ES1,Goalkeeper,right,183.0,Algeria,CAF,https://www.transfermarkt.co.uk/luca-zidane/profil/spieler/283489,https://img.a.transfermarkt.technology/portrait/header/283489-1762351424.jpg?lm=1,real_wc2026_squads_transfermarkt_openfootball,2026-06-02
Yacine Titraoui,Algeria,Royal Charleroi Sporting Club,jupiler-pro-league,22,Central midfielder,24,MF,"August 26, 2003",5,0,True,748445.0,Royal Charleroi Sporting Club,BE1,Central Midfield,,170.0,,,https://www.transfermarkt.co.uk/yassine-titraoui/profil/spieler/748445,https://img.a.transfermarkt.technology/portrait/header/748445-1780325822.jpg?lm=1,real_wc2026_squads_transfermarkt_openfootball,2026-06-02
Farès Ghedjemis,Algeria,Frosinone Calcio,serie-a,23,Winger,25,FW,"September 6, 2002",1,1,True,888738.0,Frosinone Calcio,IT1,Right Winger,left,183.0,,,https://www.transfermarkt.co.uk/fares-ghedjemis/profil/spieler/888738,https://img.a.transfermarkt.technology/portrait/header/888738-1724692906.jpg?lm=1,real_wc2026_squads_transfermarkt_openfootball,2026-06-02
Samir Chergui,Algeria,Paris Football Club,ligue-1,27,Centre-back,26,DF,"February 6, 1999",4,0,True,668167.0,Paris Football Club,FR1,Centre-Back,right,185.0,,,https://www.transfermarkt.co.uk/samir-chergui/profil/spieler/668167,https://img.a.transfermarkt.technology/portrait/header/668167-1780326022.jpg?lm=1,real_wc2026_squads_transfermarkt_openfootball,2026-06-02
Juan Musso,Argentina,Club Atlético de Madrid S.A.D.,laliga,32,Goalkeeper,1,GK,"May 6, 1994",3,0,True,242359.0,Club Atlético de Madrid S.A.D.,ES1,Goalkeeper,right,191.0,,,https://www.transfermarkt.co.uk/juan-musso/profil/spieler/242359,https://img.a.transfermarkt.technology/portrait/header/242359-1663583047.jpg?lm=1,real_wc2026_squads_transfermarkt_openfootball,2026-06-02
Leonardo Balerdi,Argentina,Olympique de Marseille,ligue-1,27,Centre-back,2,DF,"January 26, 1999",11,0,True,575998.0,Olympique de Marseille,FR1,Centre-Back,right,187.0,,,https://www.transfermarkt.co.uk/leonardo-balerdi/profil/spieler/575998,https://img.a.transfermarkt.technology/portrait/header/575998-1640777749.jpg?lm=1,real_wc2026_squads_transfermarkt_openfootball,2026-06-02
Nicolás Tagliafico,Argentina,Olympique Lyonnais,ligue-1,33,Full-back,3,DF,"August 31, 1992",75,1,True,131225.0,Olympique Lyonnais,FR1,Left-Back,left,171.0,,,https://www.transfermarkt.co.uk/nicolas-tagliafico/profil/spieler/131225,https://img.a.transfermarkt.technology/portrait/header/131225-1668181437.jpg?lm=1,real_wc2026_squads_transfermarkt_openfootball,2026-06-02
Gonzalo Montiel,Argentina,Club Atlético River Plate,torneo-apertura,29,Full-back,4,DF,"January 1, 1997",38,2,True,402733.0,Club Atlético River Plate,ARG1,Right-Back,right,175.0,,,https://www.transfermarkt.co.uk/gonzalo-montiel/profil/spieler/402733,https://img.a.transfermarkt.technology/portrait/header/402733-1762437910.png?lm=1,real_wc2026_squads_transfermarkt_openfootball,2026-06-02
Leandro Paredes,Argentina,Club Atlético Boca Juniors,torneo-apertura,31,Defensive midfielder,5,MF,"June 29, 1994",77,5,True,166237.0,Club Atlético Boca Juniors,ARG1,Defensive Midfield,right,180.0,,,https://www.transfermarkt.co.uk/leandro-paredes/profil/spieler/166237,https://img.a.transfermarkt.technology/portrait/header/166237-1692881087.jpg?lm=1,real_wc2026_squads_transfermarkt_openfootball,2026-06-02
Lisandro Martínez,Argentina,Manchester United Football Club,premier-league,28,Centre-back,6,DF,"January 18, 1998",26,1,True,480762.0,Manchester United Football Club,GB1,Centre-Back,left,175.0,,,https://www.transfermarkt.co.uk/lisandro-martinez/profil/spieler/480762,https://img.a.transfermarkt.technology/portrait/header/480762-1680681507.jpg?lm=1,real_wc2026_squads_transfermarkt_openfootball,2026-06-02
Rodrigo De Paul,Argentina,Club Internacional de Fútbol Miami,major-league-soccer,32,Central midfielder,7,MF,"May 24, 1994",85,2,True,255901.0,Club Internacional de Fútbol Miami,MLS1,Central Midfield,right,180.0,,,https://www.transfermarkt.co.uk/rodrigo-de-paul/profil/spieler/255901,https://img.a.transfermarkt.technology/portrait/header/255901-1771694448.jpg?lm=1,real_wc2026_squads_transfermarkt_openfootball,2026-06-02
Valentín Barco,Argentina,Racing Club de Strasbourg Alsace,ligue-1,21,Central midfielder,8,MF,"July 23, 2004",2,1,True,849410.0,Racing Club de Strasbourg Alsace,FR1,Central Midfield,left,170.0,,,https://www.transfermarkt.co.uk/valentin-barco/profil/spieler/849410,https://img.a.transfermarkt.technology/portrait/header/849410-1750770955.png?lm=1,real_wc2026_squads_transfermarkt_openfootball,2026-06-02
Julián Alvarez,Argentina,Club Atlético de Madrid S.A.D.,laliga,26,Forward,9,FW,"January 31, 2000",51,14,True,576024.0,Club Atlético de Madrid S.A.D.,ES1,Centre-Forward,right,170.0,,,https://www.transfermarkt.co.uk/julian-alvarez/profil/spieler/576024,https://img.a.transfermarkt.technology/portrait/header/576024-1684920938.jpg?lm=1,real_wc2026_squads_transfermarkt_openfootball,2026-06-02
Lionel Messi,Argentina,Club Internacional de Fútbol Miami,major-league-soccer,38,Winger,10,FW,"June 24, 1987",198,116,True,28003.0,Club Internacional de Fútbol Miami,MLS1,Right Winger,left,170.0,,,https://www.transfermarkt.co.uk/lionel-messi/profil/spieler/28003,https://img.a.transfermarkt.technology/portrait/header/28003-1771694720.jpg?lm=1,real_wc2026_squads_transfermarkt_openfootball,2026-06-02
Giovani Lo Celso,Argentina,Real Betis Balompié S.A.D.,laliga,30,Attacking midfielder,11,MF,"April 9, 1996",65,4,True,348795.0,Real Betis Balompié S.A.D.,ES1,Attacking Midfield,left,177.0,,,https://www.transfermarkt.co.uk/giovani-lo-celso/profil/spieler/348795,https://img.a.transfermarkt.technology/portrait/header/348795-1726734706.jpg?lm=1,real_wc2026_squads_transfermarkt_openfootball,2026-06-02
Gerónimo Rulli,Argentina,Olympique de Marseille,ligue-1,34,Goalkeeper,12,GK,"May 20, 1992",7,0,True,229604.0,Olympique de Marseille,FR1,Goalkeeper,right,189.0,,,https://www.transfermarkt.co.uk/geronimo-rulli/profil/spieler/229604,https://img.a.transfermarkt.technology/portrait/header/229604-1698670758.jpg?lm=1,real_wc2026_squads_transfermarkt_openfootball,2026-06-02
Cristian Romero,Argentina,Tottenham Hotspur Football Club,premier-league,28,Centre-back,13,DF,"April 27, 1998",49,3,True,355915.0,Tottenham Hotspur Football Club,GB1,Centre-Back,right,185.0,,,https://www.transfermarkt.co.uk/cristian-romero/profil/spieler/355915,https://img.a.transfermarkt.technology/portrait/header/355915-1665609429.jpg?lm=1,real_wc2026_squads_transfermarkt_openfootball,2026-06-02
Exequiel Palacios,Argentina,Bayer 04 Leverkusen Fußball,bundesliga,27,Central midfielder,14,MF,"October 5, 1998",38,0,True,401578.0,Bayer 04 Leverkusen Fußball,L1,Central Midfield,right,178.0,,,https://www.transfermarkt.co.uk/exequiel-palacios/profil/spieler/401578,https://img.a.transfermarkt.technology/portrait/header/401578-1695368200.jpg?lm=1,real_wc2026_squads_transfermarkt_openfootball,2026-06-02
Nicolás González,Argentina,Club Atlético de Madrid S.A.D.,laliga,28,Winger,15,MF,"April 6, 1998",50,6,True,486031.0,Club Atlético de Madrid S.A.D.,ES1,Left Winger,left,180.0,,,https://www.transfermarkt.co.uk/nico-gonzalez/profil/spieler/486031,https://img.a.transfermarkt.technology/portrait/header/486031-1673442459.jpg?lm=1,real_wc2026_squads_transfermarkt_openfootball,2026-06-02
Thiago Almada,Argentina,Club Atlético de Madrid S.A.D.,laliga,25,Winger,16,FW,"April 26, 2001",14,4,True,576028.0,Club Atlético de Madrid S.A.D.,ES1,Left Winger,right,171.0,,,https://www.transfermarkt.co.uk/thiago-almada/profil/spieler/576028,https://img.a.transfermarkt.technology/portrait/header/576028-1773174386.jpg?lm=1,real_wc2026_squads_transfermarkt_openfootball,2026-06-02
Giuliano Simeone,Argentina,Club Atlético de Madrid S.A.D.,laliga,23,Winger,17,FW,"December 18, 2002",11,1,True,742201.0,Club Atlético de Madrid S.A.D.,ES1,Right Winger,right,173.0,,,https://www.transfermarkt.co.uk/giuliano-simeone/profil/spieler/742201,https://img.a.transfermarkt.technology/portrait/header/742201-1741120599.jpg?lm=1,real_wc2026_squads_transfermarkt_openfootball,2026-06-02
Nico Paz,Argentina,Calcio Como,serie-a,21,Attacking midfielder,18,FW,"September 8, 2004",8,1,True,948294.0,Calcio Como,IT1,Attacking Midfield,left,186.0,,,https://www.transfermarkt.co.uk/nico-paz/profil/spieler/948294,https://img.a.transfermarkt.technology/portrait/header/948294-1699472504.jpg?lm=1,real_wc2026_squads_transfermarkt_openfootball,2026-06-02
Nicolás Otamendi,Argentina,Sport Lisboa e Benfica,liga-portugal,38,Centre-back,19,DF,"February 12, 1988",130,8,True,54781.0,Sport Lisboa e Benfica,PO1,Centre-Back,right,183.0,,,https://www.transfermarkt.co.uk/nicolas-otamendi/profil/spieler/54781,https://img.a.transfermarkt.technology/portrait/header/54781-1669835534.jpg?lm=1,real_wc2026_squads_transfermarkt_openfootball,2026-06-02
Alexis Mac Allister,Argentina,Liverpool Football Club,premier-league,27,Central midfielder,20,MF,"December 24, 1998",44,6,True,534033.0,Liverpool Football Club,GB1,Central Midfield,right,176.0,,,https://www.transfermarkt.co.uk/alexis-mac-allister/profil/spieler/534033,https://img.a.transfermarkt.technology/portrait/header/534033-1669835342.jpg?lm=1,real_wc2026_squads_transfermarkt_openfootball,2026-06-02
José Manuel López,Argentina,Sociedade Esportiva Palmeiras,campeonato-brasileiro-serie-a,25,Forward,21,FW,"December 6, 2000",3,0,True,844797.0,Sociedade Esportiva Palmeiras,BRA1,Centre-Forward,left,190.0,,,https://www.transfermarkt.co.uk/jose-manuel-lopez/profil/spieler/844797,https://img.a.transfermarkt.technology/portrait/header/844797-1739618753.jpg?lm=1,real_wc2026_squads_transfermarkt_openfootball,2026-06-02
Lautaro Martínez,Argentina,Football Club Internazionale Milano S.p.A.,serie-a,28,Forward,22,FW,"August 22, 1997",75,36,True,406625.0,Football Club Internazionale Milano S.p.A.,IT1,Centre-Forward,right,174.0,,,https://www.transfermarkt.co.uk/lautaro-martinez/profil/spieler/406625,https://img.a.transfermarkt.technology/portrait/header/406625-1695024988.jpg?lm=1,real_wc2026_squads_transfermarkt_openfootball,2026-06-02
Emiliano Martínez,Argentina,Aston Villa Football Club,premier-league,33,Goalkeeper,23,GK,"September 2, 1992",59,0,True,111873.0,Aston Villa Football Club,GB1,Goalkeeper,right,195.0,,,https://www.transfermarkt.co.uk/emiliano-martinez/profil/spieler/111873,https://img.a.transfermarkt.technology/portrait/header/111873-1668180824.jpg?lm=1,real_wc2026_squads_transfermarkt_openfootball,2026-06-02
Enzo Fernández,Argentina,Chelsea Football Club,premier-league,25,Central midfielder,24,MF,"January 17, 2001",40,6,True,648195.0,Chelsea Football Club,GB1,Central Midfield,right,178.0,,,https://www.transfermarkt.co.uk/enzo-fernandez/profil/spieler/648195,https://img.a.transfermarkt.technology/portrait/header/648195-1669894717.jpg?lm=1,real_wc2026_squads_transfermarkt_openfootball,2026-06-02
Facundo Medina,Argentina,Olympique de Marseille,ligue-1,27,Centre-back,25,DF,"May 28, 1999",7,0,True,474800.0,Olympique de Marseille,FR1,Centre-Back,left,184.0,,,https://www.transfermarkt.co.uk/facundo-medina/profil/spieler/474800,https://img.a.transfermarkt.technology/portrait/header/474800-1653402999.jpg?lm=1,real_wc2026_squads_transfermarkt_openfootball,2026-06-02
Nahuel Molina,Argentina,Club Atlético de Madrid S.A.D.,laliga,28,Full-back,26,DF,"April 6, 1998",58,1,True,424042.0,Club Atlético de Madrid S.A.D.,ES1,Right-Back,right,175.0,,,https://www.transfermarkt.co.uk/nahuel-molina/profil/spieler/424042,https://img.a.transfermarkt.technology/portrait/header/424042-1697037362.jpg?lm=1,real_wc2026_squads_transfermarkt_openfootball,2026-06-02
Alexander Schlager,Austria,Fußballclub Red Bull Salzburg,bundesliga,30,Goalkeeper,1,GK,"February 1, 1996",25,0,True,186374.0,Fußballclub Red Bull Salzburg,A1,Goalkeeper,right,184.0,,,https://www.transfermarkt.co.uk/alexander-schlager/profil/spieler/186374,https://img.a.transfermarkt.technology/portrait/header/186374-1754994062.png?lm=1,real_wc2026_squads_transfermarkt_openfootball,2026-06-02
David Affengruber,Austria,Elche Club de Fútbol S.A.D.,laliga,25,Centre-back,2,DF,"March 19, 2001",1,0,True,452483.0,Elche Club de Fútbol S.A.D.,ES1,Centre-Back,right,185.0,,,https://www.transfermarkt.co.uk/david-affengruber/profil/spieler/452483,https://img.a.transfermarkt.technology/portrait/header/452483-1779272314.jpg?lm=1,real_wc2026_squads_transfermarkt_openfootball,2026-06-02
Kevin Danso,Austria,Tottenham Hotspur Football Club,premier-league,27,Centre-back,3,DF,"September 19, 1998",31,0,True,263236.0,Tottenham Hotspur Football Club,GB1,Centre-Back,right,190.0,,,https://www.transfermarkt.co.uk/kevin-danso/profil/spieler/263236,https://img.a.transfermarkt.technology/portrait/header/263236-1691217955.png?lm=1,real_wc2026_squads_transfermarkt_openfootball,2026-06-02
Xaver Schlager,Austria,RasenBallsport Leipzig,bundesliga,28,Central midfielder,4,MF,"September 28, 1997",50,4,True,223979.0,RasenBallsport Leipzig,L1,Central Midfield,left,174.0,,,https://www.transfermarkt.co.uk/xaver-schlager/profil/spieler/223979,https://img.a.transfermarkt.technology/portrait/header/223979-1771940097.jpg?lm=1,real_wc2026_squads_transfermarkt_openfootball,2026-06-02
Stefan Posch,Austria,1. Fußball- und Sportverein Mainz 05,bundesliga,29,Centre-back,5,DF,"May 14, 1997",51,5,True,223974.0,1. Fußball- und Sportverein Mainz 05,L1,Centre-Back,right,190.0,,,https://www.transfermarkt.co.uk/stefan-posch/profil/spieler/223974,https://img.a.transfermarkt.technology/portrait/header/223974-1725531246.jpg?lm=1,real_wc2026_squads_transfermarkt_openfootball,2026-06-02
Nicolas Seiwald,Austria,RasenBallsport Leipzig,bundesliga,25,Defensive midfielder,6,MF,"May 4, 2001",46,1,True,404950.0,RasenBallsport Leipzig,L1,Defensive Midfield,right,180.0,,,https://www.transfermarkt.co.uk/nicolas-seiwald/profil/spieler/404950,https://img.a.transfermarkt.technology/portrait/header/404950-1716315232.jpg?lm=1,real_wc2026_squads_transfermarkt_openfootball,2026-06-02
Marko Arnautović,Austria,Fudbalski klub Crvena zvezda Beograd,super-liga-srbije,37,Forward,7,FW,"April 19, 1989",132,47,True,41384.0,Fudbalski klub Crvena zvezda Beograd,SER1,Centre-Forward,both,192.0,,,https://www.transfermarkt.co.uk/marko-arnautovic/profil/spieler/41384,https://img.a.transfermarkt.technology/portrait/header/41384-1716316175.jpg?lm=1,real_wc2026_squads_transfermarkt_openfootball,2026-06-02
David Alaba,Austria,Real Madrid Club de Fútbol,laliga,33,Centre-back,8,DF,"June 24, 1992",112,15,True,59016.0,Real Madrid Club de Fútbol,ES1,Centre-Back,left,180.0,,,https://www.transfermarkt.co.uk/david-alaba/profil/spieler/59016,https://img.a.transfermarkt.technology/portrait/header/59016-1684921582.jpeg?lm=1,real_wc2026_squads_transfermarkt_openfootball,2026-06-02
Marcel Sabitzer,Austria,Borussia Dortmund,bundesliga,32,Central midfielder,9,MF,"March 17, 1994",97,25,True,106987.0,Borussia Dortmund,L1,Central Midfield,right,178.0,,,https://www.transfermarkt.co.uk/marcel-sabitzer/profil/spieler/106987,https://img.a.transfermarkt.technology/portrait/header/106987-1711745992.jpg?lm=1,real_wc2026_squads_transfermarkt_openfootball,2026-06-02
Florian Grillitsch,Austria,Sporting Clube de Braga,liga-portugal,30,Defensive midfielder,10,MF,"August 7, 1995",58,1,True,195736.0,Sporting Clube de Braga,PO1,Defensive Midfield,right,187.0,,,https://www.transfermarkt.co.uk/florian-grillitsch/profil/spieler/195736,https://img.a.transfermarkt.technology/portrait/header/195736-1691269821.jpg?lm=1,real_wc2026_squads_transfermarkt_openfootball,2026-06-02
Michael Gregoritsch,Austria,Fußball-Club Augsburg 1907,bundesliga,32,Forward,11,FW,"April 18, 1994",74,24,True,120205.0,Fußball-Club Augsburg 1907,L1,Centre-Forward,left,193.0,,,https://www.transfermarkt.co.uk/michael-gregoritsch/profil/spieler/120205,https://img.a.transfermarkt.technology/portrait/header/120205-1773661423.jpg?lm=1,real_wc2026_squads_transfermarkt_openfootball,2026-06-02
Florian Wiegele,Austria,"FC Viktoria Plzeň, a.s.",chance-liga,25,Goalkeeper,12,GK,"March 21, 2001",1,0,True,393999.0,"FC Viktoria Plzeň, a.s.",TS1,Goalkeeper,left,205.0,,,https://www.transfermarkt.co.uk/florian-wiegele/profil/spieler/393999,https://img.a.transfermarkt.technology/portrait/header/393999-1773666827.jpg?lm=1,real_wc2026_squads_transfermarkt_openfootball,2026-06-02
Patrick Pentz,Austria,Brøndby Idrætsforening,superliga,29,Goalkeeper,13,GK,"January 2, 1997",18,0,True,223972.0,Brøndby Idrætsforening,DK1,Goalkeeper,left,183.0,,,https://www.transfermarkt.co.uk/patrick-pentz/profil/spieler/223972,https://img.a.transfermarkt.technology/portrait/header/223972-1689710965.jpg?lm=1,real_wc2026_squads_transfermarkt_openfootball,2026-06-02
Saša Kalajdžić,Austria,Linzer Athletik-Sport-Klub,bundesliga,28,Forward,14,FW,"July 7, 1997",21,4,True,369567.0,Linzer Athletik-Sport-Klub,A1,Centre-Forward,right,200.0,,,https://www.transfermarkt.co.uk/sasa-kalajdzic/profil/spieler/369567,https://img.a.transfermarkt.technology/portrait/header/369567-1624803519.jpg?lm=1,real_wc2026_squads_transfermarkt_openfootball,2026-06-02
Philipp Lienhart,Austria,Sport-Club Freiburg,bundesliga,29,Centre-back,15,DF,"July 11, 1996",40,3,True,225657.0,Sport-Club Freiburg,L1,Centre-Back,right,189.0,,,https://www.transfermarkt.co.uk/philipp-lienhart/profil/spieler/225657,https://img.a.transfermarkt.technology/portrait/header/225657-1658411602.jpg?lm=1,real_wc2026_squads_transfermarkt_openfootball,2026-06-02
Phillipp Mwene,Austria,1. Fußball- und Sportverein Mainz 05,bundesliga,32,Full-back,16,DF,"January 29, 1994",29,0,True,127573.0,1. Fußball- und Sportverein Mainz 05,L1,Left-Back,right,170.0,,,https://www.transfermarkt.co.uk/phillipp-mwene/profil/spieler/127573,https://img.a.transfermarkt.technology/portrait/header/127573-1722886402.jpg?lm=1,real_wc2026_squads_transfermarkt_openfootball,2026-06-02
Carney Chukwuemeka,Austria,Borussia Dortmund,bundesliga,22,Central midfielder,17,MF,"October 20, 2003",2,1,True,659459.0,Borussia Dortmund,L1,Central Midfield,right,188.0,,,https://www.transfermarkt.co.uk/carney-chukwuemeka/profil/spieler/659459,https://img.a.transfermarkt.technology/portrait/header/659459-1770806329.jpg?lm=1,real_wc2026_squads_transfermarkt_openfootball,2026-06-02
Romano Schmid,Austria,Sportverein Werder Bremen von 1899,bundesliga,26,Attacking midfielder,18,MF,"January 27, 2000",33,3,True,346853.0,Sportverein Werder Bremen von 1899,L1,Attacking Midfield,right,168.0,,,https://www.transfermarkt.co.uk/romano-schmid/profil/spieler/346853,https://img.a.transfermarkt.technology/portrait/header/346853-1730117104.jpg?lm=1,real_wc2026_squads_transfermarkt_openfootball,2026-06-02
Christoph Baumgartner,Austria,RasenBallsport Leipzig,bundesliga,26,Attacking midfielder,19,MF,"August 1, 1999",58,19,True,324278.0,RasenBallsport Leipzig,L1,Attacking Midfield,right,180.0,,,https://www.transfermarkt.co.uk/christoph-baumgartner/profil/spieler/324278,https://img.a.transfermarkt.technology/portrait/header/324278-1716315718.jpg?lm=1,real_wc2026_squads_transfermarkt_openfootball,2026-06-02
Konrad Laimer,Austria,FC Bayern München,bundesliga,29,Full-back,20,MF,"May 27, 1997",56,7,True,223967.0,FC Bayern München,L1,Right-Back,right,180.0,,,https://www.transfermarkt.co.uk/konrad-laimer/profil/spieler/223967,https://img.a.transfermarkt.technology/portrait/header/223967-1700659266.jpg?lm=1,real_wc2026_squads_transfermarkt_openfootball,2026-06-02
Patrick Wimmer,Austria,Verein für Leibesübungen Wolfsburg,bundesliga,25,Winger,21,FW,"May 30, 2001",30,1,True,533295.0,Verein für Leibesübungen Wolfsburg,L1,Right Winger,right,182.0,,,https://www.transfermarkt.co.uk/patrick-wimmer/profil/spieler/533295,https://img.a.transfermarkt.technology/portrait/header/533295-1752736631.jpg?lm=1,real_wc2026_squads_transfermarkt_openfootball,2026-06-02
Alexander Prass,Austria,Turn- und Sportgemeinschaft 1899 Hoffenheim Fußball-Spielbetriebs,bundesliga,25,Winger,22,MF,"May 26, 2001",18,0,True,434116.0,Turn- und Sportgemeinschaft 1899 Hoffenheim Fußball-Spielbetriebs,L1,Left Midfield,left,182.0,,,https://www.transfermarkt.co.uk/alexander-prass/profil/spieler/434116,https://img.a.transfermarkt.technology/portrait/header/434116-1723921044.jpg?lm=1,real_wc2026_squads_transfermarkt_openfootball,2026-06-02
Marco Friedl,Austria,Sportverein Werder Bremen von 1899,bundesliga,28,Centre-back,23,DF,"March 16, 1998",10,0,True,156990.0,Sportverein Werder Bremen von 1899,L1,Centre-Back,left,187.0,,,https://www.transfermarkt.co.uk/marco-friedl/profil/spieler/156990,https://img.a.transfermarkt.technology/portrait/header/156990-1756027279.jpg?lm=1,real_wc2026_squads_transfermarkt_openfootball,2026-06-02
Paul Wanner,Austria,Eindhovense Voetbalvereniging Philips Sport Vereniging,eredivisie,20,Central midfielder,24,MF,"December 23, 2005",2,0,True,900909.0,Eindhovense Voetbalvereniging Philips Sport Vereniging,NL1,Central Midfield,left,185.0,,,https://www.transfermarkt.co.uk/paul-wanner/profil/spieler/900909,https://img.a.transfermarkt.technology/portrait/header/900909-1780305172.jpg?lm=1,real_wc2026_squads_transfermarkt_openfootball,2026-06-02
Michael Svoboda,Austria,Venezia FC,serie-a,27,Centre-back,25,DF,"October 15, 1998",4,0,True,438961.0,Venezia FC,IT1,Centre-Back,right,195.0,,,https://www.transfermarkt.co.uk/michael-svoboda/profil/spieler/438961,https://img.a.transfermarkt.technology/portrait/header/438961-1717659180.jpg?lm=1,real_wc2026_squads_transfermarkt_openfootball,2026-06-02
Alessandro Schöpf,Austria,RZ Pellets Wolfsberger Athletiksport Club,bundesliga,32,Central midfielder,26,MF,"February 7, 1994",35,6,True,118397.0,RZ Pellets Wolfsberger Athletiksport Club,A1,Central Midfield,right,178.0,,,https://www.transfermarkt.co.uk/alessandro-schopf/profil/spieler/118397,https://img.a.transfermarkt.technology/portrait/header/118397-1753455659.png?lm=1,real_wc2026_squads_transfermarkt_openfootball,2026-06-02
Yazeed Abulaila,Jordan,Al-Hussein,Unknown,33,Goalkeeper,1,GK,"January 8, 1993",75,0,True,261850.0,,,Goalkeeper,right,189.0,Jordan,AFC,https://www.transfermarkt.co.uk/yazeed-abulaila/profil/spieler/261850,https://img.a.transfermarkt.technology/portrait/header/261850-1693307769.jpg?lm=1,real_wc2026_squads_transfermarkt_openfootball,2026-06-02
Mohammad Abu Hashish,Jordan,Al-Karma,Unknown,31,Full-back,2,DF,"May 9, 1995",55,1,True,895249.0,,,Left-Back,left,178.0,Jordan,AFC,https://www.transfermarkt.co.uk/mohammad-abu-hasheesh/profil/spieler/895249,https://img.a.transfermarkt.technology/portrait/header/895249-1707241610.jpg?lm=1,real_wc2026_squads_transfermarkt_openfootball,2026-06-02
Abdallah Nasib,Jordan,Al-Zawraa,Unknown,32,Centre-back,3,DF,"February 25, 1994",64,3,True,882197.0,,,Centre-Back,right,183.0,Jordan,AFC,https://www.transfermarkt.co.uk/abdallah-nasib/profil/spieler/882197,https://img.a.transfermarkt.technology/portrait/header/882197-1705681650.jpg?lm=1,real_wc2026_squads_transfermarkt_openfootball,2026-06-02
Husam Abu Dahab,Jordan,Al-Faisaly,Unknown,26,Centre-back,4,DF,"May 13, 2000",17,0,True,895291.0,,,Centre-Back,left,186.0,Jordan,AFC,https://www.transfermarkt.co.uk/husam-abu-dahab/profil/spieler/895291,https://img.a.transfermarkt.technology/portrait/header/default.jpg?lm=1,real_wc2026_squads_transfermarkt_openfootball,2026-06-02
Yazan Al-Arab,Jordan,Football Club Seoul,k-league-1,30,Centre-back,5,DF,"January 31, 1996",79,3,True,539961.0,Football Club Seoul,RSK1,Centre-Back,left,187.0,,,https://www.transfermarkt.co.uk/yazan-al-arab/profil/spieler/539961,https://img.a.transfermarkt.technology/portrait/header/539961-1563115087.jpg?lm=1,real_wc2026_squads_transfermarkt_openfootball,2026-06-02
Amer Jamous,Jordan,Al-Zawraa,Unknown,23,Central midfielder,6,MF,"July 3, 2002",18,1,True,744040.0,,,Central Midfield,right,174.0,Jordan,AFC,https://www.transfermarkt.co.uk/amer-jamous/profil/spieler/744040,https://img.a.transfermarkt.technology/portrait/header/744040-1744645208.jpg?lm=1,real_wc2026_squads_transfermarkt_openfootball,2026-06-02
Mohammad Abu Zrayq,Jordan,Raja Casablanca,Unknown,28,Centre-back,7,FW,"December 30, 1997",40,5,True,658052.0,,,Centre-Back,left,186.0,Jordan,AFC,https://www.transfermarkt.co.uk/mohammad-abualnadi/profil/spieler/658052,https://img.a.transfermarkt.technology/portrait/header/658052-1759700839.jpg?lm=1,real_wc2026_squads_transfermarkt_openfootball,2026-06-02
Noor Al-Rawabdeh,Jordan,Selangor,Unknown,29,Central midfielder,8,MF,"February 24, 1997",67,3,True,561485.0,,,Central Midfield,right,183.0,Jordan,AFC,https://www.transfermarkt.co.uk/noor-al-rawabdeh/profil/spieler/561485,https://img.a.transfermarkt.technology/portrait/header/561485-1725800629.JPG?lm=1,real_wc2026_squads_transfermarkt_openfootball,2026-06-02
Ali Olwan,Jordan,Al-Sailiya,Unknown,26,Forward,9,FW,"March 26, 2000",65,29,True,664057.0,,,Centre-Forward,right,182.0,Jordan,AFC,https://www.transfermarkt.co.uk/ali-olwan/profil/spieler/664057,https://img.a.transfermarkt.technology/portrait/header/664057-1725801104.JPG?lm=1,real_wc2026_squads_transfermarkt_openfootball,2026-06-02
Musa Al-Taamari,Jordan,Stade Rennais Football Club,ligue-1,29,Winger,10,FW,"June 10, 1997",91,24,True,551505.0,Stade Rennais Football Club,FR1,Right Winger,left,178.0,,,https://www.transfermarkt.co.uk/mousa-tamari/profil/spieler/551505,https://img.a.transfermarkt.technology/portrait/header/551505-1702663087.JPG?lm=1,real_wc2026_squads_transfermarkt_openfootball,2026-06-02
Odeh Al-Fakhouri,Jordan,Pyramids,Unknown,20,Winger,11,FW,"November 22, 2005",9,1,True,1252820.0,,,Left Winger,right,180.0,Jordan,AFC,https://www.transfermarkt.co.uk/odeh-fakhoury/profil/spieler/1252820,https://img.a.transfermarkt.technology/portrait/header/default.jpg?lm=1,real_wc2026_squads_transfermarkt_openfootball,2026-06-02
Nour Bani Attiah,Jordan,Al-Faisaly,Unknown,33,Goalkeeper,12,GK,"January 25, 1993",4,0,True,261837.0,,,Goalkeeper,right,179.0,Jordan,AFC,https://www.transfermarkt.co.uk/noureddin-bani-attiah/profil/spieler/261837,https://img.a.transfermarkt.technology/portrait/header/default.jpg?lm=1,real_wc2026_squads_transfermarkt_openfootball,2026-06-02
Mahmoud Al-Mardi,Jordan,Al-Hussein,Unknown,32,Winger,13,FW,"October 6, 1993",88,9,True,401086.0,,,Left Winger,right,178.0,Jordan,AFC,https://www.transfermarkt.co.uk/mahmoud-al-mardi/profil/spieler/401086,https://img.a.transfermarkt.technology/portrait/header/401086-1705681813.jpg?lm=1,real_wc2026_squads_transfermarkt_openfootball,2026-06-02
Rajaei Ayed,Jordan,Al-Hussein,Unknown,32,Central midfielder,14,MF,"July 25, 1993",72,0,True,261842.0,,,Central Midfield,right,180.0,Jordan,AFC,https://www.transfermarkt.co.uk/rajaei-ayed/profil/spieler/261842,https://img.a.transfermarkt.technology/portrait/header/261842-1706541704.jpg?lm=1,real_wc2026_squads_transfermarkt_openfootball,2026-06-02
Ibrahim Sadeh,Jordan,Al-Karma,Unknown,26,Central midfielder,15,MF,"April 27, 2000",56,3,True,709974.0,,,Central Midfield,right,181.0,Jordan,AFC,https://www.transfermarkt.co.uk/ibrahim-saadeh/profil/spieler/709974,https://img.a.transfermarkt.technology/portrait/header/709974-1723145705.jpg?lm=1,real_wc2026_squads_transfermarkt_openfootball,2026-06-02
Mo Abualnadi,Jordan,Selangor,Unknown,25,Centre-back,16,DF,"February 8, 2001",17,0,True,658052.0,,,Centre-Back,left,186.0,Jordan,AFC,https://www.transfermarkt.co.uk/mohammad-abualnadi/profil/spieler/658052,https://img.a.transfermarkt.technology/portrait/header/658052-1759700839.jpg?lm=1,real_wc2026_squads_transfermarkt_openfootball,2026-06-02
Salim Obaid,Jordan,Al-Hussein,Unknown,34,Centre-back,17,DF,"January 17, 1992",10,0,True,658807.0,,,Centre-Back,left,185.0,Jordan,AFC,https://www.transfermarkt.co.uk/saleem-obaid/profil/spieler/658807,https://img.a.transfermarkt.technology/portrait/header/default.jpg?lm=1,real_wc2026_squads_transfermarkt_openfootball,2026-06-02
Ibrahim Sabra,Jordan,NK Lokomotiva Zagreb,supersport-hnl,20,Forward,18,FW,"February 1, 2006",9,1,True,1142382.0,NK Lokomotiva Zagreb,KR1,Centre-Forward,right,184.0,,,https://www.transfermarkt.co.uk/ibrahim-sabra/profil/spieler/1142382,https://img.a.transfermarkt.technology/portrait/header/1142382-1759400970.png?lm=1,real_wc2026_squads_transfermarkt_openfootball,2026-06-02
Saed Al-Rosan,Jordan,Al-Hussein,Unknown,29,Centre-back,19,DF,"February 1, 1997",20,2,True,561481.0,,,Centre-Back,right,188.0,Jordan,AFC,https://www.transfermarkt.co.uk/saed-al-rosan/profil/spieler/561481,https://img.a.transfermarkt.technology/portrait/header/561481-1774859138.jpg?lm=1,real_wc2026_squads_transfermarkt_openfootball,2026-06-02
Mohannad Abu Taha,Jordan,Al-Quwa Al-Jawiya,Unknown,23,Full-back,20,MF,"February 2, 2003",28,1,True,883111.0,,,Left-Back,left,177.0,Jordan,AFC,https://www.transfermarkt.co.uk/mohannad-abu-taha/profil/spieler/883111,https://img.a.transfermarkt.technology/portrait/header/883111-1698757315.png?lm=1,real_wc2026_squads_transfermarkt_openfootball,2026-06-02
Nizar Al-Rashdan,Jordan,Qatar SC,Unknown,27,Defensive midfielder,21,MF,"March 23, 1999",46,4,True,734751.0,,,Defensive Midfield,right,185.0,Jordan,AFC,https://www.transfermarkt.co.uk/nizar-al-rashdan/profil/spieler/734751,https://img.a.transfermarkt.technology/portrait/header/734751-1705681693.jpg?lm=1,real_wc2026_squads_transfermarkt_openfootball,2026-06-02
Abdallah Al-Fakhouri,Jordan,Al-Wehdat,Unknown,26,Goalkeeper,22,GK,"January 22, 2000",11,0,True,658805.0,,,Goalkeeper,right,187.0,Jordan,AFC,https://www.transfermarkt.co.uk/abdallah-al-fakhouri/profil/spieler/658805,https://img.a.transfermarkt.technology/portrait/header/658805-1698756465.png?lm=1,real_wc2026_squads_transfermarkt_openfootball,2026-06-02
Ihsan Haddad,Jordan,Al-Hussein,Unknown,32,Full-back,23,DF,"February 5, 1994",91,2,True,310943.0,,,Right-Back,right,181.0,Jordan,AFC,https://www.transfermarkt.co.uk/ehsan-haddad/profil/spieler/310943,https://img.a.transfermarkt.technology/portrait/header/310943-1705681769.jpg?lm=1,real_wc2026_squads_transfermarkt_openfootball,2026-06-02
Ali Azaizeh,Jordan,Al-Shabab Club,saudi-pro-league,22,Winger,24,FW,"April 13, 2004",3,0,True,1059056.0,Al-Shabab Club,SA1,Right Winger,left,179.0,,,https://www.transfermarkt.co.uk/ali-azaizeh/profil/spieler/1059056,https://img.a.transfermarkt.technology/portrait/header/default.jpg?lm=1,real_wc2026_squads_transfermarkt_openfootball,2026-06-02
Mohammad Al-Dawoud,Jordan,Al-Wehdat,Unknown,34,Central midfielder,25,MF,"April 12, 1992",12,1,True,310801.0,,,Central Midfield,right,177.0,Jordan,AFC,https://www.transfermarkt.co.uk/mohammad-al-dawoud/profil/spieler/310801,https://img.a.transfermarkt.technology/portrait/header/default.jpg?lm=1,real_wc2026_squads_transfermarkt_openfootball,2026-06-02
Anas Badawi,Jordan,Al-Faisaly,Unknown,28,Centre-back,26,DF,"September 13, 1997",1,0,True,,,,,,,,,,,real_wc2026_squads_transfermarkt_openfootball,2026-06-02
David Ospina,Colombia,Atlético Nacional,liga-betplay-dimayor,37,Goalkeeper,1,GK,"August 31, 1988",129,0,True,73396.0,Atlético Nacional,COL1,Goalkeeper,right,183.0,,,https://www.transfermarkt.co.uk/david-ospina/profil/spieler/73396,https://img.a.transfermarkt.technology/portrait/header/73396-1722444561.JPG?lm=1,real_wc2026_squads_transfermarkt_openfootball,2026-06-02
Daniel Muñoz,Colombia,Crystal Palace Football Club,premier-league,30,Full-back,2,DF,"May 26, 1996",44,3,True,493003.0,Crystal Palace Football Club,GB1,Right-Back,right,181.0,,,https://www.transfermarkt.co.uk/daniel-munoz/profil/spieler/493003,https://img.a.transfermarkt.technology/portrait/header/493003-1718642628.jpg?lm=1,real_wc2026_squads_transfermarkt_openfootball,2026-06-02
Jhon Lucumí,Colombia,Bologna Football Club 1909,serie-a,27,Centre-back,3,DF,"June 26, 1998",35,1,True,413565.0,Bologna Football Club 1909,IT1,Centre-Back,left,187.0,,,https://www.transfermarkt.co.uk/jhon-lucumi/profil/spieler/413565,https://img.a.transfermarkt.technology/portrait/header/413565-1753445789.jpg?lm=1,real_wc2026_squads_transfermarkt_openfootball,2026-06-02
Santiago Arias,Colombia,Club Atlético Independiente de Avellaneda,torneo-apertura,34,Full-back,4,DF,"January 13, 1992",66,0,True,120443.0,Club Atlético Independiente de Avellaneda,ARG1,Right-Back,right,178.0,,,https://www.transfermarkt.co.uk/santiago-arias/profil/spieler/120443,https://img.a.transfermarkt.technology/portrait/header/120443-1678121461.jpg?lm=1,real_wc2026_squads_transfermarkt_openfootball,2026-06-02
Kevin Castaño,Colombia,Club Atlético River Plate,torneo-apertura,25,Defensive midfielder,5,MF,"September 29, 2000",24,0,True,857948.0,Club Atlético River Plate,ARG1,Defensive Midfield,right,177.0,,,https://www.transfermarkt.co.uk/kevin-castano/profil/spieler/857948,https://img.a.transfermarkt.technology/portrait/header/857948-1721724428.png?lm=1,real_wc2026_squads_transfermarkt_openfootball,2026-06-02
Richard Ríos,Colombia,Sport Lisboa e Benfica,liga-portugal,26,Defensive midfielder,6,MF,"June 2, 2000",30,2,True,735573.0,Sport Lisboa e Benfica,PO1,Defensive Midfield,right,187.0,,,https://www.transfermarkt.co.uk/richard-rios/profil/spieler/735573,https://img.a.transfermarkt.technology/portrait/header/735573-1779797805.jpg?lm=1,real_wc2026_squads_transfermarkt_openfootball,2026-06-02
Luis Díaz,Colombia,FC Bayern München,bundesliga,29,Winger,7,FW,"January 13, 1997",72,21,True,480692.0,FC Bayern München,L1,Left Winger,right,180.0,,,https://www.transfermarkt.co.uk/luis-diaz/profil/spieler/480692,https://img.a.transfermarkt.technology/portrait/header/480692-1757938077.jpg?lm=1,real_wc2026_squads_transfermarkt_openfootball,2026-06-02
Jorge Carrascal,Colombia,Clube de Regatas do Flamengo,campeonato-brasileiro-serie-a,28,Attacking midfielder,8,MF,"May 25, 1998",22,2,True,354145.0,Clube de Regatas do Flamengo,BRA1,Attacking Midfield,right,180.0,,,https://www.transfermarkt.co.uk/jorge-carrascal/profil/spieler/354145,https://img.a.transfermarkt.technology/portrait/header/354145-1770034381.jpg?lm=1,real_wc2026_squads_transfermarkt_openfootball,2026-06-02
Jhon Córdoba,Colombia,FK Krasnodar,premier-liga,33,Forward,9,FW,"May 11, 1993",21,6,True,185245.0,FK Krasnodar,RU1,Centre-Forward,right,188.0,,,https://www.transfermarkt.co.uk/jhon-cordoba/profil/spieler/185245,https://img.a.transfermarkt.technology/portrait/header/185245-1753531142.png?lm=1,real_wc2026_squads_transfermarkt_openfootball,2026-06-02
James Rodríguez,Colombia,Minnesota United FC,major-league-soccer,34,Attacking midfielder,10,MF,"July 12, 1991",124,31,True,88103.0,Minnesota United FC,MLS1,Attacking Midfield,left,180.0,,,https://www.transfermarkt.co.uk/james-rodriguez/profil/spieler/88103,https://img.a.transfermarkt.technology/portrait/header/88103-1771697730.jpg?lm=1,real_wc2026_squads_transfermarkt_openfootball,2026-06-02
Jhon Arias,Colombia,Sociedade Esportiva Palmeiras,campeonato-brasileiro-serie-a,28,Winger,11,MF,"September 21, 1997",36,4,True,588989.0,Sociedade Esportiva Palmeiras,BRA1,Right Winger,right,168.0,,,https://www.transfermarkt.co.uk/jhon-arias/profil/spieler/588989,https://img.a.transfermarkt.technology/portrait/header/588989-1719245400.jpg?lm=1,real_wc2026_squads_transfermarkt_openfootball,2026-06-02
Camilo Vargas,Colombia,Club de Futbol Rojinegros S.A. de C.V.,liga-mx-clausura,37,Goalkeeper,12,GK,"March 9, 1989",40,0,True,74113.0,Club de Futbol Rojinegros S.A. de C.V.,MEX1,Goalkeeper,left,183.0,,,https://www.transfermarkt.co.uk/camilo-vargas/profil/spieler/74113,https://img.a.transfermarkt.technology/portrait/header/74113-1719976171.jpg?lm=1,real_wc2026_squads_transfermarkt_openfootball,2026-06-02
Yerry Mina,Colombia,Cagliari Calcio,serie-a,31,Centre-back,13,DF,"September 23, 1994",52,8,True,289446.0,Cagliari Calcio,IT1,Centre-Back,right,195.0,,,https://www.transfermarkt.co.uk/yerry-mina/profil/spieler/289446,https://img.a.transfermarkt.technology/portrait/header/289446-1730186402.jpg?lm=1,real_wc2026_squads_transfermarkt_openfootball,2026-06-02
Gustavo Puerta,Colombia,Racing Santander,Unknown,22,Central midfielder,14,DF,"July 23, 2003",4,1,True,936981.0,,,Central Midfield,right,173.0,Colombia,CONMEBOL,https://www.transfermarkt.co.uk/gustavo-puerta/profil/spieler/936981,https://img.a.transfermarkt.technology/portrait/header/936981-1695368256.jpg?lm=1,real_wc2026_squads_transfermarkt_openfootball,2026-06-02
Juan Portilla,Colombia,Clube Atlético Paranaense,campeonato-brasileiro-serie-a,27,Central midfielder,15,MF,"September 12, 1998",8,0,True,585747.0,Clube Atlético Paranaense,BRA1,Central Midfield,right,183.0,,,https://www.transfermarkt.co.uk/juan-portilla/profil/spieler/585747,https://img.a.transfermarkt.technology/portrait/header/585747-1710170698.JPG?lm=1,real_wc2026_squads_transfermarkt_openfootball,2026-06-02
Jefferson Lerma,Colombia,Crystal Palace Football Club,premier-league,31,Defensive midfielder,16,MF,"October 25, 1994",64,5,True,262980.0,Crystal Palace Football Club,GB1,Defensive Midfield,right,179.0,,,https://www.transfermarkt.co.uk/jefferson-lerma/profil/spieler/262980,https://img.a.transfermarkt.technology/portrait/header/262980-1693334146.jpg?lm=1,real_wc2026_squads_transfermarkt_openfootball,2026-06-02
Johan Mojica,Colombia,Real Club Deportivo Mallorca S.A.D.,laliga,33,Full-back,17,DF,"August 21, 1992",43,1,True,262939.0,Real Club Deportivo Mallorca S.A.D.,ES1,Left-Back,left,185.0,,,https://www.transfermarkt.co.uk/johan-mojica/profil/spieler/262939,https://img.a.transfermarkt.technology/portrait/header/262939-1541161893.jpg?lm=1,real_wc2026_squads_transfermarkt_openfootball,2026-06-02
Willer Ditta,Colombia,Club de Fútbol Cruz Azul S.A. de C.V.,liga-mx-clausura,28,Centre-back,18,DF,"January 23, 1998",3,0,True,609255.0,Club de Fútbol Cruz Azul S.A. de C.V.,MEX1,Centre-Back,right,180.0,,,https://www.transfermarkt.co.uk/willer-ditta/profil/spieler/609255,https://img.a.transfermarkt.technology/portrait/header/609255-1612186900.jpg?lm=1,real_wc2026_squads_transfermarkt_openfootball,2026-06-02
Cucho Hernández,Colombia,Real Betis Balompié S.A.D.,laliga,27,Forward,19,FW,"April 20, 1999",7,2,True,459463.0,Real Betis Balompié S.A.D.,ES1,Centre-Forward,right,176.0,,,https://www.transfermarkt.co.uk/cucho-hernandez/profil/spieler/459463,https://img.a.transfermarkt.technology/portrait/header/459463-1773344529.jpg?lm=1,real_wc2026_squads_transfermarkt_openfootball,2026-06-02
Juan Fernando Quintero,Colombia,Club Atlético River Plate,torneo-apertura,33,Attacking midfielder,20,MF,"January 18, 1993",47,6,True,122582.0,Club Atlético River Plate,ARG1,Attacking Midfield,left,168.0,,,https://www.transfermarkt.co.uk/juan-fernando-quintero/profil/spieler/122582,https://img.a.transfermarkt.technology/portrait/header/122582-1762438466.png?lm=1,real_wc2026_squads_transfermarkt_openfootball,2026-06-02
Jaminton Campaz,Colombia,Club Atlético Rosario Central,torneo-apertura,26,Winger,21,FW,"May 24, 2000",9,1,True,491553.0,Club Atlético Rosario Central,ARG1,Left Winger,left,165.0,,,https://www.transfermarkt.co.uk/jaminton-campaz/profil/spieler/491553,https://img.a.transfermarkt.technology/portrait/header/491553-1742571062.png?lm=1,real_wc2026_squads_transfermarkt_openfootball,2026-06-02
Deiver Machado,Colombia,Football Club de Nantes,ligue-1,32,Full-back,22,DF,"September 2, 1993",14,0,True,332560.0,Football Club de Nantes,FR1,Left-Back,left,180.0,,,https://www.transfermarkt.co.uk/deiver-machado/profil/spieler/332560,https://img.a.transfermarkt.technology/portrait/header/332560-1704797088.jpg?lm=1,real_wc2026_squads_transfermarkt_openfootball,2026-06-02
Davinson Sánchez,Colombia,Galatasaray Spor Kulübü,super-lig,29,Centre-back,23,DF,"June 12, 1996",77,3,True,341429.0,Galatasaray Spor Kulübü,TR1,Centre-Back,right,187.0,,,https://www.transfermarkt.co.uk/davinson-sanchez/profil/spieler/341429,https://img.a.transfermarkt.technology/portrait/header/341429-1779992459.png?lm=1,real_wc2026_squads_transfermarkt_openfootball,2026-06-02
Álvaro Montero,Colombia,Club Atlético Vélez Sársfield,torneo-apertura,31,Goalkeeper,24,GK,"March 29, 1995",11,0,True,292985.0,Club Atlético Vélez Sársfield,ARG1,Goalkeeper,right,199.0,,,https://www.transfermarkt.co.uk/alvaro-montero/profil/spieler/292985,https://img.a.transfermarkt.technology/portrait/header/292985-1688673218.jpg?lm=1,real_wc2026_squads_transfermarkt_openfootball,2026-06-02
Luis Suárez,Colombia,Sporting Clube de Portugal,liga-portugal,28,Forward,25,FW,"December 2, 1997",10,4,True,424784.0,Sporting Clube de Portugal,PO1,Centre-Forward,right,181.0,,,https://www.transfermarkt.co.uk/luis-suarez/profil/spieler/424784,https://img.a.transfermarkt.technology/portrait/header/424784-1761232078.jpg?lm=1,real_wc2026_squads_transfermarkt_openfootball,2026-06-02
Andrés Gómez,Colombia,Club de Regatas Vasco da Gama,campeonato-brasileiro-serie-a,23,Winger,26,FW,"September 12, 2002",6,2,True,957461.0,Club de Regatas Vasco da Gama,BRA1,Left Winger,right,171.0,,,https://www.transfermarkt.co.uk/andres-gomez/profil/spieler/957461,https://img.a.transfermarkt.technology/portrait/header/957461-1780328928.jpg?lm=1,real_wc2026_squads_transfermarkt_openfootball,2026-06-02
Lionel Mpasi,DR Congo,Le Havre Athletic Club,ligue-1,31,Goalkeeper,1,GK,"August 1, 1994",27,0,True,164915.0,Le Havre Athletic Club,FR1,Goalkeeper,right,182.0,,,https://www.transfermarkt.co.uk/lionel-mpasi-nzau/profil/spieler/164915,https://img.a.transfermarkt.technology/portrait/header/164915-1666190720.JPG?lm=1,real_wc2026_squads_transfermarkt_openfootball,2026-06-02
Aaron Wan-Bissaka,DR Congo,West Ham United Football Club,premier-league,28,Full-back,2,DF,"November 26, 1997",10,0,True,477758.0,West Ham United Football Club,GB1,Right-Back,right,183.0,,,https://www.transfermarkt.co.uk/aaron-wan-bissaka/profil/spieler/477758,https://img.a.transfermarkt.technology/portrait/header/477758-1769112496.jpg?lm=1,real_wc2026_squads_transfermarkt_openfootball,2026-06-02
Steve Kapuadi,DR Congo,Widzew Łódź Spółka Akcyjna,pko-bp-ekstraklasa,28,Centre-back,3,DF,"April 30, 1998",3,0,True,679709.0,Widzew Łódź Spółka Akcyjna,PL1,Centre-Back,left,196.0,,,https://www.transfermarkt.co.uk/steve-kapuadi/profil/spieler/679709,https://img.a.transfermarkt.technology/portrait/header/679709-1669141167.png?lm=1,real_wc2026_squads_transfermarkt_openfootball,2026-06-02
Axel Tuanzebe,DR Congo,Burnley Football Club,premier-league,28,Centre-back,4,DF,"November 14, 1997",12,1,True,342046.0,Burnley Football Club,GB1,Centre-Back,right,185.0,,,https://www.transfermarkt.co.uk/axel-tuanzebe/profil/spieler/342046,https://img.a.transfermarkt.technology/portrait/header/342046-1774470130.jpg?lm=1,real_wc2026_squads_transfermarkt_openfootball,2026-06-02
Dylan Batubinsika,DR Congo,Athlitiki Enosi Larisas,super-league-1,30,Centre-back,5,DF,"February 15, 1996",14,1,True,289432.0,Athlitiki Enosi Larisas,GR1,Centre-Back,right,188.0,,,https://www.transfermarkt.co.uk/dylan-batubinsika/profil/spieler/289432,https://img.a.transfermarkt.technology/portrait/header/289432-1777737278.png?lm=1,real_wc2026_squads_transfermarkt_openfootball,2026-06-02
Ngal'ayel Mukau,DR Congo,Lille Olympique Sporting Club,ligue-1,21,Defensive midfielder,6,MF,"November 3, 2004",12,0,True,1016015.0,Lille Olympique Sporting Club,FR1,Defensive Midfield,left,186.0,,,https://www.transfermarkt.co.uk/ngalayel-mukau/profil/spieler/1016015,https://img.a.transfermarkt.technology/portrait/header/1016015-1741120243.jpg?lm=1,real_wc2026_squads_transfermarkt_openfootball,2026-06-02
Nathanaël Mbuku,DR Congo,GNK Dinamo Zagreb,supersport-hnl,24,Winger,7,MF,"March 16, 2002",17,2,True,557614.0,GNK Dinamo Zagreb,KR1,Left Winger,left,170.0,,,https://www.transfermarkt.co.uk/nathanael-mbuku/profil/spieler/557614,https://img.a.transfermarkt.technology/portrait/header/557614-1773267950.png?lm=1,real_wc2026_squads_transfermarkt_openfootball,2026-06-02
Samuel Moutoussamy,DR Congo,APS Atromitos Athinon,super-league-1,29,Central midfielder,8,MF,"August 12, 1996",56,0,True,353403.0,APS Atromitos Athinon,GR1,Central Midfield,left,176.0,,,https://www.transfermarkt.co.uk/samuel-moutoussamy/profil/spieler/353403,https://img.a.transfermarkt.technology/portrait/header/353403-1726065611.jpg?lm=1,real_wc2026_squads_transfermarkt_openfootball,2026-06-02
Brian Cipenga,DR Congo,Castellón,Unknown,28,Forward,9,FW,"March 11, 1998",7,0,True,,,,,,,,,,,real_wc2026_squads_transfermarkt_openfootball,2026-06-02
Théo Bongonda,DR Congo,FK Spartak Moskva,premier-liga,30,Winger,10,MF,"November 20, 1995",37,7,True,280701.0,FK Spartak Moskva,RU1,Right Winger,left,175.0,,,https://www.transfermarkt.co.uk/theo-bongonda/profil/spieler/280701,https://img.a.transfermarkt.technology/portrait/header/280701-1689146026.png?lm=1,real_wc2026_squads_transfermarkt_openfootball,2026-06-02
Gaël Kakuta,DR Congo,Athlitiki Enosi Larisas,super-league-1,34,Attacking midfielder,11,FW,"June 21, 1991",30,5,True,74297.0,Athlitiki Enosi Larisas,GR1,Attacking Midfield,left,173.0,,,https://www.transfermarkt.co.uk/gael-kakuta/profil/spieler/74297,https://img.a.transfermarkt.technology/portrait/header/74297-1777738804.png?lm=1,real_wc2026_squads_transfermarkt_openfootball,2026-06-02
Joris Kayembe,DR Congo,Koninklijke Racing Club Genk,jupiler-pro-league,31,Full-back,12,DF,"August 8, 1994",24,0,True,129586.0,Koninklijke Racing Club Genk,BE1,Left-Back,left,181.0,,,https://www.transfermarkt.co.uk/joris-kayembe/profil/spieler/129586,https://img.a.transfermarkt.technology/portrait/header/129586-1714036942.png?lm=1,real_wc2026_squads_transfermarkt_openfootball,2026-06-02
Meschak Elia,DR Congo,Alanyaspor,super-lig,28,Attacking midfielder,13,FW,"August 6, 1997",68,12,True,423678.0,Alanyaspor,TR1,Attacking Midfield,right,173.0,,,https://www.transfermarkt.co.uk/meschack-elia/profil/spieler/423678,https://img.a.transfermarkt.technology/portrait/header/423678-1761655792.jpg?lm=1,real_wc2026_squads_transfermarkt_openfootball,2026-06-02
Noah Sadiki,DR Congo,Sunderland Association Football Club,premier-league,21,Central midfielder,14,MF,"December 17, 2004",18,0,True,727089.0,Sunderland Association Football Club,GB1,Central Midfield,right,173.0,,,https://www.transfermarkt.co.uk/noah-sadiki/profil/spieler/727089,https://img.a.transfermarkt.technology/portrait/header/727089-1767005980.jpg?lm=1,real_wc2026_squads_transfermarkt_openfootball,2026-06-02
Aaron Tshibola,DR Congo,Kilmarnock Football Club,scottish-premiership,31,Central midfielder,15,MF,"January 2, 1995",16,1,True,243633.0,Kilmarnock Football Club,SC1,Central Midfield,right,190.0,,,https://www.transfermarkt.co.uk/aaron-tshibola/profil/spieler/243633,https://img.a.transfermarkt.technology/portrait/header/243633-1757720826.jpg?lm=1,real_wc2026_squads_transfermarkt_openfootball,2026-06-02
Timothy Fayulu,DR Congo,FC Sion,super-league,26,Goalkeeper,16,GK,"July 24, 1999",3,0,True,541420.0,FC Sion,C1,Goalkeeper,right,192.0,,,https://www.transfermarkt.co.uk/timothy-fayulu/profil/spieler/541420,https://img.a.transfermarkt.technology/portrait/header/541420-1739451911.jpg?lm=1,real_wc2026_squads_transfermarkt_openfootball,2026-06-02
Cédric Bakambu,DR Congo,Real Betis Balompié S.A.D.,laliga,35,Forward,17,FW,"April 11, 1991",68,21,True,127048.0,Real Betis Balompié S.A.D.,ES1,Centre-Forward,right,182.0,,,https://www.transfermarkt.co.uk/cedric-bakambu/profil/spieler/127048,https://img.a.transfermarkt.technology/portrait/header/127048-1766415258.jpg?lm=1,real_wc2026_squads_transfermarkt_openfootball,2026-06-02
Charles Pickel,DR Congo,Reial Club Deportiu Espanyol de Barcelona S.A.D.,laliga,29,Defensive midfielder,18,MF,"May 15, 1997",33,1,True,243879.0,Reial Club Deportiu Espanyol de Barcelona S.A.D.,ES1,Defensive Midfield,right,187.0,,,https://www.transfermarkt.co.uk/charles-pickel/profil/spieler/243879,https://img.a.transfermarkt.technology/portrait/header/243879-1658483049.jpg?lm=1,real_wc2026_squads_transfermarkt_openfootball,2026-06-02
Fiston Mayele,DR Congo,Pyramids,Unknown,31,Forward,19,FW,"June 24, 1994",37,6,True,,,,,,,,,,,real_wc2026_squads_transfermarkt_openfootball,2026-06-02
Yoane Wissa,DR Congo,Newcastle United Football Club,premier-league,29,Forward,20,FW,"September 3, 1996",36,9,True,388165.0,Newcastle United Football Club,GB1,Centre-Forward,right,176.0,,,https://www.transfermarkt.co.uk/yoane-wissa/profil/spieler/388165,https://img.a.transfermarkt.technology/portrait/header/388165-1740646948.jpg?lm=1,real_wc2026_squads_transfermarkt_openfootball,2026-06-02
Matthieu Epolo,DR Congo,Royal Standard Club de Liège,jupiler-pro-league,21,Goalkeeper,21,GK,"January 15, 2005",1,0,True,680218.0,Royal Standard Club de Liège,BE1,Goalkeeper,right,189.0,,,https://www.transfermarkt.co.uk/matthieu-epolo/profil/spieler/680218,https://img.a.transfermarkt.technology/portrait/header/680218-1705580908.jpg?lm=1,real_wc2026_squads_transfermarkt_openfootball,2026-06-02
Chancel Mbemba,DR Congo,Lille Olympique Sporting Club,ligue-1,31,Centre-back,22,DF,"August 8, 1994",107,7,True,203348.0,Lille Olympique Sporting Club,FR1,Centre-Back,right,182.0,,,https://www.transfermarkt.co.uk/chancel-mbemba/profil/spieler/203348,https://img.a.transfermarkt.technology/portrait/header/203348-1767006126.jpg?lm=1,real_wc2026_squads_transfermarkt_openfootball,2026-06-02
Simon Banza,DR Congo,Sporting Clube de Braga,liga-portugal,29,Forward,23,FW,"August 13, 1996",14,2,True,344869.0,Sporting Clube de Braga,PO1,Centre-Forward,right,189.0,,,https://www.transfermarkt.co.uk/simon-banza/profil/spieler/344869,https://img.a.transfermarkt.technology/portrait/header/344869-1726586877.jpg?lm=1,real_wc2026_squads_transfermarkt_openfootball,2026-06-02
Gédéon Kalulu,DR Congo,Football Club Lorient-Bretagne Sud,ligue-1,28,Full-back,24,DF,"August 29, 1997",27,0,True,395685.0,Football Club Lorient-Bretagne Sud,FR1,Right-Back,right,179.0,,,https://www.transfermarkt.co.uk/gedeon-kalulu/profil/spieler/395685,https://img.a.transfermarkt.technology/portrait/header/395685-1583422141.jpg?lm=1,real_wc2026_squads_transfermarkt_openfootball,2026-06-02
Edo Kayembe,DR Congo,Watford FC,premier-league,28,Defensive midfielder,25,MF,"June 3, 1998",41,2,True,486477.0,Watford FC,GB1,Defensive Midfield,left,183.0,,,https://www.transfermarkt.co.uk/edo-kayembe/profil/spieler/486477,https://img.a.transfermarkt.technology/portrait/header/486477-1532343230.jpg?lm=1,real_wc2026_squads_transfermarkt_openfootball,2026-06-02
Arthur Masuaku,DR Congo,Racing Club de Lens,ligue-1,32,Full-back,26,DF,"November 7, 1993",44,4,True,181380.0,Racing Club de Lens,FR1,Left-Back,left,179.0,,,https://www.transfermarkt.co.uk/arthur-masuaku/profil/spieler/181380,https://img.a.transfermarkt.technology/portrait/header/181380-1767006082.jpg?lm=1,real_wc2026_squads_transfermarkt_openfootball,2026-06-02
Diogo Costa,Portugal,Futebol Clube do Porto,liga-portugal,26,Goalkeeper,1,GK,"September 19, 1999",42,0,True,357153.0,Futebol Clube do Porto,PO1,Goalkeeper,right,186.0,,,https://www.transfermarkt.co.uk/diogo-costa/profil/spieler/357153,https://img.a.transfermarkt.technology/portrait/header/357153-1716296015.jpg?lm=1,real_wc2026_squads_transfermarkt_openfootball,2026-06-02
Nélson Semedo,Portugal,Fenerbahçe Spor Kulübü,super-lig,32,Full-back,2,DF,"November 16, 1993",48,0,True,231572.0,Fenerbahçe Spor Kulübü,TR1,Right-Back,right,177.0,,,https://www.transfermarkt.co.uk/nelson-semedo/profil/spieler/231572,https://img.a.transfermarkt.technology/portrait/header/231572-1765459986.jpg?lm=1,real_wc2026_squads_transfermarkt_openfootball,2026-06-02
Rúben Dias,Portugal,Manchester City Football Club,premier-league,29,Centre-back,3,DF,"May 14, 1997",74,3,True,258004.0,Manchester City Football Club,GB1,Centre-Back,right,187.0,,,https://www.transfermarkt.co.uk/ruben-dias/profil/spieler/258004,https://img.a.transfermarkt.technology/portrait/header/258004-1684921271.jpg?lm=1,real_wc2026_squads_transfermarkt_openfootball,2026-06-02
Tomás Araújo,Portugal,Sport Lisboa e Benfica,liga-portugal,24,Centre-back,4,DF,"May 16, 2002",3,0,True,504087.0,Sport Lisboa e Benfica,PO1,Centre-Back,right,187.0,,,https://www.transfermarkt.co.uk/tomas-araujo/profil/spieler/504087,https://img.a.transfermarkt.technology/portrait/header/504087-1737497771.jpg?lm=1,real_wc2026_squads_transfermarkt_openfootball,2026-06-02
Diogo Dalot,Portugal,Manchester United Football Club,premier-league,27,Full-back,5,DF,"March 18, 1999",33,3,True,357147.0,Manchester United Football Club,GB1,Right-Back,right,183.0,,,https://www.transfermarkt.co.uk/diogo-dalot/profil/spieler/357147,https://img.a.transfermarkt.technology/portrait/header/357147-1727785546.jpg?lm=1,real_wc2026_squads_transfermarkt_openfootball,2026-06-02
Matheus Nunes,Portugal,Manchester City Football Club,premier-league,27,Full-back,6,MF,"August 27, 1998",19,2,True,601883.0,Manchester City Football Club,GB1,Right-Back,right,183.0,,,https://www.transfermarkt.co.uk/matheus-nunes/profil/spieler/601883,https://img.a.transfermarkt.technology/portrait/header/601883-1761076097.jpg?lm=1,real_wc2026_squads_transfermarkt_openfootball,2026-06-02
Cristiano Ronaldo,Portugal,Al-Nassr Football Club,saudi-pro-league,41,Forward,7,FW,"February 5, 1985",226,143,True,8198.0,Al-Nassr Football Club,SA1,Centre-Forward,right,188.0,,,https://www.transfermarkt.co.uk/cristiano-ronaldo/profil/spieler/8198,https://img.a.transfermarkt.technology/portrait/header/8198-1748102259.jpg?lm=1,real_wc2026_squads_transfermarkt_openfootball,2026-06-02
Bruno Fernandes,Portugal,Manchester United Football Club,premier-league,31,Attacking midfielder,8,MF,"September 8, 1994",87,28,True,240306.0,Manchester United Football Club,GB1,Attacking Midfield,right,179.0,,,https://www.transfermarkt.co.uk/bruno-fernandes/profil/spieler/240306,https://img.a.transfermarkt.technology/portrait/header/240306-1683882766.jpg?lm=1,real_wc2026_squads_transfermarkt_openfootball,2026-06-02
Gonçalo Ramos,Portugal,Paris Saint-Germain Football Club,ligue-1,24,Forward,9,FW,"June 20, 2001",24,10,True,550550.0,Paris Saint-Germain Football Club,FR1,Centre-Forward,right,185.0,,,https://www.transfermarkt.co.uk/goncalo-ramos/profil/spieler/550550,https://img.a.transfermarkt.technology/portrait/header/550550-1681906158.jpg?lm=1,real_wc2026_squads_transfermarkt_openfootball,2026-06-02
Bernardo Silva,Portugal,Manchester City Football Club,premier-league,31,Attacking midfielder,10,MF,"August 10, 1994",107,14,True,241641.0,Manchester City Football Club,GB1,Attacking Midfield,left,173.0,,,https://www.transfermarkt.co.uk/bernardo-silva/profil/spieler/241641,https://img.a.transfermarkt.technology/portrait/header/241641-1684311533.jpg?lm=1,real_wc2026_squads_transfermarkt_openfootball,2026-06-02
João Félix,Portugal,Al-Nassr Football Club,saudi-pro-league,26,Forward,11,FW,"November 10, 1999",52,12,True,462250.0,Al-Nassr Football Club,SA1,Second Striker,right,181.0,,,https://www.transfermarkt.co.uk/joao-felix/profil/spieler/462250,https://img.a.transfermarkt.technology/portrait/header/462250-1668165358.jpg?lm=1,real_wc2026_squads_transfermarkt_openfootball,2026-06-02
José Sá,Portugal,Wolverhampton Wanderers Football Club,premier-league,33,Goalkeeper,12,GK,"January 17, 1993",4,0,True,249994.0,Wolverhampton Wanderers Football Club,GB1,Goalkeeper,right,192.0,,,https://www.transfermarkt.co.uk/jose-sa/profil/spieler/249994,https://img.a.transfermarkt.technology/portrait/header/249994-1696600015.jpg?lm=1,real_wc2026_squads_transfermarkt_openfootball,2026-06-02
Renato Veiga,Portugal,Villarreal Club de Fútbol S.A.D.,laliga,22,Centre-back,13,DF,"July 29, 2003",11,1,True,805714.0,Villarreal Club de Fútbol S.A.D.,ES1,Centre-Back,left,190.0,,,https://www.transfermarkt.co.uk/renato-veiga/profil/spieler/805714,https://img.a.transfermarkt.technology/portrait/header/805714-1749414999.jpg?lm=1,real_wc2026_squads_transfermarkt_openfootball,2026-06-02
Gonçalo Inácio,Portugal,Sporting Clube de Portugal,liga-portugal,24,Centre-back,14,DF,"August 25, 2001",20,2,True,549006.0,Sporting Clube de Portugal,PO1,Centre-Back,left,186.0,,,https://www.transfermarkt.co.uk/goncalo-inacio/profil/spieler/549006,https://img.a.transfermarkt.technology/portrait/header/549006-1716296254.jpg?lm=1,real_wc2026_squads_transfermarkt_openfootball,2026-06-02
João Neves,Portugal,Paris Saint-Germain Football Club,ligue-1,21,Central midfielder,15,MF,"September 27, 2004",21,3,True,670681.0,Paris Saint-Germain Football Club,FR1,Central Midfield,right,174.0,,,https://www.transfermarkt.co.uk/joao-neves/profil/spieler/670681,https://img.a.transfermarkt.technology/portrait/header/670681-1701295511.jpg?lm=1,real_wc2026_squads_transfermarkt_openfootball,2026-06-02
Francisco Trincão,Portugal,Sporting Clube de Portugal,liga-portugal,26,Attacking midfielder,16,FW,"December 29, 1999",17,3,True,412669.0,Sporting Clube de Portugal,PO1,Attacking Midfield,left,184.0,,,https://www.transfermarkt.co.uk/francisco-trincao/profil/spieler/412669,https://img.a.transfermarkt.technology/portrait/header/412669-1739308729.jpg?lm=1,real_wc2026_squads_transfermarkt_openfootball,2026-06-02
Rafael Leão,Portugal,Associazione Calcio Milan,serie-a,27,Winger,17,FW,"June 10, 1999",43,5,True,357164.0,Associazione Calcio Milan,IT1,Left Winger,right,188.0,,,https://www.transfermarkt.co.uk/rafael-leao/profil/spieler/357164,https://img.a.transfermarkt.technology/portrait/header/357164-1730126553.jpg?lm=1,real_wc2026_squads_transfermarkt_openfootball,2026-06-02
Pedro Neto,Portugal,Chelsea Football Club,premier-league,26,Winger,18,FW,"March 9, 2000",23,2,True,487465.0,Chelsea Football Club,GB1,Right Winger,left,174.0,,,https://www.transfermarkt.co.uk/pedro-neto/profil/spieler/487465,https://img.a.transfermarkt.technology/portrait/header/487465-1763106447.jpg?lm=1,real_wc2026_squads_transfermarkt_openfootball,2026-06-02
Gonçalo Guedes,Portugal,Real Sociedad de Fútbol S.A.D.,laliga,29,Winger,19,FW,"November 29, 1996",33,7,True,225122.0,Real Sociedad de Fútbol S.A.D.,ES1,Left Winger,right,179.0,,,https://www.transfermarkt.co.uk/goncalo-guedes/profil/spieler/225122,https://img.a.transfermarkt.technology/portrait/header/225122-1701334424.jpg?lm=1,real_wc2026_squads_transfermarkt_openfootball,2026-06-02
João Cancelo,Portugal,Futbol Club Barcelona,laliga,32,Full-back,20,DF,"May 27, 1994",66,12,True,182712.0,Futbol Club Barcelona,ES1,Right-Back,right,182.0,,,https://www.transfermarkt.co.uk/joao-cancelo/profil/spieler/182712,https://img.a.transfermarkt.technology/portrait/header/182712-1675080937.jpg?lm=1,real_wc2026_squads_transfermarkt_openfootball,2026-06-02
Rúben Neves,Portugal,Al-Hilal Saudi Football Club,saudi-pro-league,29,Defensive midfielder,21,MF,"March 13, 1997",65,1,True,225161.0,Al-Hilal Saudi Football Club,SA1,Defensive Midfield,right,180.0,,,https://www.transfermarkt.co.uk/ruben-neves/profil/spieler/225161,https://img.a.transfermarkt.technology/portrait/header/225161-1749068833.jpg?lm=1,real_wc2026_squads_transfermarkt_openfootball,2026-06-02
Rui Silva,Portugal,Sporting Clube de Portugal,liga-portugal,32,Goalkeeper,22,GK,"February 7, 1994",2,0,True,234811.0,Sporting Clube de Portugal,PO1,Goalkeeper,left,191.0,,,https://www.transfermarkt.co.uk/rui-silva/profil/spieler/234811,https://img.a.transfermarkt.technology/portrait/header/234811-1666770953.jpg?lm=1,real_wc2026_squads_transfermarkt_openfootball,2026-06-02
Vitinha,Portugal,Paris Saint-Germain Football Club,ligue-1,26,Defensive midfielder,23,MF,"February 13, 2000",37,0,True,487469.0,Paris Saint-Germain Football Club,FR1,Defensive Midfield,right,172.0,,,https://www.transfermarkt.co.uk/vitinha/profil/spieler/487469,https://img.a.transfermarkt.technology/portrait/header/487469-1749415169.jpg?lm=1,real_wc2026_squads_transfermarkt_openfootball,2026-06-02
Samú Costa,Portugal,Real Club Deportivo Mallorca S.A.D.,laliga,25,Defensive midfielder,24,DF,"November 27, 2000",4,0,True,657430.0,Real Club Deportivo Mallorca S.A.D.,ES1,Defensive Midfield,left,185.0,,,https://www.transfermarkt.co.uk/samu-costa/profil/spieler/657430,https://img.a.transfermarkt.technology/portrait/header/657430-1753960841.jpg?lm=1,real_wc2026_squads_transfermarkt_openfootball,2026-06-02
Nuno Mendes,Portugal,Paris Saint-Germain Football Club,ligue-1,23,Full-back,25,DF,"June 19, 2002",43,1,True,616341.0,Paris Saint-Germain Football Club,FR1,Left-Back,left,180.0,,,https://www.transfermarkt.co.uk/nuno-mendes/profil/spieler/616341,https://img.a.transfermarkt.technology/portrait/header/616341-1749417164.jpg?lm=1,real_wc2026_squads_transfermarkt_openfootball,2026-06-02
Francisco Conceição,Portugal,Juventus Football Club,serie-a,23,Winger,26,FW,"December 14, 2002",15,3,True,487474.0,Juventus Football Club,IT1,Right Winger,left,170.0,,,https://www.transfermarkt.co.uk/francisco-conceicao/profil/spieler/487474,https://img.a.transfermarkt.technology/portrait/header/487474-1749069081.jpg?lm=1,real_wc2026_squads_transfermarkt_openfootball,2026-06-02
Utkir Yusupov,Uzbekistan,Navbahor,Unknown,35,Goalkeeper,1,GK,"January 4, 1991",39,0,True,311958.0,,,Goalkeeper,right,185.0,Uzbekistan,AFC,https://www.transfermarkt.co.uk/utkir-yusupov/profil/spieler/311958,https://img.a.transfermarkt.technology/portrait/header/311958-1777787766.png?lm=1,real_wc2026_squads_transfermarkt_openfootball,2026-06-02
Abdukodir Khusanov,Uzbekistan,Manchester City Football Club,premier-league,22,Centre-back,2,DF,"February 29, 2004",25,0,True,763079.0,Manchester City Football Club,GB1,Centre-Back,right,186.0,,,https://www.transfermarkt.co.uk/abdukodir-khusanov/profil/spieler/763079,https://img.a.transfermarkt.technology/portrait/header/763079-1740493347.jpg?lm=1,real_wc2026_squads_transfermarkt_openfootball,2026-06-02
Khojiakbar Alijonov,Uzbekistan,Pakhtakor,Unknown,29,Full-back,3,DF,"April 19, 1997",40,2,True,492558.0,,,Right-Back,right,180.0,Uzbekistan,AFC,https://www.transfermarkt.co.uk/khozhiakbar-alizhonov/profil/spieler/492558,https://img.a.transfermarkt.technology/portrait/header/492558-1745332442.png?lm=1,real_wc2026_squads_transfermarkt_openfootball,2026-06-02
Farrukh Sayfiev,Uzbekistan,Neftchi,Unknown,35,Full-back,4,DF,"January 17, 1991",44,1,True,212499.0,,,Left-Back,both,183.0,Uzbekistan,AFC,https://www.transfermarkt.co.uk/farrukh-sayfiev/profil/spieler/212499,https://img.a.transfermarkt.technology/portrait/header/212499-1745331595.png?lm=1,real_wc2026_squads_transfermarkt_openfootball,2026-06-02
Rustam Ashurmatov,Uzbekistan,Esteghlal,Unknown,29,Centre-back,5,DF,"July 7, 1996",47,1,True,288883.0,,,Centre-Back,right,186.0,Uzbekistan,AFC,https://www.transfermarkt.co.uk/rustam-ashurmatov/profil/spieler/288883,https://img.a.transfermarkt.technology/portrait/header/288883-1722142124.png?lm=1,real_wc2026_squads_transfermarkt_openfootball,2026-06-02
Akmal Mozgovoy,Uzbekistan,Pakhtakor,Unknown,27,Central midfielder,6,MF,"April 2, 1999",23,1,True,562022.0,,,Central Midfield,right,180.0,Uzbekistan,AFC,https://www.transfermarkt.co.uk/akmal-mozgovoy/profil/spieler/562022,https://img.a.transfermarkt.technology/portrait/header/562022-1743417096.png?lm=1,real_wc2026_squads_transfermarkt_openfootball,2026-06-02
Otabek Shukurov,Uzbekistan,Baniyas,Unknown,29,Central midfielder,7,MF,"June 22, 1996",82,9,True,294525.0,,,Central Midfield,right,183.0,Uzbekistan,AFC,https://www.transfermarkt.co.uk/otabek-shukurov/profil/spieler/294525,https://img.a.transfermarkt.technology/portrait/header/294525-1728579364.png?lm=1,real_wc2026_squads_transfermarkt_openfootball,2026-06-02
Jamshid Iskanderov,Uzbekistan,Neftchi,Unknown,32,Attacking midfielder,8,MF,"October 16, 1993",37,4,True,260857.0,,,Attacking Midfield,left,171.0,Uzbekistan,AFC,https://www.transfermarkt.co.uk/jamshid-iskanderov/profil/spieler/260857,https://img.a.transfermarkt.technology/portrait/header/260857-1745331701.png?lm=1,real_wc2026_squads_transfermarkt_openfootball,2026-06-02
Odiljon Hamrobekov,Uzbekistan,Tractor,Unknown,30,Defensive midfielder,9,MF,"February 13, 1996",71,1,True,288915.0,,,Defensive Midfield,right,180.0,Uzbekistan,AFC,https://www.transfermarkt.co.uk/odildzhon-khamrobekov/profil/spieler/288915,https://img.a.transfermarkt.technology/portrait/header/288915-1745401035.png?lm=1,real_wc2026_squads_transfermarkt_openfootball,2026-06-02
Jaloliddin Masharipov,Uzbekistan,Esteghlal,Unknown,32,Winger,10,MF,"September 1, 1993",74,12,True,274536.0,,,Left Winger,right,172.0,Uzbekistan,AFC,https://www.transfermarkt.co.uk/jaloliddin-masharipov/profil/spieler/274536,https://img.a.transfermarkt.technology/portrait/header/274536-1685034960.PNG?lm=1,real_wc2026_squads_transfermarkt_openfootball,2026-06-02
Oston Urunov,Uzbekistan,Persepolis,Unknown,25,Winger,11,MF,"December 19, 2000",40,10,True,492556.0,,,Left Winger,right,181.0,Uzbekistan,AFC,https://www.transfermarkt.co.uk/oston-urunov/profil/spieler/492556,https://img.a.transfermarkt.technology/portrait/header/492556-1614842509.png?lm=1,real_wc2026_squads_transfermarkt_openfootball,2026-06-02
Abduvohid Nematov,Uzbekistan,Nasaf,Unknown,25,Goalkeeper,12,GK,"March 20, 2001",7,0,True,527866.0,,,Goalkeeper,right,182.0,Uzbekistan,AFC,https://www.transfermarkt.co.uk/abduvokhid-nematov/profil/spieler/527866,https://img.a.transfermarkt.technology/portrait/header/527866-1743416641.png?lm=1,real_wc2026_squads_transfermarkt_openfootball,2026-06-02
Sherzod Nasrullaev,Uzbekistan,Nasaf,Unknown,27,Full-back,13,DF,"July 23, 1998",29,2,True,608537.0,,,Left-Back,left,183.0,Uzbekistan,AFC,https://www.transfermarkt.co.uk/sherzod-nasrullaev/profil/spieler/608537,https://img.a.transfermarkt.technology/portrait/header/608537-1743416705.png?lm=1,real_wc2026_squads_transfermarkt_openfootball,2026-06-02
Eldor Shomurodov,Uzbekistan,İstanbul Başakşehir Futbol Kulübü,super-lig,30,Forward,14,FW,"June 29, 1995",90,44,True,358166.0,İstanbul Başakşehir Futbol Kulübü,TR1,Centre-Forward,right,190.0,,,https://www.transfermarkt.co.uk/eldor-shomurodov/profil/spieler/358166,https://img.a.transfermarkt.technology/portrait/header/358166-1759747995.jpg?lm=1,real_wc2026_squads_transfermarkt_openfootball,2026-06-02
Umar Eshmurodov,Uzbekistan,Nasaf,Unknown,33,Centre-back,15,DF,"November 30, 1992",29,0,True,493725.0,,,Centre-Back,right,185.0,Uzbekistan,AFC,https://www.transfermarkt.co.uk/umar-eshmurodov/profil/spieler/493725,https://img.a.transfermarkt.technology/portrait/header/493725-1743416751.png?lm=1,real_wc2026_squads_transfermarkt_openfootball,2026-06-02
Botirali Ergashev,Uzbekistan,Neftchi,Unknown,30,Goalkeeper,16,GK,"June 23, 1995",2,0,True,312690.0,,,Goalkeeper,right,192.0,Uzbekistan,AFC,https://www.transfermarkt.co.uk/botirali-ergashev/profil/spieler/312690,https://img.a.transfermarkt.technology/portrait/header/312690-1745331173.png?lm=1,real_wc2026_squads_transfermarkt_openfootball,2026-06-02
Dostonbek Khamdamov,Uzbekistan,Pakhtakor,Unknown,29,Winger,17,MF,"July 24, 1996",33,5,True,294502.0,,,Right Winger,both,180.0,Uzbekistan,AFC,https://www.transfermarkt.co.uk/dostonbek-khamdamov/profil/spieler/294502,https://img.a.transfermarkt.technology/portrait/header/294502-1745333041.png?lm=1,real_wc2026_squads_transfermarkt_openfootball,2026-06-02
Abdulla Abdullaev,Uzbekistan,Dibba,Unknown,28,Defensive midfielder,18,DF,"September 1, 1997",16,0,True,570272.0,,,Defensive Midfield,right,181.0,Uzbekistan,AFC,https://www.transfermarkt.co.uk/abdulla-abdullaev/profil/spieler/570272,https://img.a.transfermarkt.technology/portrait/header/570272-1745332711.png?lm=1,real_wc2026_squads_transfermarkt_openfootball,2026-06-02
Azizjon Ganiev,Uzbekistan,Al-Bataeh,Unknown,28,Central midfielder,19,MF,"February 22, 1998",18,0,True,431911.0,,,Central Midfield,right,180.0,Uzbekistan,AFC,https://www.transfermarkt.co.uk/aziz-ganiev/profil/spieler/431911,https://img.a.transfermarkt.technology/portrait/header/431911-1762622827.png?lm=1,real_wc2026_squads_transfermarkt_openfootball,2026-06-02
Azizbek Amonov,Uzbekistan,Bukhara,Unknown,28,Centre-back,20,FW,"October 30, 1997",11,2,True,712357.0,,,Centre-Back,left,,Uzbekistan,AFC,https://www.transfermarkt.co.uk/alibek-davronov/profil/spieler/712357,https://img.a.transfermarkt.technology/portrait/header/712357-1726295825.png?lm=1,real_wc2026_squads_transfermarkt_openfootball,2026-06-02
Igor Sergeev,Uzbekistan,Persepolis,Unknown,33,Forward,21,FW,"April 30, 1993",81,24,True,185372.0,,,Centre-Forward,left,186.0,Uzbekistan,AFC,https://www.transfermarkt.co.uk/igor-sergeev/profil/spieler/185372,https://img.a.transfermarkt.technology/portrait/header/185372-1745332996.png?lm=1,real_wc2026_squads_transfermarkt_openfootball,2026-06-02
Abbosbek Fayzullaev,Uzbekistan,İstanbul Başakşehir Futbol Kulübü,super-lig,22,Winger,22,MF,"October 3, 2003",30,8,True,754037.0,İstanbul Başakşehir Futbol Kulübü,TR1,Right Winger,right,170.0,,,https://www.transfermarkt.co.uk/abbosbek-fayzullaev/profil/spieler/754037,https://img.a.transfermarkt.technology/portrait/header/754037-1759747064.jpg?lm=1,real_wc2026_squads_transfermarkt_openfootball,2026-06-02
Sherzod Esanov,Uzbekistan,Akron Togliatti,premier-liga,23,Central midfielder,23,MF,"February 1, 2003",0,0,True,989068.0,Akron Togliatti,RU1,Central Midfield,,190.0,,,https://www.transfermarkt.co.uk/sherzod-esanov/profil/spieler/989068,https://img.a.transfermarkt.technology/portrait/header/989068-1688483980.png?lm=1,real_wc2026_squads_transfermarkt_openfootball,2026-06-02
Bekhruz Karimov,Uzbekistan,Surkhon,Unknown,18,Centre-back,24,DF,"August 7, 2007",2,0,True,,,,,,,,,,,real_wc2026_squads_transfermarkt_openfootball,2026-06-02
Avazbek Ulmasaliev,Uzbekistan,AGMK,Unknown,26,Centre-back,25,DF,"March 27, 2000",0,0,True,538764.0,,,Centre-Back,,187.0,Uzbekistan,AFC,https://www.transfermarkt.co.uk/avazbek-ulmasaliev/profil/spieler/538764,https://img.a.transfermarkt.technology/portrait/header/538764-1726298244.png?lm=1,real_wc2026_squads_transfermarkt_openfootball,2026-06-02
Jakhongir Urozov,Uzbekistan,Dinamo Samarqand,Unknown,22,Centre-back,26,DF,"January 18, 2004",2,0,True,989069.0,,,Centre-Back,left,190.0,Uzbekistan,AFC,https://www.transfermarkt.co.uk/jakhongir-urozov/profil/spieler/989069,https://img.a.transfermarkt.technology/portrait/header/989069-1745338930.png?lm=1,real_wc2026_squads_transfermarkt_openfootball,2026-06-02
Dominik Livaković,Croatia,GNK Dinamo Zagreb,supersport-hnl,31,Goalkeeper,1,GK,"January 9, 1995",73,0,True,205927.0,GNK Dinamo Zagreb,KR1,Goalkeeper,right,188.0,,,https://www.transfermarkt.co.uk/dominik-livakovic/profil/spieler/205927,https://img.a.transfermarkt.technology/portrait/header/205927-1757500641.jpg?lm=1,real_wc2026_squads_transfermarkt_openfootball,2026-06-02
Josip Stanišić,Croatia,FC Bayern München,bundesliga,26,Full-back,2,DF,"April 2, 2000",29,0,True,483046.0,FC Bayern München,L1,Right-Back,both,187.0,,,https://www.transfermarkt.co.uk/josip-stanisic/profil/spieler/483046,https://img.a.transfermarkt.technology/portrait/header/483046-1716966862.jpg?lm=1,real_wc2026_squads_transfermarkt_openfootball,2026-06-02
Marin Pongračić,Croatia,Associazione Calcio Fiorentina,serie-a,28,Centre-back,3,DF,"September 11, 1997",18,0,True,282144.0,Associazione Calcio Fiorentina,IT1,Centre-Back,right,193.0,,,https://www.transfermarkt.co.uk/marin-pongracic/profil/spieler/282144,https://img.a.transfermarkt.technology/portrait/header/282144-1657202331.jpg?lm=1,real_wc2026_squads_transfermarkt_openfootball,2026-06-02
Joško Gvardiol,Croatia,Manchester City Football Club,premier-league,24,Centre-back,4,DF,"January 23, 2002",46,4,True,475959.0,Manchester City Football Club,GB1,Centre-Back,left,185.0,,,https://www.transfermarkt.co.uk/josko-gvardiol/profil/spieler/475959,https://img.a.transfermarkt.technology/portrait/header/475959-1713391602.jpg?lm=1,real_wc2026_squads_transfermarkt_openfootball,2026-06-02
Duje Ćaleta-Car,Croatia,Real Sociedad de Fútbol S.A.D.,laliga,29,Centre-back,5,DF,"September 17, 1996",38,1,True,238266.0,Real Sociedad de Fútbol S.A.D.,ES1,Centre-Back,right,193.0,,,https://www.transfermarkt.co.uk/duje-caleta-car/profil/spieler/238266,https://img.a.transfermarkt.technology/portrait/header/238266-1662069879.jpg?lm=1,real_wc2026_squads_transfermarkt_openfootball,2026-06-02
Josip Šutalo,Croatia,AFC Ajax Amsterdam,eredivisie,26,Centre-back,6,DF,"February 28, 2000",31,0,True,371001.0,AFC Ajax Amsterdam,NL1,Centre-Back,right,190.0,,,https://www.transfermarkt.co.uk/josip-sutalo/profil/spieler/371001,https://img.a.transfermarkt.technology/portrait/header/371001-1683031171.jpg?lm=1,real_wc2026_squads_transfermarkt_openfootball,2026-06-02
Nikola Moro,Croatia,Bologna Football Club 1909,serie-a,28,Defensive midfielder,7,MF,"March 12, 1998",9,0,True,316934.0,Bologna Football Club 1909,IT1,Defensive Midfield,right,184.0,,,https://www.transfermarkt.co.uk/nikola-moro/profil/spieler/316934,https://img.a.transfermarkt.technology/portrait/header/316934-1692964241.jpg?lm=1,real_wc2026_squads_transfermarkt_openfootball,2026-06-02
Mateo Kovačić,Croatia,Manchester City Football Club,premier-league,32,Central midfielder,8,MF,"May 6, 1994",111,5,True,51471.0,Manchester City Football Club,GB1,Central Midfield,right,177.0,,,https://www.transfermarkt.co.uk/mateo-kovacic/profil/spieler/51471,https://img.a.transfermarkt.technology/portrait/header/51471-1682668192.jpg?lm=1,real_wc2026_squads_transfermarkt_openfootball,2026-06-02
Andrej Kramarić,Croatia,Turn- und Sportgemeinschaft 1899 Hoffenheim Fußball-Spielbetriebs,bundesliga,34,Attacking midfielder,9,FW,"June 19, 1991",114,36,True,46580.0,Turn- und Sportgemeinschaft 1899 Hoffenheim Fußball-Spielbetriebs,L1,Attacking Midfield,right,177.0,,,https://www.transfermarkt.co.uk/andrej-kramaric/profil/spieler/46580,https://img.a.transfermarkt.technology/portrait/header/46580-1755089885.jpg?lm=1,real_wc2026_squads_transfermarkt_openfootball,2026-06-02
Luka Modrić,Croatia,Associazione Calcio Milan,serie-a,40,Central midfielder,10,MF,"September 9, 1985",196,28,True,27992.0,Associazione Calcio Milan,IT1,Central Midfield,right,172.0,,,https://www.transfermarkt.co.uk/luka-modric/profil/spieler/27992,https://img.a.transfermarkt.technology/portrait/header/27992-1687776160.jpg?lm=1,real_wc2026_squads_transfermarkt_openfootball,2026-06-02
Ante Budimir,Croatia,Club Atlético Osasuna,laliga,34,Forward,11,FW,"July 22, 1991",36,6,True,46413.0,Club Atlético Osasuna,ES1,Centre-Forward,left,190.0,,,https://www.transfermarkt.co.uk/ante-budimir/profil/spieler/46413,https://img.a.transfermarkt.technology/portrait/header/46413-1732219707.jpg?lm=1,real_wc2026_squads_transfermarkt_openfootball,2026-06-02
Ivor Pandur,Croatia,Hull City,premier-league,26,Goalkeeper,12,GK,"March 25, 2000",0,0,True,371013.0,Hull City,GB1,Goalkeeper,right,187.0,Croatia,UEFA,https://www.transfermarkt.co.uk/ivor-pandur/profil/spieler/371013,https://img.a.transfermarkt.technology/portrait/header/371013-1763647059.jpg?lm=1,real_wc2026_squads_transfermarkt_openfootball,2026-06-02
Nikola Vlašić,Croatia,Torino Calcio,serie-a,28,Attacking midfielder,13,MF,"October 4, 1997",61,10,True,293200.0,Torino Calcio,IT1,Attacking Midfield,right,179.0,,,https://www.transfermarkt.co.uk/nikola-vlasic/profil/spieler/293200,https://img.a.transfermarkt.technology/portrait/header/293200-1695028630.jpg?lm=1,real_wc2026_squads_transfermarkt_openfootball,2026-06-02
Ivan Perišić,Croatia,Eindhovense Voetbalvereniging Philips Sport Vereniging,eredivisie,37,Winger,14,FW,"February 2, 1989",152,38,True,42460.0,Eindhovense Voetbalvereniging Philips Sport Vereniging,NL1,Left Winger,both,186.0,,,https://www.transfermarkt.co.uk/ivan-perisic/profil/spieler/42460,https://img.a.transfermarkt.technology/portrait/header/42460-1667991317.jpg?lm=1,real_wc2026_squads_transfermarkt_openfootball,2026-06-02
Mario Pašalić,Croatia,Atalanta Bergamasca Calcio S.p.a.,serie-a,31,Central midfielder,15,MF,"February 9, 1995",83,11,True,205938.0,Atalanta Bergamasca Calcio S.p.a.,IT1,Central Midfield,right,188.0,,,https://www.transfermarkt.co.uk/mario-pasalic/profil/spieler/205938,https://img.a.transfermarkt.technology/portrait/header/205938-1716240830.jpg?lm=1,real_wc2026_squads_transfermarkt_openfootball,2026-06-02
Martin Baturina,Croatia,Calcio Como,serie-a,23,Attacking midfielder,16,MF,"February 16, 2003",17,1,True,580451.0,Calcio Como,IT1,Attacking Midfield,right,172.0,,,https://www.transfermarkt.co.uk/martin-baturina/profil/spieler/580451,https://img.a.transfermarkt.technology/portrait/header/580451-1716240952.jpg?lm=1,real_wc2026_squads_transfermarkt_openfootball,2026-06-02
Petar Sučić,Croatia,Football Club Internazionale Milano S.p.A.,serie-a,22,Central midfielder,17,MF,"October 25, 2003",15,1,True,668207.0,Football Club Internazionale Milano S.p.A.,IT1,Central Midfield,right,183.0,,,https://www.transfermarkt.co.uk/petar-sucic/profil/spieler/668207,https://img.a.transfermarkt.technology/portrait/header/668207-1757603291.jpg?lm=1,real_wc2026_squads_transfermarkt_openfootball,2026-06-02
Kristijan Jakić,Croatia,Fußball-Club Augsburg 1907,bundesliga,29,Defensive midfielder,18,DF,"May 14, 1997",16,2,True,374954.0,Fußball-Club Augsburg 1907,L1,Defensive Midfield,right,184.0,,,https://www.transfermarkt.co.uk/kristijan-jakic/profil/spieler/374954,https://img.a.transfermarkt.technology/portrait/header/374954-1755201482.jpg?lm=1,real_wc2026_squads_transfermarkt_openfootball,2026-06-02
Toni Fruk,Croatia,Hrvatski Nogometni Klub Rijeka,supersport-hnl,25,Attacking midfielder,19,MF,"March 9, 2001",7,1,True,432758.0,Hrvatski Nogometni Klub Rijeka,KR1,Attacking Midfield,left,178.0,,,https://www.transfermarkt.co.uk/toni-fruk/profil/spieler/432758,https://img.a.transfermarkt.technology/portrait/header/432758-1763646804.jpg?lm=1,real_wc2026_squads_transfermarkt_openfootball,2026-06-02
Igor Matanović,Croatia,Sport-Club Freiburg,bundesliga,23,Forward,20,FW,"March 31, 2003",8,2,True,605268.0,Sport-Club Freiburg,L1,Centre-Forward,right,194.0,,,https://www.transfermarkt.co.uk/igor-matanovic/profil/spieler/605268,https://img.a.transfermarkt.technology/portrait/header/605268-1753984387.jpg?lm=1,real_wc2026_squads_transfermarkt_openfootball,2026-06-02
Luka Sučić,Croatia,Real Sociedad de Fútbol S.A.D.,laliga,23,Central midfielder,21,MF,"September 8, 2002",19,1,True,502722.0,Real Sociedad de Fútbol S.A.D.,ES1,Central Midfield,left,185.0,,,https://www.transfermarkt.co.uk/luka-sucic/profil/spieler/502722,https://img.a.transfermarkt.technology/portrait/header/502722-1692998699.png?lm=1,real_wc2026_squads_transfermarkt_openfootball,2026-06-02
Luka Vušković,Croatia,Hamburger Sport Verein,bundesliga,19,Centre-back,22,DF,"February 24, 2007",4,1,True,892160.0,Hamburger Sport Verein,L1,Centre-Back,right,193.0,,,https://www.transfermarkt.co.uk/luka-vuskovic/profil/spieler/892160,https://img.a.transfermarkt.technology/portrait/header/892160-1758187820.jpg?lm=1,real_wc2026_squads_transfermarkt_openfootball,2026-06-02
Dominik Kotarski,Croatia,Football Club København,superliga,26,Goalkeeper,23,GK,"February 10, 2000",3,0,True,370997.0,Football Club København,DK1,Goalkeeper,right,190.0,,,https://www.transfermarkt.co.uk/dominik-kotarski/profil/spieler/370997,https://img.a.transfermarkt.technology/portrait/header/370997-1761081348.jpg?lm=1,real_wc2026_squads_transfermarkt_openfootball,2026-06-02
Marco Pašalić,Croatia,Orlando City Soccer Club,major-league-soccer,25,Winger,24,FW,"September 14, 2000",13,1,True,395928.0,Orlando City Soccer Club,MLS1,Right Winger,left,177.0,,,https://www.transfermarkt.co.uk/marco-pasalic/profil/spieler/395928,https://img.a.transfermarkt.technology/portrait/header/395928-1771712720.jpg?lm=1,real_wc2026_squads_transfermarkt_openfootball,2026-06-02
Martin Erlić,Croatia,Fodbold Club Midtjylland,superliga,28,Centre-back,25,DF,"January 24, 1998",12,1,True,357003.0,Fodbold Club Midtjylland,DK1,Centre-Back,right,192.0,,,https://www.transfermarkt.co.uk/martin-erlic/profil/spieler/357003,https://img.a.transfermarkt.technology/portrait/header/357003-1692882873.jpg?lm=1,real_wc2026_squads_transfermarkt_openfootball,2026-06-02
Petar Musa,Croatia,FC Dallas,major-league-soccer,28,Forward,26,FW,"March 4, 1998",10,1,True,387110.0,FC Dallas,MLS1,Centre-Forward,right,188.0,,,https://www.transfermarkt.co.uk/petar-musa/profil/spieler/387110,https://img.a.transfermarkt.technology/portrait/header/387110-1771675545.jpg?lm=1,real_wc2026_squads_transfermarkt_openfootball,2026-06-02
Jordan Pickford,England,Everton Football Club,premier-league,32,Goalkeeper,1,GK,"March 7, 1994",82,0,True,130164.0,Everton Football Club,GB1,Goalkeeper,left,185.0,,,https://www.transfermarkt.co.uk/jordan-pickford/profil/spieler/130164,https://img.a.transfermarkt.technology/portrait/header/130164-1668499964.jpg?lm=1,real_wc2026_squads_transfermarkt_openfootball,2026-06-02
Ezri Konsa,England,Aston Villa Football Club,premier-league,28,Centre-back,2,DF,"October 23, 1997",18,1,True,413403.0,Aston Villa Football Club,GB1,Centre-Back,right,183.0,,,https://www.transfermarkt.co.uk/ezri-konsa/profil/spieler/413403,https://img.a.transfermarkt.technology/portrait/header/413403-1700651779.jpg?lm=1,real_wc2026_squads_transfermarkt_openfootball,2026-06-02
Nico O'Reilly,England,Manchester City Football Club,premier-league,21,Full-back,3,DF,"March 21, 2005",3,0,True,743413.0,Manchester City Football Club,GB1,Left-Back,left,193.0,,,https://www.transfermarkt.co.uk/nico-oreilly/profil/spieler/743413,https://img.a.transfermarkt.technology/portrait/header/743413-1751367149.jpg?lm=1,real_wc2026_squads_transfermarkt_openfootball,2026-06-02
Declan Rice,England,Arsenal Football Club,premier-league,27,Central midfielder,4,MF,"January 14, 1999",72,6,True,357662.0,Arsenal Football Club,GB1,Central Midfield,right,188.0,,,https://www.transfermarkt.co.uk/declan-rice/profil/spieler/357662,https://img.a.transfermarkt.technology/portrait/header/357662-1687962936.jpg?lm=1,real_wc2026_squads_transfermarkt_openfootball,2026-06-02
John Stones,England,Manchester City Football Club,premier-league,32,Centre-back,5,DF,"May 28, 1994",87,3,True,186590.0,Manchester City Football Club,GB1,Centre-Back,right,188.0,,,https://www.transfermarkt.co.uk/john-stones/profil/spieler/186590,https://img.a.transfermarkt.technology/portrait/header/186590-1684764261.jpg?lm=1,real_wc2026_squads_transfermarkt_openfootball,2026-06-02
Marc Guéhi,England,Manchester City Football Club,premier-league,25,Centre-back,6,DF,"July 13, 2000",27,1,True,392757.0,Manchester City Football Club,GB1,Centre-Back,right,182.0,,,https://www.transfermarkt.co.uk/marc-guehi/profil/spieler/392757,https://img.a.transfermarkt.technology/portrait/header/392757-1683030598.jpg?lm=1,real_wc2026_squads_transfermarkt_openfootball,2026-06-02
Bukayo Saka,England,Arsenal Football Club,premier-league,24,Winger,7,FW,"September 5, 2001",48,14,True,433177.0,Arsenal Football Club,GB1,Right Winger,left,178.0,,,https://www.transfermarkt.co.uk/bukayo-saka/profil/spieler/433177,https://img.a.transfermarkt.technology/portrait/header/433177-1684155052.jpg?lm=1,real_wc2026_squads_transfermarkt_openfootball,2026-06-02
Elliot Anderson,England,Nottingham Forest Football Club,premier-league,23,Central midfielder,8,MF,"November 6, 2002",7,0,True,567576.0,Nottingham Forest Football Club,GB1,Central Midfield,right,179.0,,,https://www.transfermarkt.co.uk/elliot-anderson/profil/spieler/567576,https://img.a.transfermarkt.technology/portrait/header/567576-1696453772.jpg?lm=1,real_wc2026_squads_transfermarkt_openfootball,2026-06-02
Harry Kane,England,FC Bayern München,bundesliga,32,Forward,9,FW,"July 28, 1993",112,78,True,132098.0,FC Bayern München,L1,Centre-Forward,right,188.0,,,https://www.transfermarkt.co.uk/harry-kane/profil/spieler/132098,https://img.a.transfermarkt.technology/portrait/header/132098-1700211169.jpg?lm=1,real_wc2026_squads_transfermarkt_openfootball,2026-06-02
Jude Bellingham,England,Real Madrid Club de Fútbol,laliga,22,Attacking midfielder,10,MF,"June 29, 2003",46,6,True,581678.0,Real Madrid Club de Fútbol,ES1,Attacking Midfield,right,186.0,,,https://www.transfermarkt.co.uk/jude-bellingham/profil/spieler/581678,https://img.a.transfermarkt.technology/portrait/header/581678-1748102891.jpg?lm=1,real_wc2026_squads_transfermarkt_openfootball,2026-06-02
Marcus Rashford,England,Futbol Club Barcelona,laliga,28,Winger,11,FW,"October 31, 1997",70,18,True,258923.0,Futbol Club Barcelona,ES1,Left Winger,right,185.0,,,https://www.transfermarkt.co.uk/marcus-rashford/profil/spieler/258923,https://img.a.transfermarkt.technology/portrait/header/258923-1674473054.jpg?lm=1,real_wc2026_squads_transfermarkt_openfootball,2026-06-02
Tino Livramento,England,Newcastle United Football Club,premier-league,23,Full-back,12,DF,"November 12, 2002",5,0,True,503981.0,Newcastle United Football Club,GB1,Right-Back,right,182.0,,,https://www.transfermarkt.co.uk/tino-livramento/profil/spieler/503981,https://img.a.transfermarkt.technology/portrait/header/503981-1699383321.jpg?lm=1,real_wc2026_squads_transfermarkt_openfootball,2026-06-02
Dean Henderson,England,Crystal Palace Football Club,premier-league,29,Goalkeeper,13,GK,"March 12, 1997",4,0,True,258919.0,Crystal Palace Football Club,GB1,Goalkeeper,right,188.0,,,https://www.transfermarkt.co.uk/dean-henderson/profil/spieler/258919,https://img.a.transfermarkt.technology/portrait/header/258919-1716297478.jpg?lm=1,real_wc2026_squads_transfermarkt_openfootball,2026-06-02
Jordan Henderson,England,Brentford Football Club,premier-league,35,Defensive midfielder,14,MF,"June 17, 1990",89,3,True,61651.0,Brentford Football Club,GB1,Defensive Midfield,right,182.0,,,https://www.transfermarkt.co.uk/jordan-henderson/profil/spieler/61651,https://img.a.transfermarkt.technology/portrait/header/61651-1662621084.jpg?lm=1,real_wc2026_squads_transfermarkt_openfootball,2026-06-02
Dan Burn,England,Newcastle United Football Club,premier-league,34,Centre-back,15,DF,"May 9, 1992",6,0,True,134270.0,Newcastle United Football Club,GB1,Centre-Back,left,201.0,,,https://www.transfermarkt.co.uk/dan-burn/profil/spieler/134270,https://img.a.transfermarkt.technology/portrait/header/134270-1682340860.jpg?lm=1,real_wc2026_squads_transfermarkt_openfootball,2026-06-02
Kobbie Mainoo,England,Manchester United Football Club,premier-league,21,Central midfielder,16,MF,"April 19, 2005",12,0,True,820374.0,Manchester United Football Club,GB1,Central Midfield,right,184.0,,,https://www.transfermarkt.co.uk/kobbie-mainoo/profil/spieler/820374,https://img.a.transfermarkt.technology/portrait/header/820374-1719349758.jpg?lm=1,real_wc2026_squads_transfermarkt_openfootball,2026-06-02
Morgan Rogers,England,Aston Villa Football Club,premier-league,23,Attacking midfielder,17,MF,"July 26, 2002",13,1,True,503743.0,Aston Villa Football Club,GB1,Attacking Midfield,right,187.0,,,https://www.transfermarkt.co.uk/morgan-rogers/profil/spieler/503743,https://img.a.transfermarkt.technology/portrait/header/503743-1706786450.jpg?lm=1,real_wc2026_squads_transfermarkt_openfootball,2026-06-02
Anthony Gordon,England,Newcastle United Football Club,premier-league,25,Winger,18,FW,"February 24, 2001",17,2,True,503733.0,Newcastle United Football Club,GB1,Left Winger,right,183.0,,,https://www.transfermarkt.co.uk/anthony-gordon/profil/spieler/503733,https://img.a.transfermarkt.technology/portrait/header/503733-1761080304.jpg?lm=1,real_wc2026_squads_transfermarkt_openfootball,2026-06-02
Ollie Watkins,England,Aston Villa Football Club,premier-league,30,Forward,19,FW,"December 30, 1995",20,6,True,324358.0,Aston Villa Football Club,GB1,Centre-Forward,right,180.0,,,https://www.transfermarkt.co.uk/ollie-watkins/profil/spieler/324358,https://img.a.transfermarkt.technology/portrait/header/324358-1708341279.jpg?lm=1,real_wc2026_squads_transfermarkt_openfootball,2026-06-02
Noni Madueke,England,Arsenal Football Club,premier-league,24,Winger,20,FW,"March 10, 2002",10,1,True,503987.0,Arsenal Football Club,GB1,Right Winger,left,182.0,,,https://www.transfermarkt.co.uk/noni-madueke/profil/spieler/503987,https://img.a.transfermarkt.technology/portrait/header/503987-1683102348.jpg?lm=1,real_wc2026_squads_transfermarkt_openfootball,2026-06-02
Eberechi Eze,England,Arsenal Football Club,premier-league,27,Attacking midfielder,21,MF,"June 29, 1998",16,3,True,479999.0,Arsenal Football Club,GB1,Attacking Midfield,right,178.0,,,https://www.transfermarkt.co.uk/eberechi-eze/profil/spieler/479999,https://img.a.transfermarkt.technology/portrait/header/479999-1761083931.jpg?lm=1,real_wc2026_squads_transfermarkt_openfootball,2026-06-02
Ivan Toney,England,Al-Ahli Saudi Football Club,saudi-pro-league,30,Forward,22,FW,"March 16, 1996",7,1,True,251664.0,Al-Ahli Saudi Football Club,SA1,Centre-Forward,right,185.0,,,https://www.transfermarkt.co.uk/ivan-toney/profil/spieler/251664,https://img.a.transfermarkt.technology/portrait/header/251664-1677676808.jpg?lm=1,real_wc2026_squads_transfermarkt_openfootball,2026-06-02
James Trafford,England,Manchester City Football Club,premier-league,23,Goalkeeper,23,GK,"October 10, 2002",1,0,True,566799.0,Manchester City Football Club,GB1,Goalkeeper,right,192.0,,,https://www.transfermarkt.co.uk/james-trafford/profil/spieler/566799,https://img.a.transfermarkt.technology/portrait/header/566799-1689876147.jpg?lm=1,real_wc2026_squads_transfermarkt_openfootball,2026-06-02
Reece James,England,Chelsea Football Club,premier-league,26,Full-back,24,DF,"December 8, 1999",22,1,True,472423.0,Chelsea Football Club,GB1,Right-Back,right,180.0,,,https://www.transfermarkt.co.uk/reece-james/profil/spieler/472423,https://img.a.transfermarkt.technology/portrait/header/472423-1683900849.jpg?lm=1,real_wc2026_squads_transfermarkt_openfootball,2026-06-02
Djed Spence,England,Tottenham Hotspur Football Club,premier-league,25,Full-back,25,DF,"August 9, 2000",4,0,True,483348.0,Tottenham Hotspur Football Club,GB1,Left-Back,right,184.0,,,https://www.transfermarkt.co.uk/djed-spence/profil/spieler/483348,https://img.a.transfermarkt.technology/portrait/header/483348-1746645656.jpg?lm=1,real_wc2026_squads_transfermarkt_openfootball,2026-06-02
Jarell Quansah,England,Bayer 04 Leverkusen Fußball,bundesliga,23,Centre-back,26,DF,"January 29, 2003",1,0,True,632349.0,Bayer 04 Leverkusen Fußball,L1,Centre-Back,right,190.0,,,https://www.transfermarkt.co.uk/jarell-quansah/profil/spieler/632349,https://img.a.transfermarkt.technology/portrait/header/632349-1758704191.jpg?lm=1,real_wc2026_squads_transfermarkt_openfootball,2026-06-02
Lawrence Ati-Zigi,Ghana,FC St. Gallen 1879,super-league,29,Goalkeeper,1,GK,"November 29, 1996",28,0,True,254285.0,FC St. Gallen 1879,C1,Goalkeeper,right,188.0,,,https://www.transfermarkt.co.uk/lawrence-ati-zigi/profil/spieler/254285,https://img.a.transfermarkt.technology/portrait/header/254285-1755009630.png?lm=1,real_wc2026_squads_transfermarkt_openfootball,2026-06-02
Alidu Seidu,Ghana,Stade Rennais Football Club,ligue-1,26,Centre-back,2,DF,"June 4, 2000",23,1,True,798404.0,Stade Rennais Football Club,FR1,Centre-Back,right,173.0,,,https://www.transfermarkt.co.uk/alidu-seidu/profil/spieler/798404,https://img.a.transfermarkt.technology/portrait/header/798404-1679507806.jpg?lm=1,real_wc2026_squads_transfermarkt_openfootball,2026-06-02
Caleb Yirenkyi,Ghana,Fodbold Club Nordsjælland,superliga,20,Central midfielder,3,MF,"January 15, 2006",10,0,True,1240763.0,Fodbold Club Nordsjælland,DK1,Central Midfield,right,182.0,,,https://www.transfermarkt.co.uk/caleb-yirenkyi/profil/spieler/1240763,https://img.a.transfermarkt.technology/portrait/header/1240763-1780386444.jpg?lm=1,real_wc2026_squads_transfermarkt_openfootball,2026-06-02
Jonas Adjetey,Ghana,Verein für Leibesübungen Wolfsburg,bundesliga,22,Centre-back,4,DF,"December 13, 2003",9,0,True,734676.0,Verein für Leibesübungen Wolfsburg,L1,Centre-Back,right,188.0,,,https://www.transfermarkt.co.uk/jonas-adjetey/profil/spieler/734676,https://img.a.transfermarkt.technology/portrait/header/734676-1707377190.jpg?lm=1,real_wc2026_squads_transfermarkt_openfootball,2026-06-02
Thomas Partey,Ghana,Villarreal Club de Fútbol S.A.D.,laliga,32,Defensive midfielder,5,MF,"June 13, 1993",56,15,True,230784.0,Villarreal Club de Fútbol S.A.D.,ES1,Defensive Midfield,right,185.0,,,https://www.transfermarkt.co.uk/thomas-partey/profil/spieler/230784,https://img.a.transfermarkt.technology/portrait/header/230784-1668430877.jpg?lm=1,real_wc2026_squads_transfermarkt_openfootball,2026-06-02
Abdul Mumin,Ghana,Rayo Vallecano de Madrid S. A. D.,laliga,28,Centre-back,6,DF,"June 6, 1998",4,0,True,451801.0,Rayo Vallecano de Madrid S. A. D.,ES1,Centre-Back,right,188.0,,,https://www.transfermarkt.co.uk/abdul-mumin/profil/spieler/451801,https://img.a.transfermarkt.technology/portrait/header/451801-1776270192.jpg?lm=1,real_wc2026_squads_transfermarkt_openfootball,2026-06-02
Abdul Fatawu,Ghana,Leicester City,premier-league,22,Winger,7,FW,"March 8, 2004",27,3,True,864121.0,Leicester City,GB1,Right Winger,left,177.0,,,https://www.transfermarkt.co.uk/abdul-fatawu/profil/spieler/864121,https://img.a.transfermarkt.technology/portrait/header/864121-1767011135.jpg?lm=1,real_wc2026_squads_transfermarkt_openfootball,2026-06-02
Kwasi Sibo,Ghana,Real Oviedo S.A.D.,laliga,27,Central midfielder,8,MF,"June 24, 1998",7,0,True,538006.0,Real Oviedo S.A.D.,ES1,Central Midfield,right,183.0,,,https://www.transfermarkt.co.uk/kwasi-sibo/profil/spieler/538006,https://img.a.transfermarkt.technology/portrait/header/538006-1622087180.png?lm=1,real_wc2026_squads_transfermarkt_openfootball,2026-06-02
Jordan Ayew,Ghana,Leicester City,premier-league,34,Forward,9,FW,"September 11, 1991",117,33,True,108354.0,Leicester City,GB1,Centre-Forward,right,182.0,,,https://www.transfermarkt.co.uk/jordan-ayew/profil/spieler/108354,https://img.a.transfermarkt.technology/portrait/header/108354-1668429913.jpg?lm=1,real_wc2026_squads_transfermarkt_openfootball,2026-06-02
Brandon Thomas-Asante,Ghana,Coventry City,Unknown,27,Forward,10,FW,"December 29, 1998",7,1,True,,,,,,,,,,,real_wc2026_squads_transfermarkt_openfootball,2026-06-02
Antoine Semenyo,Ghana,Manchester City Football Club,premier-league,26,Winger,11,MF,"January 7, 2000",34,3,True,583255.0,Manchester City Football Club,GB1,Right Winger,right,185.0,,,https://www.transfermarkt.co.uk/antoine-semenyo/profil/spieler/583255,https://img.a.transfermarkt.technology/portrait/header/583255-1737452028.jpg?lm=1,real_wc2026_squads_transfermarkt_openfootball,2026-06-02
Joseph Anang,Ghana,St Patrick's Athletic,Unknown,26,Goalkeeper,12,GK,"June 8, 2000",1,0,True,576099.0,,,Goalkeeper,right,190.0,Ghana,CAF,https://www.transfermarkt.co.uk/joseph-anang/profil/spieler/576099,https://img.a.transfermarkt.technology/portrait/header/576099-1695369751.jpg?lm=1,real_wc2026_squads_transfermarkt_openfootball,2026-06-02
Christopher Bonsu Baah,Ghana,Al-Qadsiah Saudi Football Club,saudi-pro-league,21,Winger,13,FW,"December 14, 2004",8,0,True,1119447.0,Al-Qadsiah Saudi Football Club,SA1,Left Winger,left,172.0,,,https://www.transfermarkt.co.uk/christopher-bonsu-baah/profil/spieler/1119447,https://img.a.transfermarkt.technology/portrait/header/1119447-1714038588.png?lm=1,real_wc2026_squads_transfermarkt_openfootball,2026-06-02
Gideon Mensah,Ghana,Association de la Jeunesse auxerroise,ligue-1,27,Full-back,14,DF,"July 18, 1998",39,0,True,397171.0,Association de la Jeunesse auxerroise,FR1,Left-Back,left,178.0,,,https://www.transfermarkt.co.uk/gideon-mensah/profil/spieler/397171,https://img.a.transfermarkt.technology/portrait/header/397171-1565700436.jpg?lm=1,real_wc2026_squads_transfermarkt_openfootball,2026-06-02
Elisha Owusu,Ghana,Association de la Jeunesse auxerroise,ligue-1,28,Defensive midfielder,15,MF,"November 7, 1997",19,0,True,395695.0,Association de la Jeunesse auxerroise,FR1,Defensive Midfield,right,182.0,,,https://www.transfermarkt.co.uk/elisha-owusu/profil/spieler/395695,https://img.a.transfermarkt.technology/portrait/header/395695-1626767315.jpg?lm=1,real_wc2026_squads_transfermarkt_openfootball,2026-06-02
Benjamin Asare,Ghana,Koninklijke Atletiek Associatie Gent,jupiler-pro-league,33,Full-back,16,GK,"July 13, 1992",10,0,True,18759.0,Koninklijke Atletiek Associatie Gent,BE1,Left-Back,left,175.0,,,https://www.transfermarkt.co.uk/nana-asare/profil/spieler/18759,https://img.a.transfermarkt.technology/portrait/header/18759-1681326663.jpg?lm=1,real_wc2026_squads_transfermarkt_openfootball,2026-06-02
Abdul Rahman Baba,Ghana,Panthessalonikios Athlitikos Omilos Konstantinoupoliton,super-league-1,31,Full-back,17,DF,"July 2, 1994",52,1,True,224884.0,Panthessalonikios Athlitikos Omilos Konstantinoupoliton,GR1,Left-Back,left,179.0,,,https://www.transfermarkt.co.uk/abdul-rahman-baba/profil/spieler/224884,https://img.a.transfermarkt.technology/portrait/header/224884-1762637079.png?lm=1,real_wc2026_squads_transfermarkt_openfootball,2026-06-02
Jerome Opoku,Ghana,İstanbul Başakşehir Futbol Kulübü,super-lig,27,Centre-back,18,DF,"October 14, 1998",10,1,True,408563.0,İstanbul Başakşehir Futbol Kulübü,TR1,Centre-Back,left,197.0,,,https://www.transfermarkt.co.uk/jerome-opoku/profil/spieler/408563,https://img.a.transfermarkt.technology/portrait/header/408563-1759746503.jpg?lm=1,real_wc2026_squads_transfermarkt_openfootball,2026-06-02
Iñaki Williams,Ghana,Athletic Club Bilbao,laliga,31,Winger,19,FW,"June 15, 1994",25,2,True,255508.0,Athletic Club Bilbao,ES1,Right Winger,right,186.0,,,https://www.transfermarkt.co.uk/inaki-williams/profil/spieler/255508,https://img.a.transfermarkt.technology/portrait/header/255508-1709676323.png?lm=1,real_wc2026_squads_transfermarkt_openfootball,2026-06-02
Augustine Boakye,Ghana,AS Saint-Étienne,ligue-1,25,Winger,20,MF,"November 3, 2000",0,0,True,579263.0,AS Saint-Étienne,FR1,Right Winger,left,178.0,,,https://www.transfermarkt.co.uk/augustine-boakye/profil/spieler/579263,https://img.a.transfermarkt.technology/portrait/header/579263-1727722384.jpg?lm=1,real_wc2026_squads_transfermarkt_openfootball,2026-06-02
Kojo Peprah Oppong,Ghana,Olympique Gymnaste Club Nice Côte d'Azur,ligue-1,22,Centre-back,21,DF,"June 4, 2004",4,0,True,1113451.0,Olympique Gymnaste Club Nice Côte d'Azur,FR1,Centre-Back,right,185.0,,,https://www.transfermarkt.co.uk/kojo-peprah-oppong/profil/spieler/1113451,https://img.a.transfermarkt.technology/portrait/header/1113451-1756823346.jpg?lm=1,real_wc2026_squads_transfermarkt_openfootball,2026-06-02
Kamaldeen Sulemana,Ghana,Atalanta Bergamasca Calcio S.p.a.,serie-a,24,Winger,22,FW,"February 15, 2002",27,1,True,746695.0,Atalanta Bergamasca Calcio S.p.a.,IT1,Left Winger,right,175.0,,,https://www.transfermarkt.co.uk/kamaldeen-sulemana/profil/spieler/746695,https://img.a.transfermarkt.technology/portrait/header/746695-1751520001.jpg?lm=1,real_wc2026_squads_transfermarkt_openfootball,2026-06-02
Derrick Luckassen,Ghana,Eindhovense Voetbalvereniging Philips Sport Vereniging,eredivisie,30,Centre-back,23,DF,"July 3, 1995",1,0,True,241457.0,Eindhovense Voetbalvereniging Philips Sport Vereniging,NL1,Centre-Back,right,186.0,,,https://www.transfermarkt.co.uk/derrick-luckassen/profil/spieler/241457,https://img.a.transfermarkt.technology/portrait/header/241457-1662378914.jpg?lm=1,real_wc2026_squads_transfermarkt_openfootball,2026-06-02
Ernest Nuamah,Ghana,Olympique Lyonnais,ligue-1,22,Winger,24,FW,"November 1, 2003",18,4,True,955070.0,Olympique Lyonnais,FR1,Right Winger,left,178.0,,,https://www.transfermarkt.co.uk/ernest-nuamah/profil/spieler/955070,https://img.a.transfermarkt.technology/portrait/header/955070-1702991257.jpg?lm=1,real_wc2026_squads_transfermarkt_openfootball,2026-06-02
Prince Kwabena Adu,Ghana,Viktoria Plzeň,Unknown,22,Forward,25,FW,"September 23, 2003",4,0,True,,,,,,,,,,,real_wc2026_squads_transfermarkt_openfootball,2026-06-02
Marvin Senaya,Ghana,Association de la Jeunesse auxerroise,ligue-1,25,Full-back,26,DF,"January 28, 2001",1,0,True,830890.0,Association de la Jeunesse auxerroise,FR1,Right-Back,right,181.0,,,https://www.transfermarkt.co.uk/marvin-senaya/profil/spieler/830890,https://img.a.transfermarkt.technology/portrait/header/830890-1732575526.png?lm=1,real_wc2026_squads_transfermarkt_openfootball,2026-06-02
Luis Mejía,Panama,Nacional,Unknown,35,Goalkeeper,1,GK,"March 16, 1991",56,0,True,,,,,,,,,,,real_wc2026_squads_transfermarkt_openfootball,2026-06-02
César Blackman,Panama,Slovan Bratislava,Unknown,28,Full-back,2,DF,"April 2, 1998",38,3,True,440383.0,,,Right-Back,right,174.0,Panama,CONCACAF,https://www.transfermarkt.co.uk/cesar-blackman/profil/spieler/440383,https://img.a.transfermarkt.technology/portrait/header/440383-1713528857.png?lm=1,real_wc2026_squads_transfermarkt_openfootball,2026-06-02
José Córdoba,Panama,Norwich City,premier-league,25,Centre-back,3,DF,"June 3, 2001",31,1,True,698415.0,Norwich City,GB1,Centre-Back,left,185.0,Panama,CONCACAF,https://www.transfermarkt.co.uk/jose-cordoba/profil/spieler/698415,https://img.a.transfermarkt.technology/portrait/header/698415-1720429585.jpg?lm=1,real_wc2026_squads_transfermarkt_openfootball,2026-06-02
Fidel Escobar,Panama,Saprissa,Unknown,31,Centre-back,4,DF,"January 9, 1995",97,4,True,345716.0,,,Centre-Back,right,184.0,Panama,CONCACAF,https://www.transfermarkt.co.uk/fidel-escobar/profil/spieler/345716,https://img.a.transfermarkt.technology/portrait/header/345716-1715905027.png?lm=1,real_wc2026_squads_transfermarkt_openfootball,2026-06-02
Edgardo Fariña,Panama,FK Nizhny Novgorod,premier-liga,24,Centre-back,5,DF,"October 19, 2001",16,0,True,923177.0,FK Nizhny Novgorod,RU1,Centre-Back,right,195.0,,,https://www.transfermarkt.co.uk/edgardo-farina/profil/spieler/923177,https://img.a.transfermarkt.technology/portrait/header/923177-1754201558.png?lm=1,real_wc2026_squads_transfermarkt_openfootball,2026-06-02
Cristian Martínez,Panama,Ironi Kiryat Shmona,Unknown,29,Defensive midfielder,6,MF,"February 6, 1997",64,2,True,419247.0,,,Defensive Midfield,right,170.0,Panama,CONCACAF,https://www.transfermarkt.co.uk/cristian-martinez/profil/spieler/419247,https://img.a.transfermarkt.technology/portrait/header/419247-1719228755.jpg?lm=1,real_wc2026_squads_transfermarkt_openfootball,2026-06-02
José Luis Rodríguez,Panama,Fútbol Club Juárez,liga-mx-clausura,27,Winger,7,MF,"June 19, 1998",68,8,True,425028.0,Fútbol Club Juárez,MEX1,Left Winger,left,183.0,,,https://www.transfermarkt.co.uk/jose-luis-rodriguez/profil/spieler/425028,https://img.a.transfermarkt.technology/portrait/header/425028-1719229010.jpg?lm=1,real_wc2026_squads_transfermarkt_openfootball,2026-06-02
Adalberto Carrasquilla,Panama,Club Universidad Nacional A. C.,liga-mx-clausura,27,Central midfielder,8,MF,"November 28, 1998",73,3,True,375300.0,Club Universidad Nacional A. C.,MEX1,Central Midfield,right,171.0,,,https://www.transfermarkt.co.uk/adalberto-carrasquilla/profil/spieler/375300,https://img.a.transfermarkt.technology/portrait/header/375300-1709581138.jpg?lm=1,real_wc2026_squads_transfermarkt_openfootball,2026-06-02
Tomás Rodríguez,Panama,Saprissa,Unknown,27,Forward,9,FW,"March 9, 1999",12,3,True,569205.0,,,Centre-Forward,right,178.0,Panama,CONCACAF,https://www.transfermarkt.co.uk/tomas-rodriguez/profil/spieler/569205,https://img.a.transfermarkt.technology/portrait/header/569205-1773092753.png?lm=1,real_wc2026_squads_transfermarkt_openfootball,2026-06-02
Ismael Díaz,Panama,Club León Fútbol Club,liga-mx-clausura,29,Winger,10,MF,"May 12, 1997",55,17,True,243298.0,Club León Fútbol Club,MEX1,Left Winger,right,183.0,,,https://www.transfermarkt.co.uk/ismael-diaz/profil/spieler/243298,https://img.a.transfermarkt.technology/portrait/header/243298-1741625334.png?lm=1,real_wc2026_squads_transfermarkt_openfootball,2026-06-02
Yoel Bárcenas,Panama,Mazatlán Futbol Club,liga-mx-clausura,32,Winger,11,MF,"October 23, 1993",102,10,True,283473.0,Mazatlán Futbol Club,MEX1,Right Winger,right,178.0,,,https://www.transfermarkt.co.uk/yoel-barcenas/profil/spieler/283473,https://img.a.transfermarkt.technology/portrait/header/283473-1719228611.jpg?lm=1,real_wc2026_squads_transfermarkt_openfootball,2026-06-02
César Samudio,Panama,Marathón,Unknown,32,Goalkeeper,12,GK,"February 23, 1994",4,0,True,,,,,,,,,,,real_wc2026_squads_transfermarkt_openfootball,2026-06-02
Jiovany Ramos,Panama,Puerto Cabello,Unknown,29,Centre-back,13,DF,"January 26, 1997",21,1,True,403809.0,,,Centre-Back,right,189.0,Panama,CONCACAF,https://www.transfermarkt.co.uk/jiovany-ramos/profil/spieler/403809,https://img.a.transfermarkt.technology/portrait/header/403809-1717420791.jpg?lm=1,real_wc2026_squads_transfermarkt_openfootball,2026-06-02
Carlos Harvey,Panama,Minnesota United FC,major-league-soccer,26,Defensive midfielder,14,DF,"February 3, 2000",26,3,True,628806.0,Minnesota United FC,MLS1,Defensive Midfield,right,184.0,,,https://www.transfermarkt.co.uk/carlos-harvey/profil/spieler/628806,https://img.a.transfermarkt.technology/portrait/header/628806-1741201644.jpg?lm=1,real_wc2026_squads_transfermarkt_openfootball,2026-06-02
Eric Davis,Panama,Plaza Amador,Unknown,35,Full-back,15,DF,"March 31, 1991",105,9,True,121791.0,,,Left-Back,left,180.0,Panama,CONCACAF,https://www.transfermarkt.co.uk/eric-davis/profil/spieler/121791,https://img.a.transfermarkt.technology/portrait/header/121791-1719228967.jpg?lm=1,real_wc2026_squads_transfermarkt_openfootball,2026-06-02
Andrés Andrade,Panama,Linzer Athletik-Sport-Klub,bundesliga,27,Centre-back,16,DF,"October 16, 1998",48,1,True,403808.0,Linzer Athletik-Sport-Klub,A1,Centre-Back,left,187.0,,,https://www.transfermarkt.co.uk/andres-andrade/profil/spieler/403808,https://img.a.transfermarkt.technology/portrait/header/403808-1754322165.png?lm=1,real_wc2026_squads_transfermarkt_openfootball,2026-06-02
José Fajardo,Panama,Universidad Católica,Unknown,32,Forward,17,FW,"August 18, 1993",66,17,True,,,,,,,,,,,real_wc2026_squads_transfermarkt_openfootball,2026-06-02
Cecilio Waterman,Panama,Universidad de Concepción,Unknown,35,Forward,18,FW,"April 13, 1991",53,14,True,,,,,,,,,,,real_wc2026_squads_transfermarkt_openfootball,2026-06-02
Alberto Quintero,Panama,Plaza Amador,Unknown,38,Winger,19,MF,"December 18, 1987",140,7,True,126019.0,,,Right Winger,right,168.0,Panama,CONCACAF,https://www.transfermarkt.co.uk/alberto-quintero/profil/spieler/126019,https://img.a.transfermarkt.technology/portrait/header/126019-1735325689.png?lm=1,real_wc2026_squads_transfermarkt_openfootball,2026-06-02
Aníbal Godoy,Panama,San Diego Football Club,major-league-soccer,36,Defensive midfielder,20,MF,"February 10, 1990",159,4,True,161671.0,San Diego Football Club,MLS1,Defensive Midfield,left,183.0,,,https://www.transfermarkt.co.uk/anibal-godoy/profil/spieler/161671,https://img.a.transfermarkt.technology/portrait/header/161671-1771754371.jpg?lm=1,real_wc2026_squads_transfermarkt_openfootball,2026-06-02
César Yanis,Panama,Cobresal,Unknown,30,Winger,21,MF,"January 28, 1996",55,5,True,741098.0,,,Right Winger,left,160.0,Panama,CONCACAF,https://www.transfermarkt.co.uk/cesar-yanis/profil/spieler/741098,https://img.a.transfermarkt.technology/portrait/header/741098-1722908344.png?lm=1,real_wc2026_squads_transfermarkt_openfootball,2026-06-02
Orlando Mosquera,Panama,Al-Fayha FC,saudi-pro-league,31,Goalkeeper,22,GK,"December 25, 1994",47,0,True,402979.0,Al-Fayha FC,SA1,Goalkeeper,right,191.0,,,https://www.transfermarkt.co.uk/orlando-mosquera/profil/spieler/402979,https://img.a.transfermarkt.technology/portrait/header/402979-1765233655.png?lm=1,real_wc2026_squads_transfermarkt_openfootball,2026-06-02
Michael Amir Murillo,Panama,Beşiktaş Jimnastik Kulübü,super-lig,30,Full-back,23,DF,"February 11, 1996",92,9,True,354482.0,Beşiktaş Jimnastik Kulübü,TR1,Right-Back,right,184.0,,,https://www.transfermarkt.co.uk/amir-murillo/profil/spieler/354482,https://img.a.transfermarkt.technology/portrait/header/354482-1770806107.png?lm=1,real_wc2026_squads_transfermarkt_openfootball,2026-06-02
Azarias Londoño,Panama,Universidad Católica,Unknown,24,Forward,24,FW,"June 21, 2001",10,0,True,860998.0,,,Centre-Forward,right,185.0,Panama,CONCACAF,https://www.transfermarkt.co.uk/azarias-londono/profil/spieler/860998,https://img.a.transfermarkt.technology/portrait/header/860998-1741625093.png?lm=1,real_wc2026_squads_transfermarkt_openfootball,2026-06-02
Roderick Miller,Panama,CD Feirense,liga-portugal,34,Centre-back,25,DF,"April 3, 1992",49,2,True,157154.0,CD Feirense,PO1,Centre-Back,left,190.0,,,https://www.transfermarkt.co.uk/roderick-miller/profil/spieler/157154,https://img.a.transfermarkt.technology/portrait/header/157154-1523606096.jpg?lm=1,real_wc2026_squads_transfermarkt_openfootball,2026-06-02
Jorge Gutiérrez,Panama,Deportivo La Guaira,Unknown,27,Full-back,26,DF,"September 1, 1998",17,0,True,443379.0,,,Left-Back,left,171.0,Panama,CONCACAF,https://www.transfermarkt.co.uk/jorge-gutierrez/profil/spieler/443379,https://img.a.transfermarkt.technology/portrait/header/443379-1739806241.jpg?lm=1,real_wc2026_squads_transfermarkt_openfootball,2026-06-02
