player_name,country,market_value_eur,market_value_source,highest_market_value_eur,latest_market_value_eur,latest_market_value_date,salimt_latest_market_value_eur,salimt_latest_market_value_date,tm_market_value_in_eur,tm_highest_market_value_in_eur,tm_url,data_source,data_refresh_date
Matěj Kovář,Czech Republic,7000000,transfermarkt_profile,7000000,7000000.0,2025-12-02,5000000.0,2025-06-04,7000000.0,7000000.0,https://www.transfermarkt.co.uk/matej-kovar/profil/spieler/550829,real_wc2026_squads_transfermarkt_openfootball,2026-06-02
David Zima,Czech Republic,4000000,transfermarkt_profile,7500000,4000000.0,2024-06-05,5500000.0,2025-06-16,4000000.0,7500000.0,https://www.transfermarkt.co.uk/david-zima/profil/spieler/544149,real_wc2026_squads_transfermarkt_openfootball,2026-06-02
Tomáš Holeš,Czech Republic,0,missing,0,,,,,,,https://www.transfermarkt.co.uk/tomas-holes/profil/spieler/216278,real_wc2026_squads_transfermarkt_openfootball,2026-06-02
Robin Hranáč,Czech Republic,7000000,transfermarkt_profile,8000000,7000000.0,2025-12-19,3500000.0,2025-06-04,7000000.0,8000000.0,https://www.transfermarkt.co.uk/robin-hranac/profil/spieler/620217,real_wc2026_squads_transfermarkt_openfootball,2026-06-02
Vladimír Coufal,Czech Republic,2700000,transfermarkt_profile,12000000,2700000.0,2025-12-19,5000000.0,2025-05-29,2700000.0,12000000.0,https://www.transfermarkt.co.uk/vladimir-coufal/profil/spieler/157672,real_wc2026_squads_transfermarkt_openfootball,2026-06-02
Štěpán Chaloupek,Czech Republic,0,missing,0,,,,,,,https://www.transfermarkt.co.uk/stepan-chaloupek/profil/spieler/944827,real_wc2026_squads_transfermarkt_openfootball,2026-06-02
Ladislav Krejčí,Czech Republic,22000000,transfermarkt_profile,22000000,22000000.0,2025-12-09,,,22000000.0,22000000.0,https://www.transfermarkt.co.uk/ladislav-krejci/profil/spieler/345911,real_wc2026_squads_transfermarkt_openfootball,2026-06-02
Vladimír Darida,Czech Republic,400000,transfermarkt_profile,10000000,400000.0,2025-12-22,500000.0,2025-05-22,400000.0,10000000.0,https://www.transfermarkt.co.uk/vladimir-darida/profil/spieler/179643,real_wc2026_squads_transfermarkt_openfootball,2026-06-02
Adam Hložek,Czech Republic,15000000,transfermarkt_profile,20000000,15000000.0,2025-12-19,18000000.0,2025-06-04,15000000.0,20000000.0,https://www.transfermarkt.co.uk/adam-hlozek/profil/spieler/552057,real_wc2026_squads_transfermarkt_openfootball,2026-06-02
Patrik Schick,Czech Republic,25000000,transfermarkt_profile,50000000,25000000.0,2025-12-19,27000000.0,2025-06-04,25000000.0,50000000.0,https://www.transfermarkt.co.uk/patrik-schick/profil/spieler/242086,real_wc2026_squads_transfermarkt_openfootball,2026-06-02
Jan Kuchta,Czech Republic,4000000,transfermarkt_profile,5000000,4000000.0,2023-06-20,4000000.0,2025-06-16,4000000.0,5000000.0,https://www.transfermarkt.co.uk/jan-kuchta/profil/spieler/334802,real_wc2026_squads_transfermarkt_openfootball,2026-06-02
Lukáš Červ,Czech Republic,4500000,salimt_latest_market_value,4500000,,,4500000.0,2025-06-16,,,https://www.transfermarkt.co.uk/lukas-cerv/profil/spieler/611049,real_wc2026_squads_transfermarkt_openfootball,2026-06-02
Mojmír Chytil,Czech Republic,0,missing,0,,,,,,,https://www.transfermarkt.co.uk/mojmir-chytil/profil/spieler/405855,real_wc2026_squads_transfermarkt_openfootball,2026-06-02
David Jurásek,Czech Republic,4500000,transfermarkt_profile,8000000,4500000.0,2025-12-17,5000000.0,2025-06-04,4500000.0,8000000.0,https://www.transfermarkt.co.uk/david-jurasek/profil/spieler/500054,real_wc2026_squads_transfermarkt_openfootball,2026-06-02
Pavel Šulc,Czech Republic,10000000,salimt_latest_market_value,10000000,,,10000000.0,2025-06-16,,,https://www.transfermarkt.co.uk/pavel-sulc/profil/spieler/500053,real_wc2026_squads_transfermarkt_openfootball,2026-06-02
Jindřich Staněk,Czech Republic,3500000,transfermarkt_profile,4500000,3500000.0,2023-06-20,3000000.0,2025-06-16,3500000.0,4500000.0,https://www.transfermarkt.co.uk/jindrich-stanek/profil/spieler/242089,real_wc2026_squads_transfermarkt_openfootball,2026-06-02
Lukáš Provod,Czech Republic,0,missing,0,,,,,,,https://www.transfermarkt.co.uk/lukas-provod/profil/spieler/292779,real_wc2026_squads_transfermarkt_openfootball,2026-06-02
Michal Sadílek,Czech Republic,7500000,transfermarkt_profile,8000000,7500000.0,2025-12-22,8000000.0,2025-05-27,7500000.0,8000000.0,https://www.transfermarkt.co.uk/michal-sadilek/profil/spieler/321204,real_wc2026_squads_transfermarkt_openfootball,2026-06-02
Tomáš Chorý,Czech Republic,1800000,transfermarkt_profile,2000000,1800000.0,2023-09-20,3500000.0,2025-06-16,1800000.0,2000000.0,https://www.transfermarkt.co.uk/tomas-chory/profil/spieler/198614,real_wc2026_squads_transfermarkt_openfootball,2026-06-02
Jaroslav Zelený,Czech Republic,0,missing,0,,,,,,,https://www.transfermarkt.co.uk/jaroslav-zeleny/profil/spieler/142219,real_wc2026_squads_transfermarkt_openfootball,2026-06-02
David Douděra,Czech Republic,3000000,salimt_latest_market_value,3000000,,,3000000.0,2025-06-16,,,https://www.transfermarkt.co.uk/david-doudera/profil/spieler/493758,real_wc2026_squads_transfermarkt_openfootball,2026-06-02
Tomáš Souček,Czech Republic,12000000,transfermarkt_profile,45000000,12000000.0,2025-12-09,18000000.0,2025-05-29,12000000.0,45000000.0,https://www.transfermarkt.co.uk/tomas-soucek/profil/spieler/283628,real_wc2026_squads_transfermarkt_openfootball,2026-06-02
Lukáš Horníček,Czech Republic,10000000,transfermarkt_profile,10000000,10000000.0,2025-12-18,6000000.0,2025-05-29,10000000.0,10000000.0,https://www.transfermarkt.co.uk/lukas-hornicek/profil/spieler/629773,real_wc2026_squads_transfermarkt_openfootball,2026-06-02
Alexandr Sojka,Czech Republic,0,missing,0,,,,,,,https://www.transfermarkt.co.uk/alexandr-sojka/profil/spieler/826103,real_wc2026_squads_transfermarkt_openfootball,2026-06-02
Hugo Sochůrek,Czech Republic,0,missing,0,,,,,,,https://www.transfermarkt.co.uk/hugo-sochurek/profil/spieler/1206877,real_wc2026_squads_transfermarkt_openfootball,2026-06-02
Denis Višinský,Czech Republic,1200000,salimt_latest_market_value,1200000,,,1200000.0,2025-06-16,,,https://www.transfermarkt.co.uk/denis-visinsky/profil/spieler/652060,real_wc2026_squads_transfermarkt_openfootball,2026-06-02
Raúl Rangel,Mexico,5000000,salimt_latest_market_value,5000000,,,5000000.0,2025-05-25,,,https://www.transfermarkt.co.uk/raul-rangel/profil/spieler/802855,real_wc2026_squads_transfermarkt_openfootball,2026-06-02
Jorge Sánchez,Mexico,3500000,transfermarkt_profile,6000000,3500000.0,2024-06-06,2500000.0,2025-05-25,3500000.0,6000000.0,https://www.transfermarkt.co.uk/jorge-sanchez/profil/spieler/356044,real_wc2026_squads_transfermarkt_openfootball,2026-06-02
César Montes,Mexico,7000000,transfermarkt_profile,8000000,7000000.0,2025-12-16,4500000.0,2025-06-03,7000000.0,8000000.0,https://www.transfermarkt.co.uk/cesar-montes/profil/spieler/387687,real_wc2026_squads_transfermarkt_openfootball,2026-06-02
Edson Álvarez,Mexico,22000000,transfermarkt_profile,35000000,22000000.0,2025-12-17,25000000.0,2025-05-29,22000000.0,35000000.0,https://www.transfermarkt.co.uk/edson-alvarez/profil/spieler/401356,real_wc2026_squads_transfermarkt_openfootball,2026-06-02
Johan Vásquez,Mexico,10000000,transfermarkt_profile,10000000,10000000.0,2024-06-05,14000000.0,2025-06-16,10000000.0,10000000.0,https://www.transfermarkt.co.uk/johan-vasquez/profil/spieler/532937,real_wc2026_squads_transfermarkt_openfootball,2026-06-02
Érik Lira,Mexico,8000000,salimt_latest_market_value,8000000,,,8000000.0,2025-05-25,,,https://www.transfermarkt.co.uk/erik-lira/profil/spieler/602324,real_wc2026_squads_transfermarkt_openfootball,2026-06-02
Luis Romo,Mexico,4500000,salimt_latest_market_value,4500000,,,4500000.0,2025-05-25,,,https://www.transfermarkt.co.uk/luis-romo/profil/spieler/532938,real_wc2026_squads_transfermarkt_openfootball,2026-06-02
Álvaro Fidalgo,Mexico,7000000,transfermarkt_profile,7000000,7000000.0,2023-06-29,9000000.0,2025-05-25,7000000.0,7000000.0,https://www.transfermarkt.co.uk/alvaro-fidalgo/profil/spieler/261503,real_wc2026_squads_transfermarkt_openfootball,2026-06-02
Raúl Jiménez,Mexico,4000000,transfermarkt_profile,50000000,4000000.0,2025-12-09,5000000.0,2025-05-29,4000000.0,50000000.0,https://www.transfermarkt.co.uk/raul-jimenez/profil/spieler/206040,real_wc2026_squads_transfermarkt_openfootball,2026-06-02
Alexis Vega,Mexico,10000000,salimt_latest_market_value,10000000,,,10000000.0,2025-05-25,,,https://www.transfermarkt.co.uk/alexis-vega/profil/spieler/424689,real_wc2026_squads_transfermarkt_openfootball,2026-06-02
Santiago Giménez,Mexico,40000000,transfermarkt_profile,50000000,40000000.0,2024-05-31,30000000.0,2025-06-16,40000000.0,50000000.0,https://www.transfermarkt.co.uk/santiago-gimenez/profil/spieler/552955,real_wc2026_squads_transfermarkt_openfootball,2026-06-02
Carlos Acevedo,Mexico,3000000,salimt_latest_market_value,3000000,,,3000000.0,2025-05-25,,,https://www.transfermarkt.co.uk/carlos-acevedo/profil/spieler/356042,real_wc2026_squads_transfermarkt_openfootball,2026-06-02
Guillermo Ochoa,Mexico,1000000,transfermarkt_profile,8000000,1000000.0,2024-06-05,500000.0,2025-05-29,1000000.0,8000000.0,https://www.transfermarkt.co.uk/guillermo-ochoa/profil/spieler/29559,real_wc2026_squads_transfermarkt_openfootball,2026-06-02
Armando González,Mexico,1500000,salimt_latest_market_value,1500000,,,1500000.0,2025-05-25,,,https://www.transfermarkt.co.uk/armando-gonzalez/profil/spieler/837619,real_wc2026_squads_transfermarkt_openfootball,2026-06-02
Israel Reyes,Mexico,4000000,salimt_latest_market_value,4000000,,,4000000.0,2025-05-25,,,https://www.transfermarkt.co.uk/israel-reyes/profil/spieler/687558,real_wc2026_squads_transfermarkt_openfootball,2026-06-02
Julián Quiñones,Mexico,12000000,salimt_latest_market_value,12000000,,,12000000.0,2025-05-26,,,https://www.transfermarkt.co.uk/julian-quinones/profil/spieler/416090,real_wc2026_squads_transfermarkt_openfootball,2026-06-02
Orbelín Pineda,Mexico,7000000,transfermarkt_profile,9000000,7000000.0,2025-12-12,7000000.0,2025-05-22,7000000.0,9000000.0,https://www.transfermarkt.co.uk/orbelin-pineda/profil/spieler/334042,real_wc2026_squads_transfermarkt_openfootball,2026-06-02
Obed Vargas,Mexico,6000000,salimt_latest_market_value,6000000,,,6000000.0,2025-06-04,,,https://www.transfermarkt.co.uk/obed-vargas/profil/spieler/889435,real_wc2026_squads_transfermarkt_openfootball,2026-06-02
Gilberto Mora,Mexico,3000000,salimt_latest_market_value,3000000,,,3000000.0,2025-05-25,,,https://www.transfermarkt.co.uk/gilberto-mora/profil/spieler/1155723,real_wc2026_squads_transfermarkt_openfootball,2026-06-02
Mateo Chávez,Mexico,3000000,salimt_latest_market_value,3000000,,,3000000.0,2025-05-25,,,https://www.transfermarkt.co.uk/mateo-chavez/profil/spieler/1066953,real_wc2026_squads_transfermarkt_openfootball,2026-06-02
César Huerta,Mexico,5000000,transfermarkt_profile,6000000,5000000.0,2025-12-10,6000000.0,2025-06-11,5000000.0,6000000.0,https://www.transfermarkt.co.uk/cesar-huerta/profil/spieler/540315,real_wc2026_squads_transfermarkt_openfootball,2026-06-02
Guillermo Martínez,Mexico,2000000,salimt_latest_market_value,2000000,,,2000000.0,2025-05-25,,,https://www.transfermarkt.co.uk/guillermo-martinez/profil/spieler/347932,real_wc2026_squads_transfermarkt_openfootball,2026-06-02
Jesús Gallardo,Mexico,3500000,salimt_latest_market_value,3500000,,,3500000.0,2025-05-25,,,https://www.transfermarkt.co.uk/jesus-gallardo/profil/spieler/344854,real_wc2026_squads_transfermarkt_openfootball,2026-06-02
Luis Chávez,Mexico,9000000,transfermarkt_profile,9000000,9000000.0,2024-06-04,8000000.0,2025-06-03,9000000.0,9000000.0,https://www.transfermarkt.co.uk/luis-chavez/profil/spieler/331059,real_wc2026_squads_transfermarkt_openfootball,2026-06-02
Roberto Alvarado,Mexico,6500000,salimt_latest_market_value,6500000,,,6500000.0,2025-05-25,,,https://www.transfermarkt.co.uk/roberto-alvarado/profil/spieler/353583,real_wc2026_squads_transfermarkt_openfootball,2026-06-02
Brian Gutiérrez,Mexico,5000000,salimt_latest_market_value,5000000,,,5000000.0,2025-06-04,,,https://www.transfermarkt.co.uk/brian-gutierrez/profil/spieler/724443,real_wc2026_squads_transfermarkt_openfootball,2026-06-02
Ronwen Williams,South Africa,0,missing,0,,,,,,,https://www.transfermarkt.co.uk/ronwen-williams/profil/spieler/175577,real_wc2026_squads_transfermarkt_openfootball,2026-06-02
Thabang Matuludi,South Africa,0,missing,0,,,,,,,https://www.transfermarkt.co.uk/thabang-matuludi/profil/spieler/1109254,real_wc2026_squads_transfermarkt_openfootball,2026-06-02
Khulumani Ndamane,South Africa,0,missing,0,,,,,,,https://www.transfermarkt.co.uk/khulumani-ndamane/profil/spieler/1283140,real_wc2026_squads_transfermarkt_openfootball,2026-06-02
Teboho Mokoena,South Africa,0,missing,0,,,,,,,https://www.transfermarkt.co.uk/teboho-mokoena/profil/spieler/436372,real_wc2026_squads_transfermarkt_openfootball,2026-06-02
Thalente Mbatha,South Africa,0,missing,0,,,,,,,https://www.transfermarkt.co.uk/thalente-mbatha/profil/spieler/735697,real_wc2026_squads_transfermarkt_openfootball,2026-06-02
Aubrey Modiba,South Africa,0,missing,0,,,,,,,https://www.transfermarkt.co.uk/aubrey-modiba/profil/spieler/353432,real_wc2026_squads_transfermarkt_openfootball,2026-06-02
Oswin Appollis,South Africa,0,missing,0,,,,,,,https://www.transfermarkt.co.uk/oswin-appollis/profil/spieler/673381,real_wc2026_squads_transfermarkt_openfootball,2026-06-02
Tshepang Moremi,South Africa,0,missing,0,,,,,,,https://www.transfermarkt.co.uk/tshepang-moremi/profil/spieler/844485,real_wc2026_squads_transfermarkt_openfootball,2026-06-02
Lyle Foster,South Africa,13000000,transfermarkt_profile,13000000,13000000.0,2024-05-27,6000000.0,2025-05-26,13000000.0,13000000.0,https://www.transfermarkt.co.uk/lyle-foster/profil/spieler/467623,real_wc2026_squads_transfermarkt_openfootball,2026-06-02
Relebohile Mofokeng,South Africa,0,missing,0,,,,,,,https://www.transfermarkt.co.uk/relebohile-mofokeng/profil/spieler/1125037,real_wc2026_squads_transfermarkt_openfootball,2026-06-02
Themba Zwane,South Africa,0,missing,0,,,,,,,,real_wc2026_squads_transfermarkt_openfootball,2026-06-02
Thapelo Maseko,South Africa,0,missing,0,,,,,,,,real_wc2026_squads_transfermarkt_openfootball,2026-06-02
Sphephelo Sithole,South Africa,0,missing,0,,,,,,,,real_wc2026_squads_transfermarkt_openfootball,2026-06-02
Mbekezeli Mbokazi,South Africa,0,missing,0,,,,,,,https://www.transfermarkt.co.uk/mbekezeli-mbokazi/profil/spieler/1378320,real_wc2026_squads_transfermarkt_openfootball,2026-06-02
Iqraam Rayners,South Africa,0,missing,0,,,,,,,https://www.transfermarkt.co.uk/iqraam-rayners/profil/spieler/337884,real_wc2026_squads_transfermarkt_openfootball,2026-06-02
Sipho Chaine,South Africa,0,missing,0,,,,,,,https://www.transfermarkt.co.uk/sipho-chaine/profil/spieler/453370,real_wc2026_squads_transfermarkt_openfootball,2026-06-02
Evidence Makgopa,South Africa,0,missing,0,,,,,,,https://www.transfermarkt.co.uk/evidence-makgopa/profil/spieler/746781,real_wc2026_squads_transfermarkt_openfootball,2026-06-02
Samukele Kabini,South Africa,1200000,salimt_latest_market_value,1200000,,,1200000.0,2025-09-07,,,https://www.transfermarkt.co.uk/samukele-kabini/profil/spieler/1175086,real_wc2026_squads_transfermarkt_openfootball,2026-06-02
Nkosinathi Sibisi,South Africa,0,missing,0,,,,,,,https://www.transfermarkt.co.uk/nkosinathi-sibisi/profil/spieler/399068,real_wc2026_squads_transfermarkt_openfootball,2026-06-02
Khuliso Mudau,South Africa,0,missing,0,,,,,,,https://www.transfermarkt.co.uk/khuliso-mudau/profil/spieler/450806,real_wc2026_squads_transfermarkt_openfootball,2026-06-02
Ime Okon,South Africa,0,missing,0,,,,,,,,real_wc2026_squads_transfermarkt_openfootball,2026-06-02
Ricardo Goss,South Africa,0,missing,0,,,,,,,https://www.transfermarkt.co.uk/ricardo-goss/profil/spieler/258304,real_wc2026_squads_transfermarkt_openfootball,2026-06-02
Jayden Adams,South Africa,0,missing,0,,,,,,,https://www.transfermarkt.co.uk/jayden-adams/profil/spieler/804472,real_wc2026_squads_transfermarkt_openfootball,2026-06-02
Olwethu Makhanya,South Africa,400000,salimt_latest_market_value,400000,,,400000.0,2025-06-04,,,https://www.transfermarkt.co.uk/olwethu-makhanya/profil/spieler/1069801,real_wc2026_squads_transfermarkt_openfootball,2026-06-02
Kamogelo Sebelebele,South Africa,0,missing,0,,,,,,,https://www.transfermarkt.co.uk/kamogelo-sebelebele/profil/spieler/994370,real_wc2026_squads_transfermarkt_openfootball,2026-06-02
Bradley Cross,South Africa,0,missing,0,,,,,,,,real_wc2026_squads_transfermarkt_openfootball,2026-06-02
Kim Seung-gyu,South Korea,250000,salimt_latest_market_value,250000,,,250000.0,2025-06-02,,,https://www.transfermarkt.co.uk/ryun-sung-kim/profil/spieler/638535,real_wc2026_squads_transfermarkt_openfootball,2026-06-02
Lee Han-beom,South Korea,0,missing,0,,,,,,,https://www.transfermarkt.co.uk/ye-chan-lee/profil/spieler/1177190,real_wc2026_squads_transfermarkt_openfootball,2026-06-02
Lee Ki-hyuk,South Korea,1500000,salimt_latest_market_value,1500000,,,1500000.0,2025-06-18,,,https://www.transfermarkt.co.uk/hyun-ju-lee/profil/spieler/709166,real_wc2026_squads_transfermarkt_openfootball,2026-06-02
Kim Min-jae,South Korea,0,missing,0,,,,,,,https://www.transfermarkt.co.uk/jae-min-kim/profil/spieler/916386,real_wc2026_squads_transfermarkt_openfootball,2026-06-02
Kim Tae-hyeon,South Korea,0,missing,0,,,,,,,https://www.transfermarkt.co.uk/gyeong-jae-kim/profil/spieler/427555,real_wc2026_squads_transfermarkt_openfootball,2026-06-02
Hwang In-beom,South Korea,4500000,transfermarkt_profile,4500000,4500000.0,2023-05-22,10000000.0,2025-05-27,4500000.0,4500000.0,https://www.transfermarkt.co.uk/in-beom-hwang/profil/spieler/365394,real_wc2026_squads_transfermarkt_openfootball,2026-06-02
Son Heung-min,South Korea,0,missing,0,,,,,,,https://www.transfermarkt.co.uk/min-kyu-song/profil/spieler/581977,real_wc2026_squads_transfermarkt_openfootball,2026-06-02
Paik Seung-ho,South Korea,900000,transfermarkt_profile,1000000,900000.0,2023-06-23,1500000.0,2025-06-17,900000.0,1000000.0,https://www.transfermarkt.co.uk/seung-ho-paik/profil/spieler/282689,real_wc2026_squads_transfermarkt_openfootball,2026-06-02
Cho Gue-sung,South Korea,0,missing,0,,,,,,,https://www.transfermarkt.co.uk/seung-gu-choi/profil/spieler/1161179,real_wc2026_squads_transfermarkt_openfootball,2026-06-02
Lee Jae-sung,South Korea,500000,salimt_latest_market_value,500000,,,500000.0,2025-06-17,,,https://www.transfermarkt.co.uk/myung-jae-lee/profil/spieler/314773,real_wc2026_squads_transfermarkt_openfootball,2026-06-02
Hwang Hee-chan,South Korea,275000,salimt_latest_market_value,275000,,,275000.0,2025-06-02,,,https://www.transfermarkt.co.uk/chan-hee-han/profil/spieler/427550,real_wc2026_squads_transfermarkt_openfootball,2026-06-02
Song Bum-keun,South Korea,0,missing,0,,,,,,,https://www.transfermarkt.co.uk/seung-beom-son/profil/spieler/865595,real_wc2026_squads_transfermarkt_openfootball,2026-06-02
Lee Tae-seok,South Korea,0,missing,0,,,,,,,https://www.transfermarkt.co.uk/kyeong-tae-lee/profil/spieler/489410,real_wc2026_squads_transfermarkt_openfootball,2026-06-02
Cho Wi-je,South Korea,0,missing,0,,,,,,,,real_wc2026_squads_transfermarkt_openfootball,2026-06-02
Kim Moon-hwan,South Korea,0,missing,0,,,,,,,https://www.transfermarkt.co.uk/chang-hoon-kim/profil/spieler/822132,real_wc2026_squads_transfermarkt_openfootball,2026-06-02
Park Jin-seob,South Korea,375000,salimt_latest_market_value,375000,,,375000.0,2025-06-02,,,https://www.transfermarkt.co.uk/se-jin-park/profil/spieler/1024721,real_wc2026_squads_transfermarkt_openfootball,2026-06-02
Bae Jun-ho,South Korea,0,missing,0,,,,,,,https://www.transfermarkt.co.uk/jae-hun-cho/profil/spieler/839461,real_wc2026_squads_transfermarkt_openfootball,2026-06-02
Oh Hyeon-gyu,South Korea,175000,salimt_latest_market_value,175000,,,175000.0,2025-06-02,,,https://www.transfermarkt.co.uk/gyu-hyeon-choe/profil/spieler/730364,real_wc2026_squads_transfermarkt_openfootball,2026-06-02
Lee Kang-in,South Korea,0,missing,0,,,,,,,https://www.transfermarkt.co.uk/jin-yong-lee/profil/spieler/639120,real_wc2026_squads_transfermarkt_openfootball,2026-06-02
Yang Hyun-jun,South Korea,2000000,transfermarkt_profile,2000000,2000000.0,2024-05-30,2500000.0,2025-06-16,2000000.0,2000000.0,https://www.transfermarkt.co.uk/hyun-jun-yang/profil/spieler/853110,real_wc2026_squads_transfermarkt_openfootball,2026-06-02
Jo Hyeon-woo,South Korea,3500000,transfermarkt_profile,5500000,3500000.0,2025-12-19,4000000.0,2025-06-04,3500000.0,5500000.0,https://www.transfermarkt.co.uk/woo-yeong-jeong/profil/spieler/297583,real_wc2026_squads_transfermarkt_openfootball,2026-06-02
Seol Young-woo,South Korea,0,missing,0,,,,,,,https://www.transfermarkt.co.uk/joo-young-eom/profil/spieler/1480905,real_wc2026_squads_transfermarkt_openfootball,2026-06-02
Jens Castrop,South Korea,1500000,transfermarkt_profile,1500000,1500000.0,2023-10-20,6000000.0,2025-06-18,1500000.0,1500000.0,https://www.transfermarkt.co.uk/jens-castrop/profil/spieler/613192,real_wc2026_squads_transfermarkt_openfootball,2026-06-02
Kim Jin-gyu,South Korea,0,missing,0,,,,,,,https://www.transfermarkt.co.uk/kyu-min-kim/profil/spieler/909127,real_wc2026_squads_transfermarkt_openfootball,2026-06-02
Eom Ji-sung,South Korea,1400000,salimt_latest_market_value,1400000,,,1400000.0,2025-05-26,,,https://www.transfermarkt.co.uk/ji-sung-eom/profil/spieler/706968,real_wc2026_squads_transfermarkt_openfootball,2026-06-02
Lee Dong-gyeong,South Korea,1400000,salimt_latest_market_value,1400000,,,1400000.0,2025-06-02,,,https://www.transfermarkt.co.uk/dong-gyeong-lee/profil/spieler/558086,real_wc2026_squads_transfermarkt_openfootball,2026-06-02
Nikola Vasilj,Bosnia and Herzegovina,4500000,transfermarkt_profile,4500000,4500000.0,2025-12-19,3500000.0,2025-06-04,4500000.0,4500000.0,https://www.transfermarkt.co.uk/nikola-vasilj/profil/spieler/248454,real_wc2026_squads_transfermarkt_openfootball,2026-06-02
Nihad Mujakić,Bosnia and Herzegovina,2000000,transfermarkt_profile,2300000,2000000.0,2024-05-31,,,2000000.0,2300000.0,https://www.transfermarkt.co.uk/nihad-mujakic/profil/spieler/380919,real_wc2026_squads_transfermarkt_openfootball,2026-06-02
Dennis Hadžikadunić,Bosnia and Herzegovina,3000000,transfermarkt_profile,3500000,3000000.0,2023-06-13,2000000.0,2025-06-18,3000000.0,3500000.0,https://www.transfermarkt.co.uk/dennis-hadzikadunic/profil/spieler/322065,real_wc2026_squads_transfermarkt_openfootball,2026-06-02
Tarik Muharemović,Bosnia and Herzegovina,1200000,transfermarkt_profile,1200000,1200000.0,2024-06-18,7000000.0,2025-06-01,1200000.0,1200000.0,https://www.transfermarkt.co.uk/tarik-muharemovic/profil/spieler/679423,real_wc2026_squads_transfermarkt_openfootball,2026-06-02
Sead Kolašinac,Bosnia and Herzegovina,10000000,transfermarkt_profile,20000000,10000000.0,2024-06-05,7000000.0,2025-06-16,10000000.0,20000000.0,https://www.transfermarkt.co.uk/sead-kolasinac/profil/spieler/94005,real_wc2026_squads_transfermarkt_openfootball,2026-06-02
Benjamin Tahirović,Bosnia and Herzegovina,4500000,transfermarkt_profile,6000000,4500000.0,2025-12-15,3000000.0,2025-06-15,4500000.0,6000000.0,https://www.transfermarkt.co.uk/benjamin-tahirovic/profil/spieler/787907,real_wc2026_squads_transfermarkt_openfootball,2026-06-02
Amar Dedić,Bosnia and Herzegovina,12000000,salimt_latest_market_value,12000000,,,12000000.0,2025-06-02,,,https://www.transfermarkt.co.uk/amar-dedic/profil/spieler/519184,real_wc2026_squads_transfermarkt_openfootball,2026-06-02
Armin Gigović,Bosnia and Herzegovina,2000000,transfermarkt_profile,2000000,2000000.0,2024-06-10,3000000.0,2025-06-04,2000000.0,2000000.0,https://www.transfermarkt.co.uk/armin-gigovic/profil/spieler/651269,real_wc2026_squads_transfermarkt_openfootball,2026-06-02
Samed Baždar,Bosnia and Herzegovina,2000000,salimt_latest_market_value,2000000,,,2000000.0,2025-06-23,,,https://www.transfermarkt.co.uk/samed-bazdar/profil/spieler/710969,real_wc2026_squads_transfermarkt_openfootball,2026-06-02
Ermedin Demirović,Bosnia and Herzegovina,22000000,transfermarkt_profile,28000000,22000000.0,2025-12-19,22000000.0,2025-06-04,22000000.0,28000000.0,https://www.transfermarkt.co.uk/ermedin-demirovic/profil/spieler/335457,real_wc2026_squads_transfermarkt_openfootball,2026-06-02
Edin Džeko,Bosnia and Herzegovina,2700000,transfermarkt_profile,32000000,2700000.0,2024-05-31,1600000.0,2025-06-17,2700000.0,32000000.0,https://www.transfermarkt.co.uk/edin-dzeko/profil/spieler/28396,real_wc2026_squads_transfermarkt_openfootball,2026-06-02
Mladen Jurkas,Bosnia and Herzegovina,0,missing,0,,,,,,,,real_wc2026_squads_transfermarkt_openfootball,2026-06-02
Ivan Bašić,Bosnia and Herzegovina,1000000,transfermarkt_profile,1000000,1000000.0,2024-06-04,1200000.0,2025-06-03,1000000.0,1000000.0,https://www.transfermarkt.co.uk/ivan-basic/profil/spieler/620560,real_wc2026_squads_transfermarkt_openfootball,2026-06-02
Ivan Šunjić,Bosnia and Herzegovina,1500000,transfermarkt_profile,6000000,1500000.0,2023-06-22,1500000.0,2025-05-28,1500000.0,6000000.0,https://www.transfermarkt.co.uk/ivan-sunjic/profil/spieler/226097,real_wc2026_squads_transfermarkt_openfootball,2026-06-02
Amar Memić,Bosnia and Herzegovina,0,missing,0,,,,,,,https://www.transfermarkt.co.uk/amar-memic/profil/spieler/638990,real_wc2026_squads_transfermarkt_openfootball,2026-06-02
Amir Hadžiahmetović,Bosnia and Herzegovina,4200000,transfermarkt_profile,8000000,4200000.0,2025-12-03,4500000.0,2025-06-17,4200000.0,8000000.0,https://www.transfermarkt.co.uk/amir-hadziahmetovic/profil/spieler/293213,real_wc2026_squads_transfermarkt_openfootball,2026-06-02
Dženis Burnić,Bosnia and Herzegovina,550000,transfermarkt_profile,1000000,550000.0,2023-06-28,1200000.0,2025-06-18,550000.0,1000000.0,https://www.transfermarkt.co.uk/dzenis-burnic/profil/spieler/251295,real_wc2026_squads_transfermarkt_openfootball,2026-06-02
Nikola Katić,Bosnia and Herzegovina,1200000,transfermarkt_profile,2250000,1200000.0,2023-10-19,1500000.0,2025-05-26,1200000.0,2250000.0,https://www.transfermarkt.co.uk/nikola-katic/profil/spieler/422051,real_wc2026_squads_transfermarkt_openfootball,2026-06-02
Kerim Alajbegović,Bosnia and Herzegovina,8000000,transfermarkt_profile,8000000,8000000.0,2025-12-22,,,8000000.0,8000000.0,https://www.transfermarkt.co.uk/kerim-alajbegovic/profil/spieler/929994,real_wc2026_squads_transfermarkt_openfootball,2026-06-02
Esmir Bajraktarević,Bosnia and Herzegovina,5000000,transfermarkt_profile,5000000,5000000.0,2025-12-02,3000000.0,2025-05-27,5000000.0,5000000.0,https://www.transfermarkt.co.uk/esmir-bajraktarevic/profil/spieler/925862,real_wc2026_squads_transfermarkt_openfootball,2026-06-02
Stjepan Radeljić,Bosnia and Herzegovina,2800000,salimt_latest_market_value,2800000,,,2800000.0,2025-06-08,,,https://www.transfermarkt.co.uk/stjepan-radeljic/profil/spieler/384568,real_wc2026_squads_transfermarkt_openfootball,2026-06-02
Martin Zlomislić,Bosnia and Herzegovina,2000000,salimt_latest_market_value,2000000,,,2000000.0,2025-06-08,,,https://www.transfermarkt.co.uk/martin-zlomislic/profil/spieler/495320,real_wc2026_squads_transfermarkt_openfootball,2026-06-02
Haris Tabaković,Bosnia and Herzegovina,3000000,transfermarkt_profile,3000000,3000000.0,2025-12-19,2500000.0,2025-06-04,3000000.0,3000000.0,https://www.transfermarkt.co.uk/haris-tabakovic/profil/spieler/203123,real_wc2026_squads_transfermarkt_openfootball,2026-06-02
Nidal Čelik,Bosnia and Herzegovina,1000000,transfermarkt_profile,1800000,1000000.0,2025-12-15,1800000.0,2025-06-02,1000000.0,1800000.0,https://www.transfermarkt.co.uk/nidal-celik/profil/spieler/819566,real_wc2026_squads_transfermarkt_openfootball,2026-06-02
Jovo Lukić,Bosnia and Herzegovina,0,missing,0,,,,,,,https://www.transfermarkt.co.uk/jovo-lukic/profil/spieler/457738,real_wc2026_squads_transfermarkt_openfootball,2026-06-02
Ermin Mahmić,Bosnia and Herzegovina,0,missing,0,,,,,,,https://www.transfermarkt.co.uk/ermin-mahmic/profil/spieler/803049,real_wc2026_squads_transfermarkt_openfootball,2026-06-02
Dayne St. Clair,Canada,2800000,salimt_latest_market_value,2800000,,,2800000.0,2025-06-04,,,https://www.transfermarkt.co.uk/dayne-st-clair/profil/spieler/439750,real_wc2026_squads_transfermarkt_openfootball,2026-06-02
Alistair Johnston,Canada,8000000,transfermarkt_profile,10000000,8000000.0,2025-12-10,10000000.0,2025-06-16,8000000.0,10000000.0,https://www.transfermarkt.co.uk/alistair-johnston/profil/spieler/637446,real_wc2026_squads_transfermarkt_openfootball,2026-06-02
Alfie Jones,Canada,2500000,transfermarkt_profile,2500000,2500000.0,2023-06-01,4000000.0,2025-05-26,2500000.0,2500000.0,https://www.transfermarkt.co.uk/alfie-jones/profil/spieler/340990,real_wc2026_squads_transfermarkt_openfootball,2026-06-02
Luc de Fougerolles,Canada,300000,transfermarkt_profile,300000,300000.0,2024-06-17,250000.0,2025-05-29,300000.0,300000.0,https://www.transfermarkt.co.uk/luc-de-fougerolles/profil/spieler/921995,real_wc2026_squads_transfermarkt_openfootball,2026-06-02
Joel Waterman,Canada,2500000,salimt_latest_market_value,2500000,,,2500000.0,2025-06-04,,,https://www.transfermarkt.co.uk/joel-waterman/profil/spieler/441738,real_wc2026_squads_transfermarkt_openfootball,2026-06-02
Mathieu Choinière,Canada,800000,salimt_latest_market_value,800000,,,800000.0,2025-06-09,,,https://www.transfermarkt.co.uk/mathieu-choiniere/profil/spieler/589006,real_wc2026_squads_transfermarkt_openfootball,2026-06-02
Stephen Eustáquio,Canada,11000000,transfermarkt_profile,15000000,11000000.0,2024-06-06,10000000.0,2025-05-29,11000000.0,15000000.0,https://www.transfermarkt.co.uk/stephen-eustaquio/profil/spieler/512913,real_wc2026_squads_transfermarkt_openfootball,2026-06-02
Ismaël Koné,Canada,14000000,transfermarkt_profile,14000000,14000000.0,2025-12-23,9000000.0,2025-06-02,14000000.0,14000000.0,https://www.transfermarkt.co.uk/ismael-kone/profil/spieler/921655,real_wc2026_squads_transfermarkt_openfootball,2026-06-02
Cyle Larin,Canada,3500000,transfermarkt_profile,11500000,3500000.0,2025-12-02,3500000.0,2025-06-08,3500000.0,11500000.0,https://www.transfermarkt.co.uk/cyle-larin/profil/spieler/343463,real_wc2026_squads_transfermarkt_openfootball,2026-06-02
Jonathan David,Canada,35000000,transfermarkt_profile,60000000,35000000.0,2025-12-23,45000000.0,2025-06-02,35000000.0,60000000.0,https://www.transfermarkt.co.uk/jonathan-david/profil/spieler/533738,real_wc2026_squads_transfermarkt_openfootball,2026-06-02
Liam Millar,Canada,1700000,transfermarkt_profile,3000000,1700000.0,2023-06-07,3000000.0,2025-05-26,1700000.0,3000000.0,https://www.transfermarkt.co.uk/liam-millar/profil/spieler/487417,real_wc2026_squads_transfermarkt_openfootball,2026-06-02
Tani Oluwaseyi,Canada,5000000,salimt_latest_market_value,5000000,,,5000000.0,2025-06-04,,,https://www.transfermarkt.co.uk/tani-oluwaseyi/profil/spieler/972465,real_wc2026_squads_transfermarkt_openfootball,2026-06-02
Derek Cornelius,Canada,4000000,transfermarkt_profile,5000000,4000000.0,2025-12-10,5000000.0,2025-06-02,4000000.0,5000000.0,https://www.transfermarkt.co.uk/derek-cornelius/profil/spieler/328609,real_wc2026_squads_transfermarkt_openfootball,2026-06-02
Jacob Shaffelburg,Canada,4000000,salimt_latest_market_value,4000000,,,4000000.0,2025-06-04,,,https://www.transfermarkt.co.uk/jacob-shaffelburg/profil/spieler/637632,real_wc2026_squads_transfermarkt_openfootball,2026-06-02
Moïse Bombito,Canada,8000000,transfermarkt_profile,10000000,8000000.0,2025-12-15,10000000.0,2025-06-02,8000000.0,10000000.0,https://www.transfermarkt.co.uk/moise-bombito/profil/spieler/1089202,real_wc2026_squads_transfermarkt_openfootball,2026-06-02
Maxime Crépeau,Canada,3000000,salimt_latest_market_value,3000000,,,3000000.0,2025-06-04,,,https://www.transfermarkt.co.uk/maxime-crepeau/profil/spieler/189014,real_wc2026_squads_transfermarkt_openfootball,2026-06-02
Tajon Buchanan,Canada,8000000,transfermarkt_profile,12000000,8000000.0,2024-06-05,6000000.0,2025-06-08,8000000.0,12000000.0,https://www.transfermarkt.co.uk/tajon-buchanan/profil/spieler/638793,real_wc2026_squads_transfermarkt_openfootball,2026-06-02
Owen Goodman,Canada,150000,transfermarkt_profile,150000,150000.0,2022-11-03,600000.0,2025-06-29,150000.0,150000.0,https://www.transfermarkt.co.uk/owen-goodman/profil/spieler/814848,real_wc2026_squads_transfermarkt_openfootball,2026-06-02
Alphonso Davies,Canada,50000000,transfermarkt_profile,80000000,50000000.0,2025-12-19,50000000.0,2025-06-04,50000000.0,80000000.0,https://www.transfermarkt.co.uk/alphonso-davies/profil/spieler/424204,real_wc2026_squads_transfermarkt_openfootball,2026-06-02
Ali Ahmed,Canada,0,missing,0,,,,,,,,real_wc2026_squads_transfermarkt_openfootball,2026-06-02
Jonathan Osorio,Canada,1500000,salimt_latest_market_value,1500000,,,1500000.0,2025-09-11,,,https://www.transfermarkt.co.uk/jonathan-osorio/profil/spieler/260807,real_wc2026_squads_transfermarkt_openfootball,2026-06-02
Richie Laryea,Canada,1000000,salimt_latest_market_value,1000000,,,1000000.0,2025-06-04,,,https://www.transfermarkt.co.uk/richie-laryea/profil/spieler/417348,real_wc2026_squads_transfermarkt_openfootball,2026-06-02
Niko Sigur,Canada,4000000,salimt_latest_market_value,4000000,,,4000000.0,2025-06-08,,,https://www.transfermarkt.co.uk/niko-sigur/profil/spieler/1045375,real_wc2026_squads_transfermarkt_openfootball,2026-06-02
Promise David,Canada,13000000,transfermarkt_profile,13000000,13000000.0,2025-12-10,,,13000000.0,13000000.0,https://www.transfermarkt.co.uk/promise-david/profil/spieler/888785,real_wc2026_squads_transfermarkt_openfootball,2026-06-02
Nathan Saliba,Canada,3500000,salimt_latest_market_value,3500000,,,3500000.0,2025-06-04,,,https://www.transfermarkt.co.uk/nathan-dylan-saliba/profil/spieler/842420,real_wc2026_squads_transfermarkt_openfootball,2026-06-02
Mahmud Abunada,Qatar,300000,salimt_latest_market_value,300000,,,300000.0,2025-05-27,,,https://www.transfermarkt.co.uk/mahmoud-abunada/profil/spieler/669629,real_wc2026_squads_transfermarkt_openfootball,2026-06-02
Pedro Miguel,Qatar,200000,salimt_latest_market_value,200000,,,200000.0,2025-05-27,,,https://www.transfermarkt.co.uk/pedro-miguel/profil/spieler/228727,real_wc2026_squads_transfermarkt_openfootball,2026-06-02
Lucas Mendes,Qatar,500000,transfermarkt_profile,4000000,500000.0,2023-11-27,400000.0,2025-05-27,500000.0,4000000.0,https://www.transfermarkt.co.uk/lucas-mendes/profil/spieler/83983,real_wc2026_squads_transfermarkt_openfootball,2026-06-02
Issa Laye,Qatar,0,missing,0,,,,,,,https://www.transfermarkt.co.uk/issa-laye/profil/spieler/1264176,real_wc2026_squads_transfermarkt_openfootball,2026-06-02
Jassem Gaber,Qatar,700000,salimt_latest_market_value,700000,,,700000.0,2025-05-27,,,https://www.transfermarkt.co.uk/jassem-gaber/profil/spieler/735813,real_wc2026_squads_transfermarkt_openfootball,2026-06-02
Abdulaziz Hatem,Qatar,0,missing,0,,,,,,,https://www.transfermarkt.co.uk/abdulaziz-hatim/profil/spieler/113915,real_wc2026_squads_transfermarkt_openfootball,2026-06-02
Ahmed Alaaeldin,Qatar,400000,salimt_latest_market_value,400000,,,400000.0,2025-05-27,,,https://www.transfermarkt.co.uk/ahmed-alaaeldin/profil/spieler/187987,real_wc2026_squads_transfermarkt_openfootball,2026-06-02
Edmilson Junior,Qatar,3000000,transfermarkt_profile,7000000,3000000.0,2023-11-27,2500000.0,2025-05-27,3000000.0,7000000.0,https://www.transfermarkt.co.uk/edmilson-junior/profil/spieler/237846,real_wc2026_squads_transfermarkt_openfootball,2026-06-02
Mohammed Muntari,Qatar,0,missing,0,,,,,,,https://www.transfermarkt.co.uk/mohammed-muntari/profil/spieler/266935,real_wc2026_squads_transfermarkt_openfootball,2026-06-02
Hassan Al-Haydos,Qatar,450000,salimt_latest_market_value,450000,,,450000.0,2025-05-27,,,https://www.transfermarkt.co.uk/hasan-al-haydos/profil/spieler/86286,real_wc2026_squads_transfermarkt_openfootball,2026-06-02
Akram Afif,Qatar,4500000,transfermarkt_profile,5500000,4500000.0,2023-11-27,8000000.0,2025-05-27,4500000.0,5500000.0,https://www.transfermarkt.co.uk/akram-afif/profil/spieler/336646,real_wc2026_squads_transfermarkt_openfootball,2026-06-02
Karim Boudiaf,Qatar,0,missing,0,,,,,,,https://www.transfermarkt.co.uk/karim-boudiaf/profil/spieler/222385,real_wc2026_squads_transfermarkt_openfootball,2026-06-02
Ayoub Al-Oui,Qatar,0,missing,0,,,,,,,https://www.transfermarkt.co.uk/ayoub-al-oui/profil/spieler/1054631,real_wc2026_squads_transfermarkt_openfootball,2026-06-02
Homam Ahmed,Qatar,0,missing,0,,,,,,,https://www.transfermarkt.co.uk/hazem-ahmed/profil/spieler/449710,real_wc2026_squads_transfermarkt_openfootball,2026-06-02
Yusuf Abdurisag,Qatar,300000,salimt_latest_market_value,300000,,,300000.0,2025-05-27,,,https://www.transfermarkt.co.uk/yusuf-abdurisag/profil/spieler/589099,real_wc2026_squads_transfermarkt_openfootball,2026-06-02
Boualem Khoukhi,Qatar,250000,salimt_latest_market_value,250000,,,250000.0,2025-05-27,,,https://www.transfermarkt.co.uk/boualem-khoukhi/profil/spieler/222669,real_wc2026_squads_transfermarkt_openfootball,2026-06-02
Ahmed Al-Ganehi,Qatar,550000,salimt_latest_market_value,550000,,,550000.0,2025-05-27,,,https://www.transfermarkt.co.uk/ahmed-al-ganehi/profil/spieler/670659,real_wc2026_squads_transfermarkt_openfootball,2026-06-02
Sultan Al-Brake,Qatar,0,missing,0,,,,,,,https://www.transfermarkt.co.uk/sultan-al-brake/profil/spieler/336665,real_wc2026_squads_transfermarkt_openfootball,2026-06-02
Almoez Ali,Qatar,0,missing,0,,,,,,,https://www.transfermarkt.co.uk/almoez-ali/profil/spieler/345095,real_wc2026_squads_transfermarkt_openfootball,2026-06-02
Ahmed Fathy,Qatar,300000,salimt_latest_market_value,300000,,,300000.0,2025-05-27,,,https://www.transfermarkt.co.uk/ahmed-fathi/profil/spieler/251183,real_wc2026_squads_transfermarkt_openfootball,2026-06-02
Salah Zakaria,Qatar,500000,salimt_latest_market_value,500000,,,500000.0,2025-05-27,,,https://www.transfermarkt.co.uk/salah-zakaria/profil/spieler/632912,real_wc2026_squads_transfermarkt_openfootball,2026-06-02
Meshaal Barsham,Qatar,850000,salimt_latest_market_value,850000,,,850000.0,2025-05-27,,,https://www.transfermarkt.co.uk/meshaal-barsham/profil/spieler/560423,real_wc2026_squads_transfermarkt_openfootball,2026-06-02
Assim Madibo,Qatar,300000,transfermarkt_profile,600000,300000.0,2023-11-27,,,300000.0,600000.0,https://www.transfermarkt.co.uk/assim-madibo/profil/spieler/336667,real_wc2026_squads_transfermarkt_openfootball,2026-06-02
Tahsin Jamshid,Qatar,0,missing,0,,,,,,,https://www.transfermarkt.co.uk/tahsin-mohammed-jamshid/profil/spieler/1143849,real_wc2026_squads_transfermarkt_openfootball,2026-06-02
Al-Hashmi Al-Hussain,Qatar,75000,salimt_latest_market_value,75000,,,75000.0,2025-05-27,,,https://www.transfermarkt.co.uk/al-hashmi-al-hussain/profil/spieler/943150,real_wc2026_squads_transfermarkt_openfootball,2026-06-02
Mohamed Manai,Qatar,0,missing,0,,,,,,,https://www.transfermarkt.co.uk/mohamed-al-mannai/profil/spieler/822935,real_wc2026_squads_transfermarkt_openfootball,2026-06-02
Gregor Kobel,Switzerland,40000000,transfermarkt_profile,40000000,40000000.0,2025-12-19,40000000.0,2025-06-04,40000000.0,40000000.0,https://www.transfermarkt.co.uk/gregor-kobel/profil/spieler/257814,real_wc2026_squads_transfermarkt_openfootball,2026-06-02
Miro Muheim,Switzerland,4000000,salimt_latest_market_value,4000000,,,4000000.0,2025-06-18,,,https://www.transfermarkt.co.uk/miro-muheim/profil/spieler/298603,real_wc2026_squads_transfermarkt_openfootball,2026-06-02
Silvan Widmer,Switzerland,800000,transfermarkt_profile,9000000,800000.0,2025-12-19,,,800000.0,9000000.0,https://www.transfermarkt.co.uk/silvan-widmer/profil/spieler/168989,real_wc2026_squads_transfermarkt_openfootball,2026-06-02
Nico Elvedi,Switzerland,8000000,transfermarkt_profile,35000000,8000000.0,2025-12-19,8000000.0,2025-06-04,8000000.0,35000000.0,https://www.transfermarkt.co.uk/nico-elvedi/profil/spieler/192635,real_wc2026_squads_transfermarkt_openfootball,2026-06-02
Manuel Akanji,Switzerland,22000000,transfermarkt_profile,45000000,22000000.0,2025-12-23,28000000.0,2025-05-29,22000000.0,45000000.0,https://www.transfermarkt.co.uk/manuel-akanji/profil/spieler/284730,real_wc2026_squads_transfermarkt_openfootball,2026-06-02
Denis Zakaria,Switzerland,25000000,transfermarkt_profile,45000000,25000000.0,2025-12-15,30000000.0,2025-06-02,25000000.0,45000000.0,https://www.transfermarkt.co.uk/denis-zakaria/profil/spieler/334526,real_wc2026_squads_transfermarkt_openfootball,2026-06-02
Breel Embolo,Switzerland,12000000,transfermarkt_profile,22000000,12000000.0,2025-12-15,12000000.0,2025-06-02,12000000.0,22000000.0,https://www.transfermarkt.co.uk/breel-embolo/profil/spieler/237662,real_wc2026_squads_transfermarkt_openfootball,2026-06-02
Remo Freuler,Switzerland,4000000,transfermarkt_profile,25000000,4000000.0,2025-12-23,5000000.0,2025-06-16,4000000.0,25000000.0,https://www.transfermarkt.co.uk/remo-freuler/profil/spieler/148252,real_wc2026_squads_transfermarkt_openfootball,2026-06-02
Johan Manzambi,Switzerland,30000000,transfermarkt_profile,30000000,30000000.0,2025-12-19,8000000.0,2025-06-04,30000000.0,30000000.0,https://www.transfermarkt.co.uk/johan-manzambi/profil/spieler/927353,real_wc2026_squads_transfermarkt_openfootball,2026-06-02
Granit Xhaka,Switzerland,10000000,transfermarkt_profile,50000000,10000000.0,2025-12-09,12000000.0,2025-06-04,10000000.0,50000000.0,https://www.transfermarkt.co.uk/granit-xhaka/profil/spieler/111455,real_wc2026_squads_transfermarkt_openfootball,2026-06-02
Dan Ndoye,Switzerland,40000000,transfermarkt_profile,40000000,40000000.0,2025-12-09,35000000.0,2025-06-16,40000000.0,40000000.0,https://www.transfermarkt.co.uk/dan-ndoye/profil/spieler/365108,real_wc2026_squads_transfermarkt_openfootball,2026-06-02
Yvon Mvogo,Switzerland,3000000,transfermarkt_profile,4500000,3000000.0,2024-06-03,3000000.0,2025-06-01,3000000.0,4500000.0,https://www.transfermarkt.co.uk/yvon-mvogo/profil/spieler/147051,real_wc2026_squads_transfermarkt_openfootball,2026-06-02
Ricardo Rodriguez,Switzerland,3500000,transfermarkt_profile,28000000,3500000.0,2024-06-05,2000000.0,2025-06-08,3500000.0,28000000.0,https://www.transfermarkt.co.uk/ricardo-rodriguez/profil/spieler/86784,real_wc2026_squads_transfermarkt_openfootball,2026-06-02
Ardon Jashari,Switzerland,32000000,transfermarkt_profile,32000000,32000000.0,2025-12-23,32000000.0,2025-06-11,32000000.0,32000000.0,https://www.transfermarkt.co.uk/ardon-jashari/profil/spieler/608172,real_wc2026_squads_transfermarkt_openfootball,2026-06-02
Djibril Sow,Switzerland,9000000,transfermarkt_profile,22000000,9000000.0,2024-06-07,7500000.0,2025-06-08,9000000.0,22000000.0,https://www.transfermarkt.co.uk/djibril-sow/profil/spieler/212723,real_wc2026_squads_transfermarkt_openfootball,2026-06-02
Christian Fassnacht,Switzerland,2000000,salimt_latest_market_value,2000000,,,2000000.0,2025-06-09,,,https://www.transfermarkt.co.uk/christian-fassnacht/profil/spieler/250490,real_wc2026_squads_transfermarkt_openfootball,2026-06-02
Rubén Vargas,Switzerland,9000000,transfermarkt_profile,13000000,9000000.0,2024-07-18,7000000.0,2025-06-08,9000000.0,13000000.0,https://www.transfermarkt.co.uk/ruben-vargas/profil/spieler/345886,real_wc2026_squads_transfermarkt_openfootball,2026-06-02
Eray Cömert,Switzerland,2000000,transfermarkt_profile,4000000,2000000.0,2025-12-12,2000000.0,2025-06-08,2000000.0,4000000.0,https://www.transfermarkt.co.uk/eray-comert/profil/spieler/298583,real_wc2026_squads_transfermarkt_openfootball,2026-06-02
Noah Okafor,Switzerland,18000000,transfermarkt_profile,25000000,18000000.0,2025-12-09,13000000.0,2025-06-16,18000000.0,25000000.0,https://www.transfermarkt.co.uk/noah-okafor/profil/spieler/346890,real_wc2026_squads_transfermarkt_openfootball,2026-06-02
Michel Aebischer,Switzerland,4500000,transfermarkt_profile,11000000,4500000.0,2025-12-23,7500000.0,2025-06-16,4500000.0,11000000.0,https://www.transfermarkt.co.uk/michel-aebischer/profil/spieler/237658,real_wc2026_squads_transfermarkt_openfootball,2026-06-02
Marvin Keller,Switzerland,9000000,salimt_latest_market_value,9000000,,,9000000.0,2025-06-09,,,https://www.transfermarkt.co.uk/marvin-keller/profil/spieler/500763,real_wc2026_squads_transfermarkt_openfootball,2026-06-02
Fabian Rieder,Switzerland,8000000,transfermarkt_profile,15000000,8000000.0,2025-12-19,6000000.0,2025-06-04,8000000.0,15000000.0,https://www.transfermarkt.co.uk/fabian-rieder/profil/spieler/507341,real_wc2026_squads_transfermarkt_openfootball,2026-06-02
Zeki Amdouni,Switzerland,9000000,transfermarkt_profile,15000000,9000000.0,2025-12-09,12000000.0,2025-05-29,9000000.0,15000000.0,https://www.transfermarkt.co.uk/zeki-amdouni/profil/spieler/548729,real_wc2026_squads_transfermarkt_openfootball,2026-06-02
Aurèle Amenda,Switzerland,6000000,transfermarkt_profile,9500000,6000000.0,2025-12-19,7500000.0,2025-06-04,6000000.0,9500000.0,https://www.transfermarkt.co.uk/aurele-amenda/profil/spieler/635645,real_wc2026_squads_transfermarkt_openfootball,2026-06-02
Luca Jaquez,Switzerland,10000000,transfermarkt_profile,10000000,10000000.0,2025-12-19,6000000.0,2025-06-04,10000000.0,10000000.0,https://www.transfermarkt.co.uk/luca-jaquez/profil/spieler/539798,real_wc2026_squads_transfermarkt_openfootball,2026-06-02
Cedric Itten,Switzerland,4500000,transfermarkt_profile,4500000,4500000.0,2023-10-19,1500000.0,2025-06-09,4500000.0,4500000.0,https://www.transfermarkt.co.uk/cedric-itten/profil/spieler/243856,real_wc2026_squads_transfermarkt_openfootball,2026-06-02
Alisson,Brazil,17000000,transfermarkt_profile,90000000,17000000.0,2025-12-09,20000000.0,2025-05-29,17000000.0,90000000.0,https://www.transfermarkt.co.uk/alisson/profil/spieler/105470,real_wc2026_squads_transfermarkt_openfootball,2026-06-02
Wesley,Brazil,9000000,salimt_latest_market_value,9000000,,,9000000.0,2025-06-05,,,https://www.transfermarkt.co.uk/wesley/profil/spieler/674732,real_wc2026_squads_transfermarkt_openfootball,2026-06-02
Gabriel Magalhães,Brazil,400000,transfermarkt_profile,400000,400000.0,2023-06-21,300000.0,2025-06-09,400000.0,400000.0,https://www.transfermarkt.co.uk/gabriel-gomes/profil/spieler/969596,real_wc2026_squads_transfermarkt_openfootball,2026-06-02
Marquinhos,Brazil,30000000,transfermarkt_profile,75000000,30000000.0,2025-12-15,35000000.0,2025-06-02,30000000.0,75000000.0,https://www.transfermarkt.co.uk/marquinhos/profil/spieler/181767,real_wc2026_squads_transfermarkt_openfootball,2026-06-02
Casemiro,Brazil,8000000,transfermarkt_profile,80000000,8000000.0,2025-12-09,10000000.0,2025-05-29,8000000.0,80000000.0,https://www.transfermarkt.co.uk/casemiro/profil/spieler/16306,real_wc2026_squads_transfermarkt_openfootball,2026-06-02
Alex Sandro,Brazil,2000000,transfermarkt_profile,50000000,2000000.0,2024-06-05,1800000.0,2025-06-05,2000000.0,50000000.0,https://www.transfermarkt.co.uk/alex-sandro/profil/spieler/79960,real_wc2026_squads_transfermarkt_openfootball,2026-06-02
Vinícius Júnior,Brazil,180000000,transfermarkt_profile,180000000,180000000.0,2024-06-07,170000000.0,2025-06-08,180000000.0,180000000.0,https://www.transfermarkt.co.uk/vinicius-junior/profil/spieler/371998,real_wc2026_squads_transfermarkt_openfootball,2026-06-02
Bruno Guimarães,Brazil,75000000,transfermarkt_profile,85000000,75000000.0,2025-12-09,80000000.0,2025-05-29,75000000.0,85000000.0,https://www.transfermarkt.co.uk/bruno-guimaraes/profil/spieler/520624,real_wc2026_squads_transfermarkt_openfootball,2026-06-02
Matheus Cunha,Brazil,45000000,transfermarkt_profile,45000000,45000000.0,2024-05-27,60000000.0,2025-05-29,45000000.0,45000000.0,https://www.transfermarkt.co.uk/matheus-cunha/profil/spieler/517894,real_wc2026_squads_transfermarkt_openfootball,2026-06-02
Neymar,Brazil,50000000,transfermarkt_profile,180000000,50000000.0,2023-10-24,11000000.0,2025-09-04,50000000.0,180000000.0,https://www.transfermarkt.co.uk/neymar/profil/spieler/68290,real_wc2026_squads_transfermarkt_openfootball,2026-06-02
Raphinha,Brazil,50000000,transfermarkt_profile,60000000,50000000.0,2024-06-07,90000000.0,2025-06-08,50000000.0,60000000.0,https://www.transfermarkt.co.uk/raphinha/profil/spieler/411295,real_wc2026_squads_transfermarkt_openfootball,2026-06-02
Weverton,Brazil,1000000,salimt_latest_market_value,1000000,,,1000000.0,2025-09-04,,,https://www.transfermarkt.co.uk/weverton/profil/spieler/69400,real_wc2026_squads_transfermarkt_openfootball,2026-06-02
Danilo Luiz,Brazil,400000,transfermarkt_profile,10000000,400000.0,2023-07-25,0.0,2025-06-30,400000.0,10000000.0,https://www.transfermarkt.co.uk/luiz-adriano/profil/spieler/48974,real_wc2026_squads_transfermarkt_openfootball,2026-06-02
Bremer,Brazil,35000000,transfermarkt_profile,60000000,35000000.0,2025-12-23,50000000.0,2025-06-16,35000000.0,60000000.0,https://www.transfermarkt.co.uk/bremer/profil/spieler/516716,real_wc2026_squads_transfermarkt_openfootball,2026-06-02
Léo Pereira,Brazil,1200000,transfermarkt_profile,1500000,1200000.0,2023-11-27,1200000.0,2025-06-05,1200000.0,1500000.0,https://www.transfermarkt.co.uk/leo-pereira/profil/spieler/726472,real_wc2026_squads_transfermarkt_openfootball,2026-06-02
Douglas Santos,Brazil,8000000,transfermarkt_profile,18000000,8000000.0,2025-12-16,9000000.0,2025-06-03,8000000.0,18000000.0,https://www.transfermarkt.co.uk/douglas-santos/profil/spieler/220793,real_wc2026_squads_transfermarkt_openfootball,2026-06-02
Fabinho,Brazil,38000000,transfermarkt_profile,70000000,38000000.0,2023-10-24,15000000.0,2025-05-26,38000000.0,70000000.0,https://www.transfermarkt.co.uk/fabinho/profil/spieler/225693,real_wc2026_squads_transfermarkt_openfootball,2026-06-02
Danilo Santos,Brazil,200000,transfermarkt_profile,350000,200000.0,2023-06-28,,,200000.0,350000.0,https://www.transfermarkt.co.uk/adilio-santos/profil/spieler/455945,real_wc2026_squads_transfermarkt_openfootball,2026-06-02
Endrick,Brazil,35000000,salimt_latest_market_value,35000000,,,35000000.0,2025-06-08,,,https://www.transfermarkt.co.uk/endrick/profil/spieler/971570,real_wc2026_squads_transfermarkt_openfootball,2026-06-02
Lucas Paquetá,Brazil,35000000,transfermarkt_profile,65000000,35000000.0,2025-12-09,28000000.0,2025-05-29,35000000.0,65000000.0,https://www.transfermarkt.co.uk/lucas-paqueta/profil/spieler/444523,real_wc2026_squads_transfermarkt_openfootball,2026-06-02
Luiz Henrique,Brazil,24000000,transfermarkt_profile,25000000,24000000.0,2025-12-16,25000000.0,2025-06-03,24000000.0,25000000.0,https://www.transfermarkt.co.uk/luiz-henrique/profil/spieler/800175,real_wc2026_squads_transfermarkt_openfootball,2026-06-02
Gabriel Martinelli,Brazil,45000000,transfermarkt_profile,85000000,45000000.0,2025-12-09,55000000.0,2025-05-29,45000000.0,85000000.0,https://www.transfermarkt.co.uk/gabriel-martinelli/profil/spieler/655488,real_wc2026_squads_transfermarkt_openfootball,2026-06-02
Ederson,Brazil,40000000,transfermarkt_profile,50000000,40000000.0,2025-12-23,50000000.0,2025-06-16,40000000.0,50000000.0,https://www.transfermarkt.co.uk/ederson/profil/spieler/607854,real_wc2026_squads_transfermarkt_openfootball,2026-06-02
Roger Ibañez,Brazil,28000000,transfermarkt_profile,30000000,28000000.0,2023-10-24,17000000.0,2025-05-26,28000000.0,30000000.0,https://www.transfermarkt.co.uk/roger-ibanez/profil/spieler/524481,real_wc2026_squads_transfermarkt_openfootball,2026-06-02
Igor Thiago,Brazil,25000000,transfermarkt_profile,25000000,25000000.0,2024-06-04,18000000.0,2025-05-29,25000000.0,25000000.0,https://www.transfermarkt.co.uk/igor-thiago/profil/spieler/739443,real_wc2026_squads_transfermarkt_openfootball,2026-06-02
Rayan,Brazil,18000000,salimt_latest_market_value,18000000,,,18000000.0,2025-09-04,,,https://www.transfermarkt.co.uk/rayan/profil/spieler/1012564,real_wc2026_squads_transfermarkt_openfootball,2026-06-02
Johny Placide,Haiti,250000,transfermarkt_profile,1800000,250000.0,2023-06-16,200000.0,2025-06-01,250000.0,1800000.0,https://www.transfermarkt.co.uk/johny-placide/profil/spieler/51035,real_wc2026_squads_transfermarkt_openfootball,2026-06-02
Carlens Arcus,Haiti,700000,transfermarkt_profile,1800000,700000.0,2024-05-31,1800000.0,2025-06-02,700000.0,1800000.0,https://www.transfermarkt.co.uk/carlens-arcus/profil/spieler/371686,real_wc2026_squads_transfermarkt_openfootball,2026-06-02
Keeto Thermoncy,Haiti,0,missing,0,,,,,,,,real_wc2026_squads_transfermarkt_openfootball,2026-06-02
Ricardo Adé,Haiti,0,missing,0,,,,,,,,real_wc2026_squads_transfermarkt_openfootball,2026-06-02
Hannes Delcroix,Haiti,4000000,transfermarkt_profile,4000000,4000000.0,2024-05-27,3500000.0,2025-05-26,4000000.0,4000000.0,https://www.transfermarkt.co.uk/hannes-delcroix/profil/spieler/338635,real_wc2026_squads_transfermarkt_openfootball,2026-06-02
Carl Sainté,Haiti,0,missing,0,,,,,,,,real_wc2026_squads_transfermarkt_openfootball,2026-06-02
Derrick Etienne Jr.,Haiti,1000000,salimt_latest_market_value,1000000,,,1000000.0,2025-06-04,,,https://www.transfermarkt.co.uk/derrick-etienne-jr-/profil/spieler/354763,real_wc2026_squads_transfermarkt_openfootball,2026-06-02
Martin Expérience,Haiti,0,missing,0,,,,,,,,real_wc2026_squads_transfermarkt_openfootball,2026-06-02
Duckens Nazon,Haiti,1600000,transfermarkt_profile,1600000,1600000.0,2024-05-31,1200000.0,2025-06-17,1600000.0,1600000.0,https://www.transfermarkt.co.uk/duckens-nazon/profil/spieler/345763,real_wc2026_squads_transfermarkt_openfootball,2026-06-02
Jean-Ricner Bellegarde,Haiti,15000000,transfermarkt_profile,15000000,15000000.0,2024-05-27,18000000.0,2025-05-29,15000000.0,15000000.0,https://www.transfermarkt.co.uk/jean-ricner-bellegarde/profil/spieler/450050,real_wc2026_squads_transfermarkt_openfootball,2026-06-02
Louicius Deedson,Haiti,1200000,transfermarkt_profile,1200000,1200000.0,2024-06-10,,,1200000.0,1200000.0,https://www.transfermarkt.co.uk/louicius-deedson/profil/spieler/646108,real_wc2026_squads_transfermarkt_openfootball,2026-06-02
Alexandre Pierre,Haiti,100000,transfermarkt_profile,150000,100000.0,2024-06-03,25000.0,2025-05-25,100000.0,150000.0,https://www.transfermarkt.co.uk/alexandre-pierre/profil/spieler/838947,real_wc2026_squads_transfermarkt_openfootball,2026-06-02
Duke Lacroix,Haiti,0,missing,0,,,,,,,,real_wc2026_squads_transfermarkt_openfootball,2026-06-02
Leverton Pierre,Haiti,0,missing,0,,,,,,,,real_wc2026_squads_transfermarkt_openfootball,2026-06-02
Ruben Providence,Haiti,300000,transfermarkt_profile,600000,300000.0,2025-12-16,350000.0,2025-05-27,300000.0,600000.0,https://www.transfermarkt.co.uk/ruben-providence/profil/spieler/536520,real_wc2026_squads_transfermarkt_openfootball,2026-06-02
Lenny Joseph,Haiti,500000,transfermarkt_profile,500000,500000.0,2023-10-27,1000000.0,2025-05-27,500000.0,500000.0,https://www.transfermarkt.co.uk/lenny-joseph/profil/spieler/815359,real_wc2026_squads_transfermarkt_openfootball,2026-06-02
Danley Jean Jacques,Haiti,2000000,transfermarkt_profile,2000000,2000000.0,2024-06-03,2000000.0,2025-06-04,2000000.0,2000000.0,https://www.transfermarkt.co.uk/danley-jean-jacques/profil/spieler/628834,real_wc2026_squads_transfermarkt_openfootball,2026-06-02
Wilson Isidor,Haiti,18000000,transfermarkt_profile,18000000,18000000.0,2025-12-09,12000000.0,2025-05-26,18000000.0,18000000.0,https://www.transfermarkt.co.uk/wilson-isidor/profil/spieler/494237,real_wc2026_squads_transfermarkt_openfootball,2026-06-02
Yassin Fortuné,Haiti,400000,transfermarkt_profile,500000,400000.0,2024-06-06,250000.0,2025-05-25,400000.0,500000.0,https://www.transfermarkt.co.uk/yassin-fortune/profil/spieler/342878,real_wc2026_squads_transfermarkt_openfootball,2026-06-02
Frantzdy Pierrot,Haiti,3000000,transfermarkt_profile,3500000,3000000.0,2025-12-12,3200000.0,2025-05-22,3000000.0,3500000.0,https://www.transfermarkt.co.uk/frantzdy-pierrot/profil/spieler/492955,real_wc2026_squads_transfermarkt_openfootball,2026-06-02
Josué Casimir,Haiti,3500000,transfermarkt_profile,4000000,3500000.0,2025-12-15,4000000.0,2025-06-02,3500000.0,4000000.0,https://www.transfermarkt.co.uk/josue-casimir/profil/spieler/763182,real_wc2026_squads_transfermarkt_openfootball,2026-06-02
Jean-Kévin Duverne,Haiti,3500000,transfermarkt_profile,4000000,3500000.0,2024-06-03,2500000.0,2025-06-11,3500000.0,4000000.0,https://www.transfermarkt.co.uk/jean-kevin-duverne/profil/spieler/344864,real_wc2026_squads_transfermarkt_openfootball,2026-06-02
Josué Duverger,Haiti,0,missing,0,,,,,,,,real_wc2026_squads_transfermarkt_openfootball,2026-06-02
Wilguens Paugain,Haiti,200000,salimt_latest_market_value,200000,,,200000.0,2025-04-23,,,https://www.transfermarkt.co.uk/wilguens-paugain/profil/spieler/609691,real_wc2026_squads_transfermarkt_openfootball,2026-06-02
Dominique Simon,Haiti,0,missing,0,,,,,,,https://www.transfermarkt.co.uk/dominique-simon/profil/spieler/988188,real_wc2026_squads_transfermarkt_openfootball,2026-06-02
Woodensky Pierre,Haiti,0,missing,0,,,,,,,,real_wc2026_squads_transfermarkt_openfootball,2026-06-02
Yassine Bounou,Morocco,9000000,transfermarkt_profile,18000000,9000000.0,2024-06-04,5500000.0,2025-05-26,9000000.0,18000000.0,https://www.transfermarkt.co.uk/yassine-bounou/profil/spieler/207834,real_wc2026_squads_transfermarkt_openfootball,2026-06-02
Achraf Hakimi,Morocco,80000000,transfermarkt_profile,80000000,80000000.0,2025-12-15,80000000.0,2025-06-02,80000000.0,80000000.0,https://www.transfermarkt.co.uk/achraf-hakimi/profil/spieler/398073,real_wc2026_squads_transfermarkt_openfootball,2026-06-02
Noussair Mazraoui,Morocco,22000000,transfermarkt_profile,32000000,22000000.0,2025-12-09,25000000.0,2025-05-29,22000000.0,32000000.0,https://www.transfermarkt.co.uk/noussair-mazraoui/profil/spieler/340456,real_wc2026_squads_transfermarkt_openfootball,2026-06-02
Sofyan Amrabat,Morocco,22000000,transfermarkt_profile,30000000,22000000.0,2024-05-27,17000000.0,2025-06-17,22000000.0,30000000.0,https://www.transfermarkt.co.uk/sofyan-amrabat/profil/spieler/287579,real_wc2026_squads_transfermarkt_openfootball,2026-06-02
Nayef Aguerd,Morocco,22000000,transfermarkt_profile,38000000,22000000.0,2025-12-15,18000000.0,2025-06-08,22000000.0,38000000.0,https://www.transfermarkt.co.uk/nayef-aguerd/profil/spieler/361914,real_wc2026_squads_transfermarkt_openfootball,2026-06-02
Ayyoub Bouaddi,Morocco,40000000,transfermarkt_profile,40000000,40000000.0,2025-12-15,,,40000000.0,40000000.0,https://www.transfermarkt.co.uk/ayyoub-bouaddi/profil/spieler/1097139,real_wc2026_squads_transfermarkt_openfootball,2026-06-02
Chemsdine Talbi,Morocco,22000000,transfermarkt_profile,22000000,22000000.0,2025-12-09,8000000.0,2025-06-11,22000000.0,22000000.0,https://www.transfermarkt.co.uk/chemsdine-talbi/profil/spieler/743384,real_wc2026_squads_transfermarkt_openfootball,2026-06-02
Azzedine Ounahi,Morocco,10000000,transfermarkt_profile,15000000,10000000.0,2025-12-12,10000000.0,2025-05-22,10000000.0,15000000.0,https://www.transfermarkt.co.uk/azzedine-ounahi/profil/spieler/593482,real_wc2026_squads_transfermarkt_openfootball,2026-06-02
Soufiane Rahimi,Morocco,0,missing,0,,,,,,,https://www.transfermarkt.co.uk/soufiane-rahimi/profil/spieler/598506,real_wc2026_squads_transfermarkt_openfootball,2026-06-02
Brahim Díaz,Morocco,40000000,transfermarkt_profile,40000000,40000000.0,2024-06-07,40000000.0,2025-06-08,40000000.0,40000000.0,https://www.transfermarkt.co.uk/brahim-diaz/profil/spieler/314678,real_wc2026_squads_transfermarkt_openfootball,2026-06-02
Ismael Saibari,Morocco,32000000,transfermarkt_profile,32000000,32000000.0,2025-12-02,27000000.0,2025-05-27,32000000.0,32000000.0,https://www.transfermarkt.co.uk/ismael-saibari/profil/spieler/702869,real_wc2026_squads_transfermarkt_openfootball,2026-06-02
Munir Mohamedi,Morocco,0,missing,0,,,,,,,https://www.transfermarkt.co.uk/mohamed-moufid/profil/spieler/800363,real_wc2026_squads_transfermarkt_openfootball,2026-06-02
Zakaria El Ouahdi,Morocco,4500000,transfermarkt_profile,4500000,4500000.0,2024-06-04,12000000.0,2025-06-11,4500000.0,4500000.0,https://www.transfermarkt.co.uk/zakaria-el-ouahdi/profil/spieler/820474,real_wc2026_squads_transfermarkt_openfootball,2026-06-02
Issa Diop,Morocco,10000000,transfermarkt_profile,35000000,10000000.0,2025-12-09,14000000.0,2025-05-29,10000000.0,35000000.0,https://www.transfermarkt.co.uk/issa-diop/profil/spieler/272622,real_wc2026_squads_transfermarkt_openfootball,2026-06-02
Samir El Mourabet,Morocco,8000000,transfermarkt_profile,8000000,8000000.0,2025-12-15,50000.0,2025-06-02,8000000.0,8000000.0,https://www.transfermarkt.co.uk/samir-el-mourabet/profil/spieler/1130514,real_wc2026_squads_transfermarkt_openfootball,2026-06-02
Gessime Yassine,Morocco,2000000,salimt_latest_market_value,2000000,,,2000000.0,2025-06-01,,,https://www.transfermarkt.co.uk/gessime-yassine/profil/spieler/1151929,real_wc2026_squads_transfermarkt_openfootball,2026-06-02
Abde Ezzalzouli,Morocco,20000000,transfermarkt_profile,20000000,20000000.0,2025-12-12,12000000.0,2025-06-08,20000000.0,20000000.0,https://www.transfermarkt.co.uk/abde-ezzalzouli/profil/spieler/724520,real_wc2026_squads_transfermarkt_openfootball,2026-06-02
Chadi Riad,Morocco,12000000,transfermarkt_profile,15000000,12000000.0,2025-12-09,15000000.0,2025-05-29,12000000.0,15000000.0,https://www.transfermarkt.co.uk/chadi-riad/profil/spieler/689637,real_wc2026_squads_transfermarkt_openfootball,2026-06-02
Youssef Belammari,Morocco,0,missing,0,,,,,,,https://www.transfermarkt.co.uk/youssef-belammari/profil/spieler/518804,real_wc2026_squads_transfermarkt_openfootball,2026-06-02
Ayoub El Kaabi,Morocco,5000000,transfermarkt_profile,5000000,5000000.0,2025-12-12,,,5000000.0,5000000.0,https://www.transfermarkt.co.uk/ayoub-el-kaabi/profil/spieler/521127,real_wc2026_squads_transfermarkt_openfootball,2026-06-02
Ayoube Amaimouni,Morocco,1500000,transfermarkt_profile,2500000,1500000.0,2024-06-11,900000.0,2025-06-01,1500000.0,2500000.0,https://www.transfermarkt.co.uk/ayoub-amraoui/profil/spieler/860051,real_wc2026_squads_transfermarkt_openfootball,2026-06-02
Ahmed Reda Tagnaouti,Morocco,0,missing,0,,,,,,,,real_wc2026_squads_transfermarkt_openfootball,2026-06-02
Bilal El Khannouss,Morocco,30000000,transfermarkt_profile,30000000,30000000.0,2024-06-04,28000000.0,2025-05-29,30000000.0,30000000.0,https://www.transfermarkt.co.uk/bilal-el-khannouss/profil/spieler/654982,real_wc2026_squads_transfermarkt_openfootball,2026-06-02
Neil El Aynaoui,Morocco,8000000,transfermarkt_profile,8000000,8000000.0,2024-06-03,15000000.0,2025-06-02,8000000.0,8000000.0,https://www.transfermarkt.co.uk/neil-el-aynaoui/profil/spieler/901019,real_wc2026_squads_transfermarkt_openfootball,2026-06-02
Redouane Halhal,Morocco,100000,transfermarkt_profile,100000,100000.0,2023-06-27,350000.0,2025-06-08,100000.0,100000.0,https://www.transfermarkt.co.uk/redouane-halhal/profil/spieler/913660,real_wc2026_squads_transfermarkt_openfootball,2026-06-02
Anass Salah-Eddine,Morocco,12000000,transfermarkt_profile,12000000,12000000.0,2025-12-02,,,12000000.0,12000000.0,https://www.transfermarkt.co.uk/anass-salah-eddine/profil/spieler/485584,real_wc2026_squads_transfermarkt_openfootball,2026-06-02
Angus Gunn,Scotland,2500000,transfermarkt_profile,10000000,2500000.0,2023-06-01,2200000.0,2025-05-26,2500000.0,10000000.0,https://www.transfermarkt.co.uk/angus-gunn/profil/spieler/201574,real_wc2026_squads_transfermarkt_openfootball,2026-06-02
Aaron Hickey,Scotland,28000000,transfermarkt_profile,30000000,28000000.0,2024-05-27,10000000.0,2025-05-29,28000000.0,30000000.0,https://www.transfermarkt.co.uk/aaron-hickey/profil/spieler/591949,real_wc2026_squads_transfermarkt_openfootball,2026-06-02
Andy Robertson,Scotland,30000000,transfermarkt_profile,80000000,30000000.0,2024-05-27,18000000.0,2025-05-29,30000000.0,80000000.0,https://www.transfermarkt.co.uk/andrew-robertson/profil/spieler/234803,real_wc2026_squads_transfermarkt_openfootball,2026-06-02
Scott McTominay,Scotland,45000000,transfermarkt_profile,50000000,45000000.0,2025-12-23,50000000.0,2025-06-16,45000000.0,50000000.0,https://www.transfermarkt.co.uk/scott-mctominay/profil/spieler/315969,real_wc2026_squads_transfermarkt_openfootball,2026-06-02
Grant Hanley,Scotland,1500000,transfermarkt_profile,4500000,1500000.0,2023-10-27,600000.0,2025-06-17,1500000.0,4500000.0,https://www.transfermarkt.co.uk/grant-hanley/profil/spieler/121385,real_wc2026_squads_transfermarkt_openfootball,2026-06-02
Kieran Tierney,Scotland,8000000,transfermarkt_profile,32000000,8000000.0,2025-12-10,9000000.0,2025-05-29,8000000.0,32000000.0,https://www.transfermarkt.co.uk/kieran-tierney/profil/spieler/300716,real_wc2026_squads_transfermarkt_openfootball,2026-06-02
John McGinn,Scotland,15000000,transfermarkt_profile,32000000,15000000.0,2025-12-09,16000000.0,2025-05-29,15000000.0,32000000.0,https://www.transfermarkt.co.uk/john-mcginn/profil/spieler/193116,real_wc2026_squads_transfermarkt_openfootball,2026-06-02
Tyler Fletcher,Scotland,200000,transfermarkt_profile,15000000,200000.0,2023-06-26,50000.0,2025-06-17,200000.0,15000000.0,https://www.transfermarkt.co.uk/steven-fletcher/profil/spieler/35099,real_wc2026_squads_transfermarkt_openfootball,2026-06-02
Lyndon Dykes,Scotland,2500000,transfermarkt_profile,4000000,2500000.0,2023-10-27,1200000.0,2025-06-17,2500000.0,4000000.0,https://www.transfermarkt.co.uk/lyndon-dykes/profil/spieler/347138,real_wc2026_squads_transfermarkt_openfootball,2026-06-02
Ché Adams,Scotland,18000000,transfermarkt_profile,22000000,18000000.0,2023-10-27,15000000.0,2025-06-16,18000000.0,22000000.0,https://www.transfermarkt.co.uk/che-adams/profil/spieler/346779,real_wc2026_squads_transfermarkt_openfootball,2026-06-02
Ryan Christie,Scotland,9000000,transfermarkt_profile,12000000,9000000.0,2025-12-09,10000000.0,2025-05-29,9000000.0,12000000.0,https://www.transfermarkt.co.uk/ryan-christie/profil/spieler/188077,real_wc2026_squads_transfermarkt_openfootball,2026-06-02
Liam Kelly,Scotland,800000,transfermarkt_profile,800000,800000.0,2025-12-10,800000.0,2025-06-16,800000.0,800000.0,https://www.transfermarkt.co.uk/liam-kelly/profil/spieler/208772,real_wc2026_squads_transfermarkt_openfootball,2026-06-02
Jack Hendry,Scotland,3000000,transfermarkt_profile,6000000,3000000.0,2023-06-09,2500000.0,2025-05-26,3000000.0,6000000.0,https://www.transfermarkt.co.uk/jack-hendry/profil/spieler/363223,real_wc2026_squads_transfermarkt_openfootball,2026-06-02
Ross Stewart,Scotland,2800000,transfermarkt_profile,4500000,2800000.0,2025-12-03,4000000.0,2025-05-29,2800000.0,4500000.0,https://www.transfermarkt.co.uk/ross-stewart/profil/spieler/447995,real_wc2026_squads_transfermarkt_openfootball,2026-06-02
John Souttar,Scotland,3500000,transfermarkt_profile,4500000,3500000.0,2025-12-10,4000000.0,2025-06-16,3500000.0,4500000.0,https://www.transfermarkt.co.uk/john-souttar/profil/spieler/235767,real_wc2026_squads_transfermarkt_openfootball,2026-06-02
Dominic Hyam,Scotland,0,missing,0,,,,,,,,real_wc2026_squads_transfermarkt_openfootball,2026-06-02
Ben Gannon-Doak,Scotland,10000000,transfermarkt_profile,10000000,10000000.0,2024-05-27,14000000.0,2025-05-26,10000000.0,10000000.0,https://www.transfermarkt.co.uk/ben-gannon-doak/profil/spieler/719673,real_wc2026_squads_transfermarkt_openfootball,2026-06-02
George Hirst,Scotland,8000000,transfermarkt_profile,8000000,8000000.0,2025-12-03,4000000.0,2025-05-29,8000000.0,8000000.0,https://www.transfermarkt.co.uk/george-hirst/profil/spieler/420808,real_wc2026_squads_transfermarkt_openfootball,2026-06-02
Lewis Ferguson,Scotland,20000000,transfermarkt_profile,28000000,20000000.0,2025-12-23,28000000.0,2025-06-16,20000000.0,28000000.0,https://www.transfermarkt.co.uk/lewis-ferguson/profil/spieler/428563,real_wc2026_squads_transfermarkt_openfootball,2026-06-02
Lawrence Shankland,Scotland,2500000,transfermarkt_profile,4000000,2500000.0,2025-12-10,2500000.0,2025-06-16,2500000.0,4000000.0,https://www.transfermarkt.co.uk/lawrence-shankland/profil/spieler/225744,real_wc2026_squads_transfermarkt_openfootball,2026-06-02
Craig Gordon,Scotland,50000,transfermarkt_profile,10000000,50000.0,2025-12-10,50000.0,2025-06-16,50000.0,10000000.0,https://www.transfermarkt.co.uk/craig-gordon/profil/spieler/12589,real_wc2026_squads_transfermarkt_openfootball,2026-06-02
Nathan Patterson,Scotland,10000000,transfermarkt_profile,16000000,10000000.0,2025-12-09,15000000.0,2025-05-29,10000000.0,16000000.0,https://www.transfermarkt.co.uk/nathan-patterson/profil/spieler/424015,real_wc2026_squads_transfermarkt_openfootball,2026-06-02
Kenny McLean,Scotland,1200000,transfermarkt_profile,4500000,1200000.0,2023-06-01,600000.0,2025-05-26,1200000.0,4500000.0,https://www.transfermarkt.co.uk/kenny-mclean/profil/spieler/126600,real_wc2026_squads_transfermarkt_openfootball,2026-06-02
Anthony Ralston,Scotland,1500000,transfermarkt_profile,2000000,1500000.0,2025-12-10,1500000.0,2025-06-16,1500000.0,2000000.0,https://www.transfermarkt.co.uk/anthony-ralston/profil/spieler/388171,real_wc2026_squads_transfermarkt_openfootball,2026-06-02
Findlay Curtis,Scotland,750000,transfermarkt_profile,750000,750000.0,2025-12-10,100000.0,2025-06-16,750000.0,750000.0,https://www.transfermarkt.co.uk/findlay-curtis/profil/spieler/1082993,real_wc2026_squads_transfermarkt_openfootball,2026-06-02
Scott McKenna,Scotland,9000000,transfermarkt_profile,10000000,9000000.0,2024-06-10,4000000.0,2025-06-08,9000000.0,10000000.0,https://www.transfermarkt.co.uk/scott-mckenna/profil/spieler/255906,real_wc2026_squads_transfermarkt_openfootball,2026-06-02
Mathew Ryan,Australia,2000000,transfermarkt_profile,10000000,2000000.0,2025-12-12,2500000.0,2025-06-02,2000000.0,10000000.0,https://www.transfermarkt.co.uk/mathew-ryan/profil/spieler/128969,real_wc2026_squads_transfermarkt_openfootball,2026-06-02
Miloš Degenek,Australia,500000,salimt_latest_market_value,500000,,,500000.0,2025-06-11,,,https://www.transfermarkt.co.uk/milos-degenek/profil/spieler/187353,real_wc2026_squads_transfermarkt_openfootball,2026-06-02
Alessandro Circati,Australia,8000000,salimt_latest_market_value,8000000,,,8000000.0,2025-06-16,,,https://www.transfermarkt.co.uk/alessandro-circati/profil/spieler/867137,real_wc2026_squads_transfermarkt_openfootball,2026-06-02
Jacob Italiano,Australia,0,missing,0,,,,,,,https://www.transfermarkt.co.uk/jacob-italiano/profil/spieler/545810,real_wc2026_squads_transfermarkt_openfootball,2026-06-02
Jordan Bos,Australia,5000000,transfermarkt_profile,5000000,5000000.0,2025-12-02,2700000.0,2025-06-11,5000000.0,5000000.0,https://www.transfermarkt.co.uk/jordan-bos/profil/spieler/855731,real_wc2026_squads_transfermarkt_openfootball,2026-06-02
Jason Geria,Australia,450000,salimt_latest_market_value,450000,,,450000.0,2025-05-28,,,https://www.transfermarkt.co.uk/jason-geria/profil/spieler/185175,real_wc2026_squads_transfermarkt_openfootball,2026-06-02
Mathew Leckie,Australia,700000,transfermarkt_profile,4000000,700000.0,2023-04-05,400000.0,2025-06-02,700000.0,4000000.0,https://www.transfermarkt.co.uk/mathew-leckie/profil/spieler/126214,real_wc2026_squads_transfermarkt_openfootball,2026-06-02
Connor Metcalfe,Australia,2500000,salimt_latest_market_value,2500000,,,2500000.0,2025-06-04,,,https://www.transfermarkt.co.uk/connor-metcalfe/profil/spieler/522223,real_wc2026_squads_transfermarkt_openfootball,2026-06-02
Mohamed Touré,Australia,1700000,transfermarkt_profile,1700000,1700000.0,2025-12-15,900000.0,2025-06-15,1700000.0,1700000.0,https://www.transfermarkt.co.uk/mohamed-toure/profil/spieler/742770,real_wc2026_squads_transfermarkt_openfootball,2026-06-02
Ajdin Hrustic,Australia,600000,transfermarkt_profile,3000000,600000.0,2024-05-31,400000.0,2025-06-01,600000.0,3000000.0,https://www.transfermarkt.co.uk/ajdin-hrustic/profil/spieler/265625,real_wc2026_squads_transfermarkt_openfootball,2026-06-02
Awer Mabil,Australia,1300000,transfermarkt_profile,3000000,1300000.0,2023-10-19,300000.0,2025-06-23,1300000.0,3000000.0,https://www.transfermarkt.co.uk/awer-mabil/profil/spieler/255729,real_wc2026_squads_transfermarkt_openfootball,2026-06-02
Paul Izzo,Australia,600000,transfermarkt_profile,600000,600000.0,2025-12-15,600000.0,2025-06-15,600000.0,600000.0,https://www.transfermarkt.co.uk/paul-izzo/profil/spieler/181921,real_wc2026_squads_transfermarkt_openfootball,2026-06-02
Aiden O'Neill,Australia,1500000,transfermarkt_profile,1500000,1500000.0,2024-06-04,3000000.0,2025-06-04,1500000.0,1500000.0,https://www.transfermarkt.co.uk/aiden-oneill/profil/spieler/385918,real_wc2026_squads_transfermarkt_openfootball,2026-06-02
Cammy Devlin,Australia,1200000,transfermarkt_profile,1200000,1200000.0,2025-12-10,1000000.0,2025-06-16,1200000.0,1200000.0,https://www.transfermarkt.co.uk/cammy-devlin/profil/spieler/399162,real_wc2026_squads_transfermarkt_openfootball,2026-06-02
Kai Trewin,Australia,750000,salimt_latest_market_value,750000,,,750000.0,2025-06-02,,,https://www.transfermarkt.co.uk/kai-trewin/profil/spieler/691326,real_wc2026_squads_transfermarkt_openfootball,2026-06-02
Aziz Behich,Australia,550000,transfermarkt_profile,3800000,550000.0,2023-06-26,300000.0,2025-06-02,550000.0,3800000.0,https://www.transfermarkt.co.uk/aziz-behich/profil/spieler/136834,real_wc2026_squads_transfermarkt_openfootball,2026-06-02
Nestory Irankunda,Australia,6000000,transfermarkt_profile,6000000,6000000.0,2025-12-03,4000000.0,2025-06-09,6000000.0,6000000.0,https://www.transfermarkt.co.uk/nestory-irankunda/profil/spieler/956920,real_wc2026_squads_transfermarkt_openfootball,2026-06-02
Patrick Beach,Australia,500000,salimt_latest_market_value,500000,,,500000.0,2025-06-02,,,https://www.transfermarkt.co.uk/patrick-beach/profil/spieler/983578,real_wc2026_squads_transfermarkt_openfootball,2026-06-02
Harry Souttar,Australia,6000000,transfermarkt_profile,15000000,6000000.0,2025-12-03,6000000.0,2025-05-29,6000000.0,15000000.0,https://www.transfermarkt.co.uk/harry-souttar/profil/spieler/298091,real_wc2026_squads_transfermarkt_openfootball,2026-06-02
Cristian Volpato,Australia,4500000,transfermarkt_profile,5000000,4500000.0,2024-06-05,6500000.0,2025-06-01,4500000.0,5000000.0,https://www.transfermarkt.co.uk/cristian-volpato/profil/spieler/746891,real_wc2026_squads_transfermarkt_openfootball,2026-06-02
Cameron Burgess,Australia,500000,transfermarkt_profile,500000,500000.0,2023-06-09,2000000.0,2025-05-29,500000.0,500000.0,https://www.transfermarkt.co.uk/cameron-burgess/profil/spieler/255788,real_wc2026_squads_transfermarkt_openfootball,2026-06-02
Jackson Irvine,Australia,1500000,transfermarkt_profile,3500000,1500000.0,2023-06-28,2000000.0,2025-06-04,1500000.0,3500000.0,https://www.transfermarkt.co.uk/jackson-irvine/profil/spieler/192557,real_wc2026_squads_transfermarkt_openfootball,2026-06-02
Nishan Velupillay,Australia,500000,salimt_latest_market_value,500000,,,500000.0,2025-06-02,,,https://www.transfermarkt.co.uk/nishan-velupillay/profil/spieler/888140,real_wc2026_squads_transfermarkt_openfootball,2026-06-02
Paul Okon-Engstler,Australia,200000,salimt_latest_market_value,200000,,,200000.0,2025-06-22,,,https://www.transfermarkt.co.uk/paul-okon-engstler/profil/spieler/1064377,real_wc2026_squads_transfermarkt_openfootball,2026-06-02
Lucas Herrington,Australia,0,missing,0,,,,,,,https://www.transfermarkt.co.uk/lucas-herrington/profil/spieler/1279984,real_wc2026_squads_transfermarkt_openfootball,2026-06-02
Tete Yengi,Australia,400000,transfermarkt_profile,400000,400000.0,2024-05-30,150000.0,2025-06-16,400000.0,400000.0,https://www.transfermarkt.co.uk/tete-yengi/profil/spieler/849429,real_wc2026_squads_transfermarkt_openfootball,2026-06-02
Gatito Fernández,Paraguay,250000,salimt_latest_market_value,250000,,,250000.0,2025-05-12,,,https://www.transfermarkt.co.uk/roberto-fernandez/profil/spieler/107318,real_wc2026_squads_transfermarkt_openfootball,2026-06-02
Gustavo Velázquez,Paraguay,0,missing,0,,,,,,,,real_wc2026_squads_transfermarkt_openfootball,2026-06-02
Omar Alderete,Paraguay,12000000,transfermarkt_profile,12000000,12000000.0,2025-12-09,8000000.0,2025-06-08,12000000.0,12000000.0,https://www.transfermarkt.co.uk/omar-alderete/profil/spieler/353032,real_wc2026_squads_transfermarkt_openfootball,2026-06-02
Juan José Cáceres,Paraguay,4000000,transfermarkt_profile,4000000,4000000.0,2025-12-16,,,4000000.0,4000000.0,https://www.transfermarkt.co.uk/juan-jose-caceres/profil/spieler/756494,real_wc2026_squads_transfermarkt_openfootball,2026-06-02
Fabián Balbuena,Paraguay,1500000,transfermarkt_profile,12000000,1500000.0,2025-12-10,2000000.0,2025-06-03,1500000.0,12000000.0,https://www.transfermarkt.co.uk/fabian-balbuena/profil/spieler/285548,real_wc2026_squads_transfermarkt_openfootball,2026-06-02
Júnior Alonso,Paraguay,8000000,transfermarkt_profile,8000000,8000000.0,2024-06-04,3000000.0,2025-09-04,8000000.0,8000000.0,https://www.transfermarkt.co.uk/junior-alonso/profil/spieler/273000,real_wc2026_squads_transfermarkt_openfootball,2026-06-02
Ramón Sosa,Paraguay,11000000,transfermarkt_profile,13000000,11000000.0,2025-12-10,12000000.0,2025-05-29,11000000.0,13000000.0,https://www.transfermarkt.co.uk/ramon-sosa/profil/spieler/745191,real_wc2026_squads_transfermarkt_openfootball,2026-06-02
Diego Gómez,Paraguay,25000000,transfermarkt_profile,25000000,25000000.0,2025-12-09,14000000.0,2025-05-29,25000000.0,25000000.0,https://www.transfermarkt.co.uk/diego-gomez/profil/spieler/996897,real_wc2026_squads_transfermarkt_openfootball,2026-06-02
Antonio Sanabria,Paraguay,7000000,transfermarkt_profile,10000000,7000000.0,2024-06-05,2800000.0,2025-06-16,7000000.0,10000000.0,https://www.transfermarkt.co.uk/antonio-sanabria/profil/spieler/234523,real_wc2026_squads_transfermarkt_openfootball,2026-06-02
Miguel Almirón,Paraguay,9000000,transfermarkt_profile,35000000,9000000.0,2025-12-11,10000000.0,2025-06-04,9000000.0,35000000.0,https://www.transfermarkt.co.uk/miguel-almiron/profil/spieler/272999,real_wc2026_squads_transfermarkt_openfootball,2026-06-02
Maurício,Paraguay,12000000,salimt_latest_market_value,12000000,,,12000000.0,2025-09-04,,,https://www.transfermarkt.co.uk/mauricio/profil/spieler/678439,real_wc2026_squads_transfermarkt_openfootball,2026-06-02
Orlando Gill,Paraguay,0,missing,0,,,,,,,https://www.transfermarkt.co.uk/orlando-gill/profil/spieler/643259,real_wc2026_squads_transfermarkt_openfootball,2026-06-02
José Canale,Paraguay,0,missing,0,,,,,,,https://www.transfermarkt.co.uk/jose-canale/profil/spieler/402627,real_wc2026_squads_transfermarkt_openfootball,2026-06-02
Andrés Cubas,Paraguay,4500000,transfermarkt_profile,4500000,4500000.0,2023-08-22,4000000.0,2025-06-04,4500000.0,4500000.0,https://www.transfermarkt.co.uk/andres-cubas/profil/spieler/323872,real_wc2026_squads_transfermarkt_openfootball,2026-06-02
Gustavo Gómez,Paraguay,8500000,transfermarkt_profile,9000000,8500000.0,2023-07-25,5000000.0,2025-06-05,8500000.0,9000000.0,https://www.transfermarkt.co.uk/gustavo-gomez/profil/spieler/215390,real_wc2026_squads_transfermarkt_openfootball,2026-06-02
Damián Bobadilla,Paraguay,4000000,salimt_latest_market_value,4000000,,,4000000.0,2025-09-04,,,https://www.transfermarkt.co.uk/damian-bobadilla/profil/spieler/861852,real_wc2026_squads_transfermarkt_openfootball,2026-06-02
Kaku,Paraguay,0,missing,0,,,,,,,,real_wc2026_squads_transfermarkt_openfootball,2026-06-02
Álex Arce,Paraguay,0,missing,0,,,,,,,https://www.transfermarkt.co.uk/alex-arce/profil/spieler/970518,real_wc2026_squads_transfermarkt_openfootball,2026-06-02
Julio Enciso,Paraguay,20000000,transfermarkt_profile,22000000,20000000.0,2025-12-15,22000000.0,2025-05-29,20000000.0,22000000.0,https://www.transfermarkt.co.uk/julio-enciso/profil/spieler/660867,real_wc2026_squads_transfermarkt_openfootball,2026-06-02
Braian Ojeda,Paraguay,4000000,salimt_latest_market_value,4000000,,,4000000.0,2025-06-04,,,https://www.transfermarkt.co.uk/braian-ojeda/profil/spieler/491596,real_wc2026_squads_transfermarkt_openfootball,2026-06-02
Gabriel Ávalos,Paraguay,0,missing,0,,,,,,,https://www.transfermarkt.co.uk/gabriel-avalos/profil/spieler/358418,real_wc2026_squads_transfermarkt_openfootball,2026-06-02
Gastón Olveira,Paraguay,0,missing,0,,,,,,,,real_wc2026_squads_transfermarkt_openfootball,2026-06-02
Matías Galarza,Paraguay,2500000,salimt_latest_market_value,2500000,,,2500000.0,2025-06-01,,,https://www.transfermarkt.co.uk/matias-galarza/profil/spieler/661269,real_wc2026_squads_transfermarkt_openfootball,2026-06-02
Gustavo Caballero,Paraguay,0,missing,0,,,,,,,https://www.transfermarkt.co.uk/gustavo-caballero/profil/spieler/891672,real_wc2026_squads_transfermarkt_openfootball,2026-06-02
Isidro Pitta,Paraguay,7500000,salimt_latest_market_value,7500000,,,7500000.0,2025-09-04,,,https://www.transfermarkt.co.uk/isidro-pitta/profil/spieler/675178,real_wc2026_squads_transfermarkt_openfootball,2026-06-02
Alexandro Maidana,Paraguay,0,missing,0,,,,,,,https://www.transfermarkt.co.uk/alexandro-maidana/profil/spieler/1371519,real_wc2026_squads_transfermarkt_openfootball,2026-06-02
Mert Günok,Turkey,500000,transfermarkt_profile,5000000,500000.0,2025-12-17,1000000.0,2025-06-17,500000.0,5000000.0,https://www.transfermarkt.co.uk/mert-gunok/profil/spieler/51894,real_wc2026_squads_transfermarkt_openfootball,2026-06-02
Zeki Çelik,Turkey,12000000,transfermarkt_profile,20000000,12000000.0,2025-12-23,6000000.0,2025-06-16,12000000.0,20000000.0,https://www.transfermarkt.co.uk/zeki-celik/profil/spieler/251075,real_wc2026_squads_transfermarkt_openfootball,2026-06-02
Merih Demiral,Turkey,20000000,transfermarkt_profile,30000000,20000000.0,2023-06-15,13000000.0,2025-05-26,20000000.0,30000000.0,https://www.transfermarkt.co.uk/merih-demiral/profil/spieler/340879,real_wc2026_squads_transfermarkt_openfootball,2026-06-02
Çağlar Söyüncü,Turkey,6000000,transfermarkt_profile,45000000,6000000.0,2025-12-17,,,6000000.0,45000000.0,https://www.transfermarkt.co.uk/caglar-soyuncu/profil/spieler/320141,real_wc2026_squads_transfermarkt_openfootball,2026-06-02
Salih Özcan,Turkey,3500000,transfermarkt_profile,17000000,3500000.0,2025-12-19,4000000.0,2025-06-04,3500000.0,17000000.0,https://www.transfermarkt.co.uk/salih-ozcan/profil/spieler/244940,real_wc2026_squads_transfermarkt_openfootball,2026-06-02
Orkun Kökçü,Turkey,25000000,transfermarkt_profile,35000000,25000000.0,2025-12-17,30000000.0,2025-05-29,25000000.0,35000000.0,https://www.transfermarkt.co.uk/orkun-kokcu/profil/spieler/454567,real_wc2026_squads_transfermarkt_openfootball,2026-06-02
Kerem Aktürkoğlu,Turkey,22000000,transfermarkt_profile,25000000,22000000.0,2025-12-17,24000000.0,2025-05-29,22000000.0,25000000.0,https://www.transfermarkt.co.uk/kerem-akturkoglu/profil/spieler/382528,real_wc2026_squads_transfermarkt_openfootball,2026-06-02
Arda Güler,Turkey,45000000,transfermarkt_profile,45000000,45000000.0,2024-07-18,45000000.0,2025-06-08,45000000.0,45000000.0,https://www.transfermarkt.co.uk/arda-guler/profil/spieler/861410,real_wc2026_squads_transfermarkt_openfootball,2026-06-02
Deniz Gül,Turkey,4000000,salimt_latest_market_value,4000000,,,4000000.0,2025-05-29,,,https://www.transfermarkt.co.uk/deniz-gul/profil/spieler/1063292,real_wc2026_squads_transfermarkt_openfootball,2026-06-02
Hakan Çalhanoğlu,Turkey,22000000,transfermarkt_profile,45000000,22000000.0,2025-12-23,30000000.0,2025-06-16,22000000.0,45000000.0,https://www.transfermarkt.co.uk/hakan-calhanoglu/profil/spieler/126414,real_wc2026_squads_transfermarkt_openfootball,2026-06-02
Kenan Yıldız,Turkey,75000000,transfermarkt_profile,75000000,75000000.0,2025-12-23,50000000.0,2025-06-16,75000000.0,75000000.0,https://www.transfermarkt.co.uk/kenan-yildiz/profil/spieler/845654,real_wc2026_squads_transfermarkt_openfootball,2026-06-02
Altay Bayındır,Turkey,7000000,transfermarkt_profile,16000000,7000000.0,2025-12-09,8000000.0,2025-05-29,7000000.0,16000000.0,https://www.transfermarkt.co.uk/altay-bayindir/profil/spieler/336077,real_wc2026_squads_transfermarkt_openfootball,2026-06-02
Eren Elmalı,Turkey,5000000,transfermarkt_profile,6000000,5000000.0,2025-12-17,5000000.0,2025-06-17,5000000.0,6000000.0,https://www.transfermarkt.co.uk/eren-elmali/profil/spieler/616894,real_wc2026_squads_transfermarkt_openfootball,2026-06-02
Abdülkerim Bardakcı,Turkey,6500000,transfermarkt_profile,10000000,6500000.0,2025-12-17,7000000.0,2025-06-17,6500000.0,10000000.0,https://www.transfermarkt.co.uk/abdulkerim-bardakci/profil/spieler/199316,real_wc2026_squads_transfermarkt_openfootball,2026-06-02
Ozan Kabak,Turkey,5000000,transfermarkt_profile,32000000,5000000.0,2025-12-19,5000000.0,2025-06-04,5000000.0,32000000.0,https://www.transfermarkt.co.uk/ozan-kabak/profil/spieler/361260,real_wc2026_squads_transfermarkt_openfootball,2026-06-02
İsmail Yüksek,Turkey,12000000,transfermarkt_profile,12000000,12000000.0,2024-05-31,11000000.0,2025-06-17,12000000.0,12000000.0,https://www.transfermarkt.co.uk/ismail-yuksek/profil/spieler/613725,real_wc2026_squads_transfermarkt_openfootball,2026-06-02
İrfan Can Kahveci,Turkey,4500000,transfermarkt_profile,11500000,4500000.0,2025-12-17,7000000.0,2025-06-17,4500000.0,11500000.0,https://www.transfermarkt.co.uk/irfan-can-kahveci/profil/spieler/216603,real_wc2026_squads_transfermarkt_openfootball,2026-06-02
Mert Müldür,Turkey,5000000,transfermarkt_profile,10000000,5000000.0,2025-12-17,6000000.0,2025-06-17,5000000.0,10000000.0,https://www.transfermarkt.co.uk/mert-muldur/profil/spieler/353922,real_wc2026_squads_transfermarkt_openfootball,2026-06-02
Yunus Akgün,Turkey,5000000,transfermarkt_profile,8500000,5000000.0,2024-05-24,14000000.0,2025-06-17,5000000.0,8500000.0,https://www.transfermarkt.co.uk/yunus-akgun/profil/spieler/396908,real_wc2026_squads_transfermarkt_openfootball,2026-06-02
Ferdi Kadıoğlu,Turkey,28000000,transfermarkt_profile,30000000,28000000.0,2025-12-09,25000000.0,2025-05-29,28000000.0,30000000.0,https://www.transfermarkt.co.uk/ferdi-kadioglu/profil/spieler/369316,real_wc2026_squads_transfermarkt_openfootball,2026-06-02
Barış Alper Yılmaz,Turkey,20000000,transfermarkt_profile,20000000,20000000.0,2024-07-18,21000000.0,2025-06-17,20000000.0,20000000.0,https://www.transfermarkt.co.uk/baris-alper-yilmaz/profil/spieler/541537,real_wc2026_squads_transfermarkt_openfootball,2026-06-02
Kaan Ayhan,Turkey,4700000,transfermarkt_profile,9000000,4700000.0,2024-05-31,4000000.0,2025-06-17,4700000.0,9000000.0,https://www.transfermarkt.co.uk/kaan-ayhan/profil/spieler/119031,real_wc2026_squads_transfermarkt_openfootball,2026-06-02
Uğurcan Çakır,Turkey,15000000,transfermarkt_profile,19000000,15000000.0,2025-12-17,9500000.0,2025-06-17,15000000.0,19000000.0,https://www.transfermarkt.co.uk/ugurcan-cakir/profil/spieler/292199,real_wc2026_squads_transfermarkt_openfootball,2026-06-02
Oğuz Aydın,Turkey,10000000,transfermarkt_profile,11000000,10000000.0,2025-12-17,,,10000000.0,11000000.0,https://www.transfermarkt.co.uk/oguz-aydin/profil/spieler/563749,real_wc2026_squads_transfermarkt_openfootball,2026-06-02
Samet Akaydin,Turkey,1200000,transfermarkt_profile,4200000,1200000.0,2025-12-17,1500000.0,2025-06-17,1200000.0,4200000.0,https://www.transfermarkt.co.uk/samet-akaydin/profil/spieler/295024,real_wc2026_squads_transfermarkt_openfootball,2026-06-02
Can Uzun,Turkey,45000000,transfermarkt_profile,45000000,45000000.0,2025-12-19,18000000.0,2025-06-04,45000000.0,45000000.0,https://www.transfermarkt.co.uk/can-uzun/profil/spieler/816585,real_wc2026_squads_transfermarkt_openfootball,2026-06-02
Matt Turner,United States,7000000,transfermarkt_profile,10000000,7000000.0,2024-05-27,2500000.0,2025-05-29,7000000.0,10000000.0,https://www.transfermarkt.co.uk/matt-turner/profil/spieler/425306,real_wc2026_squads_transfermarkt_openfootball,2026-06-02
Sergiño Dest,United States,18000000,transfermarkt_profile,30000000,18000000.0,2025-12-02,16000000.0,2025-05-27,18000000.0,30000000.0,https://www.transfermarkt.co.uk/sergino-dest/profil/spieler/361104,real_wc2026_squads_transfermarkt_openfootball,2026-06-02
Chris Richards,United States,25000000,transfermarkt_profile,25000000,25000000.0,2025-12-09,14000000.0,2025-05-29,25000000.0,25000000.0,https://www.transfermarkt.co.uk/chris-richards/profil/spieler/578539,real_wc2026_squads_transfermarkt_openfootball,2026-06-02
Tyler Adams,United States,25000000,transfermarkt_profile,25000000,25000000.0,2025-12-09,18000000.0,2025-05-29,25000000.0,25000000.0,https://www.transfermarkt.co.uk/tyler-adams/profil/spieler/332705,real_wc2026_squads_transfermarkt_openfootball,2026-06-02
Antonee Robinson,United States,30000000,transfermarkt_profile,35000000,30000000.0,2025-12-09,35000000.0,2025-05-29,30000000.0,35000000.0,https://www.transfermarkt.co.uk/antonee-robinson/profil/spieler/349701,real_wc2026_squads_transfermarkt_openfootball,2026-06-02
Auston Trusty,United States,5000000,transfermarkt_profile,10000000,5000000.0,2025-12-10,6000000.0,2025-06-16,5000000.0,10000000.0,https://www.transfermarkt.co.uk/auston-trusty/profil/spieler/389253,real_wc2026_squads_transfermarkt_openfootball,2026-06-02
Giovanni Reyna,United States,6000000,transfermarkt_profile,42000000,6000000.0,2025-12-19,7000000.0,2025-06-04,6000000.0,42000000.0,https://www.transfermarkt.co.uk/giovanni-reyna/profil/spieler/504215,real_wc2026_squads_transfermarkt_openfootball,2026-06-02
Weston McKennie,United States,22000000,transfermarkt_profile,28000000,22000000.0,2025-12-23,22000000.0,2025-06-16,22000000.0,28000000.0,https://www.transfermarkt.co.uk/weston-mckennie/profil/spieler/332697,real_wc2026_squads_transfermarkt_openfootball,2026-06-02
Ricardo Pepi,United States,15000000,transfermarkt_profile,18000000,15000000.0,2025-12-02,16000000.0,2025-05-27,15000000.0,18000000.0,https://www.transfermarkt.co.uk/ricardo-pepi/profil/spieler/627207,real_wc2026_squads_transfermarkt_openfootball,2026-06-02
Christian Pulisic,United States,60000000,transfermarkt_profile,60000000,60000000.0,2025-12-23,50000000.0,2025-06-16,60000000.0,60000000.0,https://www.transfermarkt.co.uk/christian-pulisic/profil/spieler/315779,real_wc2026_squads_transfermarkt_openfootball,2026-06-02
Brenden Aaronson,United States,12000000,transfermarkt_profile,30000000,12000000.0,2024-05-29,15000000.0,2025-05-26,12000000.0,30000000.0,https://www.transfermarkt.co.uk/brenden-aaronson/profil/spieler/393323,real_wc2026_squads_transfermarkt_openfootball,2026-06-02
Miles Robinson,United States,3500000,salimt_latest_market_value,3500000,,,3500000.0,2025-06-04,,,https://www.transfermarkt.co.uk/miles-robinson/profil/spieler/468022,real_wc2026_squads_transfermarkt_openfootball,2026-06-02
Tim Ream,United States,800000,transfermarkt_profile,4000000,800000.0,2024-05-27,300000.0,2025-06-04,800000.0,4000000.0,https://www.transfermarkt.co.uk/tim-ream/profil/spieler/145466,real_wc2026_squads_transfermarkt_openfootball,2026-06-02
Sebastian Berhalter,United States,2000000,salimt_latest_market_value,2000000,,,2000000.0,2025-06-04,,,https://www.transfermarkt.co.uk/sebastian-berhalter/profil/spieler/734761,real_wc2026_squads_transfermarkt_openfootball,2026-06-02
Cristian Roldan,United States,4000000,salimt_latest_market_value,4000000,,,4000000.0,2025-06-04,,,https://www.transfermarkt.co.uk/cristian-roldan/profil/spieler/354792,real_wc2026_squads_transfermarkt_openfootball,2026-06-02
Alex Freeman,United States,2000000,salimt_latest_market_value,2000000,,,2000000.0,2025-09-11,,,https://www.transfermarkt.co.uk/alex-freeman/profil/spieler/985806,real_wc2026_squads_transfermarkt_openfootball,2026-06-02
Malik Tillman,United States,35000000,transfermarkt_profile,35000000,35000000.0,2025-12-19,32000000.0,2025-05-27,35000000.0,35000000.0,https://www.transfermarkt.co.uk/malik-tillman/profil/spieler/467437,real_wc2026_squads_transfermarkt_openfootball,2026-06-02
Maximilian Arfsten,United States,0,missing,0,,,,,,,https://www.transfermarkt.co.uk/max-arfsten/profil/spieler/993063,real_wc2026_squads_transfermarkt_openfootball,2026-06-02
Haji Wright,United States,7000000,transfermarkt_profile,7000000,7000000.0,2023-10-27,8000000.0,2025-05-26,7000000.0,7000000.0,https://www.transfermarkt.co.uk/haji-wright/profil/spieler/315291,real_wc2026_squads_transfermarkt_openfootball,2026-06-02
Folarin Balogun,United States,22000000,transfermarkt_profile,30000000,22000000.0,2025-12-15,18000000.0,2025-06-02,22000000.0,30000000.0,https://www.transfermarkt.co.uk/folarin-balogun/profil/spieler/503770,real_wc2026_squads_transfermarkt_openfootball,2026-06-02
Timothy Weah,United States,20000000,transfermarkt_profile,20000000,20000000.0,2025-12-15,17000000.0,2025-06-16,20000000.0,20000000.0,https://www.transfermarkt.co.uk/timothy-weah/profil/spieler/370846,real_wc2026_squads_transfermarkt_openfootball,2026-06-02
Mark McKenzie,United States,6000000,transfermarkt_profile,8000000,6000000.0,2024-06-04,6000000.0,2025-06-02,6000000.0,8000000.0,https://www.transfermarkt.co.uk/mark-mckenzie/profil/spieler/429259,real_wc2026_squads_transfermarkt_openfootball,2026-06-02
Joe Scally,United States,7000000,transfermarkt_profile,12000000,7000000.0,2025-12-19,10000000.0,2025-06-04,7000000.0,12000000.0,https://www.transfermarkt.co.uk/joe-scally/profil/spieler/504153,real_wc2026_squads_transfermarkt_openfootball,2026-06-02
Matt Freese,United States,800000,salimt_latest_market_value,800000,,,800000.0,2025-06-04,,,https://www.transfermarkt.co.uk/matt-freese/profil/spieler/500309,real_wc2026_squads_transfermarkt_openfootball,2026-06-02
Chris Brady,United States,2500000,salimt_latest_market_value,2500000,,,2500000.0,2025-06-04,,,https://www.transfermarkt.co.uk/chris-brady/profil/spieler/765504,real_wc2026_squads_transfermarkt_openfootball,2026-06-02
Alejandro Zendejas,United States,250000,transfermarkt_profile,2500000,250000.0,2023-08-22,100000.0,2025-06-04,250000.0,2500000.0,https://www.transfermarkt.co.uk/alejandro-bedoya/profil/spieler/111783,real_wc2026_squads_transfermarkt_openfootball,2026-06-02
Eloy Room,Curaçao,200000,transfermarkt_profile,4500000,200000.0,2025-06-12,200000.0,2025-06-11,200000.0,4500000.0,https://www.transfermarkt.co.uk/eloy-room/profil/spieler/79294,real_wc2026_squads_transfermarkt_openfootball,2026-06-02
Shurandy Sambo,Curaçao,2000000,transfermarkt_profile,3000000,2000000.0,2024-05-31,2000000.0,2025-05-26,2000000.0,3000000.0,https://www.transfermarkt.co.uk/shurandy-sambo/profil/spieler/412937,real_wc2026_squads_transfermarkt_openfootball,2026-06-02
Juriën Gaari,Curaçao,450000,transfermarkt_profile,500000,450000.0,2024-05-31,400000.0,2025-06-23,450000.0,500000.0,https://www.transfermarkt.co.uk/jurien-gaari/profil/spieler/328455,real_wc2026_squads_transfermarkt_openfootball,2026-06-02
Roshon van Eijma,Curaçao,375000,transfermarkt_profile,500000,375000.0,2025-12-16,450000.0,2025-05-27,375000.0,500000.0,https://www.transfermarkt.co.uk/roshon-van-eijma/profil/spieler/401029,real_wc2026_squads_transfermarkt_openfootball,2026-06-02
Sherel Floranus,Curaçao,800000,transfermarkt_profile,1000000,800000.0,2025-12-02,850000.0,2025-05-27,800000.0,1000000.0,https://www.transfermarkt.co.uk/sherel-floranus/profil/spieler/315211,real_wc2026_squads_transfermarkt_openfootball,2026-06-02
Godfried Roemeratoe,Curaçao,400000,transfermarkt_profile,1400000,400000.0,2025-12-16,500000.0,2025-05-27,400000.0,1400000.0,https://www.transfermarkt.co.uk/godfried-roemeratoe/profil/spieler/393241,real_wc2026_squads_transfermarkt_openfootball,2026-06-02
Juninho Bacuna,Curaçao,4500000,transfermarkt_profile,5500000,4500000.0,2023-10-27,3000000.0,2025-05-26,4500000.0,5500000.0,https://www.transfermarkt.co.uk/juninho-bacuna/profil/spieler/348863,real_wc2026_squads_transfermarkt_openfootball,2026-06-02
Livano Comenencia,Curaçao,800000,transfermarkt_profile,1000000,800000.0,2024-06-18,500000.0,2025-06-18,800000.0,1000000.0,https://www.transfermarkt.co.uk/livano-comenencia/profil/spieler/626764,real_wc2026_squads_transfermarkt_openfootball,2026-06-02
Jürgen Locadia,Curaçao,1800000,transfermarkt_profile,15000000,1800000.0,2023-06-26,200000.0,2025-06-24,1800000.0,15000000.0,https://www.transfermarkt.co.uk/jurgen-locadia/profil/spieler/166240,real_wc2026_squads_transfermarkt_openfootball,2026-06-02
Leandro Bacuna,Curaçao,900000,transfermarkt_profile,3000000,900000.0,2023-06-01,300000.0,2025-05-27,900000.0,3000000.0,https://www.transfermarkt.co.uk/leandro-bacuna/profil/spieler/126014,real_wc2026_squads_transfermarkt_openfootball,2026-06-02
Jeremy Antonisse,Curaçao,800000,transfermarkt_profile,800000,800000.0,2025-12-12,700000.0,2025-05-29,800000.0,800000.0,https://www.transfermarkt.co.uk/jeremy-antonisse/profil/spieler/594273,real_wc2026_squads_transfermarkt_openfootball,2026-06-02
Sontje Hansen,Curaçao,3000000,transfermarkt_profile,6000000,3000000.0,2024-05-31,4000000.0,2025-05-27,3000000.0,6000000.0,https://www.transfermarkt.co.uk/sontje-hansen/profil/spieler/485582,real_wc2026_squads_transfermarkt_openfootball,2026-06-02
Tyrese Noslin,Curaçao,400000,salimt_latest_market_value,400000,,,400000.0,2025-06-08,,,https://www.transfermarkt.co.uk/tyrese-noslin/profil/spieler/708005,real_wc2026_squads_transfermarkt_openfootball,2026-06-02
Kenji Gorré,Curaçao,800000,transfermarkt_profile,800000,800000.0,2023-11-27,750000.0,2025-05-27,800000.0,800000.0,https://www.transfermarkt.co.uk/kenji-gorre/profil/spieler/374889,real_wc2026_squads_transfermarkt_openfootball,2026-06-02
Ar'jany Martha,Curaçao,1200000,transfermarkt_profile,1500000,1200000.0,2024-05-31,700000.0,2025-06-11,1200000.0,1500000.0,https://www.transfermarkt.co.uk/arjany-martha/profil/spieler/572519,real_wc2026_squads_transfermarkt_openfootball,2026-06-02
Jearl Margaritha,Curaçao,0,missing,0,,,,,,,,real_wc2026_squads_transfermarkt_openfootball,2026-06-02
Brandley Kuwas,Curaçao,450000,transfermarkt_profile,4500000,450000.0,2023-10-20,300000.0,2025-06-08,450000.0,4500000.0,https://www.transfermarkt.co.uk/brandley-kuwas/profil/spieler/232219,real_wc2026_squads_transfermarkt_openfootball,2026-06-02
Armando Obispo,Curaçao,3000000,transfermarkt_profile,5500000,3000000.0,2025-12-02,,,3000000.0,5500000.0,https://www.transfermarkt.co.uk/armando-obispo/profil/spieler/339337,real_wc2026_squads_transfermarkt_openfootball,2026-06-02
Gervane Kastaneer,Curaçao,200000,transfermarkt_profile,750000,200000.0,2023-10-13,175000.0,2025-05-28,200000.0,750000.0,https://www.transfermarkt.co.uk/gervane-kastaneer/profil/spieler/240752,real_wc2026_squads_transfermarkt_openfootball,2026-06-02
Joshua Brenet,Curaçao,3500000,transfermarkt_profile,5000000,3500000.0,2024-05-31,,,3500000.0,5000000.0,https://www.transfermarkt.co.uk/joshua-brenet/profil/spieler/207006,real_wc2026_squads_transfermarkt_openfootball,2026-06-02
Tahith Chong,Curaçao,6000000,transfermarkt_profile,7000000,6000000.0,2024-05-27,5000000.0,2025-05-26,6000000.0,7000000.0,https://www.transfermarkt.co.uk/tahith-chong/profil/spieler/344830,real_wc2026_squads_transfermarkt_openfootball,2026-06-02
Kevin Felida,Curaçao,350000,transfermarkt_profile,425000,350000.0,2025-12-16,,,350000.0,425000.0,https://www.transfermarkt.co.uk/kevin-felida/profil/spieler/433933,real_wc2026_squads_transfermarkt_openfootball,2026-06-02
Riechedly Bazoer,Curaçao,2800000,transfermarkt_profile,15000000,2800000.0,2025-12-17,3000000.0,2025-06-17,2800000.0,15000000.0,https://www.transfermarkt.co.uk/riechedly-bazoer/profil/spieler/216443,real_wc2026_squads_transfermarkt_openfootball,2026-06-02
Deveron Fonville,Curaçao,0,missing,0,,,,,,,https://www.transfermarkt.co.uk/deveron-fonville/profil/spieler/708989,real_wc2026_squads_transfermarkt_openfootball,2026-06-02
Tyrick Bodak,Curaçao,25000,salimt_latest_market_value,25000,,,25000.0,2025-06-08,,,https://www.transfermarkt.co.uk/tyrick-bodak/profil/spieler/663961,real_wc2026_squads_transfermarkt_openfootball,2026-06-02
Trevor Doornbusch,Curaçao,100000,transfermarkt_profile,125000,100000.0,2023-07-04,150000.0,2025-06-08,100000.0,125000.0,https://www.transfermarkt.co.uk/trevor-doornbusch/profil/spieler/390814,real_wc2026_squads_transfermarkt_openfootball,2026-06-02
Hernán Galíndez,Ecuador,0,missing,0,,,,,,,https://www.transfermarkt.co.uk/hernan-galindez/profil/spieler/77127,real_wc2026_squads_transfermarkt_openfootball,2026-06-02
Félix Torres,Ecuador,1500000,salimt_latest_market_value,1500000,,,1500000.0,2025-09-04,,,https://www.transfermarkt.co.uk/felix-torres/profil/spieler/468174,real_wc2026_squads_transfermarkt_openfootball,2026-06-02
Piero Hincapié,Ecuador,50000000,transfermarkt_profile,50000000,50000000.0,2025-12-09,50000000.0,2025-06-04,50000000.0,50000000.0,https://www.transfermarkt.co.uk/piero-hincapie/profil/spieler/659813,real_wc2026_squads_transfermarkt_openfootball,2026-06-02
Joel Ordóñez,Ecuador,6000000,transfermarkt_profile,6000000,6000000.0,2024-06-04,28000000.0,2025-06-11,6000000.0,6000000.0,https://www.transfermarkt.co.uk/joel-ordonez/profil/spieler/893661,real_wc2026_squads_transfermarkt_openfootball,2026-06-02
Jordy Alcívar,Ecuador,0,missing,0,,,,,,,https://www.transfermarkt.co.uk/jordy-alcivar/profil/spieler/598145,real_wc2026_squads_transfermarkt_openfootball,2026-06-02
Willian Pacho,Ecuador,70000000,transfermarkt_profile,70000000,70000000.0,2025-12-15,65000000.0,2025-06-02,70000000.0,70000000.0,https://www.transfermarkt.co.uk/willian-pacho/profil/spieler/661171,real_wc2026_squads_transfermarkt_openfootball,2026-06-02
Pervis Estupiñán,Ecuador,14000000,transfermarkt_profile,35000000,14000000.0,2025-12-23,30000000.0,2025-05-29,14000000.0,35000000.0,https://www.transfermarkt.co.uk/pervis-estupinan/profil/spieler/349599,real_wc2026_squads_transfermarkt_openfootball,2026-06-02
Anthony Valencia,Ecuador,1000000,transfermarkt_profile,1200000,1000000.0,2025-12-10,1200000.0,2025-06-11,1000000.0,1200000.0,https://www.transfermarkt.co.uk/anthony-valencia/profil/spieler/974374,real_wc2026_squads_transfermarkt_openfootball,2026-06-02
John Yeboah,Ecuador,1500000,transfermarkt_profile,1500000,1500000.0,2023-06-09,2800000.0,2025-06-16,1500000.0,1500000.0,https://www.transfermarkt.co.uk/john-yeboah/profil/spieler/439914,real_wc2026_squads_transfermarkt_openfootball,2026-06-02
Kendry Páez,Ecuador,10000000,salimt_latest_market_value,10000000,,,10000000.0,2025-06-15,,,https://www.transfermarkt.co.uk/kendry-paez/profil/spieler/1052439,real_wc2026_squads_transfermarkt_openfootball,2026-06-02
Kevin Rodríguez,Ecuador,5000000,transfermarkt_profile,5000000,5000000.0,2025-12-10,1500000.0,2025-06-11,5000000.0,5000000.0,https://www.transfermarkt.co.uk/kevin-rodriguez/profil/spieler/684159,real_wc2026_squads_transfermarkt_openfootball,2026-06-02
Moisés Ramírez,Ecuador,0,missing,0,,,,,,,https://www.transfermarkt.co.uk/moises-ramirez/profil/spieler/450233,real_wc2026_squads_transfermarkt_openfootball,2026-06-02
Enner Valencia,Ecuador,3800000,transfermarkt_profile,11000000,3800000.0,2023-06-08,1700000.0,2025-06-05,3800000.0,11000000.0,https://www.transfermarkt.co.uk/enner-valencia/profil/spieler/139503,real_wc2026_squads_transfermarkt_openfootball,2026-06-02
Alan Minda,Ecuador,3000000,transfermarkt_profile,6000000,3000000.0,2025-12-10,3000000.0,2025-06-11,3000000.0,6000000.0,https://www.transfermarkt.co.uk/alan-minda/profil/spieler/897051,real_wc2026_squads_transfermarkt_openfootball,2026-06-02
Pedro Vite,Ecuador,5000000,salimt_latest_market_value,5000000,,,5000000.0,2025-06-04,,,https://www.transfermarkt.co.uk/pedro-vite/profil/spieler/659806,real_wc2026_squads_transfermarkt_openfootball,2026-06-02
Jordy Caicedo,Ecuador,3500000,transfermarkt_profile,3500000,3500000.0,2023-10-03,1200000.0,2025-06-23,3500000.0,3500000.0,https://www.transfermarkt.co.uk/jordy-caicedo/profil/spieler/360412,real_wc2026_squads_transfermarkt_openfootball,2026-06-02
Ángelo Preciado,Ecuador,5000000,transfermarkt_profile,5000000,5000000.0,2024-06-05,3800000.0,2025-06-16,5000000.0,5000000.0,https://www.transfermarkt.co.uk/angelo-preciado/profil/spieler/450241,real_wc2026_squads_transfermarkt_openfootball,2026-06-02
Denil Castillo,Ecuador,5500000,transfermarkt_profile,5500000,5500000.0,2025-12-15,3500000.0,2025-06-15,5500000.0,5500000.0,https://www.transfermarkt.co.uk/denil-castillo/profil/spieler/941418,real_wc2026_squads_transfermarkt_openfootball,2026-06-02
Gonzalo Plata,Ecuador,5000000,transfermarkt_profile,6000000,5000000.0,2023-11-27,8000000.0,2025-09-04,5000000.0,6000000.0,https://www.transfermarkt.co.uk/gonzalo-plata/profil/spieler/592735,real_wc2026_squads_transfermarkt_openfootball,2026-06-02
Nilson Angulo,Ecuador,7000000,transfermarkt_profile,7000000,7000000.0,2025-12-10,2000000.0,2025-06-11,7000000.0,7000000.0,https://www.transfermarkt.co.uk/nilson-angulo/profil/spieler/903611,real_wc2026_squads_transfermarkt_openfootball,2026-06-02
Alan Franco,Ecuador,4000000,salimt_latest_market_value,4000000,,,4000000.0,2025-06-05,,,https://www.transfermarkt.co.uk/alan-franco/profil/spieler/400960,real_wc2026_squads_transfermarkt_openfootball,2026-06-02
Gonzalo Valle,Ecuador,0,missing,0,,,,,,,,real_wc2026_squads_transfermarkt_openfootball,2026-06-02
Moisés Caicedo,Ecuador,110000000,transfermarkt_profile,110000000,110000000.0,2025-12-09,90000000.0,2025-05-29,110000000.0,110000000.0,https://www.transfermarkt.co.uk/moises-caicedo/profil/spieler/687626,real_wc2026_squads_transfermarkt_openfootball,2026-06-02
Jeremy Arévalo,Ecuador,200000,salimt_latest_market_value,200000,,,200000.0,2025-06-23,,,https://www.transfermarkt.co.uk/jeremy-arevalo/profil/spieler/971663,real_wc2026_squads_transfermarkt_openfootball,2026-06-02
Jackson Porozo,Ecuador,3300000,transfermarkt_profile,3500000,3300000.0,2024-05-31,2000000.0,2025-05-25,3300000.0,3500000.0,https://www.transfermarkt.co.uk/jackson-porozo/profil/spieler/491616,real_wc2026_squads_transfermarkt_openfootball,2026-06-02
Yaimar Medina,Ecuador,4000000,transfermarkt_profile,4000000,4000000.0,2025-12-10,,,4000000.0,4000000.0,https://www.transfermarkt.co.uk/yaimar-medina/profil/spieler/893659,real_wc2026_squads_transfermarkt_openfootball,2026-06-02
Manuel Neuer,Germany,4000000,transfermarkt_profile,45000000,4000000.0,2025-12-19,4000000.0,2025-06-04,4000000.0,45000000.0,https://www.transfermarkt.co.uk/manuel-neuer/profil/spieler/17259,real_wc2026_squads_transfermarkt_openfootball,2026-06-02
Antonio Rüdiger,Germany,25000000,transfermarkt_profile,50000000,25000000.0,2024-06-07,20000000.0,2025-06-08,25000000.0,50000000.0,https://www.transfermarkt.co.uk/antonio-rudiger/profil/spieler/86202,real_wc2026_squads_transfermarkt_openfootball,2026-06-02
Waldemar Anton,Germany,18000000,transfermarkt_profile,24000000,18000000.0,2025-12-19,18000000.0,2025-06-04,18000000.0,24000000.0,https://www.transfermarkt.co.uk/waldemar-anton/profil/spieler/193004,real_wc2026_squads_transfermarkt_openfootball,2026-06-02
Jonathan Tah,Germany,30000000,transfermarkt_profile,40000000,30000000.0,2025-12-19,30000000.0,2025-06-04,30000000.0,40000000.0,https://www.transfermarkt.co.uk/jonathan-tah/profil/spieler/196357,real_wc2026_squads_transfermarkt_openfootball,2026-06-02
Aleksandar Pavlović,Germany,65000000,transfermarkt_profile,65000000,65000000.0,2025-12-19,55000000.0,2025-06-04,65000000.0,65000000.0,https://www.transfermarkt.co.uk/aleksandar-pavlovic/profil/spieler/792380,real_wc2026_squads_transfermarkt_openfootball,2026-06-02
Joshua Kimmich,Germany,40000000,transfermarkt_profile,90000000,40000000.0,2025-12-19,45000000.0,2025-06-04,40000000.0,90000000.0,https://www.transfermarkt.co.uk/joshua-kimmich/profil/spieler/161056,real_wc2026_squads_transfermarkt_openfootball,2026-06-02
Kai Havertz,Germany,55000000,transfermarkt_profile,90000000,55000000.0,2025-12-09,65000000.0,2025-05-29,55000000.0,90000000.0,https://www.transfermarkt.co.uk/kai-havertz/profil/spieler/309400,real_wc2026_squads_transfermarkt_openfootball,2026-06-02
Leon Goretzka,Germany,15000000,transfermarkt_profile,70000000,15000000.0,2025-12-19,22000000.0,2025-06-04,15000000.0,70000000.0,https://www.transfermarkt.co.uk/leon-goretzka/profil/spieler/153084,real_wc2026_squads_transfermarkt_openfootball,2026-06-02
Jamie Leweling,Germany,25000000,transfermarkt_profile,25000000,25000000.0,2025-12-19,20000000.0,2025-06-04,25000000.0,25000000.0,https://www.transfermarkt.co.uk/jamie-leweling/profil/spieler/518505,real_wc2026_squads_transfermarkt_openfootball,2026-06-02
Jamal Musiala,Germany,130000000,transfermarkt_profile,140000000,130000000.0,2025-12-19,140000000.0,2025-06-04,130000000.0,140000000.0,https://www.transfermarkt.co.uk/jamal-musiala/profil/spieler/580195,real_wc2026_squads_transfermarkt_openfootball,2026-06-02
Nick Woltemade,Germany,70000000,transfermarkt_profile,70000000,70000000.0,2025-12-09,30000000.0,2025-06-04,70000000.0,70000000.0,https://www.transfermarkt.co.uk/nick-woltemade/profil/spieler/455661,real_wc2026_squads_transfermarkt_openfootball,2026-06-02
Oliver Baumann,Germany,3000000,transfermarkt_profile,10000000,3000000.0,2025-12-19,3000000.0,2025-06-04,3000000.0,10000000.0,https://www.transfermarkt.co.uk/oliver-baumann/profil/spieler/55089,real_wc2026_squads_transfermarkt_openfootball,2026-06-02
Pascal Groß,Germany,3500000,transfermarkt_profile,12000000,3500000.0,2025-12-19,5000000.0,2025-06-04,3500000.0,12000000.0,https://www.transfermarkt.co.uk/pascal-gross/profil/spieler/82873,real_wc2026_squads_transfermarkt_openfootball,2026-06-02
Maximilian Beier,Germany,30000000,transfermarkt_profile,30000000,30000000.0,2025-12-19,25000000.0,2025-06-04,30000000.0,30000000.0,https://www.transfermarkt.co.uk/maximilian-beier/profil/spieler/578392,real_wc2026_squads_transfermarkt_openfootball,2026-06-02
Nico Schlotterbeck,Germany,55000000,transfermarkt_profile,55000000,55000000.0,2025-12-19,40000000.0,2025-06-04,55000000.0,55000000.0,https://www.transfermarkt.co.uk/nico-schlotterbeck/profil/spieler/388198,real_wc2026_squads_transfermarkt_openfootball,2026-06-02
Angelo Stiller,Germany,45000000,transfermarkt_profile,45000000,45000000.0,2025-12-19,45000000.0,2025-06-04,45000000.0,45000000.0,https://www.transfermarkt.co.uk/angelo-stiller/profil/spieler/443710,real_wc2026_squads_transfermarkt_openfootball,2026-06-02
Florian Wirtz,Germany,110000000,transfermarkt_profile,140000000,110000000.0,2025-12-09,140000000.0,2025-06-04,110000000.0,140000000.0,https://www.transfermarkt.co.uk/florian-wirtz/profil/spieler/598577,real_wc2026_squads_transfermarkt_openfootball,2026-06-02
Nathaniel Brown,Germany,35000000,transfermarkt_profile,35000000,35000000.0,2025-12-19,22000000.0,2025-06-04,35000000.0,35000000.0,https://www.transfermarkt.co.uk/nathaniel-brown/profil/spieler/691892,real_wc2026_squads_transfermarkt_openfootball,2026-06-02
Leroy Sané,Germany,23000000,transfermarkt_profile,100000000,23000000.0,2025-12-17,32000000.0,2025-06-04,23000000.0,100000000.0,https://www.transfermarkt.co.uk/leroy-sane/profil/spieler/192565,real_wc2026_squads_transfermarkt_openfootball,2026-06-02
Nadiem Amiri,Germany,17000000,transfermarkt_profile,22000000,17000000.0,2025-12-19,20000000.0,2025-06-04,17000000.0,22000000.0,https://www.transfermarkt.co.uk/nadiem-amiri/profil/spieler/232454,real_wc2026_squads_transfermarkt_openfootball,2026-06-02
Alexander Nübel,Germany,12000000,transfermarkt_profile,16000000,12000000.0,2025-12-19,12000000.0,2025-06-04,12000000.0,16000000.0,https://www.transfermarkt.co.uk/alexander-nubel/profil/spieler/195778,real_wc2026_squads_transfermarkt_openfootball,2026-06-02
David Raum,Germany,20000000,transfermarkt_profile,26000000,20000000.0,2024-05-29,20000000.0,2025-06-04,20000000.0,26000000.0,https://www.transfermarkt.co.uk/david-raum/profil/spieler/318204,real_wc2026_squads_transfermarkt_openfootball,2026-06-02
Felix Nmecha,Germany,45000000,transfermarkt_profile,45000000,45000000.0,2025-12-19,28000000.0,2025-06-04,45000000.0,45000000.0,https://www.transfermarkt.co.uk/felix-nmecha/profil/spieler/406640,real_wc2026_squads_transfermarkt_openfootball,2026-06-02
Malick Thiaw,Germany,25000000,transfermarkt_profile,30000000,25000000.0,2024-06-05,18000000.0,2025-06-16,25000000.0,30000000.0,https://www.transfermarkt.co.uk/malick-thiaw/profil/spieler/521964,real_wc2026_squads_transfermarkt_openfootball,2026-06-02
Lennart Karl,Germany,60000000,transfermarkt_profile,60000000,60000000.0,2025-12-19,1500000.0,2025-06-15,60000000.0,60000000.0,https://www.transfermarkt.co.uk/lennart-karl/profil/spieler/1075147,real_wc2026_squads_transfermarkt_openfootball,2026-06-02
Deniz Undav,Germany,25000000,transfermarkt_profile,25000000,25000000.0,2024-05-29,20000000.0,2025-06-04,25000000.0,25000000.0,https://www.transfermarkt.co.uk/deniz-undav/profil/spieler/339314,real_wc2026_squads_transfermarkt_openfootball,2026-06-02
Yahia Fofana,Ivory Coast,2500000,transfermarkt_profile,2500000,2500000.0,2023-10-27,7000000.0,2025-06-02,2500000.0,2500000.0,https://www.transfermarkt.co.uk/yahia-fofana/profil/spieler/418651,real_wc2026_squads_transfermarkt_openfootball,2026-06-02
Ousmane Diomande,Ivory Coast,45000000,transfermarkt_profile,45000000,45000000.0,2025-12-18,45000000.0,2025-05-29,45000000.0,45000000.0,https://www.transfermarkt.co.uk/ousmane-diomande/profil/spieler/974982,real_wc2026_squads_transfermarkt_openfootball,2026-06-02
Ghislain Konan,Ivory Coast,6500000,transfermarkt_profile,8000000,6500000.0,2023-10-24,1000000.0,2025-06-23,6500000.0,8000000.0,https://www.transfermarkt.co.uk/ghislain-konan/profil/spieler/422850,real_wc2026_squads_transfermarkt_openfootball,2026-06-02
Jean Michaël Seri,Ivory Coast,1500000,transfermarkt_profile,35000000,1500000.0,2023-06-01,200000.0,2025-09-08,1500000.0,35000000.0,https://www.transfermarkt.co.uk/jean-michael-seri/profil/spieler/178614,real_wc2026_squads_transfermarkt_openfootball,2026-06-02
Wilfried Singo,Ivory Coast,28000000,transfermarkt_profile,28000000,28000000.0,2025-12-17,25000000.0,2025-06-02,28000000.0,28000000.0,https://www.transfermarkt.co.uk/wilfried-singo/profil/spieler/648779,real_wc2026_squads_transfermarkt_openfootball,2026-06-02
Seko Fofana,Ivory Coast,8000000,transfermarkt_profile,32000000,8000000.0,2025-12-15,10000000.0,2025-06-02,8000000.0,32000000.0,https://www.transfermarkt.co.uk/seko-fofana/profil/spieler/182893,real_wc2026_squads_transfermarkt_openfootball,2026-06-02
Odilon Kossounou,Ivory Coast,22000000,transfermarkt_profile,35000000,22000000.0,2025-12-23,25000000.0,2025-06-16,22000000.0,35000000.0,https://www.transfermarkt.co.uk/odilon-kossounou/profil/spieler/644771,real_wc2026_squads_transfermarkt_openfootball,2026-06-02
Franck Kessié,Ivory Coast,20000000,transfermarkt_profile,55000000,20000000.0,2023-10-24,14000000.0,2025-05-26,20000000.0,55000000.0,https://www.transfermarkt.co.uk/franck-kessie/profil/spieler/294808,real_wc2026_squads_transfermarkt_openfootball,2026-06-02
Ange-Yoan Bonny,Ivory Coast,20000000,salimt_latest_market_value,20000000,,,20000000.0,2025-06-16,,,https://www.transfermarkt.co.uk/ange-yoan-bonny/profil/spieler/827734,real_wc2026_squads_transfermarkt_openfootball,2026-06-02
Simon Adingra,Ivory Coast,22000000,transfermarkt_profile,30000000,22000000.0,2025-12-09,28000000.0,2025-05-29,22000000.0,30000000.0,https://www.transfermarkt.co.uk/simon-adingra/profil/spieler/658536,real_wc2026_squads_transfermarkt_openfootball,2026-06-02
Yan Diomande,Ivory Coast,45000000,transfermarkt_profile,45000000,45000000.0,2025-12-19,1500000.0,2025-06-08,45000000.0,45000000.0,https://www.transfermarkt.co.uk/yan-diomande/profil/spieler/1390649,real_wc2026_squads_transfermarkt_openfootball,2026-06-02
Elye Wahi,Ivory Coast,12000000,transfermarkt_profile,40000000,12000000.0,2025-12-19,22000000.0,2025-06-04,12000000.0,40000000.0,https://www.transfermarkt.co.uk/elye-wahi/profil/spieler/659542,real_wc2026_squads_transfermarkt_openfootball,2026-06-02
Christopher Opéri,Ivory Coast,4000000,transfermarkt_profile,4000000,4000000.0,2024-06-03,3800000.0,2025-06-17,4000000.0,4000000.0,https://www.transfermarkt.co.uk/christopher-operi/profil/spieler/469976,real_wc2026_squads_transfermarkt_openfootball,2026-06-02
Oumar Diakité,Ivory Coast,5000000,transfermarkt_profile,9000000,5000000.0,2025-12-10,6000000.0,2025-06-02,5000000.0,9000000.0,https://www.transfermarkt.co.uk/oumar-diakite/profil/spieler/847279,real_wc2026_squads_transfermarkt_openfootball,2026-06-02
Amad Diallo,Ivory Coast,50000000,transfermarkt_profile,50000000,50000000.0,2025-12-09,45000000.0,2025-05-29,50000000.0,50000000.0,https://www.transfermarkt.co.uk/amad-diallo/profil/spieler/536835,real_wc2026_squads_transfermarkt_openfootball,2026-06-02
Mohamed Koné,Ivory Coast,800000,transfermarkt_profile,1700000,800000.0,2025-12-10,1200000.0,2025-06-11,800000.0,1700000.0,https://www.transfermarkt.co.uk/mohamed-kone/profil/spieler/911985,real_wc2026_squads_transfermarkt_openfootball,2026-06-02
Guéla Doué,Ivory Coast,18000000,transfermarkt_profile,18000000,18000000.0,2025-12-15,18000000.0,2025-06-02,18000000.0,18000000.0,https://www.transfermarkt.co.uk/guela-doue/profil/spieler/711980,real_wc2026_squads_transfermarkt_openfootball,2026-06-02
Ibrahim Sangaré,Ivory Coast,22000000,transfermarkt_profile,35000000,22000000.0,2025-12-09,24000000.0,2025-05-29,22000000.0,35000000.0,https://www.transfermarkt.co.uk/ibrahim-sangare/profil/spieler/375885,real_wc2026_squads_transfermarkt_openfootball,2026-06-02
Nicolas Pépé,Ivory Coast,8500000,transfermarkt_profile,75000000,8500000.0,2024-05-31,6000000.0,2025-06-08,8500000.0,75000000.0,https://www.transfermarkt.co.uk/nicolas-pepe/profil/spieler/343052,real_wc2026_squads_transfermarkt_openfootball,2026-06-02
Emmanuel Agbadou,Ivory Coast,9000000,transfermarkt_profile,9000000,9000000.0,2024-06-03,20000000.0,2025-05-29,9000000.0,9000000.0,https://www.transfermarkt.co.uk/emmanuel-agbadou/profil/spieler/683895,real_wc2026_squads_transfermarkt_openfootball,2026-06-02
Evan Ndicka,Ivory Coast,30000000,transfermarkt_profile,32000000,30000000.0,2025-12-23,30000000.0,2025-06-16,30000000.0,32000000.0,https://www.transfermarkt.co.uk/evan-ndicka/profil/spieler/371149,real_wc2026_squads_transfermarkt_openfootball,2026-06-02
Evann Guessand,Ivory Coast,28000000,transfermarkt_profile,30000000,28000000.0,2025-12-09,25000000.0,2025-06-02,28000000.0,30000000.0,https://www.transfermarkt.co.uk/evann-guessand/profil/spieler/500689,real_wc2026_squads_transfermarkt_openfootball,2026-06-02
Alban Lafont,Ivory Coast,3000000,transfermarkt_profile,20000000,3000000.0,2025-12-12,3000000.0,2025-06-02,3000000.0,20000000.0,https://www.transfermarkt.co.uk/alban-lafont/profil/spieler/357117,real_wc2026_squads_transfermarkt_openfootball,2026-06-02
Bazoumana Touré,Ivory Coast,25000000,transfermarkt_profile,25000000,25000000.0,2025-12-19,9000000.0,2025-06-04,25000000.0,25000000.0,https://www.transfermarkt.co.uk/bazoumana-toure/profil/spieler/1067904,real_wc2026_squads_transfermarkt_openfootball,2026-06-02
Parfait Guiagon,Ivory Coast,4000000,transfermarkt_profile,4000000,4000000.0,2025-12-10,,,4000000.0,4000000.0,https://www.transfermarkt.co.uk/parfait-guiagon/profil/spieler/624913,real_wc2026_squads_transfermarkt_openfootball,2026-06-02
Christ Inao Oulaï,Ivory Coast,600000,salimt_latest_market_value,600000,,,600000.0,2025-06-01,,,https://www.transfermarkt.co.uk/christ-inao-oulai/profil/spieler/1279526,real_wc2026_squads_transfermarkt_openfootball,2026-06-02
Zion Suzuki,Japan,20000000,transfermarkt_profile,20000000,20000000.0,2025-12-23,20000000.0,2025-06-16,20000000.0,20000000.0,https://www.transfermarkt.co.uk/zion-suzuki/profil/spieler/432298,real_wc2026_squads_transfermarkt_openfootball,2026-06-02
Yukinari Sugawara,Japan,7500000,transfermarkt_profile,15000000,7500000.0,2025-12-19,11000000.0,2025-05-29,7500000.0,15000000.0,https://www.transfermarkt.co.uk/yukinari-sugawara/profil/spieler/405385,real_wc2026_squads_transfermarkt_openfootball,2026-06-02
Shōgo Taniguchi,Japan,800000,transfermarkt_profile,2500000,800000.0,2025-12-10,1000000.0,2025-06-11,800000.0,2500000.0,https://www.transfermarkt.co.uk/shogo-taniguchi/profil/spieler/307870,real_wc2026_squads_transfermarkt_openfootball,2026-06-02
Kō Itakura,Japan,10000000,transfermarkt_profile,15000000,10000000.0,2025-12-02,12000000.0,2025-06-04,10000000.0,15000000.0,https://www.transfermarkt.co.uk/ko-itakura/profil/spieler/355816,real_wc2026_squads_transfermarkt_openfootball,2026-06-02
Yūto Nagatomo,Japan,300000,transfermarkt_profile,14000000,300000.0,2023-06-28,125000.0,2025-05-28,300000.0,14000000.0,https://www.transfermarkt.co.uk/yuto-nagatomo/profil/spieler/79522,real_wc2026_squads_transfermarkt_openfootball,2026-06-02
Wataru Endo,Japan,5000000,transfermarkt_profile,13000000,5000000.0,2025-12-09,8000000.0,2025-05-29,5000000.0,13000000.0,https://www.transfermarkt.co.uk/wataru-endo/profil/spieler/146310,real_wc2026_squads_transfermarkt_openfootball,2026-06-02
Ao Tanaka,Japan,10000000,salimt_latest_market_value,10000000,,,10000000.0,2025-05-26,,,https://www.transfermarkt.co.uk/ao-tanaka/profil/spieler/489359,real_wc2026_squads_transfermarkt_openfootball,2026-06-02
Takefusa Kubo,Japan,30000000,transfermarkt_profile,60000000,30000000.0,2025-12-12,30000000.0,2025-06-08,30000000.0,60000000.0,https://www.transfermarkt.co.uk/takefusa-kubo/profil/spieler/405398,real_wc2026_squads_transfermarkt_openfootball,2026-06-02
Keisuke Gotō,Japan,1200000,salimt_latest_market_value,1200000,,,1200000.0,2025-06-11,,,https://www.transfermarkt.co.uk/keisuke-goto/profil/spieler/916623,real_wc2026_squads_transfermarkt_openfootball,2026-06-02
Ritsu Dōan,Japan,18000000,transfermarkt_profile,18000000,18000000.0,2024-05-29,25000000.0,2025-06-04,18000000.0,18000000.0,https://www.transfermarkt.co.uk/ritsu-doan/profil/spieler/358504,real_wc2026_squads_transfermarkt_openfootball,2026-06-02
Daizen Maeda,Japan,14000000,transfermarkt_profile,15000000,14000000.0,2025-12-10,15000000.0,2025-06-16,14000000.0,15000000.0,https://www.transfermarkt.co.uk/daizen-maeda/profil/spieler/420931,real_wc2026_squads_transfermarkt_openfootball,2026-06-02
Keisuke Ōsako,Japan,1700000,salimt_latest_market_value,1700000,,,1700000.0,2025-05-28,,,https://www.transfermarkt.co.uk/keisuke-osako/profil/spieler/415521,real_wc2026_squads_transfermarkt_openfootball,2026-06-02
Keito Nakamura,Japan,8000000,transfermarkt_profile,12000000,8000000.0,2025-12-11,8000000.0,2025-06-02,8000000.0,12000000.0,https://www.transfermarkt.co.uk/keito-nakamura/profil/spieler/405397,real_wc2026_squads_transfermarkt_openfootball,2026-06-02
Junya Itō,Japan,3500000,transfermarkt_profile,10000000,3500000.0,2025-12-10,6000000.0,2025-06-02,3500000.0,10000000.0,https://www.transfermarkt.co.uk/junya-ito/profil/spieler/348791,real_wc2026_squads_transfermarkt_openfootball,2026-06-02
Daichi Kamada,Japan,12000000,transfermarkt_profile,30000000,12000000.0,2025-12-09,12000000.0,2025-05-29,12000000.0,30000000.0,https://www.transfermarkt.co.uk/daichi-kamada/profil/spieler/356141,real_wc2026_squads_transfermarkt_openfootball,2026-06-02
Tsuyoshi Watanabe,Japan,10000000,transfermarkt_profile,10000000,10000000.0,2025-12-02,9000000.0,2025-06-11,10000000.0,10000000.0,https://www.transfermarkt.co.uk/tsuyoshi-watanabe/profil/spieler/598791,real_wc2026_squads_transfermarkt_openfootball,2026-06-02
Yuito Suzuki,Japan,15000000,transfermarkt_profile,15000000,15000000.0,2025-12-19,10000000.0,2025-06-15,15000000.0,15000000.0,https://www.transfermarkt.co.uk/yuito-suzuki/profil/spieler/668606,real_wc2026_squads_transfermarkt_openfootball,2026-06-02
Ayase Ueda,Japan,8000000,transfermarkt_profile,9000000,8000000.0,2024-05-31,8000000.0,2025-05-27,8000000.0,9000000.0,https://www.transfermarkt.co.uk/ayase-ueda/profil/spieler/589128,real_wc2026_squads_transfermarkt_openfootball,2026-06-02
Kōki Ogawa,Japan,2500000,transfermarkt_profile,3000000,2500000.0,2025-12-02,2500000.0,2025-05-27,2500000.0,3000000.0,https://www.transfermarkt.co.uk/koki-ogawa/profil/spieler/351567,real_wc2026_squads_transfermarkt_openfootball,2026-06-02
Ayumu Seko,Japan,1000000,salimt_latest_market_value,1000000,,,1000000.0,2025-06-09,,,https://www.transfermarkt.co.uk/ayumu-seko/profil/spieler/405389,real_wc2026_squads_transfermarkt_openfootball,2026-06-02
Hiroki Itō,Japan,18000000,transfermarkt_profile,30000000,18000000.0,2025-12-19,25000000.0,2025-06-04,18000000.0,30000000.0,https://www.transfermarkt.co.uk/hiroki-ito/profil/spieler/353892,real_wc2026_squads_transfermarkt_openfootball,2026-06-02
Takehiro Tomiyasu,Japan,12000000,transfermarkt_profile,35000000,12000000.0,2025-12-15,18000000.0,2025-05-29,12000000.0,35000000.0,https://www.transfermarkt.co.uk/takehiro-tomiyasu/profil/spieler/331560,real_wc2026_squads_transfermarkt_openfootball,2026-06-02
Tomoki Hayakawa,Japan,1000000,salimt_latest_market_value,1000000,,,1000000.0,2025-05-28,,,https://www.transfermarkt.co.uk/tomoki-hayakawa/profil/spieler/683271,real_wc2026_squads_transfermarkt_openfootball,2026-06-02
Kaishū Sano,Japan,25000000,transfermarkt_profile,25000000,25000000.0,2025-12-19,20000000.0,2025-06-04,25000000.0,25000000.0,https://www.transfermarkt.co.uk/kaishu-sano/profil/spieler/643574,real_wc2026_squads_transfermarkt_openfootball,2026-06-02
Junnosuke Suzuki,Japan,0,missing,0,,,,,,,https://www.transfermarkt.co.uk/junnosuke-suzuki/profil/spieler/848856,real_wc2026_squads_transfermarkt_openfootball,2026-06-02
Kento Shiogai,Japan,2500000,transfermarkt_profile,2500000,2500000.0,2025-12-02,,,2500000.0,2500000.0,https://www.transfermarkt.co.uk/kento-shiogai/profil/spieler/1144627,real_wc2026_squads_transfermarkt_openfootball,2026-06-02
Bart Verbruggen,Netherlands,35000000,transfermarkt_profile,35000000,35000000.0,2025-12-09,30000000.0,2025-05-29,35000000.0,35000000.0,https://www.transfermarkt.co.uk/bart-verbruggen/profil/spieler/565093,real_wc2026_squads_transfermarkt_openfootball,2026-06-02
Jurriën Timber,Netherlands,70000000,transfermarkt_profile,70000000,70000000.0,2025-12-09,55000000.0,2025-05-29,70000000.0,70000000.0,https://www.transfermarkt.co.uk/jurrien-timber/profil/spieler/420243,real_wc2026_squads_transfermarkt_openfootball,2026-06-02
Marten de Roon,Netherlands,7000000,transfermarkt_profile,24000000,7000000.0,2024-06-05,5000000.0,2025-06-16,7000000.0,24000000.0,https://www.transfermarkt.co.uk/marten-de-roon/profil/spieler/133179,real_wc2026_squads_transfermarkt_openfootball,2026-06-02
Virgil van Dijk,Netherlands,18000000,transfermarkt_profile,100000000,18000000.0,2025-12-09,23000000.0,2025-05-29,18000000.0,100000000.0,https://www.transfermarkt.co.uk/virgil-van-dijk/profil/spieler/139208,real_wc2026_squads_transfermarkt_openfootball,2026-06-02
Nathan Aké,Netherlands,18000000,transfermarkt_profile,42000000,18000000.0,2025-12-09,25000000.0,2025-05-29,18000000.0,42000000.0,https://www.transfermarkt.co.uk/nathan-ake/profil/spieler/177476,real_wc2026_squads_transfermarkt_openfootball,2026-06-02
Jan Paul van Hecke,Netherlands,35000000,transfermarkt_profile,35000000,35000000.0,2025-12-09,32000000.0,2025-05-29,35000000.0,35000000.0,https://www.transfermarkt.co.uk/jan-paul-van-hecke/profil/spieler/576314,real_wc2026_squads_transfermarkt_openfootball,2026-06-02
Justin Kluivert,Netherlands,32000000,transfermarkt_profile,35000000,32000000.0,2025-12-09,35000000.0,2025-05-29,32000000.0,35000000.0,https://www.transfermarkt.co.uk/justin-kluivert/profil/spieler/330659,real_wc2026_squads_transfermarkt_openfootball,2026-06-02
Ryan Gravenberch,Netherlands,90000000,transfermarkt_profile,90000000,90000000.0,2025-12-09,75000000.0,2025-05-29,90000000.0,90000000.0,https://www.transfermarkt.co.uk/ryan-gravenberch/profil/spieler/478573,real_wc2026_squads_transfermarkt_openfootball,2026-06-02
Wout Weghorst,Netherlands,3500000,transfermarkt_profile,30000000,3500000.0,2025-12-02,4000000.0,2025-05-27,3500000.0,30000000.0,https://www.transfermarkt.co.uk/wout-weghorst/profil/spieler/228645,real_wc2026_squads_transfermarkt_openfootball,2026-06-02
Memphis Depay,Netherlands,10000000,transfermarkt_profile,55000000,10000000.0,2024-06-07,9000000.0,2025-09-04,10000000.0,55000000.0,https://www.transfermarkt.co.uk/memphis-depay/profil/spieler/167850,real_wc2026_squads_transfermarkt_openfootball,2026-06-02
Cody Gakpo,Netherlands,70000000,transfermarkt_profile,70000000,70000000.0,2025-12-09,70000000.0,2025-05-29,70000000.0,70000000.0,https://www.transfermarkt.co.uk/cody-gakpo/profil/spieler/434675,real_wc2026_squads_transfermarkt_openfootball,2026-06-02
Mats Wieffer,Netherlands,25000000,transfermarkt_profile,30000000,25000000.0,2025-12-09,25000000.0,2025-05-29,25000000.0,30000000.0,https://www.transfermarkt.co.uk/mats-wieffer/profil/spieler/415381,real_wc2026_squads_transfermarkt_openfootball,2026-06-02
Robin Roefs,Netherlands,600000,transfermarkt_profile,600000,600000.0,2024-05-31,4000000.0,2025-05-27,600000.0,600000.0,https://www.transfermarkt.co.uk/robin-roefs/profil/spieler/646991,real_wc2026_squads_transfermarkt_openfootball,2026-06-02
Tijjani Reijnders,Netherlands,65000000,transfermarkt_profile,70000000,65000000.0,2025-12-09,60000000.0,2025-06-16,65000000.0,70000000.0,https://www.transfermarkt.co.uk/tijjani-reijnders/profil/spieler/460939,real_wc2026_squads_transfermarkt_openfootball,2026-06-02
Micky van de Ven,Netherlands,55000000,transfermarkt_profile,55000000,55000000.0,2024-05-27,50000000.0,2025-05-29,55000000.0,55000000.0,https://www.transfermarkt.co.uk/micky-van-de-ven/profil/spieler/557459,real_wc2026_squads_transfermarkt_openfootball,2026-06-02
Guus Til,Netherlands,15000000,transfermarkt_profile,15000000,15000000.0,2025-12-02,12000000.0,2025-05-27,15000000.0,15000000.0,https://www.transfermarkt.co.uk/guus-til/profil/spieler/372267,real_wc2026_squads_transfermarkt_openfootball,2026-06-02
Noa Lang,Netherlands,25000000,transfermarkt_profile,25000000,25000000.0,2025-12-23,25000000.0,2025-05-27,25000000.0,25000000.0,https://www.transfermarkt.co.uk/noa-lang/profil/spieler/339332,real_wc2026_squads_transfermarkt_openfootball,2026-06-02
Donyell Malen,Netherlands,25000000,transfermarkt_profile,40000000,25000000.0,2025-12-09,25000000.0,2025-05-29,25000000.0,40000000.0,https://www.transfermarkt.co.uk/donyell-malen/profil/spieler/326029,real_wc2026_squads_transfermarkt_openfootball,2026-06-02
Brian Brobbey,Netherlands,20000000,transfermarkt_profile,35000000,20000000.0,2025-12-09,22000000.0,2025-05-27,20000000.0,35000000.0,https://www.transfermarkt.co.uk/brian-brobbey/profil/spieler/473169,real_wc2026_squads_transfermarkt_openfootball,2026-06-02
Teun Koopmeiners,Netherlands,28000000,transfermarkt_profile,55000000,28000000.0,2025-12-23,35000000.0,2025-06-16,28000000.0,55000000.0,https://www.transfermarkt.co.uk/teun-koopmeiners/profil/spieler/360518,real_wc2026_squads_transfermarkt_openfootball,2026-06-02
Frenkie de Jong,Netherlands,70000000,transfermarkt_profile,90000000,70000000.0,2024-06-07,45000000.0,2025-06-08,70000000.0,90000000.0,https://www.transfermarkt.co.uk/frenkie-de-jong/profil/spieler/326330,real_wc2026_squads_transfermarkt_openfootball,2026-06-02
Denzel Dumfries,Netherlands,25000000,transfermarkt_profile,35000000,25000000.0,2025-12-23,35000000.0,2025-06-16,25000000.0,35000000.0,https://www.transfermarkt.co.uk/denzel-dumfries/profil/spieler/321528,real_wc2026_squads_transfermarkt_openfootball,2026-06-02
Mark Flekken,Netherlands,8000000,transfermarkt_profile,12000000,8000000.0,2025-12-19,10000000.0,2025-05-29,8000000.0,12000000.0,https://www.transfermarkt.co.uk/mark-flekken/profil/spieler/125714,real_wc2026_squads_transfermarkt_openfootball,2026-06-02
Crysencio Summerville,Netherlands,22000000,transfermarkt_profile,22000000,22000000.0,2025-12-09,22000000.0,2025-05-29,22000000.0,22000000.0,https://www.transfermarkt.co.uk/crysencio-summerville/profil/spieler/474701,real_wc2026_squads_transfermarkt_openfootball,2026-06-02
Jorrel Hato,Netherlands,35000000,transfermarkt_profile,40000000,35000000.0,2025-12-09,35000000.0,2025-05-27,35000000.0,40000000.0,https://www.transfermarkt.co.uk/jorrel-hato/profil/spieler/904802,real_wc2026_squads_transfermarkt_openfootball,2026-06-02
Quinten Timber,Netherlands,28000000,transfermarkt_profile,28000000,28000000.0,2024-05-31,30000000.0,2025-05-27,28000000.0,28000000.0,https://www.transfermarkt.co.uk/quinten-timber/profil/spieler/420213,real_wc2026_squads_transfermarkt_openfootball,2026-06-02
Jacob Widell Zetterström,Sweden,2500000,salimt_latest_market_value,2500000,,,2500000.0,2025-05-26,,,https://www.transfermarkt.co.uk/jacob-widell-zetterstrom/profil/spieler/549440,real_wc2026_squads_transfermarkt_openfootball,2026-06-02
Gustaf Lagerbielke,Sweden,5000000,transfermarkt_profile,5000000,5000000.0,2025-12-18,3000000.0,2025-05-27,5000000.0,5000000.0,https://www.transfermarkt.co.uk/gustaf-lagerbielke/profil/spieler/485395,real_wc2026_squads_transfermarkt_openfootball,2026-06-02
Victor Lindelöf,Sweden,15000000,transfermarkt_profile,35000000,15000000.0,2024-05-27,8000000.0,2025-05-29,15000000.0,35000000.0,https://www.transfermarkt.co.uk/victor-lindelof/profil/spieler/184573,real_wc2026_squads_transfermarkt_openfootball,2026-06-02
Isak Hien,Sweden,25000000,transfermarkt_profile,30000000,25000000.0,2025-12-23,30000000.0,2025-06-16,25000000.0,30000000.0,https://www.transfermarkt.co.uk/isak-hien/profil/spieler/503075,real_wc2026_squads_transfermarkt_openfootball,2026-06-02
Gabriel Gudmundsson,Sweden,15000000,transfermarkt_profile,15000000,15000000.0,2025-12-09,7000000.0,2025-06-02,15000000.0,15000000.0,https://www.transfermarkt.co.uk/gabriel-gudmundsson/profil/spieler/362108,real_wc2026_squads_transfermarkt_openfootball,2026-06-02
Herman Johansson,Sweden,1000000,salimt_latest_market_value,1000000,,,1000000.0,2025-06-17,,,https://www.transfermarkt.co.uk/herman-johansson/profil/spieler/744853,real_wc2026_squads_transfermarkt_openfootball,2026-06-02
Lucas Bergvall,Sweden,40000000,transfermarkt_profile,40000000,40000000.0,2025-12-09,38000000.0,2025-05-29,40000000.0,40000000.0,https://www.transfermarkt.co.uk/lucas-bergvall/profil/spieler/866246,real_wc2026_squads_transfermarkt_openfootball,2026-06-02
Daniel Svensson,Sweden,22000000,transfermarkt_profile,22000000,22000000.0,2025-12-19,12000000.0,2025-06-04,22000000.0,22000000.0,https://www.transfermarkt.co.uk/daniel-svensson/profil/spieler/579287,real_wc2026_squads_transfermarkt_openfootball,2026-06-02
Alexander Isak,Sweden,120000000,transfermarkt_profile,140000000,120000000.0,2025-12-09,120000000.0,2025-05-29,120000000.0,140000000.0,https://www.transfermarkt.co.uk/alexander-isak/profil/spieler/349066,real_wc2026_squads_transfermarkt_openfootball,2026-06-02
Benjamin Nygren,Sweden,6500000,transfermarkt_profile,6500000,6500000.0,2025-12-10,6000000.0,2025-06-15,6500000.0,6500000.0,https://www.transfermarkt.co.uk/benjamin-nygren/profil/spieler/475949,real_wc2026_squads_transfermarkt_openfootball,2026-06-02
Anthony Elanga,Sweden,50000000,transfermarkt_profile,55000000,50000000.0,2025-12-09,42000000.0,2025-05-29,50000000.0,55000000.0,https://www.transfermarkt.co.uk/anthony-elanga/profil/spieler/583189,real_wc2026_squads_transfermarkt_openfootball,2026-06-02
Viktor Johansson,Sweden,8000000,salimt_latest_market_value,8000000,,,8000000.0,2025-05-26,,,https://www.transfermarkt.co.uk/viktor-johansson/profil/spieler/273742,real_wc2026_squads_transfermarkt_openfootball,2026-06-02
Ken Sema,Sweden,2500000,transfermarkt_profile,5000000,2500000.0,2023-06-01,1300000.0,2025-05-28,2500000.0,5000000.0,https://www.transfermarkt.co.uk/ken-sema/profil/spieler/252345,real_wc2026_squads_transfermarkt_openfootball,2026-06-02
Hjalmar Ekdal,Sweden,6000000,transfermarkt_profile,8000000,6000000.0,2025-12-09,4500000.0,2025-05-27,6000000.0,8000000.0,https://www.transfermarkt.co.uk/hjalmar-ekdal/profil/spieler/392179,real_wc2026_squads_transfermarkt_openfootball,2026-06-02
Carl Starfelt,Sweden,6000000,transfermarkt_profile,6500000,6000000.0,2024-06-07,6000000.0,2025-06-08,6000000.0,6500000.0,https://www.transfermarkt.co.uk/carl-starfelt/profil/spieler/258987,real_wc2026_squads_transfermarkt_openfootball,2026-06-02
Jesper Karlström,Sweden,4000000,transfermarkt_profile,4000000,4000000.0,2025-12-23,4000000.0,2025-06-16,4000000.0,4000000.0,https://www.transfermarkt.co.uk/jesper-karlstrom/profil/spieler/222855,real_wc2026_squads_transfermarkt_openfootball,2026-06-02
Viktor Gyökeres,Sweden,70000000,transfermarkt_profile,75000000,70000000.0,2025-12-09,75000000.0,2025-05-29,70000000.0,75000000.0,https://www.transfermarkt.co.uk/viktor-gyokeres/profil/spieler/325443,real_wc2026_squads_transfermarkt_openfootball,2026-06-02
Yasin Ayari,Sweden,30000000,transfermarkt_profile,30000000,30000000.0,2025-12-09,22000000.0,2025-05-29,30000000.0,30000000.0,https://www.transfermarkt.co.uk/yasin-ayari/profil/spieler/667287,real_wc2026_squads_transfermarkt_openfootball,2026-06-02
Mattias Svanberg,Sweden,12000000,transfermarkt_profile,18000000,12000000.0,2025-12-19,12000000.0,2025-06-04,12000000.0,18000000.0,https://www.transfermarkt.co.uk/mattias-svanberg/profil/spieler/342405,real_wc2026_squads_transfermarkt_openfootball,2026-06-02
Eric Smith,Sweden,5000000,transfermarkt_profile,6000000,5000000.0,2025-12-19,5000000.0,2025-06-04,5000000.0,6000000.0,https://www.transfermarkt.co.uk/eric-smith/profil/spieler/292534,real_wc2026_squads_transfermarkt_openfootball,2026-06-02
Alexander Bernhardsson,Sweden,3000000,transfermarkt_profile,3000000,3000000.0,2025-12-16,3000000.0,2025-06-04,3000000.0,3000000.0,https://www.transfermarkt.co.uk/alexander-bernhardsson/profil/spieler/633454,real_wc2026_squads_transfermarkt_openfootball,2026-06-02
Besfort Zeneli,Sweden,4000000,salimt_latest_market_value,4000000,,,4000000.0,2025-06-17,,,https://www.transfermarkt.co.uk/besfort-zeneli/profil/spieler/715653,real_wc2026_squads_transfermarkt_openfootball,2026-06-02
Kristoffer Nordfeldt,Sweden,300000,transfermarkt_profile,3000000,300000.0,2023-09-13,200000.0,2025-06-17,300000.0,3000000.0,https://www.transfermarkt.co.uk/kristoffer-nordfeldt/profil/spieler/75890,real_wc2026_squads_transfermarkt_openfootball,2026-06-02
Elliot Stroud,Sweden,2500000,salimt_latest_market_value,2500000,,,2500000.0,2025-06-17,,,https://www.transfermarkt.co.uk/elliot-stroud/profil/spieler/687622,real_wc2026_squads_transfermarkt_openfootball,2026-06-02
Gustaf Nilsson,Sweden,2500000,transfermarkt_profile,7000000,2500000.0,2025-12-10,5000000.0,2025-06-11,2500000.0,7000000.0,https://www.transfermarkt.co.uk/gustaf-nilsson/profil/spieler/320440,real_wc2026_squads_transfermarkt_openfootball,2026-06-02
Taha Ali,Sweden,1000000,salimt_latest_market_value,1000000,,,1000000.0,2025-06-17,,,https://www.transfermarkt.co.uk/taha-ali/profil/spieler/731771,real_wc2026_squads_transfermarkt_openfootball,2026-06-02
Mouhib Chamakh,Tunisia,0,missing,0,,,,,,,,real_wc2026_squads_transfermarkt_openfootball,2026-06-02
Ali Abdi,Tunisia,2500000,transfermarkt_profile,3000000,2500000.0,2025-12-15,3000000.0,2025-06-02,2500000.0,3000000.0,https://www.transfermarkt.co.uk/ali-abdi/profil/spieler/211474,real_wc2026_squads_transfermarkt_openfootball,2026-06-02
Montassar Talbi,Tunisia,7000000,transfermarkt_profile,8000000,7000000.0,2024-06-03,6000000.0,2025-06-01,7000000.0,8000000.0,https://www.transfermarkt.co.uk/montassar-talbi/profil/spieler/496706,real_wc2026_squads_transfermarkt_openfootball,2026-06-02
Omar Rekik,Tunisia,600000,transfermarkt_profile,1000000,600000.0,2023-06-01,500000.0,2025-05-26,600000.0,1000000.0,https://www.transfermarkt.co.uk/omar-rekik/profil/spieler/578292,real_wc2026_squads_transfermarkt_openfootball,2026-06-02
Adem Arous,Tunisia,0,missing,0,,,,,,,https://www.transfermarkt.co.uk/adem-arous/profil/spieler/1071742,real_wc2026_squads_transfermarkt_openfootball,2026-06-02
Dylan Bronn,Tunisia,1300000,transfermarkt_profile,7000000,1300000.0,2024-05-31,1000000.0,2025-06-01,1300000.0,7000000.0,https://www.transfermarkt.co.uk/dylan-bronn/profil/spieler/450417,real_wc2026_squads_transfermarkt_openfootball,2026-06-02
Elias Achouri,Tunisia,3500000,transfermarkt_profile,3500000,3500000.0,2025-12-15,3500000.0,2025-06-15,3500000.0,3500000.0,https://www.transfermarkt.co.uk/elias-achouri/profil/spieler/645589,real_wc2026_squads_transfermarkt_openfootball,2026-06-02
Elias Saad,Tunisia,4000000,salimt_latest_market_value,4000000,,,4000000.0,2025-06-04,,,https://www.transfermarkt.co.uk/elias-saad/profil/spieler/526466,real_wc2026_squads_transfermarkt_openfootball,2026-06-02
Hazem Mastouri,Tunisia,0,missing,0,,,,,,,https://www.transfermarkt.co.uk/hazem-mastouri/profil/spieler/953150,real_wc2026_squads_transfermarkt_openfootball,2026-06-02
Hannibal Mejbri,Tunisia,0,missing,0,,,,,,,,real_wc2026_squads_transfermarkt_openfootball,2026-06-02
Ismaël Gharbi,Tunisia,7000000,transfermarkt_profile,7500000,7000000.0,2025-12-19,7500000.0,2025-05-29,7000000.0,7500000.0,https://www.transfermarkt.co.uk/ismael-gharbi/profil/spieler/810096,real_wc2026_squads_transfermarkt_openfootball,2026-06-02
Mortadha Ben Ouanes,Tunisia,1500000,transfermarkt_profile,1500000,1500000.0,2024-05-31,1500000.0,2025-06-17,1500000.0,1500000.0,https://www.transfermarkt.co.uk/mortadha-ben-ouanes/profil/spieler/230921,real_wc2026_squads_transfermarkt_openfootball,2026-06-02
Rani Khedira,Tunisia,2000000,transfermarkt_profile,10000000,2000000.0,2025-12-19,2500000.0,2025-06-04,2000000.0,10000000.0,https://www.transfermarkt.co.uk/rani-khedira/profil/spieler/124410,real_wc2026_squads_transfermarkt_openfootball,2026-06-02
Khalil Ayari,Tunisia,0,missing,0,,,,,,,,real_wc2026_squads_transfermarkt_openfootball,2026-06-02
Hadj Mahmoud,Tunisia,0,missing,0,,,,,,,,real_wc2026_squads_transfermarkt_openfootball,2026-06-02
Aymen Dahmen,Tunisia,0,missing,0,,,,,,,https://www.transfermarkt.co.uk/aymen-dahmen/profil/spieler/569433,real_wc2026_squads_transfermarkt_openfootball,2026-06-02
Ellyes Skhiri,Tunisia,6000000,transfermarkt_profile,13000000,6000000.0,2025-12-19,7500000.0,2025-06-04,6000000.0,13000000.0,https://www.transfermarkt.co.uk/ellyes-skhiri/profil/spieler/290587,real_wc2026_squads_transfermarkt_openfootball,2026-06-02
Rayan Elloumi,Tunisia,0,missing,0,,,,,,,https://www.transfermarkt.co.uk/rayan-elloumi/profil/spieler/1273985,real_wc2026_squads_transfermarkt_openfootball,2026-06-02
Firas Chaouat,Tunisia,0,missing,0,,,,,,,,real_wc2026_squads_transfermarkt_openfootball,2026-06-02
Yan Valery,Tunisia,2000000,transfermarkt_profile,7000000,2000000.0,2023-06-27,1400000.0,2025-05-26,2000000.0,7000000.0,https://www.transfermarkt.co.uk/yan-valery/profil/spieler/406008,real_wc2026_squads_transfermarkt_openfootball,2026-06-02
Mohamed Amine Ben Hamida,Tunisia,250000,transfermarkt_profile,900000,250000.0,2023-03-28,300000.0,2025-06-02,250000.0,900000.0,https://www.transfermarkt.co.uk/ayman-ben-mohamed/profil/spieler/249446,real_wc2026_squads_transfermarkt_openfootball,2026-06-02
Sabri Ben Hessen,Tunisia,0,missing,0,,,,,,,https://www.transfermarkt.co.uk/sabri-ben-hessen/profil/spieler/295381,real_wc2026_squads_transfermarkt_openfootball,2026-06-02
Moutaz Neffati,Tunisia,800000,salimt_latest_market_value,800000,,,800000.0,2025-06-17,,,https://www.transfermarkt.co.uk/moutaz-neffati/profil/spieler/1034598,real_wc2026_squads_transfermarkt_openfootball,2026-06-02
Raed Chikhaoui,Tunisia,1000000,transfermarkt_profile,1400000,1000000.0,2023-10-12,0.0,2025-03-20,1000000.0,1400000.0,https://www.transfermarkt.co.uk/haykeul-chikhaoui/profil/spieler/290603,real_wc2026_squads_transfermarkt_openfootball,2026-06-02
Anis Ben Slimane,Tunisia,2500000,transfermarkt_profile,3500000,2500000.0,2024-05-27,3000000.0,2025-05-26,2500000.0,3500000.0,https://www.transfermarkt.co.uk/anis-slimane/profil/spieler/546712,real_wc2026_squads_transfermarkt_openfootball,2026-06-02
Sebastian Tounekti,Tunisia,300000,transfermarkt_profile,350000,300000.0,2023-06-29,1200000.0,2025-06-17,300000.0,350000.0,https://www.transfermarkt.co.uk/sebastian-tounekti/profil/spieler/539677,real_wc2026_squads_transfermarkt_openfootball,2026-06-02
Thibaut Courtois,Belgium,28000000,transfermarkt_profile,75000000,28000000.0,2024-06-07,20000000.0,2025-06-08,28000000.0,75000000.0,https://www.transfermarkt.co.uk/thibaut-courtois/profil/spieler/108390,real_wc2026_squads_transfermarkt_openfootball,2026-06-02
Zeno Debast,Belgium,30000000,transfermarkt_profile,30000000,30000000.0,2025-12-18,,,30000000.0,30000000.0,https://www.transfermarkt.co.uk/zeno-debast/profil/spieler/548193,real_wc2026_squads_transfermarkt_openfootball,2026-06-02
Arthur Theate,Belgium,24000000,transfermarkt_profile,24000000,24000000.0,2025-12-19,24000000.0,2025-06-04,24000000.0,24000000.0,https://www.transfermarkt.co.uk/arthur-theate/profil/spieler/368891,real_wc2026_squads_transfermarkt_openfootball,2026-06-02
Brandon Mechele,Belgium,3000000,transfermarkt_profile,7000000,3000000.0,2025-12-10,3500000.0,2025-06-11,3000000.0,7000000.0,https://www.transfermarkt.co.uk/brandon-mechele/profil/spieler/236168,real_wc2026_squads_transfermarkt_openfootball,2026-06-02
Maxim De Cuyper,Belgium,22000000,transfermarkt_profile,22000000,22000000.0,2025-12-09,16000000.0,2025-06-11,22000000.0,22000000.0,https://www.transfermarkt.co.uk/maxim-de-cuyper/profil/spieler/429915,real_wc2026_squads_transfermarkt_openfootball,2026-06-02
Axel Witsel,Belgium,1400000,transfermarkt_profile,40000000,1400000.0,2025-12-12,2000000.0,2025-06-08,1400000.0,40000000.0,https://www.transfermarkt.co.uk/axel-witsel/profil/spieler/35047,real_wc2026_squads_transfermarkt_openfootball,2026-06-02
Kevin De Bruyne,Belgium,15000000,transfermarkt_profile,150000000,15000000.0,2025-12-23,20000000.0,2025-05-29,15000000.0,150000000.0,https://www.transfermarkt.co.uk/kevin-de-bruyne/profil/spieler/88755,real_wc2026_squads_transfermarkt_openfootball,2026-06-02
Youri Tielemans,Belgium,35000000,transfermarkt_profile,55000000,35000000.0,2025-12-09,38000000.0,2025-05-29,35000000.0,55000000.0,https://www.transfermarkt.co.uk/youri-tielemans/profil/spieler/249565,real_wc2026_squads_transfermarkt_openfootball,2026-06-02
Romelu Lukaku,Belgium,15000000,transfermarkt_profile,100000000,15000000.0,2025-12-23,22000000.0,2025-06-16,15000000.0,100000000.0,https://www.transfermarkt.co.uk/romelu-lukaku/profil/spieler/96341,real_wc2026_squads_transfermarkt_openfootball,2026-06-02
Leandro Trossard,Belgium,20000000,transfermarkt_profile,38000000,20000000.0,2025-12-09,22000000.0,2025-05-29,20000000.0,38000000.0,https://www.transfermarkt.co.uk/leandro-trossard/profil/spieler/144028,real_wc2026_squads_transfermarkt_openfootball,2026-06-02
Jérémy Doku,Belgium,65000000,transfermarkt_profile,65000000,65000000.0,2025-12-09,50000000.0,2025-05-29,65000000.0,65000000.0,https://www.transfermarkt.co.uk/jeremy-doku/profil/spieler/486049,real_wc2026_squads_transfermarkt_openfootball,2026-06-02
Senne Lammens,Belgium,25000000,transfermarkt_profile,25000000,25000000.0,2025-12-09,9000000.0,2025-06-11,25000000.0,25000000.0,https://www.transfermarkt.co.uk/senne-lammens/profil/spieler/503883,real_wc2026_squads_transfermarkt_openfootball,2026-06-02
Mike Penders,Belgium,1000000,transfermarkt_profile,1000000,1000000.0,2024-06-04,12000000.0,2025-06-11,1000000.0,1000000.0,https://www.transfermarkt.co.uk/mike-penders/profil/spieler/834397,real_wc2026_squads_transfermarkt_openfootball,2026-06-02
Dodi Lukébakio,Belgium,20000000,transfermarkt_profile,25000000,20000000.0,2025-12-18,20000000.0,2025-06-08,20000000.0,25000000.0,https://www.transfermarkt.co.uk/dodi-lukebakio/profil/spieler/303259,real_wc2026_squads_transfermarkt_openfootball,2026-06-02
Thomas Meunier,Belgium,1800000,transfermarkt_profile,35000000,1800000.0,2025-12-15,2000000.0,2025-06-02,1800000.0,35000000.0,https://www.transfermarkt.co.uk/thomas-meunier/profil/spieler/100986,real_wc2026_squads_transfermarkt_openfootball,2026-06-02
Koni De Winter,Belgium,12000000,transfermarkt_profile,12000000,12000000.0,2024-06-05,22000000.0,2025-06-16,12000000.0,12000000.0,https://www.transfermarkt.co.uk/koni-de-winter/profil/spieler/490384,real_wc2026_squads_transfermarkt_openfootball,2026-06-02
Charles De Ketelaere,Belgium,34000000,transfermarkt_profile,34000000,34000000.0,2024-06-05,35000000.0,2025-06-16,34000000.0,34000000.0,https://www.transfermarkt.co.uk/charles-de-ketelaere/profil/spieler/435772,real_wc2026_squads_transfermarkt_openfootball,2026-06-02
Joaquin Seys,Belgium,600000,transfermarkt_profile,600000,600000.0,2024-06-20,8000000.0,2025-06-11,600000.0,600000.0,https://www.transfermarkt.co.uk/joaquin-seys/profil/spieler/981196,real_wc2026_squads_transfermarkt_openfootball,2026-06-02
Diego Moreira,Belgium,18000000,transfermarkt_profile,18000000,18000000.0,2025-12-15,18000000.0,2025-06-02,18000000.0,18000000.0,https://www.transfermarkt.co.uk/diego-moreira/profil/spieler/655006,real_wc2026_squads_transfermarkt_openfootball,2026-06-02
Hans Vanaken,Belgium,6000000,transfermarkt_profile,16000000,6000000.0,2025-12-10,7000000.0,2025-06-11,6000000.0,16000000.0,https://www.transfermarkt.co.uk/hans-vanaken/profil/spieler/137576,real_wc2026_squads_transfermarkt_openfootball,2026-06-02
Timothy Castagne,Belgium,10000000,transfermarkt_profile,28000000,10000000.0,2025-12-09,13000000.0,2025-05-29,10000000.0,28000000.0,https://www.transfermarkt.co.uk/timothy-castagne/profil/spieler/262226,real_wc2026_squads_transfermarkt_openfootball,2026-06-02
Alexis Saelemaekers,Belgium,12000000,transfermarkt_profile,20000000,12000000.0,2024-06-05,17000000.0,2025-06-16,12000000.0,20000000.0,https://www.transfermarkt.co.uk/alexis-saelemaekers/profil/spieler/381950,real_wc2026_squads_transfermarkt_openfootball,2026-06-02
Nicolas Raskin,Belgium,6500000,transfermarkt_profile,8000000,6500000.0,2024-05-30,10000000.0,2025-06-16,6500000.0,8000000.0,https://www.transfermarkt.co.uk/nicolas-raskin/profil/spieler/422763,real_wc2026_squads_transfermarkt_openfootball,2026-06-02
Amadou Onana,Belgium,42000000,transfermarkt_profile,55000000,42000000.0,2025-12-09,50000000.0,2025-05-29,42000000.0,55000000.0,https://www.transfermarkt.co.uk/amadou-onana/profil/spieler/485706,real_wc2026_squads_transfermarkt_openfootball,2026-06-02
Nathan Ngoy,Belgium,3500000,transfermarkt_profile,4000000,3500000.0,2024-06-04,3500000.0,2025-06-11,3500000.0,4000000.0,https://www.transfermarkt.co.uk/nathan-ngoy/profil/spieler/548254,real_wc2026_squads_transfermarkt_openfootball,2026-06-02
Matias Fernandez-Pardo,Belgium,3000000,transfermarkt_profile,3000000,3000000.0,2024-06-04,15000000.0,2025-06-02,3000000.0,3000000.0,https://www.transfermarkt.co.uk/matias-fernandez-pardo/profil/spieler/724129,real_wc2026_squads_transfermarkt_openfootball,2026-06-02
Mohamed El Shenawy,Egypt,0,missing,0,,,,,,,https://www.transfermarkt.co.uk/mohamed-el-shenawy/profil/spieler/134573,real_wc2026_squads_transfermarkt_openfootball,2026-06-02
Yasser Ibrahim,Egypt,0,missing,0,,,,,,,https://www.transfermarkt.co.uk/yasser-ibrahim/profil/spieler/237425,real_wc2026_squads_transfermarkt_openfootball,2026-06-02
Mohamed Hany,Egypt,0,missing,0,,,,,,,https://www.transfermarkt.co.uk/mohamed-hany/profil/spieler/343974,real_wc2026_squads_transfermarkt_openfootball,2026-06-02
Hossam Abdelmaguid,Egypt,0,missing,0,,,,,,,https://www.transfermarkt.co.uk/hossam-abdelmaguid/profil/spieler/737524,real_wc2026_squads_transfermarkt_openfootball,2026-06-02
Ramy Rabia,Egypt,400000,transfermarkt_profile,1200000,400000.0,2023-06-29,,,400000.0,1200000.0,https://www.transfermarkt.co.uk/ramy-rabia/profil/spieler/172623,real_wc2026_squads_transfermarkt_openfootball,2026-06-02
Mohamed Abdelmonem,Egypt,3000000,transfermarkt_profile,4000000,3000000.0,2025-12-15,4000000.0,2025-06-02,3000000.0,4000000.0,https://www.transfermarkt.co.uk/mohamed-abdelmonem/profil/spieler/566025,real_wc2026_squads_transfermarkt_openfootball,2026-06-02
Trézéguet,Egypt,4500000,transfermarkt_profile,11000000,4500000.0,2025-12-01,5000000.0,2025-05-27,4500000.0,11000000.0,https://www.transfermarkt.co.uk/trezeguet/profil/spieler/234189,real_wc2026_squads_transfermarkt_openfootball,2026-06-02
Emam Ashour,Egypt,2000000,transfermarkt_profile,2500000,2000000.0,2023-06-26,4000000.0,2025-06-12,2000000.0,2500000.0,https://www.transfermarkt.co.uk/emam-ashour/profil/spieler/604008,real_wc2026_squads_transfermarkt_openfootball,2026-06-02
Hamza Abdelkarim,Egypt,0,missing,0,,,,,,,,real_wc2026_squads_transfermarkt_openfootball,2026-06-02
Mohamed Salah,Egypt,30000000,transfermarkt_profile,150000000,30000000.0,2025-12-09,50000000.0,2025-05-29,30000000.0,150000000.0,https://www.transfermarkt.co.uk/mohamed-salah/profil/spieler/148455,real_wc2026_squads_transfermarkt_openfootball,2026-06-02
Mostafa Ziko,Egypt,0,missing,0,,,,,,,,real_wc2026_squads_transfermarkt_openfootball,2026-06-02
Haissem Hassan,Egypt,1500000,transfermarkt_profile,2000000,1500000.0,2023-06-14,2500000.0,2025-06-23,1500000.0,2000000.0,https://www.transfermarkt.co.uk/haissem-hassan/profil/spieler/620164,real_wc2026_squads_transfermarkt_openfootball,2026-06-02
Ahmed Fatouh,Egypt,0,missing,0,,,,,,,https://www.transfermarkt.co.uk/ahmed-fatouh/profil/spieler/465966,real_wc2026_squads_transfermarkt_openfootball,2026-06-02
Hamdy Fathy,Egypt,0,missing,0,,,,,,,https://www.transfermarkt.co.uk/hamdy-fathy/profil/spieler/340303,real_wc2026_squads_transfermarkt_openfootball,2026-06-02
Karim Hafez,Egypt,600000,transfermarkt_profile,1500000,600000.0,2023-06-29,300000.0,2025-06-12,600000.0,1500000.0,https://www.transfermarkt.co.uk/karim-hafez/profil/spieler/333004,real_wc2026_squads_transfermarkt_openfootball,2026-06-02
El Mahdy Soliman,Egypt,0,missing,0,,,,,,,,real_wc2026_squads_transfermarkt_openfootball,2026-06-02
Mohanad Lasheen,Egypt,0,missing,0,,,,,,,,real_wc2026_squads_transfermarkt_openfootball,2026-06-02
Nabil Emad,Egypt,0,missing,0,,,,,,,,real_wc2026_squads_transfermarkt_openfootball,2026-06-02
Marwan Attia,Egypt,0,missing,0,,,,,,,https://www.transfermarkt.co.uk/marwan-hamdi/profil/spieler/557938,real_wc2026_squads_transfermarkt_openfootball,2026-06-02
Ibrahim Adel,Egypt,0,missing,0,,,,,,,https://www.transfermarkt.co.uk/ibrahim-adel/profil/spieler/677278,real_wc2026_squads_transfermarkt_openfootball,2026-06-02
Mahmoud Saber,Egypt,0,missing,0,,,,,,,https://www.transfermarkt.co.uk/mahmoud-saber/profil/spieler/729390,real_wc2026_squads_transfermarkt_openfootball,2026-06-02
Omar Marmoush,Egypt,65000000,transfermarkt_profile,75000000,65000000.0,2025-12-09,75000000.0,2025-05-29,65000000.0,75000000.0,https://www.transfermarkt.co.uk/omar-marmoush/profil/spieler/445939,real_wc2026_squads_transfermarkt_openfootball,2026-06-02
Mostafa Shobeir,Egypt,0,missing,0,,,,,,,https://www.transfermarkt.co.uk/oufa-shobeir/profil/spieler/661455,real_wc2026_squads_transfermarkt_openfootball,2026-06-02
Tarek Alaa,Egypt,0,missing,0,,,,,,,,real_wc2026_squads_transfermarkt_openfootball,2026-06-02
Zizo,Egypt,5000000,transfermarkt_profile,5000000,5000000.0,2023-06-29,,,5000000.0,5000000.0,https://www.transfermarkt.co.uk/zizo/profil/spieler/320722,real_wc2026_squads_transfermarkt_openfootball,2026-06-02
Mohamed Alaa,Egypt,0,missing,0,,,,,,,https://www.transfermarkt.co.uk/mohamed-awad/profil/spieler/184818,real_wc2026_squads_transfermarkt_openfootball,2026-06-02
Alireza Beiranvand,Iran,1200000,transfermarkt_profile,3500000,1200000.0,2023-11-28,800000.0,2025-05-15,1200000.0,3500000.0,https://www.transfermarkt.co.uk/alireza-beiranvand/profil/spieler/229081,real_wc2026_squads_transfermarkt_openfootball,2026-06-02
Saleh Hardani,Iran,0,missing,0,,,,,,,,real_wc2026_squads_transfermarkt_openfootball,2026-06-02
Ehsan Hajsafi,Iran,275000,transfermarkt_profile,1500000,275000.0,2025-12-08,300000.0,2025-05-22,275000.0,1500000.0,https://www.transfermarkt.co.uk/ehsan-hajsafi/profil/spieler/77547,real_wc2026_squads_transfermarkt_openfootball,2026-06-02
Shojae Khalilzadeh,Iran,0,missing,0,,,,,,,,real_wc2026_squads_transfermarkt_openfootball,2026-06-02
Milad Mohammadi,Iran,1300000,transfermarkt_profile,5000000,1300000.0,2024-05-31,1200000.0,2025-05-15,1300000.0,5000000.0,https://www.transfermarkt.co.uk/milad-mohammadi/profil/spieler/333355,real_wc2026_squads_transfermarkt_openfootball,2026-06-02
Saeid Ezatolahi,Iran,900000,transfermarkt_profile,1500000,900000.0,2024-06-03,1300000.0,2025-05-28,900000.0,1500000.0,https://www.transfermarkt.co.uk/saeid-ezatolahi/profil/spieler/249271,real_wc2026_squads_transfermarkt_openfootball,2026-06-02
Alireza Jahanbakhsh,Iran,3000000,transfermarkt_profile,18000000,3000000.0,2024-05-31,1500000.0,2025-05-27,3000000.0,18000000.0,https://www.transfermarkt.co.uk/alireza-jahanbakhsh/profil/spieler/213268,real_wc2026_squads_transfermarkt_openfootball,2026-06-02
Mohammad Mohebi,Iran,3500000,transfermarkt_profile,3500000,3500000.0,2024-06-04,3000000.0,2025-06-03,3500000.0,3500000.0,https://www.transfermarkt.co.uk/mohammad-mohebi/profil/spieler/603149,real_wc2026_squads_transfermarkt_openfootball,2026-06-02
Mehdi Taremi,Iran,2500000,transfermarkt_profile,20000000,2500000.0,2025-12-12,3500000.0,2025-06-16,2500000.0,20000000.0,https://www.transfermarkt.co.uk/mehdi-taremi/profil/spieler/307058,real_wc2026_squads_transfermarkt_openfootball,2026-06-02
Mehdi Ghayedi,Iran,0,missing,0,,,,,,,https://www.transfermarkt.co.uk/mehdi-ghayedi/profil/spieler/478192,real_wc2026_squads_transfermarkt_openfootball,2026-06-02
Ali Alipour,Iran,1000000,transfermarkt_profile,1500000,1000000.0,2024-06-06,1200000.0,2025-05-15,1000000.0,1500000.0,https://www.transfermarkt.co.uk/ali-alipour/profil/spieler/249360,real_wc2026_squads_transfermarkt_openfootball,2026-06-02
Payam Niazmand,Iran,750000,transfermarkt_profile,900000,750000.0,2023-11-28,650000.0,2025-05-15,750000.0,900000.0,https://www.transfermarkt.co.uk/payam-niazmand/profil/spieler/343044,real_wc2026_squads_transfermarkt_openfootball,2026-06-02
Hossein Kanaanizadegan,Iran,0,missing,0,,,,,,,,real_wc2026_squads_transfermarkt_openfootball,2026-06-02
Saman Ghoddos,Iran,2000000,transfermarkt_profile,5000000,2000000.0,2024-05-27,1500000.0,2025-05-28,2000000.0,5000000.0,https://www.transfermarkt.co.uk/saman-ghoddos/profil/spieler/204294,real_wc2026_squads_transfermarkt_openfootball,2026-06-02
Rouzbeh Cheshmi,Iran,0,missing,0,,,,,,,,real_wc2026_squads_transfermarkt_openfootball,2026-06-02
Mehdi Torabi,Iran,0,missing,0,,,,,,,https://www.transfermarkt.co.uk/mehdi-tikdari/profil/spieler/455356,real_wc2026_squads_transfermarkt_openfootball,2026-06-02
Aria Yousefi,Iran,0,missing,0,,,,,,,,real_wc2026_squads_transfermarkt_openfootball,2026-06-02
Amirhossein Hosseinzadeh,Iran,700000,transfermarkt_profile,850000,700000.0,2023-11-28,1500000.0,2025-05-15,700000.0,850000.0,https://www.transfermarkt.co.uk/amirhossein-hosseinzadeh/profil/spieler/542380,real_wc2026_squads_transfermarkt_openfootball,2026-06-02
Ali Nemati,Iran,0,missing,0,,,,,,,,real_wc2026_squads_transfermarkt_openfootball,2026-06-02
Shahriyar Moghanlou,Iran,900000,transfermarkt_profile,1000000,900000.0,2023-11-28,,,900000.0,1000000.0,https://www.transfermarkt.co.uk/shahriar-moghanlou/profil/spieler/357125,real_wc2026_squads_transfermarkt_openfootball,2026-06-02
Mohammad Ghorbani,Iran,800000,transfermarkt_profile,800000,800000.0,2024-06-04,,,800000.0,800000.0,https://www.transfermarkt.co.uk/mohammad-ghorbani/profil/spieler/856087,real_wc2026_squads_transfermarkt_openfootball,2026-06-02
Hossein Hosseini,Iran,700000,transfermarkt_profile,850000,700000.0,2023-11-28,1500000.0,2025-05-15,700000.0,850000.0,https://www.transfermarkt.co.uk/amirhossein-hosseinzadeh/profil/spieler/542380,real_wc2026_squads_transfermarkt_openfootball,2026-06-02
Ramin Rezaeian,Iran,450000,transfermarkt_profile,1200000,450000.0,2023-11-28,,,450000.0,1200000.0,https://www.transfermarkt.co.uk/ramin-rezaeian/profil/spieler/188312,real_wc2026_squads_transfermarkt_openfootball,2026-06-02
Dennis Eckert,Iran,2000000,transfermarkt_profile,2500000,2000000.0,2025-12-10,2500000.0,2025-06-11,2000000.0,2500000.0,https://www.transfermarkt.co.uk/dennis-eckert-ayensa/profil/spieler/249303,real_wc2026_squads_transfermarkt_openfootball,2026-06-02
Danial Eiri,Iran,0,missing,0,,,,,,,,real_wc2026_squads_transfermarkt_openfootball,2026-06-02
Amirmohammad Razzaghinia,Iran,0,missing,0,,,,,,,,real_wc2026_squads_transfermarkt_openfootball,2026-06-02
Max Crocombe,New Zealand,225000,salimt_latest_market_value,225000,,,225000.0,2025-06-17,,,https://www.transfermarkt.co.uk/max-crocombe/profil/spieler/207843,real_wc2026_squads_transfermarkt_openfootball,2026-06-02
Tim Payne,New Zealand,450000,salimt_latest_market_value,450000,,,450000.0,2025-06-02,,,https://www.transfermarkt.co.uk/tim-payne/profil/spieler/149901,real_wc2026_squads_transfermarkt_openfootball,2026-06-02
Francis de Vries,New Zealand,600000,salimt_latest_market_value,600000,,,600000.0,2025-06-02,,,https://www.transfermarkt.co.uk/francis-de-vries/profil/spieler/207061,real_wc2026_squads_transfermarkt_openfootball,2026-06-02
Tyler Bindon,New Zealand,1500000,transfermarkt_profile,1500000,1500000.0,2025-12-03,1200000.0,2025-06-17,1500000.0,1500000.0,https://www.transfermarkt.co.uk/tyler-bindon/profil/spieler/1007720,real_wc2026_squads_transfermarkt_openfootball,2026-06-02
Michael Boxall,New Zealand,150000,salimt_latest_market_value,150000,,,150000.0,2025-06-04,,,https://www.transfermarkt.co.uk/michael-boxall/profil/spieler/81723,real_wc2026_squads_transfermarkt_openfootball,2026-06-02
Joe Bell,New Zealand,1200000,transfermarkt_profile,1500000,1200000.0,2024-06-12,2000000.0,2025-06-17,1200000.0,1500000.0,https://www.transfermarkt.co.uk/joe-bell/profil/spieler/345700,real_wc2026_squads_transfermarkt_openfootball,2026-06-02
Matthew Garbett,New Zealand,500000,transfermarkt_profile,500000,500000.0,2023-07-04,400000.0,2025-05-27,500000.0,500000.0,https://www.transfermarkt.co.uk/matthew-garbett/profil/spieler/617019,real_wc2026_squads_transfermarkt_openfootball,2026-06-02
Marko Stamenić,New Zealand,3000000,transfermarkt_profile,5000000,3000000.0,2025-12-03,3000000.0,2025-05-22,3000000.0,5000000.0,https://www.transfermarkt.co.uk/marko-stamenic/profil/spieler/617018,real_wc2026_squads_transfermarkt_openfootball,2026-06-02
Chris Wood,New Zealand,8000000,transfermarkt_profile,18000000,8000000.0,2025-12-09,10000000.0,2025-05-29,8000000.0,18000000.0,https://www.transfermarkt.co.uk/chris-wood/profil/spieler/108725,real_wc2026_squads_transfermarkt_openfootball,2026-06-02
Sarpreet Singh,New Zealand,600000,transfermarkt_profile,1500000,600000.0,2023-10-20,300000.0,2025-06-22,600000.0,1500000.0,https://www.transfermarkt.co.uk/sarpreet-singh/profil/spieler/350357,real_wc2026_squads_transfermarkt_openfootball,2026-06-02
Elijah Just,New Zealand,350000,transfermarkt_profile,350000,350000.0,2023-06-26,,,350000.0,350000.0,https://www.transfermarkt.co.uk/elijah-just/profil/spieler/485672,real_wc2026_squads_transfermarkt_openfootball,2026-06-02
Alex Paulsen,New Zealand,0,missing,0,,,,,,,https://www.transfermarkt.co.uk/alex-paulsen/profil/spieler/617009,real_wc2026_squads_transfermarkt_openfootball,2026-06-02
Liberato Cacace,New Zealand,3000000,transfermarkt_profile,3000000,3000000.0,2025-12-03,3000000.0,2025-06-16,3000000.0,3000000.0,https://www.transfermarkt.co.uk/liberato-cacace/profil/spieler/469211,real_wc2026_squads_transfermarkt_openfootball,2026-06-02
Alex Rufer,New Zealand,600000,salimt_latest_market_value,600000,,,600000.0,2025-06-02,,,https://www.transfermarkt.co.uk/alex-rufer/profil/spieler/256019,real_wc2026_squads_transfermarkt_openfootball,2026-06-02
Nando Pijnaker,New Zealand,175000,transfermarkt_profile,200000,175000.0,2023-06-22,,,175000.0,200000.0,https://www.transfermarkt.co.uk/nando-pijnaker/profil/spieler/455425,real_wc2026_squads_transfermarkt_openfootball,2026-06-02
Finn Surman,New Zealand,800000,salimt_latest_market_value,800000,,,800000.0,2025-06-04,,,https://www.transfermarkt.co.uk/finn-surman/profil/spieler/724809,real_wc2026_squads_transfermarkt_openfootball,2026-06-02
Kosta Barbarouses,New Zealand,500000,transfermarkt_profile,800000,500000.0,2023-04-05,350000.0,2025-06-02,500000.0,800000.0,https://www.transfermarkt.co.uk/kosta-barbarouses/profil/spieler/50200,real_wc2026_squads_transfermarkt_openfootball,2026-06-02
Ben Waine,New Zealand,550000,salimt_latest_market_value,550000,,,550000.0,2025-06-17,,,https://www.transfermarkt.co.uk/ben-waine/profil/spieler/539502,real_wc2026_squads_transfermarkt_openfootball,2026-06-02
Ben Old,New Zealand,600000,transfermarkt_profile,800000,600000.0,2025-12-11,700000.0,2025-06-02,600000.0,800000.0,https://www.transfermarkt.co.uk/ben-old/profil/spieler/617021,real_wc2026_squads_transfermarkt_openfootball,2026-06-02
Callum McCowatt,New Zealand,2000000,transfermarkt_profile,2000000,2000000.0,2025-12-15,,,2000000.0,2000000.0,https://www.transfermarkt.co.uk/callum-mccowatt/profil/spieler/400797,real_wc2026_squads_transfermarkt_openfootball,2026-06-02
Jesse Randall,New Zealand,350000,salimt_latest_market_value,350000,,,350000.0,2025-06-02,,,https://www.transfermarkt.co.uk/jesse-randall/profil/spieler/677509,real_wc2026_squads_transfermarkt_openfootball,2026-06-02
Michael Woud,New Zealand,250000,transfermarkt_profile,500000,250000.0,2023-06-28,200000.0,2025-06-02,250000.0,500000.0,https://www.transfermarkt.co.uk/michael-woud/profil/spieler/350347,real_wc2026_squads_transfermarkt_openfootball,2026-06-02
Ryan Thomas,New Zealand,900000,transfermarkt_profile,3000000,900000.0,2024-05-31,700000.0,2025-05-27,900000.0,3000000.0,https://www.transfermarkt.co.uk/ryan-thomas/profil/spieler/203357,real_wc2026_squads_transfermarkt_openfootball,2026-06-02
Callan Elliot,New Zealand,300000,transfermarkt_profile,300000,300000.0,2024-05-30,300000.0,2025-06-02,300000.0,300000.0,https://www.transfermarkt.co.uk/callan-elliot/profil/spieler/482204,real_wc2026_squads_transfermarkt_openfootball,2026-06-02
Lachlan Bayliss,New Zealand,350000,salimt_latest_market_value,350000,,,350000.0,2025-06-02,,,https://www.transfermarkt.co.uk/lachlan-bayliss/profil/spieler/1109358,real_wc2026_squads_transfermarkt_openfootball,2026-06-02
Tommy Smith,New Zealand,100000,salimt_latest_market_value,100000,,,100000.0,2025-06-02,,,https://www.transfermarkt.co.uk/tommy-smith/profil/spieler/54381,real_wc2026_squads_transfermarkt_openfootball,2026-06-02
Vozinha,Cape Verde,0,missing,0,,,,,,,,real_wc2026_squads_transfermarkt_openfootball,2026-06-02
Stopira,Cape Verde,0,missing,0,,,,,,,,real_wc2026_squads_transfermarkt_openfootball,2026-06-02
Diney,Cape Verde,0,missing,0,,,,,,,,real_wc2026_squads_transfermarkt_openfootball,2026-06-02
Roberto Lopes,Cape Verde,0,missing,0,,,,,,,,real_wc2026_squads_transfermarkt_openfootball,2026-06-02
Logan Costa,Cape Verde,18000000,transfermarkt_profile,18000000,18000000.0,2025-12-12,18000000.0,2025-06-08,18000000.0,18000000.0,https://www.transfermarkt.co.uk/logan-costa/profil/spieler/484988,real_wc2026_squads_transfermarkt_openfootball,2026-06-02
Kevin Pina,Cape Verde,4500000,transfermarkt_profile,5000000,4500000.0,2025-12-16,5000000.0,2025-06-03,4500000.0,5000000.0,https://www.transfermarkt.co.uk/kevin-lenini/profil/spieler/544586,real_wc2026_squads_transfermarkt_openfootball,2026-06-02
Jovane Cabral,Cape Verde,800000,transfermarkt_profile,10000000,800000.0,2025-12-18,1000000.0,2025-05-29,800000.0,10000000.0,https://www.transfermarkt.co.uk/jovane-cabral/profil/spieler/448466,real_wc2026_squads_transfermarkt_openfootball,2026-06-02
João Paulo,Cape Verde,0,missing,0,,,,,,,https://www.transfermarkt.co.uk/joao-paulo/profil/spieler/623965,real_wc2026_squads_transfermarkt_openfootball,2026-06-02
Gilson Benchimol,Cape Verde,650000,transfermarkt_profile,650000,650000.0,2023-06-28,700000.0,2025-06-03,650000.0,650000.0,https://www.transfermarkt.co.uk/benchimol/profil/spieler/820252,real_wc2026_squads_transfermarkt_openfootball,2026-06-02
Jamiro Monteiro,Cape Verde,750000,transfermarkt_profile,4000000,750000.0,2025-12-02,1000000.0,2025-05-27,750000.0,4000000.0,https://www.transfermarkt.co.uk/jamiro-monteiro/profil/spieler/272930,real_wc2026_squads_transfermarkt_openfootball,2026-06-02
Garry Rodrigues,Cape Verde,325000,transfermarkt_profile,9000000,325000.0,2025-12-23,500000.0,2025-06-17,325000.0,9000000.0,https://www.transfermarkt.co.uk/garry-rodrigues/profil/spieler/170895,real_wc2026_squads_transfermarkt_openfootball,2026-06-02
Márcio Rosa,Cape Verde,0,missing,0,,,,,,,https://www.transfermarkt.co.uk/mario-evora/profil/spieler/396583,real_wc2026_squads_transfermarkt_openfootball,2026-06-02
Sidny Lopes Cabral,Cape Verde,350000,salimt_latest_market_value,350000,,,350000.0,2025-06-10,,,https://www.transfermarkt.co.uk/sidny-lopes-cabral/profil/spieler/611855,real_wc2026_squads_transfermarkt_openfootball,2026-06-02
Deroy Duarte,Cape Verde,1000000,transfermarkt_profile,1500000,1000000.0,2024-05-31,,,1000000.0,1500000.0,https://www.transfermarkt.co.uk/deroy-duarte/profil/spieler/432852,real_wc2026_squads_transfermarkt_openfootball,2026-06-02
Laros Duarte,Cape Verde,1000000,transfermarkt_profile,1500000,1000000.0,2025-12-08,,,1000000.0,1500000.0,https://www.transfermarkt.co.uk/laros-duarte/profil/spieler/258513,real_wc2026_squads_transfermarkt_openfootball,2026-06-02
Yannick Semedo,Cape Verde,0,missing,0,,,,,,,,real_wc2026_squads_transfermarkt_openfootball,2026-06-02
Willy Semedo,Cape Verde,700000,transfermarkt_profile,800000,700000.0,2023-09-29,1000000.0,2025-05-28,700000.0,800000.0,https://www.transfermarkt.co.uk/willy-semedo/profil/spieler/531450,real_wc2026_squads_transfermarkt_openfootball,2026-06-02
Telmo Arcanjo,Cape Verde,3000000,transfermarkt_profile,3000000,3000000.0,2025-12-18,3000000.0,2025-05-29,3000000.0,3000000.0,https://www.transfermarkt.co.uk/telmo-arcanjo/profil/spieler/791528,real_wc2026_squads_transfermarkt_openfootball,2026-06-02
Dailon Livramento,Cape Verde,800000,salimt_latest_market_value,800000,,,800000.0,2025-06-16,,,https://www.transfermarkt.co.uk/dailon-livramento/profil/spieler/676411,real_wc2026_squads_transfermarkt_openfootball,2026-06-02
Ryan Mendes,Cape Verde,700000,transfermarkt_profile,3500000,700000.0,2024-05-31,450000.0,2025-06-24,700000.0,3500000.0,https://www.transfermarkt.co.uk/ryan-mendes/profil/spieler/111627,real_wc2026_squads_transfermarkt_openfootball,2026-06-02
Nuno da Costa,Cape Verde,800000,transfermarkt_profile,5000000,800000.0,2024-05-31,600000.0,2025-06-17,800000.0,5000000.0,https://www.transfermarkt.co.uk/nuno-da-costa/profil/spieler/306166,real_wc2026_squads_transfermarkt_openfootball,2026-06-02
Steven Moreira,Cape Verde,1500000,transfermarkt_profile,2000000,1500000.0,2023-08-22,1800000.0,2025-06-04,1500000.0,2000000.0,https://www.transfermarkt.co.uk/steven-moreira/profil/spieler/203517,real_wc2026_squads_transfermarkt_openfootball,2026-06-02
CJ dos Santos,Cape Verde,800000,salimt_latest_market_value,800000,,,800000.0,2025-06-04,,,https://www.transfermarkt.co.uk/cj-dos-santos/profil/spieler/532096,real_wc2026_squads_transfermarkt_openfootball,2026-06-02
Wagner Pina,Cape Verde,7000000,transfermarkt_profile,7000000,7000000.0,2025-12-17,5000000.0,2025-05-29,7000000.0,7000000.0,https://www.transfermarkt.co.uk/wagner-pina/profil/spieler/1072017,real_wc2026_squads_transfermarkt_openfootball,2026-06-02
Kelvin Pires,Cape Verde,0,missing,0,,,,,,,,real_wc2026_squads_transfermarkt_openfootball,2026-06-02
Hélio Varela,Cape Verde,1200000,transfermarkt_profile,2500000,1200000.0,2025-12-22,1200000.0,2025-06-11,1200000.0,2500000.0,https://www.transfermarkt.co.uk/helio-varela/profil/spieler/840836,real_wc2026_squads_transfermarkt_openfootball,2026-06-02
Nawaf Al-Aqidi,Saudi Arabia,0,missing,0,,,,,,,https://www.transfermarkt.co.uk/nawaf-al-aqidi/profil/spieler/886183,real_wc2026_squads_transfermarkt_openfootball,2026-06-02
Ali Majrashi,Saudi Arabia,0,missing,0,,,,,,,https://www.transfermarkt.co.uk/ali-majrashi/profil/spieler/672391,real_wc2026_squads_transfermarkt_openfootball,2026-06-02
Ali Lajami,Saudi Arabia,0,missing,0,,,,,,,https://www.transfermarkt.co.uk/ali-lajami/profil/spieler/264909,real_wc2026_squads_transfermarkt_openfootball,2026-06-02
Abdulelah Al-Amri,Saudi Arabia,0,missing,0,,,,,,,https://www.transfermarkt.co.uk/abdulelah-al-amri/profil/spieler/509894,real_wc2026_squads_transfermarkt_openfootball,2026-06-02
Hassan Al-Tambakti,Saudi Arabia,0,missing,0,,,,,,,https://www.transfermarkt.co.uk/hassan-tambakti/profil/spieler/509897,real_wc2026_squads_transfermarkt_openfootball,2026-06-02
Nasser Al-Dawsari,Saudi Arabia,0,missing,0,,,,,,,https://www.transfermarkt.co.uk/nasser-al-dawsari/profil/spieler/509911,real_wc2026_squads_transfermarkt_openfootball,2026-06-02
Musab Al-Juwayr,Saudi Arabia,0,missing,0,,,,,,,https://www.transfermarkt.co.uk/musab-al-juwayr/profil/spieler/901181,real_wc2026_squads_transfermarkt_openfootball,2026-06-02
Ayman Yahya,Saudi Arabia,0,missing,0,,,,,,,https://www.transfermarkt.co.uk/ayman-yahya/profil/spieler/735815,real_wc2026_squads_transfermarkt_openfootball,2026-06-02
Firas Al-Buraikan,Saudi Arabia,0,missing,0,,,,,,,https://www.transfermarkt.co.uk/firas-al-buraikan/profil/spieler/631922,real_wc2026_squads_transfermarkt_openfootball,2026-06-02
Salem Al-Dawsari,Saudi Arabia,2000000,transfermarkt_profile,3200000,2000000.0,2023-10-24,,,2000000.0,3200000.0,https://www.transfermarkt.co.uk/salem-al-dawsari/profil/spieler/195332,real_wc2026_squads_transfermarkt_openfootball,2026-06-02
Saleh Al-Shehri,Saudi Arabia,650000,transfermarkt_profile,1800000,650000.0,2023-06-12,,,650000.0,1800000.0,https://www.transfermarkt.co.uk/saleh-al-shehri/profil/spieler/242267,real_wc2026_squads_transfermarkt_openfootball,2026-06-02
Saud Abdulhamid,Saudi Arabia,3000000,transfermarkt_profile,4000000,3000000.0,2025-12-15,3000000.0,2025-06-16,3000000.0,4000000.0,https://www.transfermarkt.co.uk/saud-abdulhamid/profil/spieler/631927,real_wc2026_squads_transfermarkt_openfootball,2026-06-02
Nawaf Boushal,Saudi Arabia,0,missing,0,,,,,,,https://www.transfermarkt.co.uk/nawaf-boushal/profil/spieler/821377,real_wc2026_squads_transfermarkt_openfootball,2026-06-02
Hassan Kadesh,Saudi Arabia,0,missing,0,,,,,,,https://www.transfermarkt.co.uk/hassan-kadesh/profil/spieler/260859,real_wc2026_squads_transfermarkt_openfootball,2026-06-02
Abdullah Al-Khaibari,Saudi Arabia,0,missing,0,,,,,,,https://www.transfermarkt.co.uk/abdullah-al-khaibari/profil/spieler/437903,real_wc2026_squads_transfermarkt_openfootball,2026-06-02
Ziyad Al-Johani,Saudi Arabia,0,missing,0,,,,,,,https://www.transfermarkt.co.uk/ziyad-al-johani/profil/spieler/901079,real_wc2026_squads_transfermarkt_openfootball,2026-06-02
Khalid Al-Ghannam,Saudi Arabia,0,missing,0,,,,,,,https://www.transfermarkt.co.uk/khalid-al-ghannam/profil/spieler/631923,real_wc2026_squads_transfermarkt_openfootball,2026-06-02
Alaa Al-Hejji,Saudi Arabia,0,missing,0,,,,,,,https://www.transfermarkt.co.uk/alaa-hejji/profil/spieler/443937,real_wc2026_squads_transfermarkt_openfootball,2026-06-02
Abdullah Al-Hamdan,Saudi Arabia,0,missing,0,,,,,,,https://www.transfermarkt.co.uk/abdullah-al-hamdan/profil/spieler/68626,real_wc2026_squads_transfermarkt_openfootball,2026-06-02
Sultan Mandash,Saudi Arabia,0,missing,0,,,,,,,https://www.transfermarkt.co.uk/sultan-mandash/profil/spieler/210349,real_wc2026_squads_transfermarkt_openfootball,2026-06-02
Mohammed Al-Owais,Saudi Arabia,0,missing,0,,,,,,,https://www.transfermarkt.co.uk/mohammed-al-owais/profil/spieler/262845,real_wc2026_squads_transfermarkt_openfootball,2026-06-02
Ahmed Al-Kassar,Saudi Arabia,0,missing,0,,,,,,,https://www.transfermarkt.co.uk/ahmed-al-kassar/profil/spieler/177956,real_wc2026_squads_transfermarkt_openfootball,2026-06-02
Mohamed Kanno,Saudi Arabia,0,missing,0,,,,,,,https://www.transfermarkt.co.uk/mohamed-kanno/profil/spieler/308120,real_wc2026_squads_transfermarkt_openfootball,2026-06-02
Moteb Al-Harbi,Saudi Arabia,0,missing,0,,,,,,,https://www.transfermarkt.co.uk/moteb-al-harbi/profil/spieler/869509,real_wc2026_squads_transfermarkt_openfootball,2026-06-02
Jehad Thakri,Saudi Arabia,0,missing,0,,,,,,,https://www.transfermarkt.co.uk/jehad-thakri/profil/spieler/901334,real_wc2026_squads_transfermarkt_openfootball,2026-06-02
Mohammed Abu Al-Shamat,Saudi Arabia,0,missing,0,,,,,,,https://www.transfermarkt.co.uk/mohammed-abu-al-shamat/profil/spieler/1181852,real_wc2026_squads_transfermarkt_openfootball,2026-06-02
David Raya,Spain,35000000,transfermarkt_profile,40000000,35000000.0,2025-12-09,40000000.0,2025-05-29,35000000.0,40000000.0,https://www.transfermarkt.co.uk/david-raya/profil/spieler/262749,real_wc2026_squads_transfermarkt_openfootball,2026-06-02
Marc Pubill,Spain,4000000,transfermarkt_profile,4000000,4000000.0,2024-06-07,,,4000000.0,4000000.0,https://www.transfermarkt.co.uk/marc-pubill/profil/spieler/844637,real_wc2026_squads_transfermarkt_openfootball,2026-06-02
Álex Grimaldo,Spain,24000000,transfermarkt_profile,45000000,24000000.0,2025-12-19,30000000.0,2025-06-04,24000000.0,45000000.0,https://www.transfermarkt.co.uk/alejandro-grimaldo/profil/spieler/193082,real_wc2026_squads_transfermarkt_openfootball,2026-06-02
Eric García,Spain,20000000,transfermarkt_profile,20000000,20000000.0,2024-06-07,18000000.0,2025-06-08,20000000.0,20000000.0,https://www.transfermarkt.co.uk/eric-garcia/profil/spieler/466794,real_wc2026_squads_transfermarkt_openfootball,2026-06-02
Marcos Llorente,Spain,22000000,transfermarkt_profile,80000000,22000000.0,2025-12-12,25000000.0,2025-06-08,22000000.0,80000000.0,https://www.transfermarkt.co.uk/marcos-llorente/profil/spieler/282411,real_wc2026_squads_transfermarkt_openfootball,2026-06-02
Mikel Merino,Spain,30000000,transfermarkt_profile,50000000,30000000.0,2025-12-09,35000000.0,2025-05-29,30000000.0,50000000.0,https://www.transfermarkt.co.uk/mikel-merino/profil/spieler/338424,real_wc2026_squads_transfermarkt_openfootball,2026-06-02
Ferran Torres,Spain,30000000,transfermarkt_profile,50000000,30000000.0,2024-06-07,40000000.0,2025-06-08,30000000.0,50000000.0,https://www.transfermarkt.co.uk/ferran-torres/profil/spieler/398184,real_wc2026_squads_transfermarkt_openfootball,2026-06-02
Fabián Ruiz,Spain,40000000,transfermarkt_profile,60000000,40000000.0,2025-12-15,40000000.0,2025-06-02,40000000.0,60000000.0,https://www.transfermarkt.co.uk/fabian-ruiz/profil/spieler/350219,real_wc2026_squads_transfermarkt_openfootball,2026-06-02
Gavi,Spain,40000000,transfermarkt_profile,90000000,40000000.0,2025-12-12,60000000.0,2025-06-08,40000000.0,90000000.0,https://www.transfermarkt.co.uk/gavi/profil/spieler/646740,real_wc2026_squads_transfermarkt_openfootball,2026-06-02
Dani Olmo,Spain,60000000,transfermarkt_profile,60000000,60000000.0,2024-07-18,60000000.0,2025-06-08,60000000.0,60000000.0,https://www.transfermarkt.co.uk/dani-olmo/profil/spieler/293385,real_wc2026_squads_transfermarkt_openfootball,2026-06-02
Yéremy Pino,Spain,30000000,transfermarkt_profile,40000000,30000000.0,2024-06-07,30000000.0,2025-06-08,30000000.0,40000000.0,https://www.transfermarkt.co.uk/yeremy-pino/profil/spieler/568157,real_wc2026_squads_transfermarkt_openfootball,2026-06-02
Pedro Porro,Spain,40000000,transfermarkt_profile,45000000,40000000.0,2025-12-09,38000000.0,2025-05-29,40000000.0,45000000.0,https://www.transfermarkt.co.uk/pedro-porro/profil/spieler/553875,real_wc2026_squads_transfermarkt_openfootball,2026-06-02
Joan Garcia,Spain,30000000,transfermarkt_profile,30000000,30000000.0,2025-12-12,25000000.0,2025-06-08,30000000.0,30000000.0,https://www.transfermarkt.co.uk/joan-garcia/profil/spieler/561613,real_wc2026_squads_transfermarkt_openfootball,2026-06-02
Aymeric Laporte,Spain,20000000,transfermarkt_profile,75000000,20000000.0,2024-06-04,15000000.0,2025-05-26,20000000.0,75000000.0,https://www.transfermarkt.co.uk/aymeric-laporte/profil/spieler/176553,real_wc2026_squads_transfermarkt_openfootball,2026-06-02
Álex Baena,Spain,40000000,transfermarkt_profile,40000000,40000000.0,2024-06-07,,,40000000.0,40000000.0,https://www.transfermarkt.co.uk/alex-baena/profil/spieler/548111,real_wc2026_squads_transfermarkt_openfootball,2026-06-02
Rodri,Spain,75000000,transfermarkt_profile,130000000,75000000.0,2025-12-09,110000000.0,2025-05-29,75000000.0,130000000.0,https://www.transfermarkt.co.uk/rodri/profil/spieler/357565,real_wc2026_squads_transfermarkt_openfootball,2026-06-02
Nico Williams,Spain,60000000,transfermarkt_profile,70000000,60000000.0,2025-12-12,70000000.0,2025-06-08,60000000.0,70000000.0,https://www.transfermarkt.co.uk/nico-williams/profil/spieler/709187,real_wc2026_squads_transfermarkt_openfootball,2026-06-02
Martín Zubimendi,Spain,50000000,transfermarkt_profile,50000000,50000000.0,2024-06-07,60000000.0,2025-06-08,50000000.0,50000000.0,https://www.transfermarkt.co.uk/martin-zubimendi/profil/spieler/423440,real_wc2026_squads_transfermarkt_openfootball,2026-06-02
Lamine Yamal,Spain,120000000,transfermarkt_profile,120000000,120000000.0,2024-07-18,200000000.0,2025-06-08,120000000.0,120000000.0,https://www.transfermarkt.co.uk/lamine-yamal/profil/spieler/937958,real_wc2026_squads_transfermarkt_openfootball,2026-06-02
Pedri,Spain,80000000,transfermarkt_profile,100000000,80000000.0,2024-06-07,140000000.0,2025-06-08,80000000.0,100000000.0,https://www.transfermarkt.co.uk/pedri/profil/spieler/683840,real_wc2026_squads_transfermarkt_openfootball,2026-06-02
Mikel Oyarzabal,Spain,25000000,transfermarkt_profile,70000000,25000000.0,2025-12-12,25000000.0,2025-06-08,25000000.0,70000000.0,https://www.transfermarkt.co.uk/mikel-oyarzabal/profil/spieler/351478,real_wc2026_squads_transfermarkt_openfootball,2026-06-02
Pau Cubarsí,Spain,30000000,transfermarkt_profile,30000000,30000000.0,2024-06-07,80000000.0,2025-06-08,30000000.0,30000000.0,https://www.transfermarkt.co.uk/pau-cubarsi/profil/spieler/962110,real_wc2026_squads_transfermarkt_openfootball,2026-06-02
Unai Simón,Spain,30000000,transfermarkt_profile,30000000,30000000.0,2024-06-07,28000000.0,2025-06-08,30000000.0,30000000.0,https://www.transfermarkt.co.uk/unai-simon/profil/spieler/262396,real_wc2026_squads_transfermarkt_openfootball,2026-06-02
Marc Cucurella,Spain,50000000,transfermarkt_profile,55000000,50000000.0,2025-12-09,35000000.0,2025-05-29,50000000.0,55000000.0,https://www.transfermarkt.co.uk/marc-cucurella/profil/spieler/284857,real_wc2026_squads_transfermarkt_openfootball,2026-06-02
Víctor Muñoz,Spain,1000000,salimt_latest_market_value,1000000,,,1000000.0,2025-06-24,,,https://www.transfermarkt.co.uk/victor-munoz/profil/spieler/935231,real_wc2026_squads_transfermarkt_openfootball,2026-06-02
Borja Iglesias,Spain,5000000,transfermarkt_profile,28000000,5000000.0,2024-05-29,3000000.0,2025-06-08,5000000.0,28000000.0,https://www.transfermarkt.co.uk/borja-iglesias/profil/spieler/278359,real_wc2026_squads_transfermarkt_openfootball,2026-06-02
Sergio Rochet,Uruguay,3500000,transfermarkt_profile,4000000,3500000.0,2023-07-10,3000000.0,2025-09-04,3500000.0,4000000.0,https://www.transfermarkt.co.uk/sergio-rochet/profil/spieler/264014,real_wc2026_squads_transfermarkt_openfootball,2026-06-02
José María Giménez,Uruguay,22000000,transfermarkt_profile,70000000,22000000.0,2024-06-07,20000000.0,2025-06-08,22000000.0,70000000.0,https://www.transfermarkt.co.uk/jose-maria-gimenez/profil/spieler/250845,real_wc2026_squads_transfermarkt_openfootball,2026-06-02
Sebastián Cáceres,Uruguay,5000000,salimt_latest_market_value,5000000,,,5000000.0,2025-05-25,,,https://www.transfermarkt.co.uk/sebastian-caceres/profil/spieler/532389,real_wc2026_squads_transfermarkt_openfootball,2026-06-02
Ronald Araújo,Uruguay,70000000,transfermarkt_profile,70000000,70000000.0,2024-06-07,35000000.0,2025-06-08,70000000.0,70000000.0,https://www.transfermarkt.co.uk/ronald-araujo/profil/spieler/480267,real_wc2026_squads_transfermarkt_openfootball,2026-06-02
Manuel Ugarte,Uruguay,30000000,transfermarkt_profile,60000000,30000000.0,2025-12-09,45000000.0,2025-05-29,30000000.0,60000000.0,https://www.transfermarkt.co.uk/manuel-ugarte/profil/spieler/476701,real_wc2026_squads_transfermarkt_openfootball,2026-06-02
Rodrigo Bentancur,Uruguay,27000000,transfermarkt_profile,50000000,27000000.0,2025-12-09,30000000.0,2025-05-29,27000000.0,50000000.0,https://www.transfermarkt.co.uk/rodrigo-bentancur/profil/spieler/354362,real_wc2026_squads_transfermarkt_openfootball,2026-06-02
Nicolás de la Cruz,Uruguay,0,missing,0,,,,,,,https://www.transfermarkt.co.uk/nicolas-de-la-cruz/profil/spieler/397458,real_wc2026_squads_transfermarkt_openfootball,2026-06-02
Federico Valverde,Uruguay,120000000,transfermarkt_profile,130000000,120000000.0,2025-12-12,130000000.0,2025-06-08,120000000.0,130000000.0,https://www.transfermarkt.co.uk/federico-valverde/profil/spieler/369081,real_wc2026_squads_transfermarkt_openfootball,2026-06-02
Darwin Núñez,Uruguay,70000000,transfermarkt_profile,70000000,70000000.0,2024-05-27,45000000.0,2025-05-29,70000000.0,70000000.0,https://www.transfermarkt.co.uk/darwin-nunez/profil/spieler/546543,real_wc2026_squads_transfermarkt_openfootball,2026-06-02
Giorgian de Arrascaeta,Uruguay,15000000,salimt_latest_market_value,15000000,,,15000000.0,2025-06-05,,,https://www.transfermarkt.co.uk/giorgian-de-arrascaeta/profil/spieler/248410,real_wc2026_squads_transfermarkt_openfootball,2026-06-02
Facundo Pellistri,Uruguay,7000000,transfermarkt_profile,10000000,7000000.0,2025-12-12,8000000.0,2025-05-22,7000000.0,10000000.0,https://www.transfermarkt.co.uk/facundo-pellistri/profil/spieler/676318,real_wc2026_squads_transfermarkt_openfootball,2026-06-02
Santiago Mele,Uruguay,0,missing,0,,,,,,,https://www.transfermarkt.co.uk/santiago-mele/profil/spieler/320739,real_wc2026_squads_transfermarkt_openfootball,2026-06-02
Guillermo Varela,Uruguay,2000000,transfermarkt_profile,2500000,2000000.0,2023-07-25,1200000.0,2025-06-05,2000000.0,2500000.0,https://www.transfermarkt.co.uk/guillermo-varela/profil/spieler/188862,real_wc2026_squads_transfermarkt_openfootball,2026-06-02
Agustín Canobbio,Uruguay,5000000,salimt_latest_market_value,5000000,,,5000000.0,2025-09-04,,,https://www.transfermarkt.co.uk/agustin-canobbio/profil/spieler/457533,real_wc2026_squads_transfermarkt_openfootball,2026-06-02
Emiliano Martínez,Uruguay,9000000,transfermarkt_profile,9000000,9000000.0,2025-12-10,9000000.0,2025-09-04,9000000.0,9000000.0,https://www.transfermarkt.co.uk/emiliano-martinez/profil/spieler/707447,real_wc2026_squads_transfermarkt_openfootball,2026-06-02
Mathías Olivera,Uruguay,18000000,transfermarkt_profile,20000000,18000000.0,2025-12-23,20000000.0,2025-06-16,18000000.0,20000000.0,https://www.transfermarkt.co.uk/mathias-olivera/profil/spieler/376514,real_wc2026_squads_transfermarkt_openfootball,2026-06-02
Matías Viña,Uruguay,10000000,transfermarkt_profile,12000000,10000000.0,2024-07-19,5000000.0,2025-09-04,10000000.0,12000000.0,https://www.transfermarkt.co.uk/matias-vina/profil/spieler/439072,real_wc2026_squads_transfermarkt_openfootball,2026-06-02
Brian Rodríguez,Uruguay,6000000,salimt_latest_market_value,6000000,,,6000000.0,2025-05-25,,,https://www.transfermarkt.co.uk/brian-rodriguez/profil/spieler/465818,real_wc2026_squads_transfermarkt_openfootball,2026-06-02
Rodrigo Aguirre,Uruguay,4500000,transfermarkt_profile,4500000,4500000.0,2023-06-29,,,4500000.0,4500000.0,https://www.transfermarkt.co.uk/rodrigo-aguirre/profil/spieler/189410,real_wc2026_squads_transfermarkt_openfootball,2026-06-02
Maximiliano Araújo,Uruguay,22000000,transfermarkt_profile,22000000,22000000.0,2025-12-18,17000000.0,2025-05-29,22000000.0,22000000.0,https://www.transfermarkt.co.uk/maxi-araujo/profil/spieler/572675,real_wc2026_squads_transfermarkt_openfootball,2026-06-02
Federico Viñas,Uruguay,2000000,salimt_latest_market_value,2000000,,,2000000.0,2025-06-23,,,https://www.transfermarkt.co.uk/federico-vinas/profil/spieler/578419,real_wc2026_squads_transfermarkt_openfootball,2026-06-02
Joaquín Piquerez,Uruguay,15000000,salimt_latest_market_value,15000000,,,15000000.0,2025-09-04,,,https://www.transfermarkt.co.uk/joaquin-piquerez/profil/spieler/496268,real_wc2026_squads_transfermarkt_openfootball,2026-06-02
Fernando Muslera,Uruguay,750000,transfermarkt_profile,18000000,750000.0,2025-12-17,800000.0,2025-06-17,750000.0,18000000.0,https://www.transfermarkt.co.uk/fernando-muslera/profil/spieler/58088,real_wc2026_squads_transfermarkt_openfootball,2026-06-02
Santiago Bueno,Uruguay,10000000,transfermarkt_profile,10000000,10000000.0,2025-12-09,10000000.0,2025-05-29,10000000.0,10000000.0,https://www.transfermarkt.co.uk/santiago-bueno/profil/spieler/438001,real_wc2026_squads_transfermarkt_openfootball,2026-06-02
Juan Manuel Sanabria,Uruguay,7000000,transfermarkt_profile,7000000,7000000.0,2023-10-03,6500000.0,2025-05-25,7000000.0,7000000.0,https://www.transfermarkt.co.uk/juan-manuel-sanabria/profil/spieler/446106,real_wc2026_squads_transfermarkt_openfootball,2026-06-02
Rodrigo Zalazar,Uruguay,20000000,transfermarkt_profile,20000000,20000000.0,2025-12-18,18000000.0,2025-05-29,20000000.0,20000000.0,https://www.transfermarkt.co.uk/rodrigo-zalazar/profil/spieler/606752,real_wc2026_squads_transfermarkt_openfootball,2026-06-02
Brice Samba,France,10000000,transfermarkt_profile,15000000,10000000.0,2025-12-15,12000000.0,2025-06-02,10000000.0,15000000.0,https://www.transfermarkt.co.uk/brice-samba/profil/spieler/191056,real_wc2026_squads_transfermarkt_openfootball,2026-06-02
Malo Gusto,France,35000000,transfermarkt_profile,35000000,35000000.0,2025-12-09,35000000.0,2025-05-29,35000000.0,35000000.0,https://www.transfermarkt.co.uk/malo-gusto/profil/spieler/620322,real_wc2026_squads_transfermarkt_openfootball,2026-06-02
Lucas Digne,France,8000000,transfermarkt_profile,35000000,8000000.0,2025-12-09,10000000.0,2025-05-29,8000000.0,35000000.0,https://www.transfermarkt.co.uk/lucas-digne/profil/spieler/126664,real_wc2026_squads_transfermarkt_openfootball,2026-06-02
Dayot Upamecano,France,70000000,transfermarkt_profile,70000000,70000000.0,2025-12-19,50000000.0,2025-06-04,70000000.0,70000000.0,https://www.transfermarkt.co.uk/dayot-upamecano/profil/spieler/344695,real_wc2026_squads_transfermarkt_openfootball,2026-06-02
Jules Koundé,France,45000000,transfermarkt_profile,60000000,45000000.0,2024-06-07,65000000.0,2025-06-08,45000000.0,60000000.0,https://www.transfermarkt.co.uk/jules-kounde/profil/spieler/411975,real_wc2026_squads_transfermarkt_openfootball,2026-06-02
Manu Koné,France,50000000,transfermarkt_profile,50000000,50000000.0,2025-12-23,40000000.0,2025-06-16,50000000.0,50000000.0,https://www.transfermarkt.co.uk/manu-kone/profil/spieler/624690,real_wc2026_squads_transfermarkt_openfootball,2026-06-02
Ousmane Dembélé,France,100000000,transfermarkt_profile,120000000,100000000.0,2025-12-15,90000000.0,2025-06-02,100000000.0,120000000.0,https://www.transfermarkt.co.uk/ousmane-dembele/profil/spieler/288230,real_wc2026_squads_transfermarkt_openfootball,2026-06-02
Aurélien Tchouaméni,France,100000000,transfermarkt_profile,100000000,100000000.0,2024-06-07,75000000.0,2025-06-08,100000000.0,100000000.0,https://www.transfermarkt.co.uk/aurelien-tchouameni/profil/spieler/413112,real_wc2026_squads_transfermarkt_openfootball,2026-06-02
Marcus Thuram,France,60000000,transfermarkt_profile,75000000,60000000.0,2025-12-23,75000000.0,2025-06-16,60000000.0,75000000.0,https://www.transfermarkt.co.uk/marcus-thuram/profil/spieler/318528,real_wc2026_squads_transfermarkt_openfootball,2026-06-02
Kylian Mbappé,France,180000000,transfermarkt_profile,200000000,180000000.0,2024-06-03,180000000.0,2025-06-08,180000000.0,200000000.0,https://www.transfermarkt.co.uk/kylian-mbappe/profil/spieler/342229,real_wc2026_squads_transfermarkt_openfootball,2026-06-02
Michael Olise,France,130000000,transfermarkt_profile,130000000,130000000.0,2025-12-19,100000000.0,2025-06-04,130000000.0,130000000.0,https://www.transfermarkt.co.uk/michael-olise/profil/spieler/566723,real_wc2026_squads_transfermarkt_openfootball,2026-06-02
Bradley Barcola,France,70000000,transfermarkt_profile,70000000,70000000.0,2025-12-15,70000000.0,2025-06-02,70000000.0,70000000.0,https://www.transfermarkt.co.uk/bradley-barcola/profil/spieler/708265,real_wc2026_squads_transfermarkt_openfootball,2026-06-02
N'Golo Kanté,France,12000000,transfermarkt_profile,100000000,12000000.0,2023-10-24,5000000.0,2025-05-26,12000000.0,100000000.0,https://www.transfermarkt.co.uk/ngolo-kante/profil/spieler/225083,real_wc2026_squads_transfermarkt_openfootball,2026-06-02
Adrien Rabiot,France,20000000,transfermarkt_profile,50000000,20000000.0,2025-12-23,25000000.0,2025-06-02,20000000.0,50000000.0,https://www.transfermarkt.co.uk/adrien-rabiot/profil/spieler/182913,real_wc2026_squads_transfermarkt_openfootball,2026-06-02
Ibrahima Konaté,France,45000000,transfermarkt_profile,45000000,45000000.0,2024-05-27,60000000.0,2025-05-29,45000000.0,45000000.0,https://www.transfermarkt.co.uk/ibrahima-konate/profil/spieler/357119,real_wc2026_squads_transfermarkt_openfootball,2026-06-02
Mike Maignan,France,38000000,transfermarkt_profile,45000000,38000000.0,2024-06-05,25000000.0,2025-06-16,38000000.0,45000000.0,https://www.transfermarkt.co.uk/mike-maignan/profil/spieler/182906,real_wc2026_squads_transfermarkt_openfootball,2026-06-02
William Saliba,France,90000000,transfermarkt_profile,90000000,90000000.0,2025-12-09,80000000.0,2025-05-29,90000000.0,90000000.0,https://www.transfermarkt.co.uk/william-saliba/profil/spieler/495666,real_wc2026_squads_transfermarkt_openfootball,2026-06-02
Warren Zaïre-Emery,France,50000000,transfermarkt_profile,60000000,50000000.0,2025-12-15,55000000.0,2025-06-02,50000000.0,60000000.0,https://www.transfermarkt.co.uk/warren-zaire-emery/profil/spieler/810092,real_wc2026_squads_transfermarkt_openfootball,2026-06-02
Théo Hernandez,France,60000000,transfermarkt_profile,60000000,60000000.0,2024-06-05,,,60000000.0,60000000.0,https://www.transfermarkt.co.uk/theo-hernandez/profil/spieler/339808,real_wc2026_squads_transfermarkt_openfootball,2026-06-02
Désiré Doué,France,90000000,transfermarkt_profile,90000000,90000000.0,2025-12-15,90000000.0,2025-06-02,90000000.0,90000000.0,https://www.transfermarkt.co.uk/desire-doue/profil/spieler/914562,real_wc2026_squads_transfermarkt_openfootball,2026-06-02
Lucas Hernandez,France,20000000,transfermarkt_profile,70000000,20000000.0,2025-12-15,25000000.0,2025-06-02,20000000.0,70000000.0,https://www.transfermarkt.co.uk/lucas-hernandez/profil/spieler/281963,real_wc2026_squads_transfermarkt_openfootball,2026-06-02
Jean-Philippe Mateta,France,40000000,transfermarkt_profile,40000000,40000000.0,2025-12-09,30000000.0,2025-05-29,40000000.0,40000000.0,https://www.transfermarkt.co.uk/jean-philippe-mateta/profil/spieler/420002,real_wc2026_squads_transfermarkt_openfootball,2026-06-02
Robin Risser,France,10000000,transfermarkt_profile,10000000,10000000.0,2025-12-15,1500000.0,2025-06-01,10000000.0,10000000.0,https://www.transfermarkt.co.uk/robin-risser/profil/spieler/743515,real_wc2026_squads_transfermarkt_openfootball,2026-06-02
Rayan Cherki,France,50000000,transfermarkt_profile,50000000,50000000.0,2025-12-09,45000000.0,2025-06-02,50000000.0,50000000.0,https://www.transfermarkt.co.uk/rayan-cherki/profil/spieler/607223,real_wc2026_squads_transfermarkt_openfootball,2026-06-02
Maghnes Akliouche,France,45000000,transfermarkt_profile,45000000,45000000.0,2025-12-15,45000000.0,2025-06-02,45000000.0,45000000.0,https://www.transfermarkt.co.uk/maghnes-akliouche/profil/spieler/745200,real_wc2026_squads_transfermarkt_openfootball,2026-06-02
Maxence Lacroix,France,35000000,transfermarkt_profile,35000000,35000000.0,2025-12-09,25000000.0,2025-05-29,35000000.0,35000000.0,https://www.transfermarkt.co.uk/maxence-lacroix/profil/spieler/434224,real_wc2026_squads_transfermarkt_openfootball,2026-06-02
Fahad Talib,Iraq,0,missing,0,,,,,,,https://www.transfermarkt.co.uk/fahad-talib/profil/spieler/377268,real_wc2026_squads_transfermarkt_openfootball,2026-06-02
Rebin Sulaka,Iraq,100000,salimt_latest_market_value,100000,,,100000.0,2025-07-17,,,https://www.transfermarkt.co.uk/rebin-sulaka/profil/spieler/217073,real_wc2026_squads_transfermarkt_openfootball,2026-06-02
Hussein Ali,Iraq,0,missing,0,,,,,,,https://www.transfermarkt.co.uk/hussein-ali/profil/spieler/535744,real_wc2026_squads_transfermarkt_openfootball,2026-06-02
Zaid Tahseen,Iraq,0,missing,0,,,,,,,https://www.transfermarkt.co.uk/zaid-tahseen/profil/spieler/931147,real_wc2026_squads_transfermarkt_openfootball,2026-06-02
Akam Hashim,Iraq,0,missing,0,,,,,,,https://www.transfermarkt.co.uk/akam-hashem/profil/spieler/933541,real_wc2026_squads_transfermarkt_openfootball,2026-06-02
Manaf Younis,Iraq,0,missing,0,,,,,,,https://www.transfermarkt.co.uk/manaf-younis/profil/spieler/945266,real_wc2026_squads_transfermarkt_openfootball,2026-06-02
Youssef Amyn,Iraq,600000,salimt_latest_market_value,600000,,,600000.0,2025-05-26,,,https://www.transfermarkt.co.uk/youssef-amyn/profil/spieler/684307,real_wc2026_squads_transfermarkt_openfootball,2026-06-02
Ibrahim Bayesh,Iraq,0,missing,0,,,,,,,https://www.transfermarkt.co.uk/ibrahim-bayesh/profil/spieler/560957,real_wc2026_squads_transfermarkt_openfootball,2026-06-02
Ali Al-Hamadi,Iraq,2000000,transfermarkt_profile,2500000,2000000.0,2025-11-26,2500000.0,2025-05-26,2000000.0,2500000.0,https://www.transfermarkt.co.uk/ali-al-hamadi/profil/spieler/610581,real_wc2026_squads_transfermarkt_openfootball,2026-06-02
Mohanad Ali,Iraq,350000,transfermarkt_profile,1100000,350000.0,2023-05-30,1200000.0,2025-07-17,350000.0,1100000.0,https://www.transfermarkt.co.uk/mohanad-ali/profil/spieler/589646,real_wc2026_squads_transfermarkt_openfootball,2026-06-02
Ahmed Qasem,Iraq,3500000,salimt_latest_market_value,3500000,,,3500000.0,2025-06-04,,,https://www.transfermarkt.co.uk/ahmed-qasem/profil/spieler/833817,real_wc2026_squads_transfermarkt_openfootball,2026-06-02
Jalal Hassan,Iraq,0,missing,0,,,,,,,https://www.transfermarkt.co.uk/jalal-hassan/profil/spieler/206782,real_wc2026_squads_transfermarkt_openfootball,2026-06-02
Ali Yousif,Iraq,0,missing,0,,,,,,,https://www.transfermarkt.co.uk/ali-yousif/profil/spieler/576265,real_wc2026_squads_transfermarkt_openfootball,2026-06-02
Zidane Iqbal,Iraq,3000000,transfermarkt_profile,4000000,3000000.0,2025-12-02,4000000.0,2025-05-27,3000000.0,4000000.0,https://www.transfermarkt.co.uk/zidane-iqbal/profil/spieler/686845,real_wc2026_squads_transfermarkt_openfootball,2026-06-02
Ahmed Yahya,Iraq,0,missing,0,,,,,,,https://www.transfermarkt.co.uk/ahmed-yahya/profil/spieler/949320,real_wc2026_squads_transfermarkt_openfootball,2026-06-02
Amir Al-Ammari,Iraq,600000,salimt_latest_market_value,600000,,,600000.0,2025-06-05,,,https://www.transfermarkt.co.uk/amir-al-ammari/profil/spieler/303766,real_wc2026_squads_transfermarkt_openfootball,2026-06-02
Ali Jasim,Iraq,550000,salimt_latest_market_value,550000,,,550000.0,2025-05-27,,,https://www.transfermarkt.co.uk/ali-jasim/profil/spieler/877672,real_wc2026_squads_transfermarkt_openfootball,2026-06-02
Aymen Hussein,Iraq,0,missing,0,,,,,,,https://www.transfermarkt.co.uk/aymen-hussein/profil/spieler/401054,real_wc2026_squads_transfermarkt_openfootball,2026-06-02
Kevin Yakob,Iraq,600000,transfermarkt_profile,1500000,600000.0,2025-12-15,,,600000.0,1500000.0,https://www.transfermarkt.co.uk/kevin-yakob/profil/spieler/413268,real_wc2026_squads_transfermarkt_openfootball,2026-06-02
Aimar Sher,Iraq,750000,transfermarkt_profile,1200000,750000.0,2023-10-25,1300000.0,2025-06-17,750000.0,1200000.0,https://www.transfermarkt.co.uk/aimar-sher/profil/spieler/579294,real_wc2026_squads_transfermarkt_openfootball,2026-06-02
Marko Farji,Iraq,2200000,salimt_latest_market_value,2200000,,,2200000.0,2025-06-17,,,https://www.transfermarkt.co.uk/marko-farji/profil/spieler/663153,real_wc2026_squads_transfermarkt_openfootball,2026-06-02
Ahmed Basil,Iraq,0,missing,0,,,,,,,https://www.transfermarkt.co.uk/ahmed-basil-fadhil/profil/spieler/560952,real_wc2026_squads_transfermarkt_openfootball,2026-06-02
Merchas Doski,Iraq,0,missing,0,,,,,,,https://www.transfermarkt.co.uk/merchas-doski/profil/spieler/530527,real_wc2026_squads_transfermarkt_openfootball,2026-06-02
Zaid Ismail,Iraq,0,missing,0,,,,,,,https://www.transfermarkt.co.uk/zaid-ismail/profil/spieler/1132850,real_wc2026_squads_transfermarkt_openfootball,2026-06-02
Mustafa Saadoon,Iraq,0,missing,0,,,,,,,https://www.transfermarkt.co.uk/mustafa-saadoon/profil/spieler/952341,real_wc2026_squads_transfermarkt_openfootball,2026-06-02
Frans Putros,Iraq,400000,transfermarkt_profile,400000,400000.0,2023-09-25,350000.0,2025-05-01,400000.0,400000.0,https://www.transfermarkt.co.uk/frans-dhia-putros/profil/spieler/166460,real_wc2026_squads_transfermarkt_openfootball,2026-06-02
Ørjan Nyland,Norway,900000,transfermarkt_profile,3000000,900000.0,2025-12-12,900000.0,2025-06-08,900000.0,3000000.0,https://www.transfermarkt.co.uk/orjan-nyland/profil/spieler/73517,real_wc2026_squads_transfermarkt_openfootball,2026-06-02
Morten Thorsby,Norway,3000000,transfermarkt_profile,7000000,3000000.0,2024-06-05,3000000.0,2025-06-16,3000000.0,7000000.0,https://www.transfermarkt.co.uk/morten-thorsby/profil/spieler/226524,real_wc2026_squads_transfermarkt_openfootball,2026-06-02
Kristoffer Ajer,Norway,16000000,transfermarkt_profile,18000000,16000000.0,2025-12-09,18000000.0,2025-05-29,16000000.0,18000000.0,https://www.transfermarkt.co.uk/kristoffer-ajer/profil/spieler/328658,real_wc2026_squads_transfermarkt_openfootball,2026-06-02
Leo Østigård,Norway,10000000,transfermarkt_profile,10000000,10000000.0,2025-12-23,10000000.0,2025-06-04,10000000.0,10000000.0,https://www.transfermarkt.co.uk/leo-ostigard/profil/spieler/367284,real_wc2026_squads_transfermarkt_openfootball,2026-06-02
David Møller Wolfe,Norway,4500000,transfermarkt_profile,5000000,4500000.0,2024-05-31,9000000.0,2025-05-27,4500000.0,5000000.0,https://www.transfermarkt.co.uk/david-moller-wolfe/profil/spieler/661427,real_wc2026_squads_transfermarkt_openfootball,2026-06-02
Patrick Berg,Norway,4500000,transfermarkt_profile,4500000,4500000.0,2023-06-29,6000000.0,2025-06-17,4500000.0,4500000.0,https://www.transfermarkt.co.uk/patrick-berg/profil/spieler/308439,real_wc2026_squads_transfermarkt_openfootball,2026-06-02
Alexander Sørloth,Norway,20000000,transfermarkt_profile,25000000,20000000.0,2025-12-12,25000000.0,2025-06-08,20000000.0,25000000.0,https://www.transfermarkt.co.uk/alexander-sorloth/profil/spieler/238407,real_wc2026_squads_transfermarkt_openfootball,2026-06-02
Sander Berge,Norway,25000000,transfermarkt_profile,25000000,25000000.0,2025-12-09,25000000.0,2025-05-29,25000000.0,25000000.0,https://www.transfermarkt.co.uk/sander-berge/profil/spieler/333014,real_wc2026_squads_transfermarkt_openfootball,2026-06-02
Erling Haaland,Norway,200000000,transfermarkt_profile,200000000,200000000.0,2025-12-09,180000000.0,2025-05-29,200000000.0,200000000.0,https://www.transfermarkt.co.uk/erling-haaland/profil/spieler/418560,real_wc2026_squads_transfermarkt_openfootball,2026-06-02
Martin Ødegaard,Norway,75000000,transfermarkt_profile,110000000,75000000.0,2025-12-09,85000000.0,2025-05-29,75000000.0,110000000.0,https://www.transfermarkt.co.uk/martin-odegaard/profil/spieler/316264,real_wc2026_squads_transfermarkt_openfootball,2026-06-02
Jørgen Strand Larsen,Norway,40000000,transfermarkt_profile,40000000,40000000.0,2025-12-09,30000000.0,2025-05-29,40000000.0,40000000.0,https://www.transfermarkt.co.uk/jorgen-strand-larsen/profil/spieler/429983,real_wc2026_squads_transfermarkt_openfootball,2026-06-02
Sander Tangvik,Norway,3500000,salimt_latest_market_value,3500000,,,3500000.0,2025-06-17,,,https://www.transfermarkt.co.uk/sander-tangvik/profil/spieler/549378,real_wc2026_squads_transfermarkt_openfootball,2026-06-02
Egil Selvik,Norway,1300000,transfermarkt_profile,1700000,1300000.0,2025-12-03,1500000.0,2025-05-26,1300000.0,1700000.0,https://www.transfermarkt.co.uk/egil-selvik/profil/spieler/380744,real_wc2026_squads_transfermarkt_openfootball,2026-06-02
Fredrik Aursnes,Norway,17000000,transfermarkt_profile,20000000,17000000.0,2025-12-18,20000000.0,2025-05-29,17000000.0,20000000.0,https://www.transfermarkt.co.uk/fredrik-aursnes/profil/spieler/223367,real_wc2026_squads_transfermarkt_openfootball,2026-06-02
Fredrik André Bjørkan,Norway,1800000,transfermarkt_profile,2500000,1800000.0,2023-09-07,2500000.0,2025-06-17,1800000.0,2500000.0,https://www.transfermarkt.co.uk/fredrik-bjorkan/profil/spieler/364938,real_wc2026_squads_transfermarkt_openfootball,2026-06-02
Marcus Holmgren Pedersen,Norway,3500000,transfermarkt_profile,7000000,3500000.0,2025-12-23,3000000.0,2025-06-16,3500000.0,7000000.0,https://www.transfermarkt.co.uk/marcus-pedersen/profil/spieler/583404,real_wc2026_squads_transfermarkt_openfootball,2026-06-02
Torbjørn Heggem,Norway,1200000,salimt_latest_market_value,1200000,,,1200000.0,2025-05-26,,,https://www.transfermarkt.co.uk/torbjorn-heggem/profil/spieler/464469,real_wc2026_squads_transfermarkt_openfootball,2026-06-02
Kristian Thorstvedt,Norway,8000000,transfermarkt_profile,8500000,8000000.0,2024-06-05,9000000.0,2025-06-01,8000000.0,8500000.0,https://www.transfermarkt.co.uk/kristian-thorstvedt/profil/spieler/564785,real_wc2026_squads_transfermarkt_openfootball,2026-06-02
Thelo Aasgaard,Norway,2000000,salimt_latest_market_value,2000000,,,2000000.0,2025-05-26,,,https://www.transfermarkt.co.uk/thelo-aasgaard/profil/spieler/647384,real_wc2026_squads_transfermarkt_openfootball,2026-06-02
Antonio Nusa,Norway,32000000,transfermarkt_profile,32000000,32000000.0,2025-12-19,28000000.0,2025-06-04,32000000.0,32000000.0,https://www.transfermarkt.co.uk/antonio-nusa/profil/spieler/894914,real_wc2026_squads_transfermarkt_openfootball,2026-06-02
Andreas Schjelderup,Norway,14000000,transfermarkt_profile,15000000,14000000.0,2025-12-18,15000000.0,2025-05-29,14000000.0,15000000.0,https://www.transfermarkt.co.uk/andreas-schjelderup/profil/spieler/670103,real_wc2026_squads_transfermarkt_openfootball,2026-06-02
Oscar Bobb,Norway,25000000,transfermarkt_profile,30000000,25000000.0,2025-12-09,25000000.0,2025-05-29,25000000.0,30000000.0,https://www.transfermarkt.co.uk/oscar-bobb/profil/spieler/661207,real_wc2026_squads_transfermarkt_openfootball,2026-06-02
Jens Petter Hauge,Norway,2500000,transfermarkt_profile,10000000,2500000.0,2024-06-12,4000000.0,2025-06-17,2500000.0,10000000.0,https://www.transfermarkt.co.uk/jens-petter-hauge/profil/spieler/422355,real_wc2026_squads_transfermarkt_openfootball,2026-06-02
Sondre Langås,Norway,3500000,salimt_latest_market_value,3500000,,,3500000.0,2025-05-26,,,https://www.transfermarkt.co.uk/sondre-langas/profil/spieler/737837,real_wc2026_squads_transfermarkt_openfootball,2026-06-02
Henrik Falchener,Norway,2500000,salimt_latest_market_value,2500000,,,2500000.0,2025-09-07,,,https://www.transfermarkt.co.uk/henrik-falchener/profil/spieler/743088,real_wc2026_squads_transfermarkt_openfootball,2026-06-02
Julian Ryerson,Norway,20000000,transfermarkt_profile,20000000,20000000.0,2025-12-19,20000000.0,2025-06-04,20000000.0,20000000.0,https://www.transfermarkt.co.uk/julian-ryerson/profil/spieler/370789,real_wc2026_squads_transfermarkt_openfootball,2026-06-02
Yehvann Diouf,Senegal,8000000,transfermarkt_profile,10000000,8000000.0,2024-06-03,12000000.0,2025-06-02,8000000.0,10000000.0,https://www.transfermarkt.co.uk/yehvann-diouf/profil/spieler/448632,real_wc2026_squads_transfermarkt_openfootball,2026-06-02
Mamadou Sarr,Senegal,25000000,transfermarkt_profile,25000000,25000000.0,2025-12-15,20000000.0,2025-06-02,25000000.0,25000000.0,https://www.transfermarkt.co.uk/mamadou-sarr/profil/spieler/910905,real_wc2026_squads_transfermarkt_openfootball,2026-06-02
Kalidou Koulibaly,Senegal,12000000,transfermarkt_profile,75000000,12000000.0,2023-10-24,6000000.0,2025-05-26,12000000.0,75000000.0,https://www.transfermarkt.co.uk/kalidou-koulibaly/profil/spieler/93128,real_wc2026_squads_transfermarkt_openfootball,2026-06-02
Abdoulaye Seck,Senegal,1500000,transfermarkt_profile,3000000,1500000.0,2023-05-29,500000.0,2025-06-12,1500000.0,3000000.0,https://www.transfermarkt.co.uk/abdoulaye-seck/profil/spieler/265383,real_wc2026_squads_transfermarkt_openfootball,2026-06-02
Idrissa Gueye,Senegal,1000000,transfermarkt_profile,30000000,1000000.0,2025-12-09,1500000.0,2025-05-29,1000000.0,30000000.0,https://www.transfermarkt.co.uk/idrissa-gueye/profil/spieler/126665,real_wc2026_squads_transfermarkt_openfootball,2026-06-02
Pathé Ciss,Senegal,2000000,transfermarkt_profile,4000000,2000000.0,2025-12-12,2000000.0,2025-06-08,2000000.0,4000000.0,https://www.transfermarkt.co.uk/pathe-ciss/profil/spieler/525578,real_wc2026_squads_transfermarkt_openfootball,2026-06-02
Assane Diao,Senegal,12000000,transfermarkt_profile,15000000,12000000.0,2024-06-07,30000000.0,2025-06-16,12000000.0,15000000.0,https://www.transfermarkt.co.uk/assane-diao/profil/spieler/1061282,real_wc2026_squads_transfermarkt_openfootball,2026-06-02
Lamine Camara,Senegal,30000000,transfermarkt_profile,30000000,30000000.0,2025-12-15,22000000.0,2025-06-02,30000000.0,30000000.0,https://www.transfermarkt.co.uk/lamine-camara/profil/spieler/918969,real_wc2026_squads_transfermarkt_openfootball,2026-06-02
Bamba Dieng,Senegal,4000000,transfermarkt_profile,10000000,4000000.0,2024-06-03,3000000.0,2025-06-02,4000000.0,10000000.0,https://www.transfermarkt.co.uk/bamba-dieng/profil/spieler/822458,real_wc2026_squads_transfermarkt_openfootball,2026-06-02
Sadio Mané,Senegal,25000000,transfermarkt_profile,150000000,25000000.0,2023-06-22,8000000.0,2025-05-26,25000000.0,150000000.0,https://www.transfermarkt.co.uk/sadio-mane/profil/spieler/200512,real_wc2026_squads_transfermarkt_openfootball,2026-06-02
Nicolas Jackson,Senegal,45000000,transfermarkt_profile,55000000,45000000.0,2025-12-19,50000000.0,2025-05-29,45000000.0,55000000.0,https://www.transfermarkt.co.uk/nicolas-jackson/profil/spieler/776890,real_wc2026_squads_transfermarkt_openfootball,2026-06-02
Cherif Ndiaye,Senegal,3500000,transfermarkt_profile,3500000,3500000.0,2024-06-10,5000000.0,2025-06-11,3500000.0,3500000.0,https://www.transfermarkt.co.uk/cherif-ndiaye/profil/spieler/480705,real_wc2026_squads_transfermarkt_openfootball,2026-06-02
Iliman Ndiaye,Senegal,45000000,transfermarkt_profile,45000000,45000000.0,2025-12-09,22000000.0,2025-05-29,45000000.0,45000000.0,https://www.transfermarkt.co.uk/iliman-ndiaye/profil/spieler/623570,real_wc2026_squads_transfermarkt_openfootball,2026-06-02
Ismail Jakobs,Senegal,6000000,transfermarkt_profile,8000000,6000000.0,2025-12-17,7000000.0,2025-06-17,6000000.0,8000000.0,https://www.transfermarkt.co.uk/ismail-jakobs/profil/spieler/375137,real_wc2026_squads_transfermarkt_openfootball,2026-06-02
Krépin Diatta,Senegal,6000000,transfermarkt_profile,21000000,6000000.0,2025-12-15,7000000.0,2025-06-02,6000000.0,21000000.0,https://www.transfermarkt.co.uk/krepin-diatta/profil/spieler/490426,real_wc2026_squads_transfermarkt_openfootball,2026-06-02
Édouard Mendy,Senegal,10000000,transfermarkt_profile,32000000,10000000.0,2023-10-24,5000000.0,2025-05-26,10000000.0,32000000.0,https://www.transfermarkt.co.uk/edouard-mendy/profil/spieler/442531,real_wc2026_squads_transfermarkt_openfootball,2026-06-02
Pape Matar Sarr,Senegal,35000000,transfermarkt_profile,45000000,35000000.0,2025-12-09,32000000.0,2025-05-29,35000000.0,45000000.0,https://www.transfermarkt.co.uk/pape-matar-sarr/profil/spieler/568693,real_wc2026_squads_transfermarkt_openfootball,2026-06-02
Ismaïla Sarr,Senegal,35000000,transfermarkt_profile,35000000,35000000.0,2025-12-09,25000000.0,2025-05-29,35000000.0,35000000.0,https://www.transfermarkt.co.uk/ismaila-sarr/profil/spieler/410225,real_wc2026_squads_transfermarkt_openfootball,2026-06-02
Moussa Niakhaté,Senegal,16000000,transfermarkt_profile,18000000,16000000.0,2024-05-27,15000000.0,2025-06-02,16000000.0,18000000.0,https://www.transfermarkt.co.uk/moussa-niakhate/profil/spieler/291200,real_wc2026_squads_transfermarkt_openfootball,2026-06-02
Ibrahim Mbaye,Senegal,25000000,transfermarkt_profile,25000000,25000000.0,2025-12-15,3000000.0,2025-06-02,25000000.0,25000000.0,https://www.transfermarkt.co.uk/ibrahim-mbaye/profil/spieler/1185888,real_wc2026_squads_transfermarkt_openfootball,2026-06-02
Habib Diarra,Senegal,32000000,transfermarkt_profile,32000000,32000000.0,2025-12-09,20000000.0,2025-06-02,32000000.0,32000000.0,https://www.transfermarkt.co.uk/habib-diarra/profil/spieler/876631,real_wc2026_squads_transfermarkt_openfootball,2026-06-02
Bara Sapoko Ndiaye,Senegal,0,missing,0,,,,,,,https://www.transfermarkt.co.uk/bara-sapoko-ndiaye/profil/spieler/1497653,real_wc2026_squads_transfermarkt_openfootball,2026-06-02
Mory Diaw,Senegal,1800000,transfermarkt_profile,2000000,1800000.0,2024-06-03,800000.0,2025-06-01,1800000.0,2000000.0,https://www.transfermarkt.co.uk/mory-diaw/profil/spieler/164904,real_wc2026_squads_transfermarkt_openfootball,2026-06-02
Antoine Mendy,Senegal,4000000,transfermarkt_profile,4000000,4000000.0,2025-12-15,2500000.0,2025-06-02,4000000.0,4000000.0,https://www.transfermarkt.co.uk/antoine-mendy/profil/spieler/891998,real_wc2026_squads_transfermarkt_openfootball,2026-06-02
El Hadji Malick Diouf,Senegal,18000000,salimt_latest_market_value,18000000,,,18000000.0,2025-06-16,,,https://www.transfermarkt.co.uk/el-hadji-malick-diouf/profil/spieler/1111589,real_wc2026_squads_transfermarkt_openfootball,2026-06-02
Pape Gueye,Senegal,6000000,transfermarkt_profile,12000000,6000000.0,2024-06-03,15000000.0,2025-06-08,6000000.0,12000000.0,https://www.transfermarkt.co.uk/pape-gueye/profil/spieler/485963,real_wc2026_squads_transfermarkt_openfootball,2026-06-02
Melvin Mastil,Algeria,0,missing,0,,,,,,,,real_wc2026_squads_transfermarkt_openfootball,2026-06-02
Aïssa Mandi,Algeria,1800000,transfermarkt_profile,20000000,1800000.0,2024-06-07,1200000.0,2025-06-02,1800000.0,20000000.0,https://www.transfermarkt.co.uk/aissa-mandi/profil/spieler/80293,real_wc2026_squads_transfermarkt_openfootball,2026-06-02
Achref Abada,Algeria,0,missing,0,,,,,,,https://www.transfermarkt.co.uk/achref-abada/profil/spieler/949929,real_wc2026_squads_transfermarkt_openfootball,2026-06-02
Mohamed Amine Tougai,Algeria,0,missing,0,,,,,,,https://www.transfermarkt.co.uk/mohamed-amine-tougai/profil/spieler/592396,real_wc2026_squads_transfermarkt_openfootball,2026-06-02
Zineddine Belaïd,Algeria,1200000,transfermarkt_profile,1400000,1200000.0,2026-01-23,,,1200000.0,1400000.0,https://www.transfermarkt.co.uk/zineddine-belaid/profil/spieler/625142,real_wc2026_squads_transfermarkt_openfootball,2026-06-02
Ramiz Zerrouki,Algeria,9000000,transfermarkt_profile,10000000,9000000.0,2024-05-31,,,9000000.0,10000000.0,https://www.transfermarkt.co.uk/ramiz-zerrouki/profil/spieler/416660,real_wc2026_squads_transfermarkt_openfootball,2026-06-02
Riyad Mahrez,Algeria,18000000,transfermarkt_profile,60000000,18000000.0,2023-10-24,8000000.0,2025-05-26,18000000.0,60000000.0,https://www.transfermarkt.co.uk/riyad-mahrez/profil/spieler/171424,real_wc2026_squads_transfermarkt_openfootball,2026-06-02
Houssem Aouar,Algeria,10000000,transfermarkt_profile,55000000,10000000.0,2024-06-05,8500000.0,2025-05-26,10000000.0,55000000.0,https://www.transfermarkt.co.uk/houssem-aouar/profil/spieler/395693,real_wc2026_squads_transfermarkt_openfootball,2026-06-02
Amine Gouiri,Algeria,28000000,transfermarkt_profile,50000000,28000000.0,2025-12-15,30000000.0,2025-06-02,28000000.0,50000000.0,https://www.transfermarkt.co.uk/amine-gouiri/profil/spieler/418659,real_wc2026_squads_transfermarkt_openfootball,2026-06-02
Farès Chaïbi,Algeria,15000000,transfermarkt_profile,18000000,15000000.0,2025-12-19,9000000.0,2025-06-04,15000000.0,18000000.0,https://www.transfermarkt.co.uk/fares-chaibi/profil/spieler/855015,real_wc2026_squads_transfermarkt_openfootball,2026-06-02
Anis Hadj Moussa,Algeria,2000000,transfermarkt_profile,2000000,2000000.0,2024-05-31,14000000.0,2025-05-27,2000000.0,2000000.0,https://www.transfermarkt.co.uk/anis-hadj-moussa/profil/spieler/917911,real_wc2026_squads_transfermarkt_openfootball,2026-06-02
Nadhir Benbouali,Algeria,600000,transfermarkt_profile,1500000,600000.0,2024-06-04,,,600000.0,1500000.0,https://www.transfermarkt.co.uk/nadhir-benbouali/profil/spieler/840254,real_wc2026_squads_transfermarkt_openfootball,2026-06-02
Jaouen Hadjam,Algeria,2000000,transfermarkt_profile,2000000,2000000.0,2024-05-31,9000000.0,2025-06-09,2000000.0,2000000.0,https://www.transfermarkt.co.uk/jaouen-hadjam/profil/spieler/750903,real_wc2026_squads_transfermarkt_openfootball,2026-06-02
Hicham Boudaoui,Algeria,12000000,transfermarkt_profile,15000000,12000000.0,2025-12-15,15000000.0,2025-06-02,12000000.0,15000000.0,https://www.transfermarkt.co.uk/hicham-boudaoui/profil/spieler/560593,real_wc2026_squads_transfermarkt_openfootball,2026-06-02
Rayan Aït-Nouri,Algeria,40000000,transfermarkt_profile,40000000,40000000.0,2025-12-09,35000000.0,2025-05-29,40000000.0,40000000.0,https://www.transfermarkt.co.uk/rayan-ait-nouri/profil/spieler/578391,real_wc2026_squads_transfermarkt_openfootball,2026-06-02
Oussama Benbot,Algeria,0,missing,0,,,,,,,https://www.transfermarkt.co.uk/oussama-benbout/profil/spieler/437982,real_wc2026_squads_transfermarkt_openfootball,2026-06-02
Rafik Belghali,Algeria,7000000,transfermarkt_profile,7000000,7000000.0,2025-12-23,,,7000000.0,7000000.0,https://www.transfermarkt.co.uk/rafik-belghali/profil/spieler/864306,real_wc2026_squads_transfermarkt_openfootball,2026-06-02
Mohamed Amoura,Algeria,32000000,transfermarkt_profile,32000000,32000000.0,2025-12-19,32000000.0,2025-06-04,32000000.0,32000000.0,https://www.transfermarkt.co.uk/mohamed-amoura/profil/spieler/746910,real_wc2026_squads_transfermarkt_openfootball,2026-06-02
Nabil Bentaleb,Algeria,5000000,transfermarkt_profile,20000000,5000000.0,2025-12-15,6000000.0,2025-06-02,5000000.0,20000000.0,https://www.transfermarkt.co.uk/nabil-bentaleb/profil/spieler/245537,real_wc2026_squads_transfermarkt_openfootball,2026-06-02
Adil Boulbina,Algeria,0,missing,0,,,,,,,https://www.transfermarkt.co.uk/adil-boulbina/profil/spieler/748443,real_wc2026_squads_transfermarkt_openfootball,2026-06-02
Ramy Bensebaini,Algeria,7000000,transfermarkt_profile,22000000,7000000.0,2025-12-19,7000000.0,2025-06-04,7000000.0,22000000.0,https://www.transfermarkt.co.uk/ramy-bensebaini/profil/spieler/284732,real_wc2026_squads_transfermarkt_openfootball,2026-06-02
Ibrahim Maza,Algeria,600000,transfermarkt_profile,600000,600000.0,2023-06-19,12000000.0,2025-06-18,600000.0,600000.0,https://www.transfermarkt.co.uk/ibrahim-maza/profil/spieler/905011,real_wc2026_squads_transfermarkt_openfootball,2026-06-02
Luca Zidane,Algeria,2000000,transfermarkt_profile,2000000,2000000.0,2023-06-14,1500000.0,2025-06-23,2000000.0,2000000.0,https://www.transfermarkt.co.uk/luca-zidane/profil/spieler/283489,real_wc2026_squads_transfermarkt_openfootball,2026-06-02
Yacine Titraoui,Algeria,5000000,transfermarkt_profile,5000000,5000000.0,2025-12-10,,,5000000.0,5000000.0,https://www.transfermarkt.co.uk/yassine-titraoui/profil/spieler/748445,real_wc2026_squads_transfermarkt_openfootball,2026-06-02
Farès Ghedjemis,Algeria,600000,transfermarkt_profile,600000,600000.0,2024-06-05,450000.0,2025-06-01,600000.0,600000.0,https://www.transfermarkt.co.uk/fares-ghedjemis/profil/spieler/888738,real_wc2026_squads_transfermarkt_openfootball,2026-06-02
Samir Chergui,Algeria,700000,salimt_latest_market_value,700000,,,700000.0,2025-06-01,,,https://www.transfermarkt.co.uk/samir-chergui/profil/spieler/668167,real_wc2026_squads_transfermarkt_openfootball,2026-06-02
Juan Musso,Argentina,5000000,transfermarkt_profile,20000000,5000000.0,2024-06-05,3500000.0,2025-06-08,5000000.0,20000000.0,https://www.transfermarkt.co.uk/juan-musso/profil/spieler/242359,real_wc2026_squads_transfermarkt_openfootball,2026-06-02
Leonardo Balerdi,Argentina,20000000,transfermarkt_profile,20000000,20000000.0,2025-12-15,20000000.0,2025-06-02,20000000.0,20000000.0,https://www.transfermarkt.co.uk/leonardo-balerdi/profil/spieler/575998,real_wc2026_squads_transfermarkt_openfootball,2026-06-02
Nicolás Tagliafico,Argentina,8000000,transfermarkt_profile,35000000,8000000.0,2024-06-03,6000000.0,2025-06-02,8000000.0,35000000.0,https://www.transfermarkt.co.uk/nicolas-tagliafico/profil/spieler/131225,real_wc2026_squads_transfermarkt_openfootball,2026-06-02
Gonzalo Montiel,Argentina,4500000,transfermarkt_profile,17000000,4500000.0,2025-12-17,5000000.0,2025-06-01,4500000.0,17000000.0,https://www.transfermarkt.co.uk/gonzalo-montiel/profil/spieler/402733,real_wc2026_squads_transfermarkt_openfootball,2026-06-02
Leandro Paredes,Argentina,5000000,transfermarkt_profile,40000000,5000000.0,2025-12-17,5000000.0,2025-06-16,5000000.0,40000000.0,https://www.transfermarkt.co.uk/leandro-paredes/profil/spieler/166237,real_wc2026_squads_transfermarkt_openfootball,2026-06-02
Lisandro Martínez,Argentina,50000000,transfermarkt_profile,50000000,50000000.0,2024-07-19,40000000.0,2025-05-29,50000000.0,50000000.0,https://www.transfermarkt.co.uk/lisandro-martinez/profil/spieler/480762,real_wc2026_squads_transfermarkt_openfootball,2026-06-02
Rodrigo De Paul,Argentina,15000000,transfermarkt_profile,40000000,15000000.0,2025-12-11,20000000.0,2025-09-11,15000000.0,40000000.0,https://www.transfermarkt.co.uk/rodrigo-de-paul/profil/spieler/255901,real_wc2026_squads_transfermarkt_openfootball,2026-06-02
Valentín Barco,Argentina,13000000,transfermarkt_profile,13000000,13000000.0,2024-05-27,12000000.0,2025-06-02,13000000.0,13000000.0,https://www.transfermarkt.co.uk/valentin-barco/profil/spieler/849410,real_wc2026_squads_transfermarkt_openfootball,2026-06-02
Julián Alvarez,Argentina,100000000,transfermarkt_profile,100000000,100000000.0,2025-12-12,100000000.0,2025-06-08,100000000.0,100000000.0,https://www.transfermarkt.co.uk/julian-alvarez/profil/spieler/576024,real_wc2026_squads_transfermarkt_openfootball,2026-06-02
Lionel Messi,Argentina,35000000,transfermarkt_profile,180000000,35000000.0,2023-08-22,18000000.0,2025-06-04,35000000.0,180000000.0,https://www.transfermarkt.co.uk/lionel-messi/profil/spieler/28003,real_wc2026_squads_transfermarkt_openfootball,2026-06-02
Giovani Lo Celso,Argentina,16000000,transfermarkt_profile,50000000,16000000.0,2024-05-27,15000000.0,2025-06-08,16000000.0,50000000.0,https://www.transfermarkt.co.uk/giovani-lo-celso/profil/spieler/348795,real_wc2026_squads_transfermarkt_openfootball,2026-06-02
Gerónimo Rulli,Argentina,9000000,transfermarkt_profile,14000000,9000000.0,2025-12-15,8000000.0,2025-06-02,9000000.0,14000000.0,https://www.transfermarkt.co.uk/geronimo-rulli/profil/spieler/229604,real_wc2026_squads_transfermarkt_openfootball,2026-06-02
Cristian Romero,Argentina,60000000,transfermarkt_profile,65000000,60000000.0,2025-12-09,50000000.0,2025-05-29,60000000.0,65000000.0,https://www.transfermarkt.co.uk/cristian-romero/profil/spieler/355915,real_wc2026_squads_transfermarkt_openfootball,2026-06-02
Exequiel Palacios,Argentina,30000000,transfermarkt_profile,45000000,30000000.0,2025-12-19,40000000.0,2025-06-04,30000000.0,45000000.0,https://www.transfermarkt.co.uk/exequiel-palacios/profil/spieler/401578,real_wc2026_squads_transfermarkt_openfootball,2026-06-02
Nicolás González,Argentina,35000000,transfermarkt_profile,40000000,35000000.0,2024-06-05,24000000.0,2025-06-16,35000000.0,40000000.0,https://www.transfermarkt.co.uk/nico-gonzalez/profil/spieler/486031,real_wc2026_squads_transfermarkt_openfootball,2026-06-02
Thiago Almada,Argentina,20000000,transfermarkt_profile,27000000,20000000.0,2025-12-12,25000000.0,2025-06-02,20000000.0,27000000.0,https://www.transfermarkt.co.uk/thiago-almada/profil/spieler/576028,real_wc2026_squads_transfermarkt_openfootball,2026-06-02
Giuliano Simeone,Argentina,40000000,transfermarkt_profile,40000000,40000000.0,2025-12-12,35000000.0,2025-06-08,40000000.0,40000000.0,https://www.transfermarkt.co.uk/giuliano-simeone/profil/spieler/742201,real_wc2026_squads_transfermarkt_openfootball,2026-06-02
Nico Paz,Argentina,65000000,transfermarkt_profile,65000000,65000000.0,2025-12-23,35000000.0,2025-06-16,65000000.0,65000000.0,https://www.transfermarkt.co.uk/nico-paz/profil/spieler/948294,real_wc2026_squads_transfermarkt_openfootball,2026-06-02
Nicolás Otamendi,Argentina,1000000,transfermarkt_profile,35000000,1000000.0,2025-12-18,1000000.0,2025-05-29,1000000.0,35000000.0,https://www.transfermarkt.co.uk/nicolas-otamendi/profil/spieler/54781,real_wc2026_squads_transfermarkt_openfootball,2026-06-02
Alexis Mac Allister,Argentina,85000000,transfermarkt_profile,100000000,85000000.0,2025-12-09,100000000.0,2025-05-29,85000000.0,100000000.0,https://www.transfermarkt.co.uk/alexis-mac-allister/profil/spieler/534033,real_wc2026_squads_transfermarkt_openfootball,2026-06-02
José Manuel López,Argentina,12000000,salimt_latest_market_value,12000000,,,12000000.0,2025-09-04,,,https://www.transfermarkt.co.uk/jose-manuel-lopez/profil/spieler/844797,real_wc2026_squads_transfermarkt_openfootball,2026-06-02
Lautaro Martínez,Argentina,85000000,transfermarkt_profile,110000000,85000000.0,2025-12-23,95000000.0,2025-06-16,85000000.0,110000000.0,https://www.transfermarkt.co.uk/lautaro-martinez/profil/spieler/406625,real_wc2026_squads_transfermarkt_openfootball,2026-06-02
Emiliano Martínez,Argentina,15000000,transfermarkt_profile,35000000,15000000.0,2025-12-09,20000000.0,2025-05-29,15000000.0,35000000.0,https://www.transfermarkt.co.uk/emiliano-martinez/profil/spieler/111873,real_wc2026_squads_transfermarkt_openfootball,2026-06-02
Enzo Fernández,Argentina,85000000,transfermarkt_profile,85000000,85000000.0,2025-12-09,75000000.0,2025-05-29,85000000.0,85000000.0,https://www.transfermarkt.co.uk/enzo-fernandez/profil/spieler/648195,real_wc2026_squads_transfermarkt_openfootball,2026-06-02
Facundo Medina,Argentina,20000000,transfermarkt_profile,25000000,20000000.0,2025-12-15,25000000.0,2025-06-02,20000000.0,25000000.0,https://www.transfermarkt.co.uk/facundo-medina/profil/spieler/474800,real_wc2026_squads_transfermarkt_openfootball,2026-06-02
Nahuel Molina,Argentina,15000000,transfermarkt_profile,50000000,15000000.0,2025-12-12,20000000.0,2025-06-08,15000000.0,50000000.0,https://www.transfermarkt.co.uk/nahuel-molina/profil/spieler/424042,real_wc2026_squads_transfermarkt_openfootball,2026-06-02
Alexander Schlager,Austria,2500000,salimt_latest_market_value,2500000,,,2500000.0,2025-06-05,,,https://www.transfermarkt.co.uk/alexander-schlager/profil/spieler/186374,real_wc2026_squads_transfermarkt_openfootball,2026-06-02
David Affengruber,Austria,5000000,salimt_latest_market_value,5000000,,,5000000.0,2025-06-23,,,https://www.transfermarkt.co.uk/david-affengruber/profil/spieler/452483,real_wc2026_squads_transfermarkt_openfootball,2026-06-02
Kevin Danso,Austria,22000000,transfermarkt_profile,25000000,22000000.0,2025-12-09,25000000.0,2025-05-29,22000000.0,25000000.0,https://www.transfermarkt.co.uk/kevin-danso/profil/spieler/263236,real_wc2026_squads_transfermarkt_openfootball,2026-06-02
Xaver Schlager,Austria,28000000,transfermarkt_profile,28000000,28000000.0,2024-05-29,10000000.0,2025-06-04,28000000.0,28000000.0,https://www.transfermarkt.co.uk/xaver-schlager/profil/spieler/223979,real_wc2026_squads_transfermarkt_openfootball,2026-06-02
Stefan Posch,Austria,14000000,transfermarkt_profile,14000000,14000000.0,2024-06-05,8000000.0,2025-06-16,14000000.0,14000000.0,https://www.transfermarkt.co.uk/stefan-posch/profil/spieler/223974,real_wc2026_squads_transfermarkt_openfootball,2026-06-02
Nicolas Seiwald,Austria,16000000,transfermarkt_profile,20000000,16000000.0,2024-05-29,18000000.0,2025-06-04,16000000.0,20000000.0,https://www.transfermarkt.co.uk/nicolas-seiwald/profil/spieler/404950,real_wc2026_squads_transfermarkt_openfootball,2026-06-02
Marko Arnautović,Austria,2500000,transfermarkt_profile,35000000,2500000.0,2025-12-11,3000000.0,2025-06-16,2500000.0,35000000.0,https://www.transfermarkt.co.uk/marko-arnautovic/profil/spieler/41384,real_wc2026_squads_transfermarkt_openfootball,2026-06-02
David Alaba,Austria,20000000,transfermarkt_profile,65000000,20000000.0,2024-06-07,6000000.0,2025-06-08,20000000.0,65000000.0,https://www.transfermarkt.co.uk/david-alaba/profil/spieler/59016,real_wc2026_squads_transfermarkt_openfootball,2026-06-02
Marcel Sabitzer,Austria,7000000,transfermarkt_profile,42000000,7000000.0,2025-12-19,8000000.0,2025-06-04,7000000.0,42000000.0,https://www.transfermarkt.co.uk/marcel-sabitzer/profil/spieler/106987,real_wc2026_squads_transfermarkt_openfootball,2026-06-02
Florian Grillitsch,Austria,2000000,transfermarkt_profile,25000000,2000000.0,2025-12-18,2000000.0,2025-06-08,2000000.0,25000000.0,https://www.transfermarkt.co.uk/florian-grillitsch/profil/spieler/195736,real_wc2026_squads_transfermarkt_openfootball,2026-06-02
Michael Gregoritsch,Austria,1500000,transfermarkt_profile,20000000,1500000.0,2025-12-15,3000000.0,2025-06-04,1500000.0,20000000.0,https://www.transfermarkt.co.uk/michael-gregoritsch/profil/spieler/120205,real_wc2026_squads_transfermarkt_openfootball,2026-06-02
Florian Wiegele,Austria,0,missing,0,,,,,,,https://www.transfermarkt.co.uk/florian-wiegele/profil/spieler/393999,real_wc2026_squads_transfermarkt_openfootball,2026-06-02
Patrick Pentz,Austria,2200000,transfermarkt_profile,3000000,2200000.0,2025-12-15,2500000.0,2025-06-15,2200000.0,3000000.0,https://www.transfermarkt.co.uk/patrick-pentz/profil/spieler/223972,real_wc2026_squads_transfermarkt_openfootball,2026-06-02
Saša Kalajdžić,Austria,2000000,transfermarkt_profile,25000000,2000000.0,2025-12-22,4000000.0,2025-05-29,2000000.0,25000000.0,https://www.transfermarkt.co.uk/sasa-kalajdzic/profil/spieler/369567,real_wc2026_squads_transfermarkt_openfootball,2026-06-02
Philipp Lienhart,Austria,12000000,transfermarkt_profile,20000000,12000000.0,2025-12-19,12000000.0,2025-06-04,12000000.0,20000000.0,https://www.transfermarkt.co.uk/philipp-lienhart/profil/spieler/225657,real_wc2026_squads_transfermarkt_openfootball,2026-06-02
Phillipp Mwene,Austria,1500000,transfermarkt_profile,3000000,1500000.0,2025-12-19,1800000.0,2025-06-04,1500000.0,3000000.0,https://www.transfermarkt.co.uk/phillipp-mwene/profil/spieler/127573,real_wc2026_squads_transfermarkt_openfootball,2026-06-02
Carney Chukwuemeka,Austria,25000000,transfermarkt_profile,25000000,25000000.0,2025-12-19,18000000.0,2025-06-04,25000000.0,25000000.0,https://www.transfermarkt.co.uk/carney-chukwuemeka/profil/spieler/659459,real_wc2026_squads_transfermarkt_openfootball,2026-06-02
Romano Schmid,Austria,17000000,transfermarkt_profile,17000000,17000000.0,2025-12-19,17000000.0,2025-06-04,17000000.0,17000000.0,https://www.transfermarkt.co.uk/romano-schmid/profil/spieler/346853,real_wc2026_squads_transfermarkt_openfootball,2026-06-02
Christoph Baumgartner,Austria,18000000,transfermarkt_profile,24000000,18000000.0,2024-05-29,12000000.0,2025-06-04,18000000.0,24000000.0,https://www.transfermarkt.co.uk/christoph-baumgartner/profil/spieler/324278,real_wc2026_squads_transfermarkt_openfootball,2026-06-02
Konrad Laimer,Austria,32000000,transfermarkt_profile,32000000,32000000.0,2025-12-19,25000000.0,2025-06-04,32000000.0,32000000.0,https://www.transfermarkt.co.uk/konrad-laimer/profil/spieler/223967,real_wc2026_squads_transfermarkt_openfootball,2026-06-02
Patrick Wimmer,Austria,15000000,transfermarkt_profile,18000000,15000000.0,2025-12-19,15000000.0,2025-06-04,15000000.0,18000000.0,https://www.transfermarkt.co.uk/patrick-wimmer/profil/spieler/533295,real_wc2026_squads_transfermarkt_openfootball,2026-06-02
Alexander Prass,Austria,5000000,transfermarkt_profile,12000000,5000000.0,2025-12-19,5000000.0,2025-06-04,5000000.0,12000000.0,https://www.transfermarkt.co.uk/alexander-prass/profil/spieler/434116,real_wc2026_squads_transfermarkt_openfootball,2026-06-02
Marco Friedl,Austria,12000000,transfermarkt_profile,12000000,12000000.0,2025-12-19,12000000.0,2025-06-04,12000000.0,12000000.0,https://www.transfermarkt.co.uk/marco-friedl/profil/spieler/156990,real_wc2026_squads_transfermarkt_openfootball,2026-06-02
Paul Wanner,Austria,14000000,transfermarkt_profile,18000000,14000000.0,2025-12-02,18000000.0,2025-06-04,14000000.0,18000000.0,https://www.transfermarkt.co.uk/paul-wanner/profil/spieler/900909,real_wc2026_squads_transfermarkt_openfootball,2026-06-02
Michael Svoboda,Austria,900000,transfermarkt_profile,900000,900000.0,2023-06-12,2500000.0,2025-06-16,900000.0,900000.0,https://www.transfermarkt.co.uk/michael-svoboda/profil/spieler/438961,real_wc2026_squads_transfermarkt_openfootball,2026-06-02
Alessandro Schöpf,Austria,1800000,transfermarkt_profile,7500000,1800000.0,2023-08-22,700000.0,2025-06-05,1800000.0,7500000.0,https://www.transfermarkt.co.uk/alessandro-schopf/profil/spieler/118397,real_wc2026_squads_transfermarkt_openfootball,2026-06-02
Yazeed Abulaila,Jordan,0,missing,0,,,,,,,https://www.transfermarkt.co.uk/yazeed-abulaila/profil/spieler/261850,real_wc2026_squads_transfermarkt_openfootball,2026-06-02
Mohammad Abu Hashish,Jordan,0,missing,0,,,,,,,https://www.transfermarkt.co.uk/mohammad-abu-hasheesh/profil/spieler/895249,real_wc2026_squads_transfermarkt_openfootball,2026-06-02
Abdallah Nasib,Jordan,0,missing,0,,,,,,,https://www.transfermarkt.co.uk/abdallah-nasib/profil/spieler/882197,real_wc2026_squads_transfermarkt_openfootball,2026-06-02
Husam Abu Dahab,Jordan,0,missing,0,,,,,,,https://www.transfermarkt.co.uk/husam-abu-dahab/profil/spieler/895291,real_wc2026_squads_transfermarkt_openfootball,2026-06-02
Yazan Al-Arab,Jordan,0,missing,0,,,,,,,https://www.transfermarkt.co.uk/yazan-al-arab/profil/spieler/539961,real_wc2026_squads_transfermarkt_openfootball,2026-06-02
Amer Jamous,Jordan,0,missing,0,,,,,,,https://www.transfermarkt.co.uk/amer-jamous/profil/spieler/744040,real_wc2026_squads_transfermarkt_openfootball,2026-06-02
Mohammad Abu Zrayq,Jordan,175000,salimt_latest_market_value,175000,,,175000.0,2025-05-13,,,https://www.transfermarkt.co.uk/mohammad-abualnadi/profil/spieler/658052,real_wc2026_squads_transfermarkt_openfootball,2026-06-02
Noor Al-Rawabdeh,Jordan,0,missing,0,,,,,,,https://www.transfermarkt.co.uk/noor-al-rawabdeh/profil/spieler/561485,real_wc2026_squads_transfermarkt_openfootball,2026-06-02
Ali Olwan,Jordan,0,missing,0,,,,,,,https://www.transfermarkt.co.uk/ali-olwan/profil/spieler/664057,real_wc2026_squads_transfermarkt_openfootball,2026-06-02
Musa Al-Taamari,Jordan,6000000,transfermarkt_profile,8000000,6000000.0,2025-12-15,6000000.0,2025-06-02,6000000.0,8000000.0,https://www.transfermarkt.co.uk/mousa-tamari/profil/spieler/551505,real_wc2026_squads_transfermarkt_openfootball,2026-06-02
Odeh Al-Fakhouri,Jordan,0,missing,0,,,,,,,https://www.transfermarkt.co.uk/odeh-fakhoury/profil/spieler/1252820,real_wc2026_squads_transfermarkt_openfootball,2026-06-02
Nour Bani Attiah,Jordan,0,missing,0,,,,,,,https://www.transfermarkt.co.uk/noureddin-bani-attiah/profil/spieler/261837,real_wc2026_squads_transfermarkt_openfootball,2026-06-02
Mahmoud Al-Mardi,Jordan,0,missing,0,,,,,,,https://www.transfermarkt.co.uk/mahmoud-al-mardi/profil/spieler/401086,real_wc2026_squads_transfermarkt_openfootball,2026-06-02
Rajaei Ayed,Jordan,350000,salimt_latest_market_value,350000,,,350000.0,2025-05-29,,,https://www.transfermarkt.co.uk/rajaei-ayed/profil/spieler/261842,real_wc2026_squads_transfermarkt_openfootball,2026-06-02
Ibrahim Sadeh,Jordan,0,missing,0,,,,,,,https://www.transfermarkt.co.uk/ibrahim-saadeh/profil/spieler/709974,real_wc2026_squads_transfermarkt_openfootball,2026-06-02
Mo Abualnadi,Jordan,175000,salimt_latest_market_value,175000,,,175000.0,2025-05-13,,,https://www.transfermarkt.co.uk/mohammad-abualnadi/profil/spieler/658052,real_wc2026_squads_transfermarkt_openfootball,2026-06-02
Salim Obaid,Jordan,0,missing,0,,,,,,,https://www.transfermarkt.co.uk/saleem-obaid/profil/spieler/658807,real_wc2026_squads_transfermarkt_openfootball,2026-06-02
Ibrahim Sabra,Jordan,275000,salimt_latest_market_value,275000,,,275000.0,2025-05-29,,,https://www.transfermarkt.co.uk/ibrahim-sabra/profil/spieler/1142382,real_wc2026_squads_transfermarkt_openfootball,2026-06-02
Saed Al-Rosan,Jordan,0,missing,0,,,,,,,https://www.transfermarkt.co.uk/saed-al-rosan/profil/spieler/561481,real_wc2026_squads_transfermarkt_openfootball,2026-06-02
Mohannad Abu Taha,Jordan,0,missing,0,,,,,,,https://www.transfermarkt.co.uk/mohannad-abu-taha/profil/spieler/883111,real_wc2026_squads_transfermarkt_openfootball,2026-06-02
Nizar Al-Rashdan,Jordan,0,missing,0,,,,,,,https://www.transfermarkt.co.uk/nizar-al-rashdan/profil/spieler/734751,real_wc2026_squads_transfermarkt_openfootball,2026-06-02
Abdallah Al-Fakhouri,Jordan,0,missing,0,,,,,,,https://www.transfermarkt.co.uk/abdallah-al-fakhouri/profil/spieler/658805,real_wc2026_squads_transfermarkt_openfootball,2026-06-02
Ihsan Haddad,Jordan,0,missing,0,,,,,,,https://www.transfermarkt.co.uk/ehsan-haddad/profil/spieler/310943,real_wc2026_squads_transfermarkt_openfootball,2026-06-02
Ali Azaizeh,Jordan,0,missing,0,,,,,,,https://www.transfermarkt.co.uk/ali-azaizeh/profil/spieler/1059056,real_wc2026_squads_transfermarkt_openfootball,2026-06-02
Mohammad Al-Dawoud,Jordan,0,missing,0,,,,,,,https://www.transfermarkt.co.uk/mohammad-al-dawoud/profil/spieler/310801,real_wc2026_squads_transfermarkt_openfootball,2026-06-02
Anas Badawi,Jordan,0,missing,0,,,,,,,,real_wc2026_squads_transfermarkt_openfootball,2026-06-02
David Ospina,Colombia,3000000,transfermarkt_profile,8000000,3000000.0,2023-06-12,400000.0,2025-06-19,3000000.0,8000000.0,https://www.transfermarkt.co.uk/david-ospina/profil/spieler/73396,real_wc2026_squads_transfermarkt_openfootball,2026-06-02
Daniel Muñoz,Colombia,27000000,transfermarkt_profile,27000000,27000000.0,2025-12-09,25000000.0,2025-05-29,27000000.0,27000000.0,https://www.transfermarkt.co.uk/daniel-munoz/profil/spieler/493003,real_wc2026_squads_transfermarkt_openfootball,2026-06-02
Jhon Lucumí,Colombia,17000000,transfermarkt_profile,17000000,17000000.0,2024-06-05,22000000.0,2025-06-16,17000000.0,17000000.0,https://www.transfermarkt.co.uk/jhon-lucumi/profil/spieler/413565,real_wc2026_squads_transfermarkt_openfootball,2026-06-02
Santiago Arias,Colombia,2500000,transfermarkt_profile,20000000,2500000.0,2023-08-22,2000000.0,2025-06-05,2500000.0,20000000.0,https://www.transfermarkt.co.uk/santiago-arias/profil/spieler/120443,real_wc2026_squads_transfermarkt_openfootball,2026-06-02
Kevin Castaño,Colombia,5000000,transfermarkt_profile,5000000,5000000.0,2024-06-04,8000000.0,2025-06-01,5000000.0,5000000.0,https://www.transfermarkt.co.uk/kevin-castano/profil/spieler/857948,real_wc2026_squads_transfermarkt_openfootball,2026-06-02
Richard Ríos,Colombia,16000000,salimt_latest_market_value,16000000,,,16000000.0,2025-06-05,,,https://www.transfermarkt.co.uk/richard-rios/profil/spieler/735573,real_wc2026_squads_transfermarkt_openfootball,2026-06-02
Luis Díaz,Colombia,70000000,transfermarkt_profile,85000000,70000000.0,2025-12-19,70000000.0,2025-05-29,70000000.0,85000000.0,https://www.transfermarkt.co.uk/luis-diaz/profil/spieler/480692,real_wc2026_squads_transfermarkt_openfootball,2026-06-02
Jorge Carrascal,Colombia,9000000,transfermarkt_profile,9000000,9000000.0,2025-12-10,7000000.0,2025-06-03,9000000.0,9000000.0,https://www.transfermarkt.co.uk/jorge-carrascal/profil/spieler/354145,real_wc2026_squads_transfermarkt_openfootball,2026-06-02
Jhon Córdoba,Colombia,10000000,transfermarkt_profile,17000000,10000000.0,2025-12-16,12000000.0,2025-06-03,10000000.0,17000000.0,https://www.transfermarkt.co.uk/jhon-cordoba/profil/spieler/185245,real_wc2026_squads_transfermarkt_openfootball,2026-06-02
James Rodríguez,Colombia,6000000,transfermarkt_profile,80000000,6000000.0,2023-05-22,2500000.0,2025-05-25,6000000.0,80000000.0,https://www.transfermarkt.co.uk/james-rodriguez/profil/spieler/88103,real_wc2026_squads_transfermarkt_openfootball,2026-06-02
Jhon Arias,Colombia,17000000,salimt_latest_market_value,17000000,,,17000000.0,2025-06-05,,,https://www.transfermarkt.co.uk/jhon-arias/profil/spieler/588989,real_wc2026_squads_transfermarkt_openfootball,2026-06-02
Camilo Vargas,Colombia,600000,salimt_latest_market_value,600000,,,600000.0,2025-05-25,,,https://www.transfermarkt.co.uk/camilo-vargas/profil/spieler/74113,real_wc2026_squads_transfermarkt_openfootball,2026-06-02
Yerry Mina,Colombia,3000000,transfermarkt_profile,30000000,3000000.0,2025-12-23,3000000.0,2025-06-16,3000000.0,30000000.0,https://www.transfermarkt.co.uk/yerry-mina/profil/spieler/289446,real_wc2026_squads_transfermarkt_openfootball,2026-06-02
Gustavo Puerta,Colombia,3000000,transfermarkt_profile,3000000,3000000.0,2024-05-29,,,3000000.0,3000000.0,https://www.transfermarkt.co.uk/gustavo-puerta/profil/spieler/936981,real_wc2026_squads_transfermarkt_openfootball,2026-06-02
Juan Portilla,Colombia,3500000,salimt_latest_market_value,3500000,,,3500000.0,2025-06-01,,,https://www.transfermarkt.co.uk/juan-portilla/profil/spieler/585747,real_wc2026_squads_transfermarkt_openfootball,2026-06-02
Jefferson Lerma,Colombia,8000000,transfermarkt_profile,25000000,8000000.0,2025-12-09,10000000.0,2025-05-29,8000000.0,25000000.0,https://www.transfermarkt.co.uk/jefferson-lerma/profil/spieler/262980,real_wc2026_squads_transfermarkt_openfootball,2026-06-02
Johan Mojica,Colombia,1800000,transfermarkt_profile,5000000,1800000.0,2025-12-12,2000000.0,2025-06-08,1800000.0,5000000.0,https://www.transfermarkt.co.uk/johan-mojica/profil/spieler/262939,real_wc2026_squads_transfermarkt_openfootball,2026-06-02
Willer Ditta,Colombia,5000000,salimt_latest_market_value,5000000,,,5000000.0,2025-05-25,,,https://www.transfermarkt.co.uk/willer-ditta/profil/spieler/609255,real_wc2026_squads_transfermarkt_openfootball,2026-06-02
Cucho Hernández,Colombia,18000000,transfermarkt_profile,18000000,18000000.0,2025-12-12,18000000.0,2025-06-08,18000000.0,18000000.0,https://www.transfermarkt.co.uk/cucho-hernandez/profil/spieler/459463,real_wc2026_squads_transfermarkt_openfootball,2026-06-02
Juan Fernando Quintero,Colombia,2500000,transfermarkt_profile,15000000,2500000.0,2023-07-07,,,2500000.0,15000000.0,https://www.transfermarkt.co.uk/juan-fernando-quintero/profil/spieler/122582,real_wc2026_squads_transfermarkt_openfootball,2026-06-02
Jaminton Campaz,Colombia,6000000,salimt_latest_market_value,6000000,,,6000000.0,2025-06-01,,,https://www.transfermarkt.co.uk/jaminton-campaz/profil/spieler/491553,real_wc2026_squads_transfermarkt_openfootball,2026-06-02
Deiver Machado,Colombia,4000000,transfermarkt_profile,4000000,4000000.0,2024-06-03,3000000.0,2025-06-02,4000000.0,4000000.0,https://www.transfermarkt.co.uk/deiver-machado/profil/spieler/332560,real_wc2026_squads_transfermarkt_openfootball,2026-06-02
Davinson Sánchez,Colombia,18000000,transfermarkt_profile,60000000,18000000.0,2025-12-17,20000000.0,2025-06-17,18000000.0,60000000.0,https://www.transfermarkt.co.uk/davinson-sanchez/profil/spieler/341429,real_wc2026_squads_transfermarkt_openfootball,2026-06-02
Álvaro Montero,Colombia,0,missing,0,,,,,,,https://www.transfermarkt.co.uk/alvaro-montero/profil/spieler/292985,real_wc2026_squads_transfermarkt_openfootball,2026-06-02
Luis Suárez,Colombia,3500000,transfermarkt_profile,10000000,3500000.0,2024-06-07,8000000.0,2025-06-23,3500000.0,10000000.0,https://www.transfermarkt.co.uk/luis-suarez/profil/spieler/424784,real_wc2026_squads_transfermarkt_openfootball,2026-06-02
Andrés Gómez,Colombia,5000000,transfermarkt_profile,6000000,5000000.0,2025-12-10,,,5000000.0,6000000.0,https://www.transfermarkt.co.uk/andres-gomez/profil/spieler/957461,real_wc2026_squads_transfermarkt_openfootball,2026-06-02
Lionel Mpasi,DR Congo,700000,transfermarkt_profile,700000,700000.0,2023-06-16,400000.0,2025-06-01,700000.0,700000.0,https://www.transfermarkt.co.uk/lionel-mpasi-nzau/profil/spieler/164915,real_wc2026_squads_transfermarkt_openfootball,2026-06-02
Aaron Wan-Bissaka,DR Congo,22000000,transfermarkt_profile,40000000,22000000.0,2025-12-09,24000000.0,2025-05-29,22000000.0,40000000.0,https://www.transfermarkt.co.uk/aaron-wan-bissaka/profil/spieler/477758,real_wc2026_squads_transfermarkt_openfootball,2026-06-02
Steve Kapuadi,DR Congo,3000000,salimt_latest_market_value,3000000,,,3000000.0,2025-06-05,,,https://www.transfermarkt.co.uk/steve-kapuadi/profil/spieler/679709,real_wc2026_squads_transfermarkt_openfootball,2026-06-02
Axel Tuanzebe,DR Congo,5000000,transfermarkt_profile,10000000,5000000.0,2025-12-09,5000000.0,2025-05-29,5000000.0,10000000.0,https://www.transfermarkt.co.uk/axel-tuanzebe/profil/spieler/342046,real_wc2026_squads_transfermarkt_openfootball,2026-06-02
Dylan Batubinsika,DR Congo,700000,transfermarkt_profile,2500000,700000.0,2025-12-11,1200000.0,2025-06-02,700000.0,2500000.0,https://www.transfermarkt.co.uk/dylan-batubinsika/profil/spieler/289432,real_wc2026_squads_transfermarkt_openfootball,2026-06-02
Ngal'ayel Mukau,DR Congo,12000000,transfermarkt_profile,15000000,12000000.0,2025-12-15,15000000.0,2025-06-02,12000000.0,15000000.0,https://www.transfermarkt.co.uk/ngalayel-mukau/profil/spieler/1016015,real_wc2026_squads_transfermarkt_openfootball,2026-06-02
Nathanaël Mbuku,DR Congo,2000000,transfermarkt_profile,9000000,2000000.0,2024-06-11,1000000.0,2025-06-08,2000000.0,9000000.0,https://www.transfermarkt.co.uk/nathanael-mbuku/profil/spieler/557614,real_wc2026_squads_transfermarkt_openfootball,2026-06-02
Samuel Moutoussamy,DR Congo,1200000,transfermarkt_profile,5000000,1200000.0,2025-12-12,1600000.0,2025-06-17,1200000.0,5000000.0,https://www.transfermarkt.co.uk/samuel-moutoussamy/profil/spieler/353403,real_wc2026_squads_transfermarkt_openfootball,2026-06-02
Brian Cipenga,DR Congo,0,missing,0,,,,,,,,real_wc2026_squads_transfermarkt_openfootball,2026-06-02
Théo Bongonda,DR Congo,5000000,transfermarkt_profile,11000000,5000000.0,2025-12-16,6000000.0,2025-06-03,5000000.0,11000000.0,https://www.transfermarkt.co.uk/theo-bongonda/profil/spieler/280701,real_wc2026_squads_transfermarkt_openfootball,2026-06-02
Gaël Kakuta,DR Congo,1800000,transfermarkt_profile,8000000,1800000.0,2023-06-16,600000.0,2025-06-24,1800000.0,8000000.0,https://www.transfermarkt.co.uk/gael-kakuta/profil/spieler/74297,real_wc2026_squads_transfermarkt_openfootball,2026-06-02
Joris Kayembe,DR Congo,2500000,transfermarkt_profile,3500000,2500000.0,2024-06-04,3000000.0,2025-06-11,2500000.0,3500000.0,https://www.transfermarkt.co.uk/joris-kayembe/profil/spieler/129586,real_wc2026_squads_transfermarkt_openfootball,2026-06-02
Meschak Elia,DR Congo,4000000,salimt_latest_market_value,4000000,,,4000000.0,2025-06-02,,,https://www.transfermarkt.co.uk/meschack-elia/profil/spieler/423678,real_wc2026_squads_transfermarkt_openfootball,2026-06-02
Noah Sadiki,DR Congo,5000000,transfermarkt_profile,5000000,5000000.0,2024-06-04,12000000.0,2025-06-11,5000000.0,5000000.0,https://www.transfermarkt.co.uk/noah-sadiki/profil/spieler/727089,real_wc2026_squads_transfermarkt_openfootball,2026-06-02
Aaron Tshibola,DR Congo,450000,transfermarkt_profile,3000000,450000.0,2023-10-12,350000.0,2025-05-22,450000.0,3000000.0,https://www.transfermarkt.co.uk/aaron-tshibola/profil/spieler/243633,real_wc2026_squads_transfermarkt_openfootball,2026-06-02
Timothy Fayulu,DR Congo,1400000,salimt_latest_market_value,1400000,,,1400000.0,2025-06-09,,,https://www.transfermarkt.co.uk/timothy-fayulu/profil/spieler/541420,real_wc2026_squads_transfermarkt_openfootball,2026-06-02
Cédric Bakambu,DR Congo,1400000,transfermarkt_profile,25000000,1400000.0,2025-12-12,1500000.0,2025-06-08,1400000.0,25000000.0,https://www.transfermarkt.co.uk/cedric-bakambu/profil/spieler/127048,real_wc2026_squads_transfermarkt_openfootball,2026-06-02
Charles Pickel,DR Congo,3200000,transfermarkt_profile,3800000,3200000.0,2023-10-11,2400000.0,2025-06-01,3200000.0,3800000.0,https://www.transfermarkt.co.uk/charles-pickel/profil/spieler/243879,real_wc2026_squads_transfermarkt_openfootball,2026-06-02
Fiston Mayele,DR Congo,0,missing,0,,,,,,,,real_wc2026_squads_transfermarkt_openfootball,2026-06-02
Yoane Wissa,DR Congo,28000000,transfermarkt_profile,28000000,28000000.0,2024-05-27,32000000.0,2025-05-29,28000000.0,28000000.0,https://www.transfermarkt.co.uk/yoane-wissa/profil/spieler/388165,real_wc2026_squads_transfermarkt_openfootball,2026-06-02
Matthieu Epolo,DR Congo,800000,transfermarkt_profile,800000,800000.0,2024-06-04,4000000.0,2025-06-11,800000.0,800000.0,https://www.transfermarkt.co.uk/matthieu-epolo/profil/spieler/680218,real_wc2026_squads_transfermarkt_openfootball,2026-06-02
Chancel Mbemba,DR Congo,2500000,transfermarkt_profile,20000000,2500000.0,2025-12-15,2000000.0,2025-06-02,2500000.0,20000000.0,https://www.transfermarkt.co.uk/chancel-mbemba/profil/spieler/203348,real_wc2026_squads_transfermarkt_openfootball,2026-06-02
Simon Banza,DR Congo,11000000,transfermarkt_profile,18000000,11000000.0,2025-11-28,14000000.0,2025-06-17,11000000.0,18000000.0,https://www.transfermarkt.co.uk/simon-banza/profil/spieler/344869,real_wc2026_squads_transfermarkt_openfootball,2026-06-02
Gédéon Kalulu,DR Congo,3500000,transfermarkt_profile,5000000,3500000.0,2024-06-03,2000000.0,2025-06-01,3500000.0,5000000.0,https://www.transfermarkt.co.uk/gedeon-kalulu/profil/spieler/395685,real_wc2026_squads_transfermarkt_openfootball,2026-06-02
Edo Kayembe,DR Congo,4000000,transfermarkt_profile,5000000,4000000.0,2023-10-27,4000000.0,2025-05-26,4000000.0,5000000.0,https://www.transfermarkt.co.uk/edo-kayembe/profil/spieler/486477,real_wc2026_squads_transfermarkt_openfootball,2026-06-02
Arthur Masuaku,DR Congo,2500000,transfermarkt_profile,10000000,2500000.0,2025-12-09,3000000.0,2025-06-17,2500000.0,10000000.0,https://www.transfermarkt.co.uk/arthur-masuaku/profil/spieler/181380,real_wc2026_squads_transfermarkt_openfootball,2026-06-02
Diogo Costa,Portugal,40000000,transfermarkt_profile,45000000,40000000.0,2025-12-18,40000000.0,2025-05-29,40000000.0,45000000.0,https://www.transfermarkt.co.uk/diogo-costa/profil/spieler/357153,real_wc2026_squads_transfermarkt_openfootball,2026-06-02
Nélson Semedo,Portugal,7500000,transfermarkt_profile,40000000,7500000.0,2025-12-17,9000000.0,2025-05-29,7500000.0,40000000.0,https://www.transfermarkt.co.uk/nelson-semedo/profil/spieler/231572,real_wc2026_squads_transfermarkt_openfootball,2026-06-02
Rúben Dias,Portugal,60000000,transfermarkt_profile,80000000,60000000.0,2025-12-09,65000000.0,2025-05-29,60000000.0,80000000.0,https://www.transfermarkt.co.uk/ruben-dias/profil/spieler/258004,real_wc2026_squads_transfermarkt_openfootball,2026-06-02
Tomás Araújo,Portugal,28000000,transfermarkt_profile,32000000,28000000.0,2025-12-18,32000000.0,2025-05-29,28000000.0,32000000.0,https://www.transfermarkt.co.uk/tomas-araujo/profil/spieler/504087,real_wc2026_squads_transfermarkt_openfootball,2026-06-02
Diogo Dalot,Portugal,28000000,transfermarkt_profile,40000000,28000000.0,2025-12-09,30000000.0,2025-05-29,28000000.0,40000000.0,https://www.transfermarkt.co.uk/diogo-dalot/profil/spieler/357147,real_wc2026_squads_transfermarkt_openfootball,2026-06-02
Matheus Nunes,Portugal,38000000,transfermarkt_profile,55000000,38000000.0,2025-12-09,35000000.0,2025-05-29,38000000.0,55000000.0,https://www.transfermarkt.co.uk/matheus-nunes/profil/spieler/601883,real_wc2026_squads_transfermarkt_openfootball,2026-06-02
Cristiano Ronaldo,Portugal,15000000,transfermarkt_profile,120000000,15000000.0,2023-06-12,12000000.0,2025-05-26,15000000.0,120000000.0,https://www.transfermarkt.co.uk/cristiano-ronaldo/profil/spieler/8198,real_wc2026_squads_transfermarkt_openfootball,2026-06-02
Bruno Fernandes,Portugal,40000000,transfermarkt_profile,90000000,40000000.0,2025-12-09,50000000.0,2025-05-29,40000000.0,90000000.0,https://www.transfermarkt.co.uk/bruno-fernandes/profil/spieler/240306,real_wc2026_squads_transfermarkt_openfootball,2026-06-02
Gonçalo Ramos,Portugal,35000000,transfermarkt_profile,50000000,35000000.0,2025-12-15,40000000.0,2025-06-02,35000000.0,50000000.0,https://www.transfermarkt.co.uk/goncalo-ramos/profil/spieler/550550,real_wc2026_squads_transfermarkt_openfootball,2026-06-02
Bernardo Silva,Portugal,27000000,transfermarkt_profile,100000000,27000000.0,2025-12-09,38000000.0,2025-05-29,27000000.0,100000000.0,https://www.transfermarkt.co.uk/bernardo-silva/profil/spieler/241641,real_wc2026_squads_transfermarkt_openfootball,2026-06-02
João Félix,Portugal,25000000,transfermarkt_profile,100000000,25000000.0,2025-12-18,20000000.0,2025-06-16,25000000.0,100000000.0,https://www.transfermarkt.co.uk/joao-felix/profil/spieler/462250,real_wc2026_squads_transfermarkt_openfootball,2026-06-02
José Sá,Portugal,5000000,transfermarkt_profile,18000000,5000000.0,2025-12-09,7000000.0,2025-05-29,5000000.0,18000000.0,https://www.transfermarkt.co.uk/jose-sa/profil/spieler/249994,real_wc2026_squads_transfermarkt_openfootball,2026-06-02
Renato Veiga,Portugal,25000000,transfermarkt_profile,25000000,25000000.0,2025-12-12,25000000.0,2025-06-16,25000000.0,25000000.0,https://www.transfermarkt.co.uk/renato-veiga/profil/spieler/805714,real_wc2026_squads_transfermarkt_openfootball,2026-06-02
Gonçalo Inácio,Portugal,45000000,transfermarkt_profile,45000000,45000000.0,2025-12-18,45000000.0,2025-05-29,45000000.0,45000000.0,https://www.transfermarkt.co.uk/goncalo-inacio/profil/spieler/549006,real_wc2026_squads_transfermarkt_openfootball,2026-06-02
João Neves,Portugal,110000000,transfermarkt_profile,110000000,110000000.0,2025-12-15,80000000.0,2025-06-02,110000000.0,110000000.0,https://www.transfermarkt.co.uk/joao-neves/profil/spieler/670681,real_wc2026_squads_transfermarkt_openfootball,2026-06-02
Francisco Trincão,Portugal,35000000,transfermarkt_profile,35000000,35000000.0,2025-12-18,35000000.0,2025-05-29,35000000.0,35000000.0,https://www.transfermarkt.co.uk/francisco-trincao/profil/spieler/412669,real_wc2026_squads_transfermarkt_openfootball,2026-06-02
Rafael Leão,Portugal,90000000,transfermarkt_profile,90000000,90000000.0,2024-06-05,70000000.0,2025-06-16,90000000.0,90000000.0,https://www.transfermarkt.co.uk/rafael-leao/profil/spieler/357164,real_wc2026_squads_transfermarkt_openfootball,2026-06-02
Pedro Neto,Portugal,60000000,transfermarkt_profile,60000000,60000000.0,2025-12-09,50000000.0,2025-05-29,60000000.0,60000000.0,https://www.transfermarkt.co.uk/pedro-neto/profil/spieler/487465,real_wc2026_squads_transfermarkt_openfootball,2026-06-02
Gonçalo Guedes,Portugal,6000000,transfermarkt_profile,40000000,6000000.0,2025-12-12,11000000.0,2025-05-29,6000000.0,40000000.0,https://www.transfermarkt.co.uk/goncalo-guedes/profil/spieler/225122,real_wc2026_squads_transfermarkt_openfootball,2026-06-02
João Cancelo,Portugal,25000000,transfermarkt_profile,70000000,25000000.0,2024-06-07,15000000.0,2025-05-26,25000000.0,70000000.0,https://www.transfermarkt.co.uk/joao-cancelo/profil/spieler/182712,real_wc2026_squads_transfermarkt_openfootball,2026-06-02
Rúben Neves,Portugal,40000000,transfermarkt_profile,50000000,40000000.0,2023-06-20,25000000.0,2025-05-26,40000000.0,50000000.0,https://www.transfermarkt.co.uk/ruben-neves/profil/spieler/225161,real_wc2026_squads_transfermarkt_openfootball,2026-06-02
Rui Silva,Portugal,8000000,transfermarkt_profile,15000000,8000000.0,2024-06-07,7000000.0,2025-05-29,8000000.0,15000000.0,https://www.transfermarkt.co.uk/rui-silva/profil/spieler/234811,real_wc2026_squads_transfermarkt_openfootball,2026-06-02
Vitinha,Portugal,110000000,transfermarkt_profile,110000000,110000000.0,2025-12-15,80000000.0,2025-06-02,110000000.0,110000000.0,https://www.transfermarkt.co.uk/vitinha/profil/spieler/487469,real_wc2026_squads_transfermarkt_openfootball,2026-06-02
Samú Costa,Portugal,15000000,transfermarkt_profile,15000000,15000000.0,2025-12-12,15000000.0,2025-06-08,15000000.0,15000000.0,https://www.transfermarkt.co.uk/samu-costa/profil/spieler/657430,real_wc2026_squads_transfermarkt_openfootball,2026-06-02
Nuno Mendes,Portugal,75000000,transfermarkt_profile,75000000,75000000.0,2025-12-15,70000000.0,2025-06-02,75000000.0,75000000.0,https://www.transfermarkt.co.uk/nuno-mendes/profil/spieler/616341,real_wc2026_squads_transfermarkt_openfootball,2026-06-02
Francisco Conceição,Portugal,30000000,transfermarkt_profile,36000000,30000000.0,2025-12-23,28000000.0,2025-06-16,30000000.0,36000000.0,https://www.transfermarkt.co.uk/francisco-conceicao/profil/spieler/487474,real_wc2026_squads_transfermarkt_openfootball,2026-06-02
Utkir Yusupov,Uzbekistan,0,missing,0,,,,,,,https://www.transfermarkt.co.uk/utkir-yusupov/profil/spieler/311958,real_wc2026_squads_transfermarkt_openfootball,2026-06-02
Abdukodir Khusanov,Uzbekistan,35000000,transfermarkt_profile,35000000,35000000.0,2025-12-09,35000000.0,2025-05-29,35000000.0,35000000.0,https://www.transfermarkt.co.uk/abdukodir-khusanov/profil/spieler/763079,real_wc2026_squads_transfermarkt_openfootball,2026-06-02
Khojiakbar Alijonov,Uzbekistan,0,missing,0,,,,,,,https://www.transfermarkt.co.uk/khozhiakbar-alizhonov/profil/spieler/492558,real_wc2026_squads_transfermarkt_openfootball,2026-06-02
Farrukh Sayfiev,Uzbekistan,0,missing,0,,,,,,,https://www.transfermarkt.co.uk/farrukh-sayfiev/profil/spieler/212499,real_wc2026_squads_transfermarkt_openfootball,2026-06-02
Rustam Ashurmatov,Uzbekistan,800000,transfermarkt_profile,850000,800000.0,2024-06-04,,,800000.0,850000.0,https://www.transfermarkt.co.uk/rustam-ashurmatov/profil/spieler/288883,real_wc2026_squads_transfermarkt_openfootball,2026-06-02
Akmal Mozgovoy,Uzbekistan,0,missing,0,,,,,,,https://www.transfermarkt.co.uk/akmal-mozgovoy/profil/spieler/562022,real_wc2026_squads_transfermarkt_openfootball,2026-06-02
Otabek Shukurov,Uzbekistan,1600000,transfermarkt_profile,4000000,1600000.0,2025-11-28,1800000.0,2025-05-26,1600000.0,4000000.0,https://www.transfermarkt.co.uk/otabek-shukurov/profil/spieler/294525,real_wc2026_squads_transfermarkt_openfootball,2026-06-02
Jamshid Iskanderov,Uzbekistan,0,missing,0,,,,,,,https://www.transfermarkt.co.uk/jamshid-iskanderov/profil/spieler/260857,real_wc2026_squads_transfermarkt_openfootball,2026-06-02
Odiljon Hamrobekov,Uzbekistan,0,missing,0,,,,,,,https://www.transfermarkt.co.uk/odildzhon-khamrobekov/profil/spieler/288915,real_wc2026_squads_transfermarkt_openfootball,2026-06-02
Jaloliddin Masharipov,Uzbekistan,1700000,transfermarkt_profile,3000000,1700000.0,2024-06-05,1500000.0,2025-05-15,1700000.0,3000000.0,https://www.transfermarkt.co.uk/jaloliddin-masharipov/profil/spieler/274536,real_wc2026_squads_transfermarkt_openfootball,2026-06-02
Oston Urunov,Uzbekistan,1000000,transfermarkt_profile,1500000,1000000.0,2023-12-04,,,1000000.0,1500000.0,https://www.transfermarkt.co.uk/oston-urunov/profil/spieler/492556,real_wc2026_squads_transfermarkt_openfootball,2026-06-02
Abduvohid Nematov,Uzbekistan,0,missing,0,,,,,,,https://www.transfermarkt.co.uk/abduvokhid-nematov/profil/spieler/527866,real_wc2026_squads_transfermarkt_openfootball,2026-06-02
Sherzod Nasrullaev,Uzbekistan,0,missing,0,,,,,,,https://www.transfermarkt.co.uk/sherzod-nasrullaev/profil/spieler/608537,real_wc2026_squads_transfermarkt_openfootball,2026-06-02
Eldor Shomurodov,Uzbekistan,5000000,transfermarkt_profile,14000000,5000000.0,2025-12-17,5000000.0,2025-06-16,5000000.0,14000000.0,https://www.transfermarkt.co.uk/eldor-shomurodov/profil/spieler/358166,real_wc2026_squads_transfermarkt_openfootball,2026-06-02
Umar Eshmurodov,Uzbekistan,0,missing,0,,,,,,,https://www.transfermarkt.co.uk/umar-eshmurodov/profil/spieler/493725,real_wc2026_squads_transfermarkt_openfootball,2026-06-02
Botirali Ergashev,Uzbekistan,0,missing,0,,,,,,,https://www.transfermarkt.co.uk/botirali-ergashev/profil/spieler/312690,real_wc2026_squads_transfermarkt_openfootball,2026-06-02
Dostonbek Khamdamov,Uzbekistan,750000,transfermarkt_profile,1200000,750000.0,2023-12-04,,,750000.0,1200000.0,https://www.transfermarkt.co.uk/dostonbek-khamdamov/profil/spieler/294502,real_wc2026_squads_transfermarkt_openfootball,2026-06-02
Abdulla Abdullaev,Uzbekistan,0,missing,0,,,,,,,https://www.transfermarkt.co.uk/abdulla-abdullaev/profil/spieler/570272,real_wc2026_squads_transfermarkt_openfootball,2026-06-02
Azizjon Ganiev,Uzbekistan,0,missing,0,,,,,,,https://www.transfermarkt.co.uk/aziz-ganiev/profil/spieler/431911,real_wc2026_squads_transfermarkt_openfootball,2026-06-02
Azizbek Amonov,Uzbekistan,0,missing,0,,,,,,,https://www.transfermarkt.co.uk/alibek-davronov/profil/spieler/712357,real_wc2026_squads_transfermarkt_openfootball,2026-06-02
Igor Sergeev,Uzbekistan,0,missing,0,,,,,,,https://www.transfermarkt.co.uk/igor-sergeev/profil/spieler/185372,real_wc2026_squads_transfermarkt_openfootball,2026-06-02
Abbosbek Fayzullaev,Uzbekistan,7000000,transfermarkt_profile,8000000,7000000.0,2025-12-17,,,7000000.0,8000000.0,https://www.transfermarkt.co.uk/abbosbek-fayzullaev/profil/spieler/754037,real_wc2026_squads_transfermarkt_openfootball,2026-06-02
Sherzod Esanov,Uzbekistan,0,missing,0,,,,,,,https://www.transfermarkt.co.uk/sherzod-esanov/profil/spieler/989068,real_wc2026_squads_transfermarkt_openfootball,2026-06-02
Bekhruz Karimov,Uzbekistan,0,missing,0,,,,,,,,real_wc2026_squads_transfermarkt_openfootball,2026-06-02
Avazbek Ulmasaliev,Uzbekistan,0,missing,0,,,,,,,https://www.transfermarkt.co.uk/avazbek-ulmasaliev/profil/spieler/538764,real_wc2026_squads_transfermarkt_openfootball,2026-06-02
Jakhongir Urozov,Uzbekistan,0,missing,0,,,,,,,https://www.transfermarkt.co.uk/jakhongir-urozov/profil/spieler/989069,real_wc2026_squads_transfermarkt_openfootball,2026-06-02
Dominik Livaković,Croatia,11000000,transfermarkt_profile,15000000,11000000.0,2024-05-31,9000000.0,2025-06-17,11000000.0,15000000.0,https://www.transfermarkt.co.uk/dominik-livakovic/profil/spieler/205927,real_wc2026_squads_transfermarkt_openfootball,2026-06-02
Josip Stanišić,Croatia,32000000,transfermarkt_profile,32000000,32000000.0,2025-12-19,32000000.0,2025-06-04,32000000.0,32000000.0,https://www.transfermarkt.co.uk/josip-stanisic/profil/spieler/483046,real_wc2026_squads_transfermarkt_openfootball,2026-06-02
Marin Pongračić,Croatia,7500000,transfermarkt_profile,10000000,7500000.0,2025-12-23,10000000.0,2025-06-16,7500000.0,10000000.0,https://www.transfermarkt.co.uk/marin-pongracic/profil/spieler/282144,real_wc2026_squads_transfermarkt_openfootball,2026-06-02
Joško Gvardiol,Croatia,70000000,transfermarkt_profile,80000000,70000000.0,2025-12-09,75000000.0,2025-05-29,70000000.0,80000000.0,https://www.transfermarkt.co.uk/josko-gvardiol/profil/spieler/475959,real_wc2026_squads_transfermarkt_openfootball,2026-06-02
Duje Ćaleta-Car,Croatia,7000000,transfermarkt_profile,25000000,7000000.0,2024-06-03,7000000.0,2025-06-02,7000000.0,25000000.0,https://www.transfermarkt.co.uk/duje-caleta-car/profil/spieler/238266,real_wc2026_squads_transfermarkt_openfootball,2026-06-02
Josip Šutalo,Croatia,17000000,transfermarkt_profile,24000000,17000000.0,2025-12-02,24000000.0,2025-05-27,17000000.0,24000000.0,https://www.transfermarkt.co.uk/josip-sutalo/profil/spieler/371001,real_wc2026_squads_transfermarkt_openfootball,2026-06-02
Nikola Moro,Croatia,6500000,transfermarkt_profile,9000000,6500000.0,2025-12-23,4500000.0,2025-06-16,6500000.0,9000000.0,https://www.transfermarkt.co.uk/nikola-moro/profil/spieler/316934,real_wc2026_squads_transfermarkt_openfootball,2026-06-02
Mateo Kovačić,Croatia,15000000,transfermarkt_profile,45000000,15000000.0,2025-12-09,20000000.0,2025-05-29,15000000.0,45000000.0,https://www.transfermarkt.co.uk/mateo-kovacic/profil/spieler/51471,real_wc2026_squads_transfermarkt_openfootball,2026-06-02
Andrej Kramarić,Croatia,3000000,transfermarkt_profile,38000000,3000000.0,2025-12-19,4000000.0,2025-06-04,3000000.0,38000000.0,https://www.transfermarkt.co.uk/andrej-kramaric/profil/spieler/46580,real_wc2026_squads_transfermarkt_openfootball,2026-06-02
Luka Modrić,Croatia,4000000,transfermarkt_profile,55000000,4000000.0,2025-12-23,4000000.0,2025-06-08,4000000.0,55000000.0,https://www.transfermarkt.co.uk/luka-modric/profil/spieler/27992,real_wc2026_squads_transfermarkt_openfootball,2026-06-02
Ante Budimir,Croatia,3000000,transfermarkt_profile,15000000,3000000.0,2025-12-12,5000000.0,2025-06-08,3000000.0,15000000.0,https://www.transfermarkt.co.uk/ante-budimir/profil/spieler/46413,real_wc2026_squads_transfermarkt_openfootball,2026-06-02
Ivor Pandur,Croatia,2000000,transfermarkt_profile,2000000,2000000.0,2024-05-24,2000000.0,2025-05-26,2000000.0,2000000.0,https://www.transfermarkt.co.uk/ivor-pandur/profil/spieler/371013,real_wc2026_squads_transfermarkt_openfootball,2026-06-02
Nikola Vlašić,Croatia,10000000,transfermarkt_profile,30000000,10000000.0,2024-06-05,8000000.0,2025-06-16,10000000.0,30000000.0,https://www.transfermarkt.co.uk/nikola-vlasic/profil/spieler/293200,real_wc2026_squads_transfermarkt_openfootball,2026-06-02
Ivan Perišić,Croatia,1300000,transfermarkt_profile,45000000,1300000.0,2025-12-02,1500000.0,2025-05-27,1300000.0,45000000.0,https://www.transfermarkt.co.uk/ivan-perisic/profil/spieler/42460,real_wc2026_squads_transfermarkt_openfootball,2026-06-02
Mario Pašalić,Croatia,7000000,transfermarkt_profile,28000000,7000000.0,2025-12-23,10000000.0,2025-06-16,7000000.0,28000000.0,https://www.transfermarkt.co.uk/mario-pasalic/profil/spieler/205938,real_wc2026_squads_transfermarkt_openfootball,2026-06-02
Martin Baturina,Croatia,22000000,salimt_latest_market_value,22000000,,,22000000.0,2025-06-08,,,https://www.transfermarkt.co.uk/martin-baturina/profil/spieler/580451,real_wc2026_squads_transfermarkt_openfootball,2026-06-02
Petar Sučić,Croatia,30000000,transfermarkt_profile,30000000,30000000.0,2025-12-23,14000000.0,2025-06-08,30000000.0,30000000.0,https://www.transfermarkt.co.uk/petar-sucic/profil/spieler/668207,real_wc2026_squads_transfermarkt_openfootball,2026-06-02
Kristijan Jakić,Croatia,6000000,transfermarkt_profile,9000000,6000000.0,2025-12-19,6500000.0,2025-06-04,6000000.0,9000000.0,https://www.transfermarkt.co.uk/kristijan-jakic/profil/spieler/374954,real_wc2026_squads_transfermarkt_openfootball,2026-06-02
Toni Fruk,Croatia,10000000,salimt_latest_market_value,10000000,,,10000000.0,2025-06-08,,,https://www.transfermarkt.co.uk/toni-fruk/profil/spieler/432758,real_wc2026_squads_transfermarkt_openfootball,2026-06-02
Igor Matanović,Croatia,7000000,transfermarkt_profile,8000000,7000000.0,2025-12-19,5000000.0,2025-06-04,7000000.0,8000000.0,https://www.transfermarkt.co.uk/igor-matanovic/profil/spieler/605268,real_wc2026_squads_transfermarkt_openfootball,2026-06-02
Luka Sučić,Croatia,10000000,transfermarkt_profile,20000000,10000000.0,2025-12-12,15000000.0,2025-06-08,10000000.0,20000000.0,https://www.transfermarkt.co.uk/luka-sucic/profil/spieler/502722,real_wc2026_squads_transfermarkt_openfootball,2026-06-02
Luka Vušković,Croatia,40000000,transfermarkt_profile,40000000,40000000.0,2025-12-19,12000000.0,2025-06-11,40000000.0,40000000.0,https://www.transfermarkt.co.uk/luka-vuskovic/profil/spieler/892160,real_wc2026_squads_transfermarkt_openfootball,2026-06-02
Dominik Kotarski,Croatia,6000000,transfermarkt_profile,9000000,6000000.0,2025-12-15,9000000.0,2025-05-22,6000000.0,9000000.0,https://www.transfermarkt.co.uk/dominik-kotarski/profil/spieler/370997,real_wc2026_squads_transfermarkt_openfootball,2026-06-02
Marco Pašalić,Croatia,350000,transfermarkt_profile,400000,350000.0,2023-06-13,6000000.0,2025-09-11,350000.0,400000.0,https://www.transfermarkt.co.uk/marco-pasalic/profil/spieler/395928,real_wc2026_squads_transfermarkt_openfootball,2026-06-02
Martin Erlić,Croatia,4000000,transfermarkt_profile,5500000,4000000.0,2025-12-15,4000000.0,2025-06-16,4000000.0,5500000.0,https://www.transfermarkt.co.uk/martin-erlic/profil/spieler/357003,real_wc2026_squads_transfermarkt_openfootball,2026-06-02
Petar Musa,Croatia,8000000,transfermarkt_profile,8000000,8000000.0,2024-06-13,6000000.0,2025-06-04,8000000.0,8000000.0,https://www.transfermarkt.co.uk/petar-musa/profil/spieler/387110,real_wc2026_squads_transfermarkt_openfootball,2026-06-02
Jordan Pickford,England,15000000,transfermarkt_profile,40000000,15000000.0,2025-12-09,18000000.0,2025-05-29,15000000.0,40000000.0,https://www.transfermarkt.co.uk/jordan-pickford/profil/spieler/130164,real_wc2026_squads_transfermarkt_openfootball,2026-06-02
Ezri Konsa,England,35000000,transfermarkt_profile,35000000,35000000.0,2025-12-09,35000000.0,2025-05-29,35000000.0,35000000.0,https://www.transfermarkt.co.uk/ezri-konsa/profil/spieler/413403,real_wc2026_squads_transfermarkt_openfootball,2026-06-02
Nico O'Reilly,England,40000000,transfermarkt_profile,40000000,40000000.0,2025-12-09,18000000.0,2025-05-29,40000000.0,40000000.0,https://www.transfermarkt.co.uk/nico-oreilly/profil/spieler/743413,real_wc2026_squads_transfermarkt_openfootball,2026-06-02
Declan Rice,England,120000000,transfermarkt_profile,120000000,120000000.0,2025-12-09,120000000.0,2025-05-29,120000000.0,120000000.0,https://www.transfermarkt.co.uk/declan-rice/profil/spieler/357662,real_wc2026_squads_transfermarkt_openfootball,2026-06-02
John Stones,England,18000000,transfermarkt_profile,60000000,18000000.0,2025-12-09,25000000.0,2025-05-29,18000000.0,60000000.0,https://www.transfermarkt.co.uk/john-stones/profil/spieler/186590,real_wc2026_squads_transfermarkt_openfootball,2026-06-02
Marc Guéhi,England,55000000,transfermarkt_profile,55000000,55000000.0,2025-12-09,45000000.0,2025-05-29,55000000.0,55000000.0,https://www.transfermarkt.co.uk/marc-guehi/profil/spieler/392757,real_wc2026_squads_transfermarkt_openfootball,2026-06-02
Bukayo Saka,England,130000000,transfermarkt_profile,150000000,130000000.0,2025-12-09,150000000.0,2025-05-29,130000000.0,150000000.0,https://www.transfermarkt.co.uk/bukayo-saka/profil/spieler/433177,real_wc2026_squads_transfermarkt_openfootball,2026-06-02
Elliot Anderson,England,60000000,transfermarkt_profile,60000000,60000000.0,2025-12-09,32000000.0,2025-05-29,60000000.0,60000000.0,https://www.transfermarkt.co.uk/elliot-anderson/profil/spieler/567576,real_wc2026_squads_transfermarkt_openfootball,2026-06-02
Harry Kane,England,65000000,transfermarkt_profile,150000000,65000000.0,2025-12-19,75000000.0,2025-06-04,65000000.0,150000000.0,https://www.transfermarkt.co.uk/harry-kane/profil/spieler/132098,real_wc2026_squads_transfermarkt_openfootball,2026-06-02
Jude Bellingham,England,160000000,transfermarkt_profile,180000000,160000000.0,2025-12-12,180000000.0,2025-06-08,160000000.0,180000000.0,https://www.transfermarkt.co.uk/jude-bellingham/profil/spieler/581678,real_wc2026_squads_transfermarkt_openfootball,2026-06-02
Marcus Rashford,England,40000000,transfermarkt_profile,85000000,40000000.0,2025-12-12,50000000.0,2025-05-29,40000000.0,85000000.0,https://www.transfermarkt.co.uk/marcus-rashford/profil/spieler/258923,real_wc2026_squads_transfermarkt_openfootball,2026-06-02
Tino Livramento,England,40000000,transfermarkt_profile,40000000,40000000.0,2025-12-09,40000000.0,2025-05-29,40000000.0,40000000.0,https://www.transfermarkt.co.uk/tino-livramento/profil/spieler/503981,real_wc2026_squads_transfermarkt_openfootball,2026-06-02
Dean Henderson,England,28000000,transfermarkt_profile,28000000,28000000.0,2025-12-09,20000000.0,2025-05-29,28000000.0,28000000.0,https://www.transfermarkt.co.uk/dean-henderson/profil/spieler/258919,real_wc2026_squads_transfermarkt_openfootball,2026-06-02
Jordan Henderson,England,2000000,transfermarkt_profile,35000000,2000000.0,2025-12-09,2500000.0,2025-05-27,2000000.0,35000000.0,https://www.transfermarkt.co.uk/jordan-henderson/profil/spieler/61651,real_wc2026_squads_transfermarkt_openfootball,2026-06-02
Dan Burn,England,5000000,transfermarkt_profile,12000000,5000000.0,2025-12-09,6000000.0,2025-05-29,5000000.0,12000000.0,https://www.transfermarkt.co.uk/dan-burn/profil/spieler/134270,real_wc2026_squads_transfermarkt_openfootball,2026-06-02
Kobbie Mainoo,England,40000000,transfermarkt_profile,55000000,40000000.0,2025-12-09,50000000.0,2025-05-29,40000000.0,55000000.0,https://www.transfermarkt.co.uk/kobbie-mainoo/profil/spieler/820374,real_wc2026_squads_transfermarkt_openfootball,2026-06-02
Morgan Rogers,England,70000000,transfermarkt_profile,70000000,70000000.0,2025-12-09,55000000.0,2025-05-29,70000000.0,70000000.0,https://www.transfermarkt.co.uk/morgan-rogers/profil/spieler/503743,real_wc2026_squads_transfermarkt_openfootball,2026-06-02
Anthony Gordon,England,60000000,transfermarkt_profile,65000000,60000000.0,2025-12-09,65000000.0,2025-05-29,60000000.0,65000000.0,https://www.transfermarkt.co.uk/anthony-gordon/profil/spieler/503733,real_wc2026_squads_transfermarkt_openfootball,2026-06-02
Ollie Watkins,England,30000000,transfermarkt_profile,65000000,30000000.0,2025-12-09,40000000.0,2025-05-29,30000000.0,65000000.0,https://www.transfermarkt.co.uk/ollie-watkins/profil/spieler/324358,real_wc2026_squads_transfermarkt_openfootball,2026-06-02
Noni Madueke,England,50000000,transfermarkt_profile,50000000,50000000.0,2025-12-09,40000000.0,2025-05-29,50000000.0,50000000.0,https://www.transfermarkt.co.uk/noni-madueke/profil/spieler/503987,real_wc2026_squads_transfermarkt_openfootball,2026-06-02
Eberechi Eze,England,65000000,transfermarkt_profile,65000000,65000000.0,2025-12-09,55000000.0,2025-05-29,65000000.0,65000000.0,https://www.transfermarkt.co.uk/eberechi-eze/profil/spieler/479999,real_wc2026_squads_transfermarkt_openfootball,2026-06-02
Ivan Toney,England,50000000,transfermarkt_profile,50000000,50000000.0,2024-05-27,25000000.0,2025-05-26,50000000.0,50000000.0,https://www.transfermarkt.co.uk/ivan-toney/profil/spieler/251664,real_wc2026_squads_transfermarkt_openfootball,2026-06-02
James Trafford,England,18000000,transfermarkt_profile,18000000,18000000.0,2024-05-27,22000000.0,2025-05-26,18000000.0,18000000.0,https://www.transfermarkt.co.uk/james-trafford/profil/spieler/566799,real_wc2026_squads_transfermarkt_openfootball,2026-06-02
Reece James,England,50000000,transfermarkt_profile,70000000,50000000.0,2025-12-09,30000000.0,2025-05-29,50000000.0,70000000.0,https://www.transfermarkt.co.uk/reece-james/profil/spieler/472423,real_wc2026_squads_transfermarkt_openfootball,2026-06-02
Djed Spence,England,8000000,transfermarkt_profile,13000000,8000000.0,2024-06-05,20000000.0,2025-05-29,8000000.0,13000000.0,https://www.transfermarkt.co.uk/djed-spence/profil/spieler/483348,real_wc2026_squads_transfermarkt_openfootball,2026-06-02
Jarell Quansah,England,40000000,transfermarkt_profile,40000000,40000000.0,2025-12-19,20000000.0,2025-05-29,40000000.0,40000000.0,https://www.transfermarkt.co.uk/jarell-quansah/profil/spieler/632349,real_wc2026_squads_transfermarkt_openfootball,2026-06-02
Lawrence Ati-Zigi,Ghana,1200000,salimt_latest_market_value,1200000,,,1200000.0,2025-06-09,,,https://www.transfermarkt.co.uk/lawrence-ati-zigi/profil/spieler/254285,real_wc2026_squads_transfermarkt_openfootball,2026-06-02
Alidu Seidu,Ghana,6000000,transfermarkt_profile,9000000,6000000.0,2025-12-15,9000000.0,2025-06-02,6000000.0,9000000.0,https://www.transfermarkt.co.uk/alidu-seidu/profil/spieler/798404,real_wc2026_squads_transfermarkt_openfootball,2026-06-02
Caleb Yirenkyi,Ghana,1000000,salimt_latest_market_value,1000000,,,1000000.0,2025-06-15,,,https://www.transfermarkt.co.uk/caleb-yirenkyi/profil/spieler/1240763,real_wc2026_squads_transfermarkt_openfootball,2026-06-02
Jonas Adjetey,Ghana,8000000,salimt_latest_market_value,8000000,,,8000000.0,2025-06-09,,,https://www.transfermarkt.co.uk/jonas-adjetey/profil/spieler/734676,real_wc2026_squads_transfermarkt_openfootball,2026-06-02
Thomas Partey,Ghana,5000000,transfermarkt_profile,50000000,5000000.0,2025-12-12,14000000.0,2025-05-29,5000000.0,50000000.0,https://www.transfermarkt.co.uk/thomas-partey/profil/spieler/230784,real_wc2026_squads_transfermarkt_openfootball,2026-06-02
Abdul Mumin,Ghana,2500000,transfermarkt_profile,3000000,2500000.0,2024-06-07,5000000.0,2025-06-08,2500000.0,3000000.0,https://www.transfermarkt.co.uk/abdul-mumin/profil/spieler/451801,real_wc2026_squads_transfermarkt_openfootball,2026-06-02
Abdul Fatawu,Ghana,20000000,transfermarkt_profile,20000000,20000000.0,2025-12-03,11000000.0,2025-05-29,20000000.0,20000000.0,https://www.transfermarkt.co.uk/abdul-fatawu/profil/spieler/864121,real_wc2026_squads_transfermarkt_openfootball,2026-06-02
Kwasi Sibo,Ghana,300000,transfermarkt_profile,300000,300000.0,2023-06-30,1000000.0,2025-06-23,300000.0,300000.0,https://www.transfermarkt.co.uk/kwasi-sibo/profil/spieler/538006,real_wc2026_squads_transfermarkt_openfootball,2026-06-02
Jordan Ayew,Ghana,1800000,transfermarkt_profile,10000000,1800000.0,2025-12-03,2500000.0,2025-05-29,1800000.0,10000000.0,https://www.transfermarkt.co.uk/jordan-ayew/profil/spieler/108354,real_wc2026_squads_transfermarkt_openfootball,2026-06-02
Brandon Thomas-Asante,Ghana,0,missing,0,,,,,,,,real_wc2026_squads_transfermarkt_openfootball,2026-06-02
Antoine Semenyo,Ghana,65000000,transfermarkt_profile,65000000,65000000.0,2025-12-09,40000000.0,2025-05-29,65000000.0,65000000.0,https://www.transfermarkt.co.uk/antoine-semenyo/profil/spieler/583255,real_wc2026_squads_transfermarkt_openfootball,2026-06-02
Joseph Anang,Ghana,300000,transfermarkt_profile,300000,300000.0,2024-05-27,300000.0,2025-06-19,300000.0,300000.0,https://www.transfermarkt.co.uk/joseph-anang/profil/spieler/576099,real_wc2026_squads_transfermarkt_openfootball,2026-06-02
Christopher Bonsu Baah,Ghana,3500000,transfermarkt_profile,4000000,3500000.0,2024-06-04,7500000.0,2025-06-11,3500000.0,4000000.0,https://www.transfermarkt.co.uk/christopher-bonsu-baah/profil/spieler/1119447,real_wc2026_squads_transfermarkt_openfootball,2026-06-02
Gideon Mensah,Ghana,3500000,transfermarkt_profile,4000000,3500000.0,2025-12-15,4000000.0,2025-06-02,3500000.0,4000000.0,https://www.transfermarkt.co.uk/gideon-mensah/profil/spieler/397171,real_wc2026_squads_transfermarkt_openfootball,2026-06-02
Elisha Owusu,Ghana,2500000,transfermarkt_profile,7500000,2500000.0,2023-10-27,3000000.0,2025-06-02,2500000.0,7500000.0,https://www.transfermarkt.co.uk/elisha-owusu/profil/spieler/395695,real_wc2026_squads_transfermarkt_openfootball,2026-06-02
Benjamin Asare,Ghana,150000,transfermarkt_profile,2500000,150000.0,2021-05-20,0.0,2022-04-07,150000.0,2500000.0,https://www.transfermarkt.co.uk/nana-asare/profil/spieler/18759,real_wc2026_squads_transfermarkt_openfootball,2026-06-02
Abdul Rahman Baba,Ghana,2000000,transfermarkt_profile,15000000,2000000.0,2025-12-12,2000000.0,2025-05-22,2000000.0,15000000.0,https://www.transfermarkt.co.uk/abdul-rahman-baba/profil/spieler/224884,real_wc2026_squads_transfermarkt_openfootball,2026-06-02
Jerome Opoku,Ghana,2000000,transfermarkt_profile,2000000,2000000.0,2024-05-31,5000000.0,2025-06-17,2000000.0,2000000.0,https://www.transfermarkt.co.uk/jerome-opoku/profil/spieler/408563,real_wc2026_squads_transfermarkt_openfootball,2026-06-02
Iñaki Williams,Ghana,25000000,transfermarkt_profile,50000000,25000000.0,2024-06-07,15000000.0,2025-06-08,25000000.0,50000000.0,https://www.transfermarkt.co.uk/inaki-williams/profil/spieler/255508,real_wc2026_squads_transfermarkt_openfootball,2026-06-02
Augustine Boakye,Ghana,4000000,transfermarkt_profile,4000000,4000000.0,2025-12-11,2500000.0,2025-06-02,4000000.0,4000000.0,https://www.transfermarkt.co.uk/augustine-boakye/profil/spieler/579263,real_wc2026_squads_transfermarkt_openfootball,2026-06-02
Kojo Peprah Oppong,Ghana,1000000,salimt_latest_market_value,1000000,,,1000000.0,2025-06-17,,,https://www.transfermarkt.co.uk/kojo-peprah-oppong/profil/spieler/1113451,real_wc2026_squads_transfermarkt_openfootball,2026-06-02
Kamaldeen Sulemana,Ghana,18000000,transfermarkt_profile,22000000,18000000.0,2025-12-23,13000000.0,2025-05-29,18000000.0,22000000.0,https://www.transfermarkt.co.uk/kamaldeen-sulemana/profil/spieler/746695,real_wc2026_squads_transfermarkt_openfootball,2026-06-02
Derrick Luckassen,Ghana,1200000,transfermarkt_profile,4500000,1200000.0,2023-05-29,1000000.0,2025-05-28,1200000.0,4500000.0,https://www.transfermarkt.co.uk/derrick-luckassen/profil/spieler/241457,real_wc2026_squads_transfermarkt_openfootball,2026-06-02
Ernest Nuamah,Ghana,12000000,transfermarkt_profile,20000000,12000000.0,2025-12-15,15000000.0,2025-06-02,12000000.0,20000000.0,https://www.transfermarkt.co.uk/ernest-nuamah/profil/spieler/955070,real_wc2026_squads_transfermarkt_openfootball,2026-06-02
Prince Kwabena Adu,Ghana,0,missing,0,,,,,,,,real_wc2026_squads_transfermarkt_openfootball,2026-06-02
Marvin Senaya,Ghana,3000000,transfermarkt_profile,3000000,3000000.0,2025-12-15,1800000.0,2025-06-09,3000000.0,3000000.0,https://www.transfermarkt.co.uk/marvin-senaya/profil/spieler/830890,real_wc2026_squads_transfermarkt_openfootball,2026-06-02
Luis Mejía,Panama,0,missing,0,,,,,,,,real_wc2026_squads_transfermarkt_openfootball,2026-06-02
César Blackman,Panama,2500000,salimt_latest_market_value,2500000,,,2500000.0,2025-06-19,,,https://www.transfermarkt.co.uk/cesar-blackman/profil/spieler/440383,real_wc2026_squads_transfermarkt_openfootball,2026-06-02
José Córdoba,Panama,4800000,salimt_latest_market_value,4800000,,,4800000.0,2025-05-26,,,https://www.transfermarkt.co.uk/jose-cordoba/profil/spieler/698415,real_wc2026_squads_transfermarkt_openfootball,2026-06-02
Fidel Escobar,Panama,350000,salimt_latest_market_value,350000,,,350000.0,2025-06-11,,,https://www.transfermarkt.co.uk/fidel-escobar/profil/spieler/345716,real_wc2026_squads_transfermarkt_openfootball,2026-06-02
Edgardo Fariña,Panama,1000000,transfermarkt_profile,1000000,1000000.0,2025-12-16,,,1000000.0,1000000.0,https://www.transfermarkt.co.uk/edgardo-farina/profil/spieler/923177,real_wc2026_squads_transfermarkt_openfootball,2026-06-02
Cristian Martínez,Panama,0,missing,0,,,,,,,https://www.transfermarkt.co.uk/cristian-martinez/profil/spieler/419247,real_wc2026_squads_transfermarkt_openfootball,2026-06-02
José Luis Rodríguez,Panama,2000000,transfermarkt_profile,2000000,2000000.0,2024-06-06,2000000.0,2025-05-25,2000000.0,2000000.0,https://www.transfermarkt.co.uk/jose-luis-rodriguez/profil/spieler/425028,real_wc2026_squads_transfermarkt_openfootball,2026-06-02
Adalberto Carrasquilla,Panama,3800000,salimt_latest_market_value,3800000,,,3800000.0,2025-05-25,,,https://www.transfermarkt.co.uk/adalberto-carrasquilla/profil/spieler/375300,real_wc2026_squads_transfermarkt_openfootball,2026-06-02
Tomás Rodríguez,Panama,0,missing,0,,,,,,,https://www.transfermarkt.co.uk/tomas-rodriguez/profil/spieler/569205,real_wc2026_squads_transfermarkt_openfootball,2026-06-02
Ismael Díaz,Panama,1000000,transfermarkt_profile,1200000,1000000.0,2023-07-14,,,1000000.0,1200000.0,https://www.transfermarkt.co.uk/ismael-diaz/profil/spieler/243298,real_wc2026_squads_transfermarkt_openfootball,2026-06-02
Yoel Bárcenas,Panama,800000,salimt_latest_market_value,800000,,,800000.0,2025-05-25,,,https://www.transfermarkt.co.uk/yoel-barcenas/profil/spieler/283473,real_wc2026_squads_transfermarkt_openfootball,2026-06-02
César Samudio,Panama,0,missing,0,,,,,,,,real_wc2026_squads_transfermarkt_openfootball,2026-06-02
Jiovany Ramos,Panama,0,missing,0,,,,,,,https://www.transfermarkt.co.uk/jiovany-ramos/profil/spieler/403809,real_wc2026_squads_transfermarkt_openfootball,2026-06-02
Carlos Harvey,Panama,600000,salimt_latest_market_value,600000,,,600000.0,2025-06-04,,,https://www.transfermarkt.co.uk/carlos-harvey/profil/spieler/628806,real_wc2026_squads_transfermarkt_openfootball,2026-06-02
Eric Davis,Panama,50000,salimt_latest_market_value,50000,,,50000.0,2025-06-26,,,https://www.transfermarkt.co.uk/eric-davis/profil/spieler/121791,real_wc2026_squads_transfermarkt_openfootball,2026-06-02
Andrés Andrade,Panama,1000000,transfermarkt_profile,2000000,1000000.0,2023-06-28,2000000.0,2025-06-05,1000000.0,2000000.0,https://www.transfermarkt.co.uk/andres-andrade/profil/spieler/403808,real_wc2026_squads_transfermarkt_openfootball,2026-06-02
José Fajardo,Panama,0,missing,0,,,,,,,,real_wc2026_squads_transfermarkt_openfootball,2026-06-02
Cecilio Waterman,Panama,0,missing,0,,,,,,,,real_wc2026_squads_transfermarkt_openfootball,2026-06-02
Alberto Quintero,Panama,100000,salimt_latest_market_value,100000,,,100000.0,2025-06-03,,,https://www.transfermarkt.co.uk/alberto-quintero/profil/spieler/126019,real_wc2026_squads_transfermarkt_openfootball,2026-06-02
Aníbal Godoy,Panama,150000,salimt_latest_market_value,150000,,,150000.0,2025-06-04,,,https://www.transfermarkt.co.uk/anibal-godoy/profil/spieler/161671,real_wc2026_squads_transfermarkt_openfootball,2026-06-02
César Yanis,Panama,250000,salimt_latest_market_value,250000,,,250000.0,2025-06-29,,,https://www.transfermarkt.co.uk/cesar-yanis/profil/spieler/741098,real_wc2026_squads_transfermarkt_openfootball,2026-06-02
Orlando Mosquera,Panama,0,missing,0,,,,,,,https://www.transfermarkt.co.uk/orlando-mosquera/profil/spieler/402979,real_wc2026_squads_transfermarkt_openfootball,2026-06-02
Michael Amir Murillo,Panama,10000000,transfermarkt_profile,10000000,10000000.0,2025-12-15,10000000.0,2025-06-02,10000000.0,10000000.0,https://www.transfermarkt.co.uk/amir-murillo/profil/spieler/354482,real_wc2026_squads_transfermarkt_openfootball,2026-06-02
Azarias Londoño,Panama,0,missing,0,,,,,,,https://www.transfermarkt.co.uk/azarias-londono/profil/spieler/860998,real_wc2026_squads_transfermarkt_openfootball,2026-06-02
Roderick Miller,Panama,200000,transfermarkt_profile,600000,200000.0,2023-05-31,,,200000.0,600000.0,https://www.transfermarkt.co.uk/roderick-miller/profil/spieler/157154,real_wc2026_squads_transfermarkt_openfootball,2026-06-02
Jorge Gutiérrez,Panama,0,missing,0,,,,,,,https://www.transfermarkt.co.uk/jorge-gutierrez/profil/spieler/443379,real_wc2026_squads_transfermarkt_openfootball,2026-06-02
