player_name,country,minutes,goals,assists,shots,key_passes,progressive_passes,progressive_carries,successful_dribbles,tackles,interceptions,aerial_duels_won,pass_completion_pct,turnovers,club_level_score,recent_form_score,expected_minutes_score,non_penalty_goals,shots_in_box,touches_in_box,through_balls,crosses_into_box,shot_creating_actions_proxy,passes_into_final_third,carries_into_final_third,recoveries,pressures,long_passes,saves,clean_sheets,aerial_threat,xg_proxy,xa_proxy,yellow_cards,red_cards,recent_appearances,height_in_cm,market_value_score,tactical_fit_score,final_squad_selection_score,injury_availability_score,injury_severity_score,injury_status,recent_injury_count,is_injured,injury_source_url,caps,international_goals,data_source,data_refresh_date
Matěj Kovář,Czech Republic,3960,0,0,5,2,93,30,10,34,29,26,78.9,12,71.2,57.4,67.0,0,2,5,0,0,2,60,16,67,55,50,106,8,26,0.1,0.05,0.0,0.0,44,196.0,62.2,70.3,100,100.0,0.0,Available,0.0,False,https://github.com/salimt/football-datasets,19,0,real_wc2026_squads_transfermarkt_openfootball,2026-06-02
David Zima,Czech Republic,690,0,0,2,1,16,6,2,7,6,4,81.5,3,56.0,38.7,60.9,0,1,2,0,0,1,10,3,14,13,8,0,1,4,0.05,0.02,2.0,0.0,8,190.0,52.4,59.0,100,100.0,0.0,Available,0.0,False,https://github.com/salimt/football-datasets,24,1,real_wc2026_squads_transfermarkt_openfootball,2026-06-02
Tomáš Holeš,Czech Republic,188,0,1,1,3,3,1,0,2,2,1,76.2,1,41.0,40.3,69.4,0,1,2,1,1,5,2,1,4,4,2,0,0,1,0.05,0.77,0.0,0.0,4,180.0,9.5,55.1,100,100.0,0.0,Available,,False,,40,2,real_wc2026_squads_transfermarkt_openfootball,2026-06-02
Robin Hranáč,Czech Republic,2423,1,0,11,4,56,23,8,23,20,16,82.8,9,80.9,63.1,48.2,1,6,14,1,0,4,36,13,47,47,30,0,5,17,1.08,0.1,6.0,0.0,31,190.0,62.2,54.0,100,100.0,0.0,Available,,False,,13,1,real_wc2026_squads_transfermarkt_openfootball,2026-06-02
Vladimír Coufal,Czech Republic,3108,1,9,20,36,90,32,12,34,29,11,76.5,16,75.0,76.8,91.3,1,11,26,10,29,54,58,18,66,63,7,0,6,12,1.33,7.2,4.0,0.0,35,174.0,45.2,82.3,100,100.0,0.0,Available,0.0,False,https://github.com/salimt/football-datasets,61,2,real_wc2026_squads_transfermarkt_openfootball,2026-06-02
Štěpán Chaloupek,Czech Republic,559,1,1,5,4,4,2,1,5,4,3,76.2,3,41.0,45.6,37.1,1,3,8,1,1,6,3,1,10,11,6,0,1,3,0.93,0.8,1.0,0.0,8,188.0,9.5,37.3,100,100.0,0.0,Available,,False,,4,0,real_wc2026_squads_transfermarkt_openfootball,2026-06-02
Ladislav Krejčí,Czech Republic,2856,2,1,16,7,88,32,11,30,26,19,85.2,8,89.9,74.6,74.6,2,8,19,2,1,9,57,18,60,56,38,0,6,20,1.96,0.88,5.0,0.0,34,191.0,80.5,72.1,100,100.0,0.0,Available,,False,,26,5,real_wc2026_squads_transfermarkt_openfootball,2026-06-02
Vladimír Darida,Czech Republic,0,0,0,1,0,2,1,0,1,1,0,76.9,1,46.3,22.8,69.5,0,1,2,0,0,0,1,1,2,2,0,0,0,0,0.05,0.0,,,0,172.0,24.5,60.1,100,100.0,0.0,Available,0.0,False,https://github.com/salimt/football-datasets,78,8,real_wc2026_squads_transfermarkt_openfootball,2026-06-02
Adam Hložek,Czech Republic,37,0,0,1,1,3,2,1,0,0,0,78.9,1,85.0,39.7,70.2,0,1,2,0,0,1,2,1,1,2,0,0,0,0,0.05,0.02,0.0,0.0,5,188.0,73.9,70.4,100,6.0,94.0,Active: Quarantine; Ill,0.0,True,https://github.com/salimt/football-datasets,42,5,real_wc2026_squads_transfermarkt_openfootball,2026-06-02
Patrik Schick,Czech Republic,2865,22,4,110,30,121,60,22,17,15,11,80.9,16,88.2,89.4,87.4,22,77,183,7,3,38,79,33,31,56,12,0,0,20,21.01,3.55,2.0,0.0,42,191.0,83.0,81.7,100,100.0,0.0,Available,0.0,False,https://github.com/salimt/football-datasets,52,25,real_wc2026_squads_transfermarkt_openfootball,2026-06-02
Jan Kuchta,Czech Republic,347,3,1,14,5,11,6,2,2,2,1,77.3,2,56.0,57.4,63.6,3,10,29,1,1,7,7,3,3,7,1,0,0,2,2.84,0.82,0.0,0.0,5,185.0,52.4,62.5,100,100.0,0.0,Available,0.0,False,https://github.com/salimt/football-datasets,31,3,real_wc2026_squads_transfermarkt_openfootball,2026-06-02
Lukáš Červ,Czech Republic,1235,1,1,12,8,31,16,6,9,7,5,81.5,7,56.8,57.0,46.8,1,7,17,2,1,10,20,9,17,24,3,0,0,6,1.13,0.9,2.0,0.0,14,182.0,54.6,53.7,100,100.0,0.0,Available,0.0,False,https://github.com/salimt/football-datasets,16,2,real_wc2026_squads_transfermarkt_openfootball,2026-06-02
Mojmír Chytil,Czech Republic,143,0,0,2,1,3,2,1,1,1,0,71.9,1,41.0,27.6,55.2,0,1,2,0,0,1,2,1,1,3,0,0,0,0,0.05,0.02,1.0,0.0,6,187.0,9.5,49.3,100,100.0,0.0,Available,,False,,22,6,real_wc2026_squads_transfermarkt_openfootball,2026-06-02
David Jurásek,Czech Republic,964,0,0,5,3,23,11,4,8,7,5,77.6,5,56.8,39.9,48.9,0,3,7,0,7,3,15,6,17,19,3,0,2,5,0.15,0.08,0.0,0.0,16,183.0,54.6,60.8,100,100.0,0.0,Available,0.0,False,https://github.com/salimt/football-datasets,17,1,real_wc2026_squads_transfermarkt_openfootball,2026-06-02
Pavel Šulc,Czech Republic,2226,12,6,64,30,70,39,15,11,10,5,79.2,13,79.2,80.1,59.5,12,42,100,8,4,42,46,21,21,42,8,0,0,10,11.46,4.95,4.0,0.0,37,177.0,68.5,69.4,100,100.0,0.0,Available,0.0,False,https://github.com/salimt/football-datasets,20,5,real_wc2026_squads_transfermarkt_openfootball,2026-06-02
Jindřich Staněk,Czech Republic,540,0,0,1,0,10,3,1,4,4,3,77.3,2,55.1,37.6,41.2,0,0,0,0,0,0,6,2,9,8,6,14,1,3,0.0,0.0,0.0,0.0,6,192.0,49.7,53.6,100,100.0,0.0,Available,0.0,False,https://github.com/salimt/football-datasets,14,0,real_wc2026_squads_transfermarkt_openfootball,2026-06-02
Lukáš Provod,Czech Republic,701,0,2,8,10,15,9,4,4,4,3,71.6,6,41.0,45.2,69.4,0,6,14,3,6,14,10,5,7,14,0,0,0,4,0.3,1.65,1.0,0.0,8,191.0,9.5,63.1,100,100.0,0.0,Available,,False,,37,3,real_wc2026_squads_transfermarkt_openfootball,2026-06-02
Michal Sadílek,Czech Republic,600,0,0,4,2,19,8,3,5,4,1,82.7,3,59.9,40.6,66.9,0,2,5,0,0,2,12,4,10,12,2,0,0,1,0.1,0.05,0.0,0.0,8,169.0,63.4,66.5,100,100.0,0.0,Available,0.0,False,https://github.com/salimt/football-datasets,34,1,real_wc2026_squads_transfermarkt_openfootball,2026-06-02
Tomáš Chorý,Czech Republic,451,0,0,6,3,12,7,3,2,2,2,75.5,3,51.4,35.1,53.6,0,4,9,1,0,3,8,4,4,9,1,0,0,2,0.2,0.08,1.0,0.0,7,199.0,39.1,54.3,100,100.0,0.0,Available,0.0,False,https://github.com/salimt/football-datasets,21,6,real_wc2026_squads_transfermarkt_openfootball,2026-06-02
Jaroslav Zelený,Czech Republic,180,0,0,1,0,2,1,0,2,2,1,76.1,1,41.0,28.0,55.5,0,1,2,0,0,0,1,1,4,4,2,0,0,1,0.05,0.0,1.0,0.0,3,190.0,9.5,47.4,100,100.0,0.0,Available,,False,,22,0,real_wc2026_squads_transfermarkt_openfootball,2026-06-02
David Douděra,Czech Republic,439,0,1,5,6,11,7,3,2,2,1,76.4,3,54.2,48.9,44.0,0,3,7,1,4,8,7,4,4,9,1,0,0,1,0.15,0.85,1.0,0.0,7,175.0,47.0,56.6,100,100.0,0.0,Available,0.0,False,https://github.com/salimt/football-datasets,16,2,real_wc2026_squads_transfermarkt_openfootball,2026-06-02
Tomáš Souček,Czech Republic,2533,6,0,34,7,94,32,12,31,27,16,83.8,10,86.6,75.6,91.3,6,19,45,1,0,7,61,18,60,55,33,0,0,18,5.63,0.18,4.0,0.0,39,192.0,71.1,89.4,100,100.0,0.0,Available,0.0,False,https://github.com/salimt/football-datasets,89,17,real_wc2026_squads_transfermarkt_openfootball,2026-06-02
Lukáš Horníček,Czech Republic,4970,0,0,6,3,93,40,14,33,27,34,79.7,14,74.7,59.9,50.3,0,3,7,1,0,3,60,22,68,70,64,133,10,34,0.15,0.08,4.0,0.0,55,198.0,68.5,62.4,100,100.0,0.0,Available,,False,,1,0,real_wc2026_squads_transfermarkt_openfootball,2026-06-02
Alexandr Sojka,Czech Republic,52,0,0,1,0,1,1,0,0,0,0,75.1,1,41.0,26.9,29.1,0,1,2,0,0,0,1,1,1,2,0,0,0,0,0.05,0.0,0.0,0.0,2,188.0,9.5,34.9,100,100.0,0.0,Available,,False,,1,0,real_wc2026_squads_transfermarkt_openfootball,2026-06-02
Hugo Sochůrek,Czech Republic,0,0,0,1,0,1,1,0,0,0,0,75.1,1,41.0,19.8,21.9,0,1,2,0,0,0,1,1,1,2,0,0,0,0,0.05,0.0,,,0,183.0,9.5,30.9,100,100.0,0.0,Available,,False,,1,0,real_wc2026_squads_transfermarkt_openfootball,2026-06-02
Denis Višinský,Czech Republic,492,1,0,9,3,8,7,3,1,1,1,74.7,4,50.0,48.3,31.5,1,6,15,0,0,3,5,4,3,9,1,0,0,2,1.08,0.08,1.0,0.0,12,178.0,35.0,47.3,100,100.0,0.0,Available,,False,,1,0,real_wc2026_squads_transfermarkt_openfootball,2026-06-02
Raúl Rangel,Mexico,0,0,0,0,0,2,1,0,1,1,1,78.9,0,57.7,29.3,35.7,0,0,0,0,0,0,1,1,1,1,1,2,0,1,0.0,0.0,,,0,190.0,57.1,52.1,100,100.0,0.0,Available,,False,,13,0,real_wc2026_squads_transfermarkt_openfootball,2026-06-02
Jorge Sánchez,Mexico,540,0,1,3,5,16,6,2,6,5,2,77.0,3,55.1,49.8,64.5,0,2,5,1,5,7,10,3,11,11,1,0,1,2,0.1,0.82,0.0,0.0,7,181.0,49.7,64.4,100,100.0,0.0,Available,0.0,False,https://github.com/salimt/football-datasets,58,3,real_wc2026_squads_transfermarkt_openfootball,2026-06-02
César Montes,Mexico,2416,4,1,21,7,77,23,8,30,25,17,82.8,9,59.5,70.9,78.8,4,11,26,2,1,9,50,13,58,47,30,0,5,18,3.67,0.88,6.0,0.0,29,195.0,62.2,76.8,100,100.0,0.0,Available,0.0,False,https://github.com/salimt/football-datasets,66,4,real_wc2026_squads_transfermarkt_openfootball,2026-06-02
Edson Álvarez,Mexico,1081,0,1,6,6,43,15,5,13,12,7,85.0,4,75.6,57.7,76.9,0,3,7,1,1,8,28,8,26,24,15,0,0,7,0.15,0.85,6.0,0.0,17,190.0,80.5,79.4,100,100.0,0.0,Available,0.0,False,https://github.com/salimt/football-datasets,97,7,real_wc2026_squads_transfermarkt_openfootball,2026-06-02
Johan Vásquez,Mexico,3487,1,0,14,5,109,35,12,41,35,20,83.6,12,81.8,71.1,74.0,1,7,16,1,0,5,71,19,79,68,45,0,7,21,1.13,0.12,2.0,0.0,39,185.0,68.5,75.4,100,100.0,0.0,Available,0.0,False,https://github.com/salimt/football-datasets,45,2,real_wc2026_squads_transfermarkt_openfootball,2026-06-02
Érik Lira,Mexico,0,0,0,0,0,3,1,0,1,1,0,83.8,0,60.4,30.8,39.9,0,0,0,0,0,0,2,1,2,2,1,0,0,0,0.0,0.0,,,0,172.0,64.8,55.9,100,100.0,0.0,Available,,False,,24,0,real_wc2026_squads_transfermarkt_openfootball,2026-06-02
Luis Romo,Mexico,0,0,0,0,0,3,1,0,1,1,0,82.5,0,56.8,28.8,56.8,0,0,0,0,0,0,2,1,2,2,1,0,0,0,0.0,0.0,,,0,182.0,54.6,63.2,100,100.0,0.0,Available,,False,,62,4,real_wc2026_squads_transfermarkt_openfootball,2026-06-02
Álvaro Fidalgo,Mexico,749,1,0,9,3,17,10,4,4,4,2,82.5,4,82.9,54.8,29.3,1,5,12,0,0,3,11,6,9,15,2,0,0,3,1.03,0.08,0.0,0.0,13,174.0,62.2,49.6,100,100.0,0.0,Available,,False,,3,0,real_wc2026_squads_transfermarkt_openfootball,2026-06-02
Raúl Jiménez,Mexico,2562,10,3,65,25,97,45,17,18,16,8,77.0,18,80.1,77.4,89.4,10,46,109,6,2,31,63,25,32,50,7,0,0,14,10.1,2.72,5.0,0.0,43,187.0,52.4,76.7,100,100.0,0.0,Available,0.0,False,https://github.com/salimt/football-datasets,123,44,real_wc2026_squads_transfermarkt_openfootball,2026-06-02
Alexis Vega,Mexico,0,0,0,1,1,3,2,1,1,1,0,78.2,1,61.7,31.6,52.6,0,1,2,0,1,1,2,1,1,2,0,0,0,0,0.05,0.02,,,0,174.0,68.5,63.6,100,100.0,0.0,Available,0.0,False,https://github.com/salimt/football-datasets,51,7,real_wc2026_squads_transfermarkt_openfootball,2026-06-02
Santiago Giménez,Mexico,1037,1,3,16,16,45,22,8,6,5,3,82.1,5,89.7,67.0,61.9,1,11,26,4,2,22,29,12,11,20,5,0,0,4,1.33,2.5,2.0,0.0,18,183.0,91.1,69.3,100,100.0,0.0,Available,0.0,False,https://github.com/salimt/football-datasets,47,6,real_wc2026_squads_transfermarkt_openfootball,2026-06-02
Carlos Acevedo,Mexico,0,0,0,0,0,1,1,0,1,1,0,77.6,0,54.2,27.3,27.2,0,0,0,0,0,0,1,1,1,1,1,2,0,0,0.0,0.0,,,0,184.0,47.0,45.4,100,100.0,0.0,Available,0.0,False,https://github.com/salimt/football-datasets,7,0,real_wc2026_squads_transfermarkt_openfootball,2026-06-02
Guillermo Ochoa,Mexico,0,0,0,0,0,2,0,0,1,1,0,76.0,0,49.3,24.5,71.6,0,0,0,0,0,0,1,0,2,1,1,2,0,0,0.0,0.0,,,0,185.0,33.2,67.0,100,100.0,0.0,Available,0.0,False,https://github.com/salimt/football-datasets,152,0,real_wc2026_squads_transfermarkt_openfootball,2026-06-02
Armando González,Mexico,0,0,0,1,1,2,1,1,0,0,0,74.5,1,50.8,25.3,27.2,0,1,2,0,0,1,1,1,1,2,0,0,0,0,0.05,0.02,,,0,179.0,37.4,39.4,100,100.0,0.0,Available,,False,,7,1,real_wc2026_squads_transfermarkt_openfootball,2026-06-02
Israel Reyes,Mexico,0,0,0,0,0,2,1,0,1,1,0,78.3,0,56.0,28.3,44.1,0,0,0,0,1,0,1,1,2,2,0,0,0,0,0.0,0.0,,,0,180.0,52.4,53.7,100,100.0,0.0,Available,0.0,False,https://github.com/salimt/football-datasets,33,2,real_wc2026_squads_transfermarkt_openfootball,2026-06-02
Julián Quiñones,Mexico,0,0,0,1,1,3,2,1,0,0,0,78.5,1,68.4,32.1,37.8,0,1,2,0,0,1,2,1,1,2,0,0,0,0,0.05,0.02,,,0,180.0,71.1,52.0,100,100.0,0.0,Available,0.0,False,https://github.com/salimt/football-datasets,21,2,real_wc2026_squads_transfermarkt_openfootball,2026-06-02
Orbelín Pineda,Mexico,2496,4,2,32,15,90,34,13,25,22,6,82.5,13,59.5,73.0,82.6,4,19,45,3,1,19,58,19,47,49,8,0,0,8,4.07,1.78,7.0,0.0,34,169.0,62.2,78.9,100,100.0,0.0,Available,0.0,False,https://github.com/salimt/football-datasets,91,12,real_wc2026_squads_transfermarkt_openfootball,2026-06-02
Obed Vargas,Mexico,750,0,1,6,6,17,10,4,5,4,2,82.2,4,82.0,52.6,32.5,0,4,9,1,1,8,11,6,9,15,2,0,0,2,0.2,0.85,2.0,0.0,13,175.0,59.8,50.8,100,100.0,0.0,Available,0.0,False,https://github.com/salimt/football-datasets,6,0,real_wc2026_squads_transfermarkt_openfootball,2026-06-02
Gilberto Mora,Mexico,0,0,0,1,0,2,1,1,0,0,0,75.6,1,54.2,27.3,27.2,0,1,2,0,0,0,1,1,1,2,0,0,0,0,0.05,0.0,,,0,168.0,47.0,47.4,100,100.0,0.0,Available,,False,,7,0,real_wc2026_squads_transfermarkt_openfootball,2026-06-02
Mateo Chávez,Mexico,1135,1,2,10,9,22,12,4,9,8,5,76.7,6,65.8,57.1,43.2,1,6,14,2,10,13,14,7,18,23,3,0,2,6,1.08,1.62,6.0,0.0,25,177.0,47.0,52.2,100,100.0,0.0,Available,,False,,9,0,real_wc2026_squads_transfermarkt_openfootball,2026-06-02
César Huerta,Mexico,594,1,0,10,3,18,10,4,3,3,1,77.6,4,65.5,53.3,52.1,1,7,17,1,4,3,12,6,6,12,2,0,0,2,1.13,0.08,5.0,0.0,11,171.0,57.1,61.1,100,100.0,0.0,Available,0.0,False,https://github.com/salimt/football-datasets,26,3,real_wc2026_squads_transfermarkt_openfootball,2026-06-02
Guillermo Martínez,Mexico,0,0,0,1,1,2,1,1,0,0,0,74.9,1,52.0,26.1,33.5,0,1,2,0,0,1,1,1,1,2,0,0,0,0,0.05,0.02,,,0,190.0,41.0,43.6,100,100.0,0.0,Available,,False,,11,3,real_wc2026_squads_transfermarkt_openfootball,2026-06-02
Jesús Gallardo,Mexico,0,0,0,0,0,3,1,0,1,1,0,78.0,0,55.1,27.8,67.4,0,0,0,0,1,0,2,1,2,2,0,0,0,0,0.0,0.0,,,0,178.0,49.7,66.0,100,100.0,0.0,Available,0.0,False,https://github.com/salimt/football-datasets,120,3,real_wc2026_squads_transfermarkt_openfootball,2026-06-02
Luis Chávez,Mexico,164,0,0,1,0,5,2,1,2,2,1,82.9,1,61.0,39.3,54.4,0,1,2,0,0,0,3,1,4,4,2,0,0,1,0.05,0.0,0.0,0.0,5,178.0,66.7,64.3,100,65.0,35.0,Recently returned: Muscle injury; Muscle injury,1.0,False,https://github.com/salimt/football-datasets,44,4,real_wc2026_squads_transfermarkt_openfootball,2026-06-02
Roberto Alvarado,Mexico,0,0,0,1,1,3,2,1,1,1,0,77.3,1,59.0,30.1,60.0,0,1,2,0,1,1,2,1,1,2,0,0,0,0,0.05,0.02,,,0,176.0,61.0,66.2,100,100.0,0.0,Available,,False,,66,5,real_wc2026_squads_transfermarkt_openfootball,2026-06-02
Brian Gutiérrez,Mexico,0,0,0,1,0,2,1,1,0,0,0,76.9,1,57.7,29.3,21.9,0,1,2,0,0,0,1,1,1,2,0,0,0,0,0.05,0.0,,,0,182.0,57.1,46.5,100,100.0,0.0,Available,0.0,False,https://github.com/salimt/football-datasets,6,2,real_wc2026_squads_transfermarkt_openfootball,2026-06-02
Ronwen Williams,South Africa,0,0,0,0,0,2,0,0,1,1,0,73.1,0,41.0,19.8,71.6,0,0,0,0,0,0,1,0,2,1,1,2,0,0,0.0,0.0,,,0,184.0,9.5,62.3,100,100.0,0.0,Available,,False,,62,0,real_wc2026_squads_transfermarkt_openfootball,2026-06-02
Thabang Matuludi,South Africa,0,0,0,0,0,1,1,0,1,1,0,71.1,1,41.0,19.8,24.0,0,0,0,0,1,0,1,1,1,2,0,0,0,0,0.0,0.0,,,0,,9.5,34.1,100,100.0,0.0,Available,,False,,2,0,real_wc2026_squads_transfermarkt_openfootball,2026-06-02
Khulumani Ndamane,South Africa,0,0,0,0,0,1,0,0,1,1,0,75.1,1,41.0,19.8,34.6,0,0,0,0,0,0,1,0,2,2,1,0,0,0,0.0,0.0,,,0,,9.5,35.9,100,100.0,0.0,Available,,False,,5,0,real_wc2026_squads_transfermarkt_openfootball,2026-06-02
Teboho Mokoena,South Africa,0,0,0,0,0,2,1,0,1,1,0,75.1,1,41.0,19.8,67.4,0,0,0,0,0,0,1,1,2,2,1,0,0,0,0.0,0.0,,,0,176.0,9.5,64.0,100,100.0,0.0,Available,,False,,51,9,real_wc2026_squads_transfermarkt_openfootball,2026-06-02
Thalente Mbatha,South Africa,0,0,0,1,0,1,1,0,1,1,0,75.1,1,41.0,19.8,50.5,0,1,2,0,0,0,1,1,1,2,0,0,0,0,0.05,0.0,,,0,180.0,9.5,48.7,100,100.0,0.0,Available,,False,,14,3,real_wc2026_squads_transfermarkt_openfootball,2026-06-02
Aubrey Modiba,South Africa,0,0,0,0,0,2,1,0,1,1,0,71.1,1,41.0,19.8,65.3,0,0,0,0,1,0,1,1,2,2,0,0,0,0,0.0,0.0,,,0,167.0,9.5,56.8,100,100.0,0.0,Available,,False,,44,3,real_wc2026_squads_transfermarkt_openfootball,2026-06-02
Oswin Appollis,South Africa,0,0,0,1,1,2,1,0,0,0,0,71.1,1,41.0,19.8,54.7,0,1,2,0,1,1,1,1,1,2,0,0,0,0,0.05,0.02,,,0,171.0,9.5,51.0,100,100.0,0.0,Available,,False,,25,8,real_wc2026_squads_transfermarkt_openfootball,2026-06-02
Tshepang Moremi,South Africa,0,0,0,1,1,1,1,0,0,0,0,71.1,1,41.0,19.8,41.0,0,1,2,0,1,1,1,1,1,2,0,0,0,0,0.05,0.02,,,0,,9.5,43.4,100,100.0,0.0,Available,,False,,9,1,real_wc2026_squads_transfermarkt_openfootball,2026-06-02
Lyle Foster,South Africa,1462,3,3,28,18,51,29,11,7,6,4,79.6,9,87.1,68.5,71.1,3,20,47,4,2,24,33,16,12,28,5,0,0,6,3.34,2.55,4.0,0.0,27,185.0,72.3,72.6,100,100.0,0.0,Available,0.0,False,https://github.com/salimt/football-datasets,26,10,real_wc2026_squads_transfermarkt_openfootball,2026-06-02
Relebohile Mofokeng,South Africa,0,0,0,1,1,1,1,0,0,0,0,71.1,1,41.0,19.8,46.2,0,1,2,0,1,1,1,1,1,2,0,0,0,0,0.05,0.02,,,0,166.0,9.5,46.3,100,100.0,0.0,Available,,False,,12,0,real_wc2026_squads_transfermarkt_openfootball,2026-06-02
Themba Zwane,South Africa,0,0,0,1,0,2,1,0,1,1,0,75.1,1,41.0,19.8,69.5,0,1,2,0,0,0,1,1,2,2,0,0,0,0,0.05,0.0,,,0,,9.5,59.1,100,100.0,0.0,Available,,False,,53,12,real_wc2026_squads_transfermarkt_openfootball,2026-06-02
Thapelo Maseko,South Africa,0,0,0,1,1,1,1,0,0,0,0,71.1,1,41.0,19.8,41.0,0,1,2,0,0,1,1,1,1,2,0,0,0,0,0.05,0.02,,,0,,9.5,43.4,100,100.0,0.0,Available,,False,,9,1,real_wc2026_squads_transfermarkt_openfootball,2026-06-02
Sphephelo Sithole,South Africa,0,0,0,1,0,1,1,0,1,1,0,75.1,1,41.0,19.8,61.0,0,1,2,0,0,0,1,1,1,2,0,0,0,0,0.05,0.0,,,0,,9.5,54.4,100,100.0,0.0,Available,,False,,27,1,real_wc2026_squads_transfermarkt_openfootball,2026-06-02
Mbekezeli Mbokazi,South Africa,0,0,0,0,0,1,0,0,1,1,0,75.1,1,47.5,19.8,44.1,0,0,0,0,0,0,1,0,2,2,1,0,0,0,0.0,0.0,,,0,177.0,9.5,41.2,100,100.0,0.0,Available,,False,,10,1,real_wc2026_squads_transfermarkt_openfootball,2026-06-02
Iqraam Rayners,South Africa,0,0,0,1,1,1,1,0,0,0,0,71.1,1,41.0,19.8,48.4,0,1,2,0,0,1,1,1,1,2,0,0,0,0,0.05,0.02,,,0,176.0,9.5,47.5,100,100.0,0.0,Available,,False,,13,4,real_wc2026_squads_transfermarkt_openfootball,2026-06-02
Sipho Chaine,South Africa,0,0,0,0,0,0,0,0,1,1,0,73.1,0,41.0,19.8,27.2,0,0,0,0,0,0,0,0,1,1,1,2,0,0,0.0,0.0,,,0,181.0,9.5,37.9,100,100.0,0.0,Available,,False,,3,0,real_wc2026_squads_transfermarkt_openfootball,2026-06-02
Evidence Makgopa,South Africa,0,0,0,1,1,2,1,0,0,0,0,71.1,1,41.0,19.8,57.9,0,1,2,0,0,1,1,1,1,2,0,0,0,0,0.05,0.02,,,0,188.0,9.5,52.7,100,100.0,0.0,Available,,False,,26,6,real_wc2026_squads_transfermarkt_openfootball,2026-06-02
Samukele Kabini,South Africa,0,0,0,0,0,1,1,0,1,1,0,74.2,1,50.0,24.9,34.6,0,0,0,0,1,0,1,1,1,2,0,0,0,0,0.0,0.0,,,0,181.0,35.0,45.0,100,100.0,0.0,Available,0.0,False,https://github.com/salimt/football-datasets,5,0,real_wc2026_squads_transfermarkt_openfootball,2026-06-02
Nkosinathi Sibisi,South Africa,0,0,0,0,0,1,0,0,1,1,0,75.1,1,41.0,19.8,52.6,0,0,0,0,0,0,1,0,2,2,1,0,0,0,0.0,0.0,,,0,177.0,9.5,45.8,100,100.0,0.0,Available,,False,,19,0,real_wc2026_squads_transfermarkt_openfootball,2026-06-02
Khuliso Mudau,South Africa,0,0,0,0,0,1,1,0,1,1,0,71.1,1,41.0,19.8,63.2,0,0,0,0,1,0,1,1,2,2,0,0,0,0,0.0,0.0,,,0,181.0,9.5,55.7,100,100.0,0.0,Available,,False,,32,1,real_wc2026_squads_transfermarkt_openfootball,2026-06-02
Ime Okon,South Africa,0,0,0,0,0,1,0,0,1,1,0,75.1,1,41.0,19.8,37.8,0,0,0,0,0,0,1,0,2,2,1,0,0,0,0.0,0.0,,,0,,9.5,37.7,100,100.0,0.0,Available,,False,,7,1,real_wc2026_squads_transfermarkt_openfootball,2026-06-02
Ricardo Goss,South Africa,0,0,0,0,0,0,0,0,1,1,0,73.1,0,41.0,19.8,30.4,0,0,0,0,0,0,0,0,1,1,1,2,0,0,0.0,0.0,,,0,181.0,9.5,39.6,100,100.0,0.0,Available,,False,,4,0,real_wc2026_squads_transfermarkt_openfootball,2026-06-02
Jayden Adams,South Africa,0,0,0,1,0,1,1,0,1,0,0,75.1,1,41.0,19.8,30.4,0,1,2,0,0,0,1,1,1,2,0,0,0,0,0.05,0.0,,,0,175.0,9.5,37.6,100,100.0,0.0,Available,,False,,4,0,real_wc2026_squads_transfermarkt_openfootball,2026-06-02
Olwethu Makhanya,South Africa,0,0,0,0,0,1,1,0,1,1,1,78.9,0,52.8,22.8,19.8,0,0,0,0,0,0,1,1,2,2,1,0,0,1,0.0,0.0,,,0,188.0,24.5,30.8,100,100.0,0.0,Available,,False,,0,0,real_wc2026_squads_transfermarkt_openfootball,2026-06-02
Kamogelo Sebelebele,South Africa,0,0,0,1,1,1,1,0,0,0,0,71.1,1,41.0,19.8,24.0,0,1,2,0,1,1,1,1,1,2,0,0,0,0,0.05,0.02,,,0,,9.5,34.1,100,100.0,0.0,Available,,False,,2,0,real_wc2026_squads_transfermarkt_openfootball,2026-06-02
Bradley Cross,South Africa,0,0,0,0,0,0,0,0,1,1,0,75.1,1,41.0,19.8,19.8,0,0,0,0,0,0,0,0,2,2,1,0,0,0,0.0,0.0,,,0,,9.5,27.8,100,100.0,0.0,Available,,False,,0,0,real_wc2026_squads_transfermarkt_openfootball,2026-06-02
Kim Seung-gyu,South Korea,0,0,0,0,0,2,1,0,1,1,0,72.6,1,45.3,22.2,67.4,0,0,0,0,1,0,1,1,2,2,0,0,0,0,0.0,0.0,,,0,181.0,21.6,62.4,100,100.0,0.0,Available,0.0,False,https://github.com/salimt/football-datasets,86,0,real_wc2026_squads_transfermarkt_openfootball,2026-06-02
Lee Han-beom,South Korea,0,0,0,0,0,1,0,0,1,1,1,75.1,1,41.0,19.8,28.3,0,0,0,0,0,0,1,0,2,2,1,0,0,1,0.0,0.0,,,0,185.0,9.5,36.5,100,100.0,0.0,Available,,False,,7,0,real_wc2026_squads_transfermarkt_openfootball,2026-06-02
Lee Ki-hyuk,South Korea,2024,7,3,45,20,36,29,11,6,5,3,75.2,14,63.8,68.8,38.4,7,30,71,5,2,26,23,16,13,38,4,0,0,7,6.96,2.6,5.0,0.0,30,172.0,37.4,47.6,100,100.0,0.0,Available,0.0,False,https://github.com/salimt/football-datasets,2,0,real_wc2026_squads_transfermarkt_openfootball,2026-06-02
Kim Min-jae,South Korea,0,0,0,1,0,2,1,0,1,1,0,75.1,1,41.0,19.8,64.2,0,1,2,0,0,0,1,1,2,2,0,0,0,0,0.05,0.0,,,0,179.0,9.5,52.2,100,100.0,0.0,Available,,False,,78,4,real_wc2026_squads_transfermarkt_openfootball,2026-06-02
Kim Tae-hyeon,South Korea,0,0,0,0,0,1,0,0,1,1,0,75.1,1,41.0,19.8,28.3,0,0,0,0,0,0,1,0,2,2,1,0,0,0,0.0,0.0,,,0,183.0,9.5,36.5,100,100.0,0.0,Available,,False,,7,0,real_wc2026_squads_transfermarkt_openfootball,2026-06-02
Hwang In-beom,South Korea,1385,1,5,11,19,44,15,6,17,14,6,81.6,7,68.5,63.9,74.0,1,6,14,5,4,29,29,8,32,30,17,0,0,7,1.08,3.98,3.0,0.0,24,177.0,54.6,74.6,100,6.0,94.0,Active: Knee injury; unknown injury,0.0,True,https://github.com/salimt/football-datasets,72,6,real_wc2026_squads_transfermarkt_openfootball,2026-06-02
Son Heung-min,South Korea,0,0,0,1,1,2,1,0,1,1,0,71.1,1,41.0,19.8,71.6,0,1,2,0,1,1,1,1,1,2,0,0,0,0,0.05,0.02,,,0,181.0,9.5,56.3,100,100.0,0.0,Available,,False,,143,56,real_wc2026_squads_transfermarkt_openfootball,2026-06-02
Paik Seung-ho,South Korea,158,0,0,1,1,3,2,1,1,1,1,78.7,1,48.9,32.3,55.4,0,1,2,0,0,1,2,1,2,3,0,0,0,1,0.05,0.02,0.0,0.0,3,182.0,31.9,51.8,100,100.0,0.0,Available,0.0,False,https://github.com/salimt/football-datasets,26,3,real_wc2026_squads_transfermarkt_openfootball,2026-06-02
Cho Gue-sung,South Korea,0,0,0,0,0,2,1,0,1,1,0,71.1,1,41.0,19.8,54.7,0,0,0,0,1,0,1,1,2,2,0,0,0,0,0.0,0.0,,,0,174.0,9.5,53.0,100,100.0,0.0,Available,,False,,43,12,real_wc2026_squads_transfermarkt_openfootball,2026-06-02
Lee Jae-sung,South Korea,0,0,0,0,0,2,1,0,1,1,0,73.1,1,46.8,23.1,69.5,0,0,0,0,1,0,1,1,2,2,0,0,0,0,0.0,0.0,,,0,183.0,26.0,64.4,100,100.0,0.0,Available,0.0,False,https://github.com/salimt/football-datasets,104,15,real_wc2026_squads_transfermarkt_openfootball,2026-06-02
Hwang Hee-chan,South Korea,0,0,0,1,0,2,1,0,1,1,0,76.6,1,45.4,22.3,64.2,0,1,2,0,0,0,1,1,2,2,0,0,0,0,0.05,0.0,,,0,181.0,22.1,54.7,100,100.0,0.0,Available,0.0,False,https://github.com/salimt/football-datasets,78,17,real_wc2026_squads_transfermarkt_openfootball,2026-06-02
Song Bum-keun,South Korea,0,0,0,1,1,1,1,0,0,0,0,71.1,1,41.0,19.8,21.9,0,1,2,0,1,1,1,1,1,2,0,0,0,0,0.05,0.02,,,0,180.0,9.5,28.9,100,100.0,0.0,Available,,False,,2,0,real_wc2026_squads_transfermarkt_openfootball,2026-06-02
Lee Tae-seok,South Korea,0,0,0,0,0,1,0,0,1,1,1,73.1,0,41.0,19.8,39.9,0,0,0,0,0,0,1,0,1,1,1,2,0,1,0.0,0.0,,,0,191.0,9.5,48.8,100,100.0,0.0,Available,,False,,14,1,real_wc2026_squads_transfermarkt_openfootball,2026-06-02
Cho Wi-je,South Korea,0,0,0,0,0,0,0,0,1,1,0,75.1,1,41.0,19.8,18.7,0,0,0,0,0,0,0,0,2,2,1,0,0,0,0.0,0.0,,,0,,9.5,31.2,100,100.0,0.0,Available,,False,,0,0,real_wc2026_squads_transfermarkt_openfootball,2026-06-02
Kim Moon-hwan,South Korea,0,0,0,1,1,2,1,0,1,0,0,71.1,1,41.0,19.8,52.6,0,1,2,0,1,1,1,1,1,2,0,0,0,0,0.05,0.02,,,0,170.0,9.5,45.8,100,100.0,0.0,Available,,False,,35,0,real_wc2026_squads_transfermarkt_openfootball,2026-06-02
Park Jin-seob,South Korea,0,0,0,1,0,1,1,0,1,1,0,76.9,1,46.1,22.7,36.7,0,1,2,0,0,0,1,1,1,2,0,0,0,0,0.05,0.0,,,0,171.0,24.0,40.0,100,100.0,0.0,Available,0.0,False,https://github.com/salimt/football-datasets,13,1,real_wc2026_squads_transfermarkt_openfootball,2026-06-02
Bae Jun-ho,South Korea,0,0,0,1,0,1,1,0,0,0,0,71.1,1,41.0,19.8,36.7,0,1,2,0,0,0,1,1,1,2,0,0,0,0,0.05,0.0,,,0,180.0,9.5,41.1,100,100.0,0.0,Available,,False,,13,2,real_wc2026_squads_transfermarkt_openfootball,2026-06-02
Oh Hyeon-gyu,South Korea,0,0,0,1,0,2,1,0,1,1,0,76.4,1,44.8,21.9,47.3,0,1,2,0,0,0,1,1,1,2,0,0,0,0,0.05,0.0,,,0,177.0,20.3,45.1,100,100.0,0.0,Available,,False,,26,6,real_wc2026_squads_transfermarkt_openfootball,2026-06-02
Lee Kang-in,South Korea,0,0,0,0,0,2,1,0,1,1,0,75.1,1,41.0,19.8,56.8,0,0,0,0,0,0,1,1,2,2,1,0,0,0,0.0,0.0,,,0,180.0,9.5,56.1,100,100.0,0.0,Available,,False,,46,11,real_wc2026_squads_transfermarkt_openfootball,2026-06-02
Yang Hyun-jun,South Korea,2582,8,2,57,21,57,41,16,9,8,5,75.6,19,52.0,73.2,51.5,8,39,92,5,20,25,37,23,18,50,5,0,0,10,8.19,1.92,2.0,0.0,39,176.0,41.0,51.5,100,100.0,0.0,Available,0.0,False,https://github.com/salimt/football-datasets,8,0,real_wc2026_squads_transfermarkt_openfootball,2026-06-02
Jo Hyeon-woo,South Korea,1341,5,1,31,10,43,21,8,9,8,3,76.8,9,76.5,64.1,71.6,5,21,51,2,1,12,28,12,16,25,3,0,0,6,4.95,0.95,0.0,0.0,31,179.0,49.7,68.3,100,100.0,0.0,Available,0.0,False,https://github.com/salimt/football-datasets,48,0,real_wc2026_squads_transfermarkt_openfootball,2026-06-02
Seol Young-woo,South Korea,0,0,0,0,0,1,0,0,1,1,1,75.1,1,41.0,19.8,50.5,0,0,0,0,0,0,1,0,2,2,1,0,0,1,0.0,0.0,,,0,188.0,9.5,48.7,100,100.0,0.0,Available,,False,,33,0,real_wc2026_squads_transfermarkt_openfootball,2026-06-02
Jens Castrop,South Korea,1618,3,1,22,9,28,18,7,10,8,6,79.4,10,72.2,59.4,39.0,3,13,31,2,1,11,18,10,20,31,3,0,0,8,2.99,0.92,2.0,0.0,28,178.0,37.4,43.9,100,100.0,0.0,Available,0.0,False,https://github.com/salimt/football-datasets,6,0,real_wc2026_squads_transfermarkt_openfootball,2026-06-02
Kim Jin-gyu,South Korea,0,0,0,1,1,2,1,0,0,0,0,71.1,1,41.0,19.8,44.1,0,1,2,0,1,1,1,1,1,2,0,0,0,0,0.05,0.02,,,0,171.0,9.5,41.2,100,100.0,0.0,Available,,False,,21,3,real_wc2026_squads_transfermarkt_openfootball,2026-06-02
Eom Ji-sung,South Korea,260,1,1,6,5,5,4,2,1,1,0,75.0,2,74.5,49.7,42.2,1,4,12,1,3,7,3,2,2,5,0,0,0,0,0.98,0.82,0.0,0.0,4,176.0,36.3,45.5,100,100.0,0.0,Available,0.0,False,https://github.com/salimt/football-datasets,9,2,real_wc2026_squads_transfermarkt_openfootball,2026-06-02
Lee Dong-gyeong,South Korea,0,0,0,1,0,2,1,0,0,0,0,74.4,1,50.4,25.1,42.0,0,1,2,0,0,0,1,1,1,2,0,0,0,0,0.05,0.0,,,0,176.0,36.3,49.4,100,100.0,0.0,Available,0.0,False,https://github.com/salimt/football-datasets,17,3,real_wc2026_squads_transfermarkt_openfootball,2026-06-02
Nikola Vasilj,Bosnia and Herzegovina,3270,0,0,4,2,75,22,8,29,25,20,77.9,11,78.3,53.5,81.5,0,2,5,0,0,2,49,12,57,46,40,87,7,20,0.1,0.05,0.0,0.0,36,193.0,54.6,76.7,100,100.0,0.0,Available,0.0,False,https://github.com/salimt/football-datasets,25,0,real_wc2026_squads_transfermarkt_openfootball,2026-06-02
Nihad Mujakić,Bosnia and Herzegovina,2203,0,1,7,6,38,16,6,21,17,14,80.1,10,61.8,55.6,54.1,0,4,9,2,1,8,25,9,42,43,25,0,4,14,0.2,0.85,4.0,0.0,27,189.0,41.0,51.0,100,100.0,0.0,Available,,False,,11,1,real_wc2026_squads_transfermarkt_openfootball,2026-06-02
Dennis Hadžikadunić,Bosnia and Herzegovina,0,0,0,0,0,2,1,0,1,1,1,81.6,0,74.3,27.3,63.2,0,0,0,0,0,0,1,1,2,2,1,0,0,1,0.0,0.0,,,0,191.0,47.0,57.2,100,100.0,0.0,Available,0.0,False,https://github.com/salimt/football-datasets,31,0,real_wc2026_squads_transfermarkt_openfootball,2026-06-02
Tarik Muharemović,Bosnia and Herzegovina,2925,2,2,16,11,47,19,7,28,24,20,79.3,14,70.1,67.3,66.8,2,8,19,3,1,15,31,10,57,57,33,0,6,21,1.96,1.67,7.0,0.0,33,192.0,35.0,56.7,100,100.0,0.0,Available,0.0,False,https://github.com/salimt/football-datasets,13,1,real_wc2026_squads_transfermarkt_openfootball,2026-06-02
Sead Kolašinac,Bosnia and Herzegovina,1807,0,0,6,3,60,18,6,22,19,10,83.6,6,81.8,46.8,84.8,0,3,7,1,0,3,39,10,43,35,23,0,4,10,0.15,0.08,4.0,0.0,28,183.0,68.5,73.3,100,100.0,0.0,Available,0.0,False,https://github.com/salimt/football-datasets,64,0,real_wc2026_squads_transfermarkt_openfootball,2026-06-02
Benjamin Tahirović,Bosnia and Herzegovina,1448,1,1,14,8,40,19,7,11,10,8,81.6,8,56.8,57.9,73.2,1,8,19,2,1,10,26,10,22,28,4,0,0,9,1.18,0.9,4.0,0.0,27,191.0,54.6,72.2,100,100.0,0.0,Available,0.0,False,https://github.com/salimt/football-datasets,27,2,real_wc2026_squads_transfermarkt_openfootball,2026-06-02
Amar Dedić,Bosnia and Herzegovina,3245,1,5,21,24,99,41,15,31,26,14,79.8,13,75.6,78.8,84.5,1,12,28,6,27,34,64,23,61,66,12,0,6,15,1.38,4.1,5.0,0.0,40,180.0,71.1,85.7,100,100.0,0.0,Available,0.0,False,https://github.com/salimt/football-datasets,27,1,real_wc2026_squads_transfermarkt_openfootball,2026-06-02
Armin Gigović,Bosnia and Herzegovina,497,3,0,14,2,11,6,2,4,3,2,79.8,3,52.0,54.7,63.2,3,8,23,0,0,2,7,3,7,10,1,0,0,3,2.74,0.05,0.0,0.0,8,187.0,41.0,64.0,100,100.0,0.0,Available,0.0,False,https://github.com/salimt/football-datasets,19,1,real_wc2026_squads_transfermarkt_openfootball,2026-06-02
Samed Baždar,Bosnia and Herzegovina,45,0,1,1,4,2,1,1,0,0,0,74.9,1,52.0,45.3,48.1,0,1,2,1,1,6,1,1,1,2,0,0,0,0,0.05,0.8,1.0,0.0,1,189.0,41.0,51.7,100,100.0,0.0,Available,0.0,False,https://github.com/salimt/football-datasets,12,1,real_wc2026_squads_transfermarkt_openfootball,2026-06-02
Ermedin Demirović,Bosnia and Herzegovina,2367,15,5,80,30,94,49,18,13,11,7,80.6,14,87.3,84.2,86.0,15,56,133,7,4,40,61,27,23,46,10,0,0,14,14.5,4.25,7.0,0.0,38,185.0,80.5,80.4,100,100.0,0.0,Available,0.0,False,https://github.com/salimt/football-datasets,39,4,real_wc2026_squads_transfermarkt_openfootball,2026-06-02
Edin Džeko,Bosnia and Herzegovina,346,1,0,8,2,13,6,2,2,2,1,75.9,3,75.0,49.7,80.5,1,6,16,0,0,2,8,3,4,7,1,0,0,2,1.08,0.05,1.0,0.0,13,193.0,45.2,70.3,100,100.0,0.0,Available,0.0,False,https://github.com/salimt/football-datasets,148,73,real_wc2026_squads_transfermarkt_openfootball,2026-06-02
Mladen Jurkas,Bosnia and Herzegovina,0,0,0,0,0,0,0,0,1,0,0,73.1,0,41.0,19.8,18.7,0,0,0,0,0,0,0,0,1,1,1,2,0,0,0.0,0.0,,,0,,9.5,33.2,100,100.0,0.0,Available,,False,,0,0,real_wc2026_squads_transfermarkt_openfootball,2026-06-02
Ivan Bašić,Bosnia and Herzegovina,360,2,1,9,4,7,4,1,3,2,1,79.0,2,49.3,52.1,58.5,2,5,16,1,1,6,5,2,5,7,1,0,0,2,1.81,0.8,2.0,0.0,4,178.0,33.2,59.8,100,100.0,0.0,Available,0.0,False,https://github.com/salimt/football-datasets,16,0,real_wc2026_squads_transfermarkt_openfootball,2026-06-02
Ivan Šunjić,Bosnia and Herzegovina,1170,0,0,6,3,21,11,4,11,9,6,79.4,7,50.8,37.3,48.7,0,3,7,1,0,3,14,6,21,25,13,0,0,6,0.15,0.08,4.0,0.0,13,185.0,37.4,55.3,100,100.0,0.0,Available,,False,,11,0,real_wc2026_squads_transfermarkt_openfootball,2026-06-02
Amar Memić,Bosnia and Herzegovina,1154,0,2,13,13,18,15,6,5,4,2,71.6,10,41.0,46.6,52.8,0,9,21,3,10,17,12,8,9,22,1,0,0,3,0.45,1.72,1.0,0.0,14,176.0,9.5,51.9,100,100.0,0.0,Available,,False,,12,1,real_wc2026_squads_transfermarkt_openfootball,2026-06-02
Amir Hadžiahmetović,Bosnia and Herzegovina,230,0,0,1,1,6,3,1,2,2,1,81.7,1,80.5,37.1,73.8,0,1,2,0,0,1,4,2,5,5,3,0,0,1,0.05,0.02,0.0,0.0,4,181.0,53.7,72.3,100,100.0,0.0,Available,0.0,False,https://github.com/salimt/football-datasets,35,0,real_wc2026_squads_transfermarkt_openfootball,2026-06-02
Dženis Burnić,Bosnia and Herzegovina,30,0,0,0,0,2,1,0,1,1,0,77.2,1,47.0,30.1,60.5,0,0,0,0,0,0,1,1,2,2,1,0,0,0,0.0,0.0,0.0,0.0,1,181.0,26.6,59.6,100,100.0,0.0,Available,0.0,False,https://github.com/salimt/football-datasets,19,0,real_wc2026_squads_transfermarkt_openfootball,2026-06-02
Nikola Katić,Bosnia and Herzegovina,183,0,1,1,3,3,1,0,2,2,1,79.2,1,71.4,45.4,57.7,0,1,2,1,1,5,2,1,4,4,2,0,0,1,0.05,0.77,1.0,0.0,2,194.0,35.0,51.7,100,100.0,0.0,Available,0.0,False,https://github.com/salimt/football-datasets,16,1,real_wc2026_squads_transfermarkt_openfootball,2026-06-02
Kerim Alajbegović,Bosnia and Herzegovina,436,2,1,12,6,12,8,3,2,1,1,78.5,3,60.4,58.8,40.8,2,8,22,1,4,8,8,4,3,8,1,0,0,2,1.96,0.85,0.0,0.0,11,186.0,64.8,56.4,100,100.0,0.0,Available,,False,,9,1,real_wc2026_squads_transfermarkt_openfootball,2026-06-02
Esmir Bajraktarević,Bosnia and Herzegovina,1416,7,5,40,24,40,25,9,6,5,3,77.7,9,69.4,70.7,59.3,7,28,68,6,14,34,26,14,11,28,4,0,0,6,6.86,4.1,0.0,0.0,36,175.0,57.1,65.0,100,100.0,0.0,Available,,False,,15,1,real_wc2026_squads_transfermarkt_openfootball,2026-06-02
Stjepan Radeljić,Bosnia and Herzegovina,570,0,0,2,1,9,4,2,5,4,4,80.5,3,53.6,36.9,39.2,0,1,2,0,0,1,6,2,10,11,7,0,1,4,0.05,0.02,0.0,0.0,6,201.0,45.4,43.6,100,100.0,0.0,Available,0.0,False,https://github.com/salimt/football-datasets,5,0,real_wc2026_squads_transfermarkt_openfootball,2026-06-02
Martin Zlomislić,Bosnia and Herzegovina,570,0,0,1,0,7,3,1,4,3,3,76.3,2,52.0,36.0,37.1,0,0,0,0,0,0,5,2,8,8,7,15,1,3,0.0,0.0,0.0,0.0,6,190.0,41.0,49.6,100,100.0,0.0,Available,,False,,3,0,real_wc2026_squads_transfermarkt_openfootball,2026-06-02
Haris Tabaković,Bosnia and Herzegovina,2662,15,3,84,26,65,46,17,9,8,12,76.3,19,75.6,79.1,54.2,15,59,140,6,2,32,42,25,17,52,6,0,0,19,14.65,2.75,5.0,0.0,35,196.0,47.0,56.2,100,100.0,0.0,Available,0.0,False,https://github.com/salimt/football-datasets,10,4,real_wc2026_squads_transfermarkt_openfootball,2026-06-02
Nidal Čelik,Bosnia and Herzegovina,618,0,0,2,1,7,4,1,5,4,4,79.1,3,66.9,34.6,32.0,0,1,2,0,0,1,5,2,11,12,7,0,1,4,0.05,0.02,2.0,0.0,8,192.0,33.2,37.2,100,100.0,0.0,Available,,False,,1,0,real_wc2026_squads_transfermarkt_openfootball,2026-06-02
Jovo Lukić,Bosnia and Herzegovina,130,1,0,5,1,2,2,1,0,0,0,71.8,1,41.0,41.5,32.9,1,4,15,0,0,1,1,1,1,3,0,0,0,0,0.98,0.02,0.0,0.0,2,190.0,9.5,37.0,100,100.0,0.0,Available,,False,,2,0,real_wc2026_squads_transfermarkt_openfootball,2026-06-02
Ermin Mahmić,Bosnia and Herzegovina,0,0,0,1,0,1,1,0,0,0,0,71.1,1,41.0,19.8,21.9,0,1,2,0,0,0,1,1,1,2,0,0,0,0,0.05,0.0,,,0,182.0,9.5,38.9,100,100.0,0.0,Available,,False,,1,0,real_wc2026_squads_transfermarkt_openfootball,2026-06-02
Dayne St. Clair,Canada,0,0,0,0,0,2,1,0,1,1,1,77.5,0,60.1,26.9,35.3,0,0,0,0,0,0,1,1,2,1,1,2,0,1,0.0,0.0,,,0,191.0,45.4,49.5,100,100.0,0.0,Available,0.0,False,https://github.com/salimt/football-datasets,19,0,real_wc2026_squads_transfermarkt_openfootball,2026-06-02
Alistair Johnston,Canada,329,0,1,2,4,11,4,1,4,3,1,79.2,1,60.4,51.8,67.2,0,1,2,1,3,6,7,2,7,7,1,0,1,1,0.05,0.8,0.0,0.0,5,180.0,64.8,70.9,100,100.0,0.0,Available,0.0,False,https://github.com/salimt/football-datasets,56,1,real_wc2026_squads_transfermarkt_openfootball,2026-06-02
Alfie Jones,Canada,90,0,0,0,0,1,1,0,1,1,1,81.3,0,77.1,34.2,28.6,0,0,0,0,0,0,1,1,2,2,1,0,0,1,0.0,0.0,0.0,0.0,1,191.0,43.9,41.5,100,100.0,0.0,Available,0.0,False,https://github.com/salimt/football-datasets,1,0,real_wc2026_squads_transfermarkt_openfootball,2026-06-02
Luc de Fougerolles,Canada,1460,0,1,4,5,18,8,3,14,11,8,77.7,8,53.4,47.8,38.7,0,2,5,1,1,7,12,4,28,28,15,0,3,8,0.1,0.82,3.0,0.0,23,183.0,22.7,42.8,100,100.0,0.0,Available,,False,,11,0,real_wc2026_squads_transfermarkt_openfootball,2026-06-02
Joel Waterman,Canada,0,0,0,0,0,2,1,0,1,1,1,81.3,0,59.6,26.6,30.9,0,0,0,0,0,0,1,1,2,2,1,0,0,1,0.0,0.0,,,0,188.0,43.9,42.8,100,100.0,0.0,Available,0.0,False,https://github.com/salimt/football-datasets,17,0,real_wc2026_squads_transfermarkt_openfootball,2026-06-02
Mathieu Choinière,Canada,0,0,0,1,0,2,1,0,1,1,0,77.7,1,54.9,24.0,39.7,0,1,2,0,0,0,1,1,1,2,0,0,0,0,0.05,0.0,,,0,175.0,30.7,45.0,100,100.0,0.0,Available,0.0,False,https://github.com/salimt/football-datasets,22,0,real_wc2026_squads_transfermarkt_openfootball,2026-06-02
Stephen Eustáquio,Canada,473,0,0,3,2,17,7,3,4,4,2,83.6,2,68.7,41.4,65.7,0,2,5,0,0,2,11,4,8,9,2,0,0,2,0.1,0.05,0.0,0.0,13,177.0,69.9,67.1,100,100.0,0.0,Available,0.0,False,https://github.com/salimt/football-datasets,54,4,real_wc2026_squads_transfermarkt_openfootball,2026-06-02
Ismaël Koné,Canada,2841,6,0,41,10,98,42,15,24,21,14,83.9,13,83.3,78.2,71.6,6,25,59,2,0,10,64,23,47,55,10,0,0,17,5.93,0.25,3.0,0.0,36,188.0,72.7,70.9,100,100.0,0.0,Available,0.0,False,https://github.com/salimt/football-datasets,38,4,real_wc2026_squads_transfermarkt_openfootball,2026-06-02
Cyle Larin,Canada,0,0,0,1,1,3,2,1,1,1,0,76.0,1,78.5,27.8,69.4,0,1,2,0,0,1,2,1,1,2,0,0,0,0,0.05,0.02,,,0,188.0,49.7,65.1,100,100.0,0.0,Available,0.0,False,https://github.com/salimt/football-datasets,88,30,real_wc2026_squads_transfermarkt_openfootball,2026-06-02
Jonathan David,Canada,2329,8,5,56,30,106,50,19,15,14,5,81.8,12,89.0,82.8,85.5,8,39,92,7,4,40,69,28,27,45,10,0,0,10,8.19,4.25,0.0,0.0,46,178.0,89.0,81.8,100,100.0,0.0,Available,0.0,False,https://github.com/salimt/football-datasets,75,39,real_wc2026_squads_transfermarkt_openfootball,2026-06-02
Liam Millar,Canada,0,0,0,1,1,3,1,1,1,0,0,74.6,1,51.2,25.6,51.8,0,1,2,0,1,1,2,1,1,2,0,0,0,0,0.05,0.02,,,0,181.0,38.5,57.2,100,100.0,0.0,Available,0.0,False,https://github.com/salimt/football-datasets,39,1,real_wc2026_squads_transfermarkt_openfootball,2026-06-02
Tani Oluwaseyi,Canada,1535,7,2,43,16,47,28,11,7,6,5,77.7,10,81.1,69.2,53.3,7,30,72,4,1,20,31,15,12,30,4,0,0,9,6.96,1.8,1.0,0.0,37,187.0,57.1,57.7,100,100.0,0.0,Available,,False,,22,2,real_wc2026_squads_transfermarkt_openfootball,2026-06-02
Derek Cornelius,Canada,790,1,1,6,4,21,7,2,9,8,5,81.6,3,73.6,55.0,64.7,1,3,8,1,1,6,14,4,18,15,10,0,2,5,0.93,0.8,2.0,0.0,12,187.0,52.4,63.1,100,100.0,0.0,Available,0.0,False,https://github.com/salimt/football-datasets,42,1,real_wc2026_squads_transfermarkt_openfootball,2026-06-02
Jacob Shaffelburg,Canada,0,0,0,1,1,3,2,1,0,0,0,76.3,1,62.5,28.3,47.4,0,1,2,0,1,1,2,1,1,2,0,0,0,0,0.05,0.02,,,0,181.0,52.4,57.6,100,100.0,0.0,Available,0.0,False,https://github.com/salimt/football-datasets,31,6,real_wc2026_squads_transfermarkt_openfootball,2026-06-02
Moïse Bombito,Canada,146,0,0,0,0,4,1,0,1,1,1,82.5,1,77.9,38.7,43.2,0,0,0,0,0,0,3,1,3,3,2,0,0,1,0.0,0.0,1.0,0.0,2,190.0,64.8,53.7,100,26.6,73.4,Active: Groin injury; Knee injury,0.0,True,https://github.com/salimt/football-datasets,19,0,real_wc2026_squads_transfermarkt_openfootball,2026-06-02
Maxime Crépeau,Canada,0,0,0,0,0,2,1,0,1,1,0,77.6,0,60.6,27.3,45.2,0,0,0,0,0,0,1,1,2,1,1,2,0,0,0.0,0.0,,,0,180.0,47.0,55.3,100,100.0,0.0,Available,0.0,False,https://github.com/salimt/football-datasets,30,0,real_wc2026_squads_transfermarkt_openfootball,2026-06-02
Tajon Buchanan,Canada,2331,7,1,51,17,88,43,16,15,13,7,78.6,15,83.8,74.5,80.0,7,35,83,3,18,19,57,24,28,45,8,0,0,11,7.21,1.12,9.0,0.0,43,183.0,64.8,78.0,100,100.0,0.0,Available,0.0,False,https://github.com/salimt/football-datasets,58,8,real_wc2026_squads_transfermarkt_openfootball,2026-06-02
Owen Goodman,Canada,0,0,0,0,0,1,0,0,1,0,1,74.4,0,44.7,21.9,18.8,0,0,0,0,0,0,1,0,1,1,1,2,0,1,0.0,0.0,,,0,193.0,20.0,35.3,100,100.0,0.0,Available,0.0,False,https://github.com/salimt/football-datasets,0,0,real_wc2026_squads_transfermarkt_openfootball,2026-06-02
Alphonso Davies,Canada,841,1,5,8,18,34,13,5,9,8,4,82.9,2,92.0,69.6,72.5,1,4,10,5,10,28,22,7,18,17,4,0,2,4,0.98,3.95,1.0,0.0,23,185.0,94.0,79.7,100,100.0,0.0,Available,0.0,False,https://github.com/salimt/football-datasets,58,15,real_wc2026_squads_transfermarkt_openfootball,2026-06-02
Ali Ahmed,Canada,0,0,0,1,1,2,1,0,0,0,0,71.1,1,41.0,19.8,43.0,0,1,2,0,0,1,1,1,1,2,0,0,0,0,0.05,0.02,,,0,,9.5,42.6,100,100.0,0.0,Available,,False,,24,1,real_wc2026_squads_transfermarkt_openfootball,2026-06-02
Jonathan Osorio,Canada,0,0,0,1,0,3,1,0,1,1,0,78.5,1,57.3,25.3,71.6,0,1,2,0,0,0,2,1,2,2,0,0,0,0,0.05,0.0,,,0,175.0,37.4,63.9,100,100.0,0.0,Available,0.0,False,https://github.com/salimt/football-datasets,89,9,real_wc2026_squads_transfermarkt_openfootball,2026-06-02
Richie Laryea,Canada,0,0,0,0,0,2,1,0,1,1,0,74.0,1,55.8,24.5,65.0,0,0,0,0,1,0,1,1,2,2,0,0,0,0,0.0,0.0,,,0,175.0,33.2,63.4,100,100.0,0.0,Available,0.0,False,https://github.com/salimt/football-datasets,73,1,real_wc2026_squads_transfermarkt_openfootball,2026-06-02
Niko Sigur,Canada,153,0,0,1,0,4,2,1,1,1,1,81.1,1,56.0,36.3,38.9,0,1,2,0,0,0,3,1,3,3,2,0,0,1,0.05,0.0,0.0,0.0,4,180.0,52.4,56.9,100,100.0,0.0,Available,,False,,17,2,real_wc2026_squads_transfermarkt_openfootball,2026-06-02
Promise David,Canada,1880,11,2,60,18,57,37,14,6,5,8,79.6,11,70.8,77.3,38.8,11,42,101,4,1,22,37,20,11,37,7,0,0,13,10.68,1.85,4.0,0.0,32,195.0,72.3,52.8,100,100.0,0.0,Available,,False,,8,3,real_wc2026_squads_transfermarkt_openfootball,2026-06-02
Nathan Saliba,Canada,1933,3,1,24,10,44,24,9,13,11,7,80.9,11,62.9,63.8,43.5,3,14,33,2,1,12,29,13,26,38,5,0,0,9,3.04,0.95,11.0,0.0,32,180.0,49.7,50.9,100,100.0,0.0,Available,0.0,False,https://github.com/salimt/football-datasets,13,2,real_wc2026_squads_transfermarkt_openfootball,2026-06-02
Mahmud Abunada,Qatar,0,0,0,0,0,1,0,0,1,1,1,74.7,0,45.6,22.4,23.0,0,0,0,0,0,0,1,0,1,1,1,2,0,1,0.0,0.0,,,0,191.0,22.7,38.2,100,100.0,0.0,Available,,False,,4,0,real_wc2026_squads_transfermarkt_openfootball,2026-06-02
Pedro Miguel,Qatar,0,0,0,0,0,2,0,0,1,1,0,76.5,1,45.0,22.0,58.9,0,0,0,0,0,0,1,0,2,2,1,0,0,0,0.0,0.0,,,0,182.0,20.9,53.6,100,100.0,0.0,Available,0.0,False,https://github.com/salimt/football-datasets,98,3,real_wc2026_squads_transfermarkt_openfootball,2026-06-02
Lucas Mendes,Qatar,0,0,0,0,0,2,1,0,1,1,0,79.1,0,46.8,23.1,39.9,0,0,0,0,0,0,1,1,2,2,1,0,0,0,0.0,0.0,,,0,184.0,26.0,44.1,100,100.0,0.0,Available,0.0,False,https://github.com/salimt/football-datasets,25,1,real_wc2026_squads_transfermarkt_openfootball,2026-06-02
Issa Laye,Qatar,0,0,0,0,0,1,0,0,1,1,1,75.1,1,41.0,19.8,20.9,0,0,0,0,0,0,1,0,2,2,1,0,0,1,0.0,0.0,,,0,188.0,9.5,30.4,100,100.0,0.0,Available,,False,,3,0,real_wc2026_squads_transfermarkt_openfootball,2026-06-02
Jassem Gaber,Qatar,0,0,0,0,0,2,1,0,1,1,1,77.5,1,47.8,23.6,42.0,0,0,0,0,0,0,1,1,2,2,1,0,0,1,0.0,0.0,,,0,188.0,28.9,45.9,100,43.5,56.5,Active: Muscle injury; Adductor injury,0.0,True,https://github.com/salimt/football-datasets,31,1,real_wc2026_squads_transfermarkt_openfootball,2026-06-02
Abdulaziz Hatem,Qatar,0,0,0,1,0,2,1,0,1,1,0,75.1,1,41.0,19.8,66.3,0,1,2,0,0,0,1,1,2,2,0,0,0,0,0.05,0.0,,,0,183.0,9.5,63.4,100,100.0,0.0,Available,,False,,117,11,real_wc2026_squads_transfermarkt_openfootball,2026-06-02
Ahmed Alaaeldin,Qatar,0,0,0,1,1,3,1,1,1,1,0,72.9,1,46.3,22.8,54.7,0,1,2,0,0,1,2,1,1,2,0,0,0,0,0.05,0.02,,,0,177.0,24.5,56.0,100,100.0,0.0,Available,,False,,67,9,real_wc2026_squads_transfermarkt_openfootball,2026-06-02
Edmilson Junior,Qatar,0,0,0,1,1,2,1,1,0,0,0,75.6,1,54.2,27.3,35.7,0,1,2,0,1,1,1,1,1,2,0,0,0,0,0.05,0.02,,,0,180.0,47.0,46.0,100,100.0,0.0,Available,0.0,False,https://github.com/salimt/football-datasets,15,0,real_wc2026_squads_transfermarkt_openfootball,2026-06-02
Mohammed Muntari,Qatar,0,0,0,1,1,2,1,0,1,1,0,71.1,1,41.0,19.8,54.7,0,1,2,0,0,1,1,1,1,2,0,0,0,0,0.05,0.02,,,0,194.0,9.5,53.0,100,100.0,0.0,Available,,False,,67,16,real_wc2026_squads_transfermarkt_openfootball,2026-06-02
Hassan Al-Haydos,Qatar,0,0,0,1,0,3,1,0,1,1,0,73.0,1,46.6,22.9,71.6,0,1,2,0,0,0,2,1,1,2,0,0,0,0,0.05,0.0,,,0,174.0,25.3,69.4,100,100.0,0.0,Available,0.0,False,https://github.com/salimt/football-datasets,185,41,real_wc2026_squads_transfermarkt_openfootball,2026-06-02
Akram Afif,Qatar,0,0,0,1,1,3,2,1,1,1,0,76.5,1,56.8,28.8,69.5,0,1,2,0,1,1,2,1,1,2,0,0,0,0,0.05,0.02,,,0,177.0,54.6,66.1,100,100.0,0.0,Available,0.0,False,https://github.com/salimt/football-datasets,124,39,real_wc2026_squads_transfermarkt_openfootball,2026-06-02
Karim Boudiaf,Qatar,0,0,0,0,0,2,1,0,1,1,1,75.1,1,41.0,19.8,66.3,0,0,0,0,0,0,1,1,2,2,1,0,0,1,0.0,0.0,,,0,187.0,9.5,55.4,100,100.0,0.0,Available,,False,,117,5,real_wc2026_squads_transfermarkt_openfootball,2026-06-02
Ayoub Al-Oui,Qatar,0,0,0,0,0,1,1,0,1,1,0,71.1,1,41.0,19.8,25.1,0,0,0,0,1,0,1,1,1,2,0,0,0,0,0.0,0.0,,,0,187.0,9.5,36.7,100,100.0,0.0,Available,,False,,5,0,real_wc2026_squads_transfermarkt_openfootball,2026-06-02
Homam Ahmed,Qatar,0,0,0,0,0,2,1,0,1,1,0,71.1,1,41.0,19.8,54.7,0,0,0,0,1,0,1,1,2,2,0,0,0,0,0.0,0.0,,,0,169.0,9.5,53.0,100,100.0,0.0,Available,,False,,67,3,real_wc2026_squads_transfermarkt_openfootball,2026-06-02
Yusuf Abdurisag,Qatar,0,0,0,1,1,2,1,0,1,0,0,72.7,1,45.6,22.4,44.1,0,1,2,0,1,1,1,1,1,2,0,0,0,0,0.05,0.02,,,0,177.0,22.7,45.8,100,100.0,0.0,Available,,False,,38,3,real_wc2026_squads_transfermarkt_openfootball,2026-06-02
Boualem Khoukhi,Qatar,0,0,0,0,0,2,0,0,1,1,0,76.6,1,45.3,22.2,62.1,0,0,0,0,0,0,1,0,2,2,1,0,0,0,0.0,0.0,,,0,180.0,21.6,55.5,100,100.0,0.0,Available,,False,,115,20,real_wc2026_squads_transfermarkt_openfootball,2026-06-02
Ahmed Al-Ganehi,Qatar,0,0,0,1,1,2,1,1,0,0,0,73.2,1,47.0,23.2,33.5,0,1,2,0,1,1,1,1,1,2,0,0,0,0,0.05,0.02,,,0,178.0,26.6,40.7,100,100.0,0.0,Available,0.0,False,https://github.com/salimt/football-datasets,13,1,real_wc2026_squads_transfermarkt_openfootball,2026-06-02
Sultan Al-Brake,Qatar,0,0,0,0,0,1,1,0,1,1,0,71.1,1,41.0,19.8,37.8,0,0,0,0,1,0,1,1,2,2,0,0,0,0,0.0,0.0,,,0,175.0,9.5,43.7,100,100.0,0.0,Available,,False,,16,0,real_wc2026_squads_transfermarkt_openfootball,2026-06-02
Almoez Ali,Qatar,0,0,0,1,1,2,1,0,1,1,0,71.1,1,41.0,19.8,62.1,0,1,2,0,0,1,1,1,1,2,0,0,0,0,0.05,0.02,,,0,180.0,9.5,57.1,100,100.0,0.0,Available,,False,,115,55,real_wc2026_squads_transfermarkt_openfootball,2026-06-02
Ahmed Fathy,Qatar,0,0,0,0,0,2,1,0,1,1,0,76.7,1,45.6,22.4,46.2,0,0,0,0,0,0,1,1,2,2,1,0,0,0,0.0,0.0,,,0,171.0,22.7,47.0,100,100.0,0.0,Available,0.0,False,https://github.com/salimt/football-datasets,47,0,real_wc2026_squads_transfermarkt_openfootball,2026-06-02
Salah Zakaria,Qatar,0,0,0,0,0,1,0,0,1,1,0,75.1,0,46.8,23.1,29.3,0,0,0,0,0,0,1,0,1,1,1,2,0,0,0.0,0.0,,,0,188.0,26.0,42.3,100,100.0,0.0,Available,0.0,False,https://github.com/salimt/football-datasets,8,0,real_wc2026_squads_transfermarkt_openfootball,2026-06-02
Meshaal Barsham,Qatar,0,0,0,0,0,2,0,0,1,1,0,75.8,0,48.8,24.2,50.5,0,0,0,0,0,0,1,0,2,1,1,2,0,0,0.0,0.0,,,0,180.0,31.6,55.1,100,100.0,0.0,Available,,False,,52,0,real_wc2026_squads_transfermarkt_openfootball,2026-06-02
Assim Madibo,Qatar,0,0,0,0,0,2,1,0,1,1,0,76.7,1,45.6,22.4,48.4,0,0,0,0,0,0,1,1,2,2,1,0,0,0,0.0,0.0,,,0,168.0,22.7,48.2,100,100.0,0.0,Available,,False,,50,0,real_wc2026_squads_transfermarkt_openfootball,2026-06-02
Tahsin Jamshid,Qatar,0,0,0,1,1,1,1,0,0,0,0,71.1,1,41.0,19.8,18.7,0,1,2,0,1,1,1,1,1,2,0,0,0,0,0.05,0.02,,,0,177.0,9.5,29.2,100,100.0,0.0,Available,,False,,2,0,real_wc2026_squads_transfermarkt_openfootball,2026-06-02
Al-Hashmi Al-Hussain,Qatar,0,0,0,0,0,1,0,0,1,1,0,76.3,1,44.5,21.7,27.2,0,0,0,0,0,0,1,0,2,2,1,0,0,0,0.0,0.0,,,0,184.0,19.3,35.8,100,100.0,0.0,Available,,False,,7,0,real_wc2026_squads_transfermarkt_openfootball,2026-06-02
Mohamed Manai,Qatar,0,0,0,0,0,1,1,0,1,1,1,75.1,1,41.0,19.8,31.4,0,0,0,0,0,0,1,1,2,2,1,0,0,1,0.0,0.0,,,0,189.0,9.5,36.2,100,100.0,0.0,Available,,False,,9,0,real_wc2026_squads_transfermarkt_openfootball,2026-06-02
Gregor Kobel,Switzerland,4440,0,0,5,3,138,46,16,38,32,29,82.6,8,91.0,64.2,63.8,0,2,5,0,0,3,90,25,76,62,62,118,9,29,0.1,0.08,3.0,0.0,49,196.0,91.1,74.3,100,100.0,0.0,Available,0.0,False,https://github.com/salimt/football-datasets,20,0,real_wc2026_squads_transfermarkt_openfootball,2026-06-02
Miro Muheim,Switzerland,2767,0,6,15,26,58,30,11,22,18,13,77.4,14,77.5,71.5,48.4,0,8,18,7,24,38,38,16,45,56,7,0,6,14,0.4,4.85,7.0,0.0,32,182.0,52.4,58.1,100,100.0,0.0,Available,0.0,False,https://github.com/salimt/football-datasets,9,0,real_wc2026_squads_transfermarkt_openfootball,2026-06-02
Silvan Widmer,Switzerland,1997,2,1,18,9,50,17,7,22,19,10,74.6,12,69.9,58.9,71.0,2,10,24,2,15,11,32,9,42,40,3,0,4,11,2.06,0.92,5.0,0.0,30,183.0,30.7,66.2,100,100.0,0.0,Available,,False,,59,5,real_wc2026_squads_transfermarkt_openfootball,2026-06-02
Nico Elvedi,Switzerland,3237,2,3,17,14,105,31,11,40,34,20,83.2,11,81.8,76.1,85.4,2,9,21,4,2,20,68,17,77,63,41,0,6,21,2.01,2.45,5.0,0.0,36,189.0,64.8,76.9,100,100.0,0.0,Available,0.0,False,https://github.com/salimt/football-datasets,66,3,real_wc2026_squads_transfermarkt_openfootball,2026-06-02
Manuel Akanji,Switzerland,3774,2,0,18,6,141,42,15,47,41,23,85.1,11,86.0,77.5,89.8,2,9,21,1,0,6,92,23,92,73,51,0,8,24,2.01,0.15,6.0,0.0,46,188.0,80.5,82.5,100,100.0,0.0,Available,0.0,False,https://github.com/salimt/football-datasets,80,4,real_wc2026_squads_transfermarkt_openfootball,2026-06-02
Denis Zakaria,Switzerland,2541,2,1,21,10,98,35,13,30,26,16,85.3,9,84.3,72.8,78.7,2,12,28,2,1,12,64,19,58,55,35,0,0,17,2.16,0.95,7.0,0.0,30,190.0,83.0,80.9,100,100.0,0.0,Available,0.0,False,https://github.com/salimt/football-datasets,64,3,real_wc2026_squads_transfermarkt_openfootball,2026-06-02
Breel Embolo,Switzerland,1873,8,3,50,21,78,37,14,12,11,6,79.4,12,80.1,75.3,80.9,8,35,84,5,2,27,51,20,22,36,7,0,0,10,7.99,2.62,2.0,0.0,31,187.0,71.1,79.7,100,100.0,0.0,Available,0.0,False,https://github.com/salimt/football-datasets,86,24,real_wc2026_squads_transfermarkt_openfootball,2026-06-02
Remo Freuler,Switzerland,3108,1,2,26,18,105,40,15,31,27,12,81.3,17,76.2,70.3,91.3,1,16,37,4,1,22,68,22,58,60,8,0,0,14,1.58,1.85,6.0,0.0,40,180.0,52.4,79.7,100,100.0,0.0,Available,0.0,False,https://github.com/salimt/football-datasets,87,11,real_wc2026_squads_transfermarkt_openfootball,2026-06-02
Johan Manzambi,Switzerland,3621,7,9,50,41,114,58,21,24,20,15,85.7,14,89.4,91.4,55.4,7,30,70,11,6,59,74,32,48,70,16,0,0,19,6.96,7.32,6.0,0.0,47,182.0,86.5,66.8,100,100.0,0.0,Available,,False,,11,3,real_wc2026_squads_transfermarkt_openfootball,2026-06-02
Granit Xhaka,Switzerland,3028,1,6,20,27,113,38,14,38,33,17,83.5,13,85.7,78.6,95.0,1,11,26,7,4,39,73,21,73,66,39,0,0,18,1.33,4.87,9.0,0.0,36,186.0,68.5,87.0,100,100.0,0.0,Available,0.0,False,https://github.com/salimt/football-datasets,145,17,real_wc2026_squads_transfermarkt_openfootball,2026-06-02
Dan Ndoye,Switzerland,2014,2,2,30,18,81,42,16,11,9,6,82.0,10,93.6,72.2,64.7,2,21,49,4,16,22,53,23,20,39,9,0,0,9,2.61,1.85,2.0,0.0,37,184.0,91.1,74.8,100,100.0,0.0,Available,0.0,False,https://github.com/salimt/football-datasets,30,7,real_wc2026_squads_transfermarkt_openfootball,2026-06-02
Yvon Mvogo,Switzerland,2790,0,0,3,2,50,17,6,22,19,16,76.9,11,71.7,48.8,53.0,0,1,2,0,0,2,32,9,45,39,33,74,6,16,0.05,0.05,0.0,0.0,31,190.0,47.0,59.6,100,100.0,0.0,Available,0.0,False,https://github.com/salimt/football-datasets,13,0,real_wc2026_squads_transfermarkt_openfootball,2026-06-02
Ricardo Rodriguez,Switzerland,2446,0,1,13,10,80,26,10,29,25,12,77.1,12,78.5,59.1,88.6,0,7,16,2,18,12,52,14,55,49,6,0,5,13,0.35,0.95,3.0,0.0,35,182.0,49.7,79.7,100,100.0,0.0,Available,0.0,False,https://github.com/salimt/football-datasets,137,9,real_wc2026_squads_transfermarkt_openfootball,2026-06-02
Ardon Jashari,Switzerland,880,0,1,5,6,26,13,5,8,6,4,85.9,3,88.6,58.5,35.9,0,3,7,1,1,8,17,7,15,19,12,0,0,4,0.15,0.85,0.0,0.0,17,181.0,87.8,58.3,100,100.0,0.0,Available,0.0,False,https://github.com/salimt/football-datasets,7,0,real_wc2026_squads_transfermarkt_openfootball,2026-06-02
Djibril Sow,Switzerland,2289,5,4,34,21,79,32,12,21,18,10,83.1,11,84.4,75.2,70.6,5,20,48,5,3,29,51,18,40,45,8,0,0,12,4.9,3.32,6.0,0.0,35,184.0,66.7,71.2,100,35.1,64.9,Active: Abdominal muscle strain; minor knock,0.0,True,https://github.com/salimt/football-datasets,51,0,real_wc2026_squads_transfermarkt_openfootball,2026-06-02
Christian Fassnacht,Switzerland,413,1,0,8,2,10,6,2,2,2,1,75.6,3,52.0,49.2,49.2,1,5,13,0,0,2,6,3,4,8,1,0,0,2,1.03,0.05,1.0,0.0,8,183.0,41.0,58.3,100,100.0,0.0,Available,0.0,False,https://github.com/salimt/football-datasets,22,5,real_wc2026_squads_transfermarkt_openfootball,2026-06-02
Rubén Vargas,Switzerland,1620,3,6,29,28,62,30,11,11,9,4,78.9,10,84.4,70.8,70.8,3,20,47,7,16,40,40,16,19,31,5,0,0,6,3.34,4.9,2.0,0.0,25,179.0,66.7,73.3,100,100.0,0.0,Available,0.0,False,https://github.com/salimt/football-datasets,61,11,real_wc2026_squads_transfermarkt_openfootball,2026-06-02
Eray Cömert,Switzerland,1729,2,1,12,6,34,12,5,18,15,9,80.1,8,75.4,59.2,52.3,2,6,15,1,1,8,22,7,35,34,20,0,3,10,1.86,0.85,4.0,0.0,21,183.0,41.0,54.0,100,100.0,0.0,Available,0.0,False,https://github.com/salimt/football-datasets,21,0,real_wc2026_squads_transfermarkt_openfootball,2026-06-02
Noah Okafor,Switzerland,1976,8,3,50,21,70,39,14,10,8,6,80.2,11,88.6,76.9,58.1,8,34,81,5,16,27,46,21,18,38,8,0,0,10,7.94,2.62,3.0,0.0,34,185.0,76.6,68.3,100,100.0,0.0,Available,0.0,False,https://github.com/salimt/football-datasets,24,2,real_wc2026_squads_transfermarkt_openfootball,2026-06-02
Michel Aebischer,Switzerland,2983,1,2,25,17,89,39,14,26,22,12,81.6,16,77.0,69.8,73.5,1,15,35,4,1,21,58,21,49,58,8,0,0,14,1.53,1.82,8.0,0.0,36,183.0,54.6,70.3,100,100.0,0.0,Available,0.0,False,https://github.com/salimt/football-datasets,39,2,real_wc2026_squads_transfermarkt_openfootball,2026-06-02
Marvin Keller,Switzerland,900,0,0,1,1,16,7,2,6,5,5,79.4,3,61.0,42.1,29.7,0,0,0,0,0,1,10,4,12,13,12,24,2,5,0.0,0.02,0.0,0.0,10,189.0,66.7,50.7,100,100.0,0.0,Available,0.0,False,https://github.com/salimt/football-datasets,1,0,real_wc2026_squads_transfermarkt_openfootball,2026-06-02
Fabian Rieder,Switzerland,2530,6,4,47,26,82,43,16,14,12,6,78.7,15,81.8,77.3,63.7,6,31,73,6,3,34,53,24,26,47,8,0,0,10,6.23,3.45,4.0,0.0,36,179.0,64.8,71.0,100,100.0,0.0,Available,0.0,False,https://github.com/salimt/football-datasets,27,1,real_wc2026_squads_transfermarkt_openfootball,2026-06-02
Zeki Amdouni,Switzerland,69,0,0,1,1,3,2,1,0,0,0,78.0,1,85.1,38.5,53.5,0,1,2,0,0,1,2,1,1,2,0,0,0,0,0.05,0.02,0.0,0.0,4,185.0,66.7,63.8,100,29.6,70.4,Active: unknown injury; unknown injury,0.0,True,https://github.com/salimt/football-datasets,28,11,real_wc2026_squads_transfermarkt_openfootball,2026-06-02
Aurèle Amenda,Switzerland,1899,0,0,6,3,38,17,6,17,14,13,82.5,7,80.1,45.6,38.7,0,3,7,1,0,3,25,9,34,37,24,0,4,13,0.15,0.08,6.0,0.0,29,194.0,59.8,50.2,100,100.0,0.0,Available,0.0,False,https://github.com/salimt/football-datasets,6,0,real_wc2026_squads_transfermarkt_openfootball,2026-06-02
Luca Jaquez,Switzerland,1623,1,1,8,6,34,16,6,14,11,10,83.7,5,83.1,61.6,34.9,1,4,10,1,1,8,22,9,28,32,21,0,3,10,0.98,0.85,2.0,0.0,26,187.0,68.5,49.9,100,55.0,45.0,Active: Ill; unknown injury,0.0,True,https://github.com/salimt/football-datasets,3,0,real_wc2026_squads_transfermarkt_openfootball,2026-06-02
Cedric Itten,Switzerland,110,1,0,5,1,3,2,1,0,0,0,76.9,1,78.3,50.4,41.3,1,4,16,0,0,1,2,1,1,2,0,0,0,0,0.98,0.02,1.0,0.0,2,190.0,54.6,54.6,100,100.0,0.0,Available,0.0,False,https://github.com/salimt/football-datasets,14,5,real_wc2026_squads_transfermarkt_openfootball,2026-06-02
Alisson,Brazil,3116,0,0,4,2,108,27,9,34,29,19,80.6,8,88.2,56.9,89.2,0,2,5,0,0,2,70,15,65,44,41,83,6,19,0.1,0.05,1.0,0.0,35,193.0,75.5,87.2,100,100.0,0.0,Available,0.0,False,https://github.com/salimt/football-datasets,77,0,real_wc2026_squads_transfermarkt_openfootball,2026-06-02
Wesley,Brazil,0,0,0,1,1,3,2,1,0,0,0,78.0,1,61.0,31.2,32.5,0,1,2,0,1,1,2,1,1,2,0,0,0,0,0.05,0.02,,,0,175.0,66.7,42.5,100,100.0,0.0,Available,0.0,False,https://github.com/salimt/football-datasets,7,0,real_wc2026_squads_transfermarkt_openfootball,2026-06-02
Gabriel Magalhães,Brazil,0,0,0,0,0,1,1,0,1,1,1,78.9,0,46.3,22.8,42.0,0,0,0,0,0,0,1,1,2,2,1,0,0,1,0.0,0.0,,,0,186.0,24.5,47.0,100,100.0,0.0,Available,,False,,17,1,real_wc2026_squads_transfermarkt_openfootball,2026-06-02
Marquinhos,Brazil,2714,2,0,15,4,108,32,11,35,30,15,85.9,7,85.5,73.0,90.4,2,8,19,1,0,4,70,18,67,53,37,0,5,16,1.96,0.1,2.0,0.0,33,183.0,86.5,86.0,100,100.0,0.0,Available,0.0,False,https://github.com/salimt/football-datasets,104,7,real_wc2026_squads_transfermarkt_openfootball,2026-06-02
Casemiro,Brazil,2600,9,2,45,13,92,31,11,32,27,14,83.0,11,84.4,78.8,87.5,9,25,60,3,1,17,60,17,61,57,33,0,0,17,8.27,1.72,9.0,0.0,35,185.0,64.8,84.1,100,100.0,0.0,Available,0.0,False,https://github.com/salimt/football-datasets,85,9,real_wc2026_squads_transfermarkt_openfootball,2026-06-02
Alex Sandro,Brazil,0,0,0,0,0,2,1,0,1,1,0,76.9,0,52.0,26.1,56.8,0,0,0,0,1,0,1,1,2,2,0,0,0,0,0.0,0.0,,,0,181.0,41.0,62.4,100,52.4,47.6,Active: Hamstring muscle injury; muscular problems,0.0,True,https://github.com/salimt/football-datasets,44,2,real_wc2026_squads_transfermarkt_openfootball,2026-06-02
Vinícius Júnior,Brazil,4470,22,14,127,69,203,98,36,27,24,9,83.1,21,96.1,99.5,87.1,22,87,204,17,42,97,132,54,50,87,22,0,0,19,21.51,11.52,11.0,0.0,56,176.0,99.9,79.1,100,100.0,0.0,Available,0.0,False,https://github.com/salimt/football-datasets,48,9,real_wc2026_squads_transfermarkt_openfootball,2026-06-02
Bruno Guimarães,Brazil,3322,9,8,55,37,137,57,21,29,25,13,87.1,11,95.9,93.0,79.7,9,33,78,9,6,53,89,31,56,65,16,0,0,17,8.67,6.52,9.0,0.0,41,182.0,97.7,86.4,100,100.0,0.0,Available,0.0,False,https://github.com/salimt/football-datasets,42,2,real_wc2026_squads_transfermarkt_openfootball,2026-06-02
Matheus Cunha,Brazil,2683,10,4,65,28,105,57,21,13,11,8,82.3,13,94.2,86.7,65.9,10,45,106,6,22,36,68,31,24,52,12,0,0,13,10.05,3.5,4.0,0.0,35,183.0,92.8,66.1,100,100.0,0.0,Available,0.0,False,https://github.com/salimt/football-datasets,22,1,real_wc2026_squads_transfermarkt_openfootball,2026-06-02
Neymar,Brazil,0,0,0,1,0,4,2,1,1,1,0,83.3,0,70.6,36.7,71.6,0,1,2,0,0,0,3,1,1,2,0,0,0,0,0.05,0.0,,,0,175.0,94.0,81.2,100,100.0,0.0,Available,0.0,False,https://github.com/salimt/football-datasets,128,79,real_wc2026_squads_transfermarkt_openfootball,2026-06-02
Raphinha,Brazil,2194,21,8,97,38,93,47,17,13,11,4,82.4,11,94.0,87.3,69.9,21,67,161,10,21,54,60,26,23,43,10,0,0,12,19.73,6.55,5.0,0.0,33,176.0,94.0,68.5,100,100.0,0.0,Available,0.0,False,https://github.com/salimt/football-datasets,38,11,real_wc2026_squads_transfermarkt_openfootball,2026-06-02
Weverton,Brazil,90,0,0,0,0,1,0,0,1,1,0,76.0,0,49.3,32.1,43.2,0,0,0,0,0,0,1,0,1,1,1,2,0,0,0.0,0.0,0.0,0.0,1,189.0,33.2,53.4,100,100.0,0.0,Available,,False,,10,0,real_wc2026_squads_transfermarkt_openfootball,2026-06-02
Danilo Luiz,Brazil,0,0,0,1,1,3,1,1,1,1,0,72.9,1,56.0,22.8,63.2,0,1,2,0,0,1,2,1,1,2,0,0,0,0,0.05,0.02,,,0,184.0,24.5,60.7,100,100.0,0.0,Available,0.0,False,https://github.com/salimt/football-datasets,69,1,real_wc2026_squads_transfermarkt_openfootball,2026-06-02
Bremer,Brazil,2569,4,3,21,13,71,31,11,23,19,16,86.3,6,89.0,79.9,52.4,4,11,26,3,2,19,46,17,47,50,36,0,5,17,3.67,2.42,5.0,0.0,31,188.0,89.0,65.6,100,100.0,0.0,Available,0.0,False,https://github.com/salimt/football-datasets,7,1,real_wc2026_squads_transfermarkt_openfootball,2026-06-02
Léo Pereira,Brazil,0,0,0,1,1,2,1,1,0,0,0,74.2,1,50.0,24.9,23.0,0,1,2,0,1,1,1,1,1,2,0,0,0,0,0.05,0.02,,,0,172.0,35.0,30.9,100,100.0,0.0,Available,,False,,3,0,real_wc2026_squads_transfermarkt_openfootball,2026-06-02
Douglas Santos,Brazil,2076,2,2,18,12,47,25,9,16,13,8,79.0,9,60.4,67.4,45.1,2,10,24,3,16,16,31,14,32,42,7,0,4,9,2.06,1.7,1.0,0.0,25,176.0,64.8,60.8,100,100.0,0.0,Available,0.0,False,https://github.com/salimt/football-datasets,6,0,real_wc2026_squads_transfermarkt_openfootball,2026-06-02
Fabinho,Brazil,0,0,0,0,0,3,1,0,1,1,1,86.8,0,75.0,35.9,49.4,0,0,0,0,0,0,2,1,2,2,1,0,0,1,0.0,0.0,,,0,188.0,90.0,68.2,100,100.0,0.0,Available,0.0,False,https://github.com/salimt/football-datasets,32,0,real_wc2026_squads_transfermarkt_openfootball,2026-06-02
Danilo Santos,Brazil,0,0,0,1,1,1,1,0,0,0,0,72.5,1,58.0,22.0,23.0,0,1,2,0,1,1,1,1,1,2,0,0,0,0,0.05,0.02,,,0,178.0,20.9,28.1,100,100.0,0.0,Available,,False,,3,2,real_wc2026_squads_transfermarkt_openfootball,2026-06-02
Endrick,Brazil,1480,6,7,38,31,55,32,12,6,5,2,81.7,8,86.4,77.6,53.2,6,27,65,8,5,45,36,18,11,29,7,0,0,5,6.03,5.68,3.0,0.0,21,173.0,89.0,68.1,100,100.0,0.0,Available,0.0,False,https://github.com/salimt/football-datasets,16,3,real_wc2026_squads_transfermarkt_openfootball,2026-06-02
Lucas Paquetá,Brazil,1612,5,1,34,11,70,31,12,11,10,4,81.8,8,68.8,73.1,74.9,5,23,55,2,1,13,46,17,21,30,7,0,0,7,5.05,0.98,5.0,0.0,19,180.0,89.0,82.0,100,100.0,0.0,Available,0.0,False,https://github.com/salimt/football-datasets,62,13,real_wc2026_squads_transfermarkt_openfootball,2026-06-02
Luiz Henrique,Brazil,2446,6,4,49,27,83,49,18,10,9,7,80.8,13,66.3,80.2,56.9,6,34,80,6,20,35,54,27,19,48,10,0,0,11,6.38,3.47,3.0,0.0,34,182.0,81.6,58.9,100,100.0,0.0,Available,0.0,False,https://github.com/salimt/football-datasets,14,2,real_wc2026_squads_transfermarkt_openfootball,2026-06-02
Gabriel Martinelli,Brazil,2347,11,7,65,35,91,50,18,11,10,5,82.2,12,94.2,85.8,63.6,11,45,107,9,22,49,59,28,21,46,11,0,0,10,10.83,5.78,5.0,0.0,52,178.0,92.8,64.8,100,100.0,0.0,Available,0.0,False,https://github.com/salimt/football-datasets,22,4,real_wc2026_squads_transfermarkt_openfootball,2026-06-02
Ederson,Brazil,3169,3,2,33,18,120,53,19,26,22,13,86.3,12,89.7,81.6,73.5,3,20,47,4,1,22,78,29,50,62,14,0,0,15,3.34,1.85,4.0,0.0,41,183.0,91.1,81.6,100,100.0,0.0,Available,0.0,False,https://github.com/salimt/football-datasets,32,0,real_wc2026_squads_transfermarkt_openfootball,2026-06-02
Roger Ibañez,Brazil,0,0,0,0,0,2,1,0,1,1,1,86.2,0,73.3,34.9,28.3,0,0,0,0,0,0,1,1,2,2,1,0,0,1,0.0,0.0,,,0,185.0,85.0,51.6,100,100.0,0.0,Available,0.0,False,https://github.com/salimt/football-datasets,6,0,real_wc2026_squads_transfermarkt_openfootball,2026-06-02
Igor Thiago,Brazil,3437,25,1,127,24,106,71,27,9,7,13,81.0,19,90.8,93.0,48.5,25,89,210,5,1,26,69,39,17,67,14,0,0,24,23.95,1.3,8.0,0.0,40,191.0,83.0,64.3,100,100.0,0.0,Available,0.0,False,https://github.com/salimt/football-datasets,3,2,real_wc2026_squads_transfermarkt_openfootball,2026-06-02
Rayan,Brazil,1120,5,2,30,13,32,22,8,3,3,4,80.2,6,88.6,69.4,30.4,5,21,52,3,9,17,21,12,6,22,4,0,0,7,4.95,1.72,1.0,0.0,15,185.0,76.6,43.3,100,100.0,0.0,Available,,False,,2,1,real_wc2026_squads_transfermarkt_openfootball,2026-06-02
Johny Placide,Haiti,0,0,0,0,0,2,0,0,1,1,0,74.6,0,62.8,22.2,71.6,0,0,0,0,0,0,1,0,2,1,1,2,0,0,0.0,0.0,,,0,181.0,21.6,64.7,100,100.0,0.0,Available,0.0,False,https://github.com/salimt/football-datasets,79,0,real_wc2026_squads_transfermarkt_openfootball,2026-06-02
Carlens Arcus,Haiti,2045,0,3,11,15,49,17,7,22,19,8,74.4,12,65.4,57.8,81.8,0,6,14,4,17,21,32,9,42,41,3,0,4,9,0.3,2.47,7.0,0.0,26,176.0,28.9,73.8,100,100.0,0.0,Available,0.0,False,https://github.com/salimt/football-datasets,51,1,real_wc2026_squads_transfermarkt_openfootball,2026-06-02
Keeto Thermoncy,Haiti,0,0,0,0,0,0,0,0,1,1,0,75.1,1,41.0,19.8,24.0,0,0,0,0,0,0,0,0,2,2,1,0,0,0,0.0,0.0,,,0,,9.5,30.1,100,100.0,0.0,Available,,False,,1,0,real_wc2026_squads_transfermarkt_openfootball,2026-06-02
Ricardo Adé,Haiti,0,0,0,0,0,2,0,0,1,1,0,75.1,1,41.0,19.8,67.4,0,0,0,0,0,0,1,0,2,2,1,0,0,0,0.0,0.0,,,0,,9.5,54.0,100,100.0,0.0,Available,,False,,57,2,real_wc2026_squads_transfermarkt_openfootball,2026-06-02
Hannes Delcroix,Haiti,0,0,0,0,0,2,1,0,1,1,0,82.3,0,56.0,28.3,32.5,0,0,0,0,0,0,1,1,2,2,1,0,0,0,0.0,0.0,,,0,184.0,52.4,43.4,100,100.0,0.0,Available,0.0,False,https://github.com/salimt/football-datasets,5,0,real_wc2026_squads_transfermarkt_openfootball,2026-06-02
Carl Sainté,Haiti,0,0,0,1,0,1,1,0,1,1,0,75.1,1,41.0,19.8,52.6,0,1,2,0,0,0,1,1,1,2,0,0,0,0,0.05,0.0,,,0,,9.5,49.8,100,100.0,0.0,Available,,False,,25,0,real_wc2026_squads_transfermarkt_openfootball,2026-06-02
Derrick Etienne Jr.,Haiti,0,0,0,1,1,3,1,1,1,0,0,74.0,1,55.8,24.5,61.0,0,1,2,0,1,1,2,1,1,2,0,0,0,0,0.05,0.02,,,0,178.0,33.2,57.2,100,100.0,0.0,Available,0.0,False,https://github.com/salimt/football-datasets,46,8,real_wc2026_squads_transfermarkt_openfootball,2026-06-02
Martin Expérience,Haiti,0,0,0,0,0,1,0,0,1,1,0,75.1,1,41.0,19.8,50.5,0,0,0,0,0,0,1,0,2,2,1,0,0,0,0.0,0.0,,,0,,9.5,44.7,100,100.0,0.0,Available,,False,,19,0,real_wc2026_squads_transfermarkt_openfootball,2026-06-02
Duckens Nazon,Haiti,0,0,0,1,1,3,1,1,1,1,0,74.6,1,60.9,25.5,69.5,0,1,2,0,0,1,2,1,1,2,0,0,0,0,0.05,0.02,,,0,181.0,38.3,64.9,100,100.0,0.0,Available,0.0,False,https://github.com/salimt/football-datasets,76,44,real_wc2026_squads_transfermarkt_openfootball,2026-06-02
Jean-Ricner Bellegarde,Haiti,1513,1,1,14,9,41,23,8,10,8,4,84.0,7,87.6,62.0,53.3,1,8,19,2,1,11,27,13,19,29,6,0,0,5,1.18,0.92,5.0,0.0,31,172.0,73.9,63.1,100,100.0,0.0,Available,0.0,False,https://github.com/salimt/football-datasets,8,0,real_wc2026_squads_transfermarkt_openfootball,2026-06-02
Louicius Deedson,Haiti,0,0,0,1,1,2,1,1,0,0,0,74.2,1,56.4,24.9,56.8,0,1,2,0,1,1,1,1,1,2,0,0,0,0,0.05,0.02,,,0,178.0,35.0,55.2,100,100.0,0.0,Available,,False,,30,10,real_wc2026_squads_transfermarkt_openfootball,2026-06-02
Alexandre Pierre,Haiti,0,0,0,0,0,1,0,0,1,1,1,74.4,0,62.1,21.8,45.2,0,0,0,0,0,0,1,0,1,1,1,2,0,1,0.0,0.0,,,0,190.0,19.6,49.8,100,100.0,0.0,Available,,False,,14,0,real_wc2026_squads_transfermarkt_openfootball,2026-06-02
Duke Lacroix,Haiti,0,0,0,0,0,1,0,0,1,1,0,75.1,1,41.0,19.8,45.2,0,0,0,0,0,0,1,0,2,2,1,0,0,0,0.0,0.0,,,0,,9.5,41.8,100,100.0,0.0,Available,,False,,14,2,real_wc2026_squads_transfermarkt_openfootball,2026-06-02
Leverton Pierre,Haiti,0,0,0,1,0,2,1,0,1,1,0,75.1,1,41.0,19.8,58.9,0,1,2,0,0,0,1,1,1,2,0,0,0,0,0.05,0.0,,,0,,9.5,53.3,100,100.0,0.0,Available,,False,,33,0,real_wc2026_squads_transfermarkt_openfootball,2026-06-02
Ruben Providence,Haiti,0,0,0,1,1,2,1,0,0,0,0,72.7,1,45.6,22.4,42.0,0,1,2,0,1,1,1,1,1,2,0,0,0,0,0.05,0.02,,,0,178.0,22.7,44.6,100,100.0,0.0,Available,0.0,False,https://github.com/salimt/football-datasets,13,2,real_wc2026_squads_transfermarkt_openfootball,2026-06-02
Lenny Joseph,Haiti,0,0,0,1,1,1,1,1,0,0,0,73.1,1,64.4,23.1,19.8,0,1,2,0,0,1,1,1,0,2,0,0,0,0,0.05,0.02,,,0,183.0,26.0,35.1,100,100.0,0.0,Available,,False,,0,0,real_wc2026_squads_transfermarkt_openfootball,2026-06-02
Danley Jean Jacques,Haiti,0,0,0,0,0,2,1,0,1,1,0,80.9,0,58.6,26.1,54.7,0,0,0,0,0,0,1,1,2,2,1,0,0,0,0.0,0.0,,,0,182.0,41.0,61.3,100,100.0,0.0,Available,,False,,28,6,real_wc2026_squads_transfermarkt_openfootball,2026-06-02
Wilson Isidor,Haiti,1338,6,0,37,8,38,27,10,3,3,4,80.1,8,88.6,69.7,39.9,6,26,63,1,0,8,25,15,6,26,5,0,0,7,5.98,0.2,3.0,0.0,36,186.0,76.6,56.3,100,100.0,0.0,Available,0.0,False,https://github.com/salimt/football-datasets,2,1,real_wc2026_squads_transfermarkt_openfootball,2026-06-02
Yassin Fortuné,Haiti,0,0,0,1,1,1,1,1,0,0,0,72.9,1,46.3,22.8,29.3,0,1,2,0,1,1,1,1,1,2,0,0,0,0,0.05,0.02,,,0,186.0,24.5,38.0,100,100.0,0.0,Available,0.0,False,https://github.com/salimt/football-datasets,3,0,real_wc2026_squads_transfermarkt_openfootball,2026-06-02
Frantzdy Pierrot,Haiti,1232,4,1,29,11,40,21,8,7,6,5,76.3,9,63.9,61.2,75.3,4,20,48,2,1,13,26,12,13,24,3,0,0,7,4.12,0.98,3.0,0.0,28,194.0,47.0,69.8,100,100.0,0.0,Available,0.0,False,https://github.com/salimt/football-datasets,49,33,real_wc2026_squads_transfermarkt_openfootball,2026-06-02
Josué Casimir,Haiti,1521,1,0,21,9,35,26,10,5,4,3,76.7,11,72.6,55.2,46.0,1,14,33,2,11,9,23,14,10,30,4,0,0,5,1.48,0.22,4.0,0.0,31,178.0,49.7,52.2,100,100.0,0.0,Available,0.0,False,https://github.com/salimt/football-datasets,5,0,real_wc2026_squads_transfermarkt_openfootball,2026-06-02
Jean-Kévin Duverne,Haiti,735,0,1,2,4,15,6,2,7,6,4,81.2,3,62.9,50.5,58.9,0,1,2,1,1,6,10,3,14,14,9,0,1,4,0.05,0.8,4.0,0.0,14,186.0,49.7,57.3,100,100.0,0.0,Available,0.0,False,https://github.com/salimt/football-datasets,15,1,real_wc2026_squads_transfermarkt_openfootball,2026-06-02
Josué Duverger,Haiti,0,0,0,0,0,1,0,0,1,1,0,73.1,0,41.0,19.8,36.7,0,0,0,0,0,0,1,0,1,1,1,2,0,0,0.0,0.0,,,0,,9.5,43.1,100,100.0,0.0,Available,,False,,6,0,real_wc2026_squads_transfermarkt_openfootball,2026-06-02
Wilguens Paugain,Haiti,1011,1,0,9,3,12,8,3,8,6,4,73.4,6,52.8,47.3,48.0,1,5,12,1,7,3,8,4,16,20,1,0,2,5,1.03,0.08,1.0,0.0,19,180.0,20.9,53.6,100,100.0,0.0,Available,,False,,6,0,real_wc2026_squads_transfermarkt_openfootball,2026-06-02
Dominique Simon,Haiti,0,0,0,0,0,1,1,0,1,1,0,75.1,1,41.0,19.8,19.8,0,0,0,0,0,0,1,1,1,2,1,0,0,0,0.0,0.0,,,0,179.0,9.5,35.8,100,100.0,0.0,Available,,False,,0,0,real_wc2026_squads_transfermarkt_openfootball,2026-06-02
Woodensky Pierre,Haiti,0,0,0,1,0,1,1,0,0,0,0,75.1,1,41.0,19.8,24.0,0,1,2,0,0,0,1,1,1,2,0,0,0,0,0.05,0.0,,,0,,9.5,34.1,100,100.0,0.0,Available,,False,,1,0,real_wc2026_squads_transfermarkt_openfootball,2026-06-02
Yassine Bounou,Morocco,900,0,0,1,1,30,7,2,10,9,6,79.4,3,66.9,42.1,80.4,0,0,0,0,0,1,20,4,19,13,12,24,2,6,0.0,0.02,0.0,0.0,9,195.0,66.7,80.6,100,100.0,0.0,Available,0.0,False,https://github.com/salimt/football-datasets,89,0,real_wc2026_squads_transfermarkt_openfootball,2026-06-02
Achraf Hakimi,Morocco,3198,3,12,28,46,141,49,18,37,32,15,83.2,9,89.6,91.1,95.8,3,16,37,12,31,70,92,27,71,65,16,0,6,17,3.14,9.55,5.0,0.0,39,181.0,98.0,85.3,100,100.0,0.0,Available,0.0,False,https://github.com/salimt/football-datasets,95,11,real_wc2026_squads_transfermarkt_openfootball,2026-06-02
Noussair Mazraoui,Morocco,1612,0,1,9,8,58,22,8,17,14,8,81.0,6,89.9,60.0,70.7,0,5,12,2,12,10,38,12,32,33,6,0,3,9,0.25,0.9,3.0,0.0,27,183.0,80.5,68.0,100,100.0,0.0,Available,0.0,False,https://github.com/salimt/football-datasets,43,2,real_wc2026_squads_transfermarkt_openfootball,2026-06-02
Sofyan Amrabat,Morocco,2217,2,0,19,6,86,30,11,27,23,12,85.0,8,89.3,68.4,84.9,2,11,26,1,0,6,56,16,52,48,30,0,0,13,2.11,0.15,8.0,0.0,32,185.0,80.5,87.8,100,100.0,0.0,Available,0.0,False,https://github.com/salimt/football-datasets,73,0,real_wc2026_squads_transfermarkt_openfootball,2026-06-02
Nayef Aguerd,Morocco,2789,1,1,12,7,101,31,11,34,29,18,85.1,8,83.4,71.4,86.8,1,6,14,2,1,9,66,17,66,54,38,0,6,19,1.08,0.88,6.0,0.0,31,190.0,80.5,82.8,100,100.0,0.0,Available,0.0,False,https://github.com/salimt/football-datasets,64,2,real_wc2026_squads_transfermarkt_openfootball,2026-06-02
Ayyoub Bouaddi,Morocco,2994,0,1,22,14,85,50,18,16,13,14,86.3,11,87.1,71.3,45.0,0,13,30,3,1,16,55,28,33,58,14,0,0,16,0.65,1.05,9.0,0.0,40,186.0,91.1,62.0,100,100.0,0.0,Available,,False,,1,0,real_wc2026_squads_transfermarkt_openfootball,2026-06-02
Chemsdine Talbi,Morocco,1729,4,2,34,16,53,34,13,5,5,3,80.6,10,89.9,71.7,52.3,4,23,55,4,14,20,34,19,11,34,7,0,0,6,4.27,1.8,0.0,0.0,31,175.0,80.5,61.9,100,100.0,0.0,Available,0.0,False,https://github.com/salimt/football-datasets,5,0,real_wc2026_squads_transfermarkt_openfootball,2026-06-02
Azzedine Ounahi,Morocco,1991,5,5,32,23,69,29,11,18,15,8,83.4,9,85.1,74.5,75.2,5,19,46,6,4,33,45,16,34,39,7,0,0,10,4.85,4.08,7.0,0.0,27,182.0,68.5,74.1,100,100.0,0.0,Available,0.0,False,https://github.com/salimt/football-datasets,47,9,real_wc2026_squads_transfermarkt_openfootball,2026-06-02
Soufiane Rahimi,Morocco,0,0,0,1,1,2,1,0,1,0,0,71.1,1,41.0,19.8,52.6,0,1,2,0,1,1,1,1,1,2,0,0,0,0,0.05,0.02,,,0,180.0,9.5,47.8,100,100.0,0.0,Available,,False,,35,11,real_wc2026_squads_transfermarkt_openfootball,2026-06-02
Brahim Díaz,Morocco,2284,7,9,50,41,89,48,18,11,10,2,82.0,12,93.0,84.1,64.2,7,34,80,11,23,59,58,26,21,44,10,0,0,6,7.16,7.32,4.0,0.0,50,170.0,91.1,70.5,100,100.0,0.0,Available,0.0,False,https://github.com/salimt/football-datasets,24,13,real_wc2026_squads_transfermarkt_openfootball,2026-06-02
Ismael Saibari,Morocco,3570,20,9,105,46,137,69,26,20,17,12,81.7,17,80.1,94.7,74.4,20,70,165,11,6,64,89,38,37,67,16,0,0,20,19.1,7.45,6.0,0.0,44,185.0,87.8,81.5,100,100.0,0.0,Available,0.0,False,https://github.com/salimt/football-datasets,28,7,real_wc2026_squads_transfermarkt_openfootball,2026-06-02
Munir Mohamedi,Morocco,0,0,0,0,0,2,1,0,1,1,0,71.1,1,41.0,19.8,61.0,0,0,0,0,1,0,1,1,2,2,0,0,0,0,0.0,0.0,,,0,173.0,9.5,48.4,100,100.0,0.0,Available,,False,,51,0,real_wc2026_squads_transfermarkt_openfootball,2026-06-02
Zakaria El Ouahdi,Morocco,3023,11,3,54,18,56,34,12,22,18,10,77.7,15,64.6,81.9,50.5,11,30,72,4,24,24,36,19,45,61,8,0,6,14,10.08,2.55,6.0,0.0,34,173.0,54.6,51.7,100,100.0,0.0,Available,0.0,False,https://github.com/salimt/football-datasets,2,0,real_wc2026_squads_transfermarkt_openfootball,2026-06-02
Issa Diop,Morocco,1264,1,0,7,2,26,13,4,11,9,9,83.7,4,85.7,57.8,39.6,1,4,10,0,0,2,17,7,22,25,16,0,3,9,0.98,0.05,3.0,0.0,18,194.0,68.5,54.5,100,100.0,0.0,Available,0.0,False,https://github.com/salimt/football-datasets,2,0,real_wc2026_squads_transfermarkt_openfootball,2026-06-02
Samir El Mourabet,Morocco,2137,1,3,19,17,48,30,11,12,10,10,82.9,10,77.9,67.4,44.3,1,11,26,4,2,23,31,16,24,42,7,0,0,11,1.33,2.52,4.0,0.0,33,186.0,64.8,56.3,100,100.0,0.0,Available,,False,,2,0,real_wc2026_squads_transfermarkt_openfootball,2026-06-02
Gessime Yassine,Morocco,510,0,2,6,9,10,8,3,1,1,1,75.5,4,69.6,50.7,42.1,0,4,9,2,5,13,6,4,3,10,1,0,0,1,0.2,1.62,0.0,0.0,12,172.0,41.0,48.4,100,100.0,0.0,Available,,False,,3,0,real_wc2026_squads_transfermarkt_openfootball,2026-06-02
Abde Ezzalzouli,Morocco,3689,15,14,94,65,141,73,27,21,18,8,80.4,21,88.6,92.9,78.9,15,65,152,16,36,93,92,40,38,72,14,0,0,16,14.95,11.42,4.0,0.0,50,177.0,78.5,76.1,100,6.6,93.4,Active: Corona virus; Adductor pain,0.0,True,https://github.com/salimt/football-datasets,35,2,real_wc2026_squads_transfermarkt_openfootball,2026-06-02
Chadi Riad,Morocco,554,0,1,2,4,12,6,2,5,4,3,83.9,2,86.6,54.1,45.5,0,1,2,1,1,6,8,3,10,11,7,0,1,3,0.05,0.8,2.0,0.0,9,187.0,71.1,58.2,100,100.0,0.0,Available,0.0,False,https://github.com/salimt/football-datasets,4,1,real_wc2026_squads_transfermarkt_openfootball,2026-06-02
Youssef Belammari,Morocco,0,0,0,0,0,1,1,0,1,1,0,71.1,1,41.0,19.8,44.1,0,0,0,0,1,0,1,1,2,2,0,0,0,0,0.0,0.0,,,0,183.0,9.5,39.2,100,100.0,0.0,Available,,False,,16,0,real_wc2026_squads_transfermarkt_openfootball,2026-06-02
Ayoub El Kaabi,Morocco,2906,23,3,114,27,105,53,20,18,16,8,77.6,20,57.7,84.6,85.6,23,80,190,6,2,33,68,29,32,57,8,0,0,18,21.94,2.77,3.0,0.0,41,182.0,57.1,83.5,100,100.0,0.0,Available,,False,,57,22,real_wc2026_squads_transfermarkt_openfootball,2026-06-02
Ayoube Amaimouni,Morocco,0,0,0,0,0,1,1,0,1,1,0,74.5,1,68.3,25.3,18.7,0,0,0,0,1,0,1,1,1,2,0,0,0,0,0.0,0.0,,,0,184.0,37.4,30.8,100,100.0,0.0,Available,,False,,0,0,real_wc2026_squads_transfermarkt_openfootball,2026-06-02
Ahmed Reda Tagnaouti,Morocco,0,0,0,0,0,0,0,0,1,1,0,73.1,0,41.0,19.8,32.5,0,0,0,0,0,0,0,0,1,1,1,2,0,0,0.0,0.0,,,0,,9.5,42.8,100,100.0,0.0,Available,,False,,3,0,real_wc2026_squads_transfermarkt_openfootball,2026-06-02
Bilal El Khannouss,Morocco,2940,9,7,61,37,116,57,21,18,15,8,81.5,14,89.4,88.2,75.4,9,40,94,9,5,51,75,31,33,55,13,0,0,13,9.02,5.82,12.0,0.0,48,180.0,86.5,81.8,100,100.0,0.0,Available,,False,,35,3,real_wc2026_squads_transfermarkt_openfootball,2026-06-02
Neil El Aynaoui,Morocco,2393,2,2,24,15,65,33,12,17,14,11,82.9,12,80.5,69.3,60.7,2,14,33,3,1,19,42,18,33,47,8,0,0,13,2.26,1.78,6.0,0.0,41,185.0,64.8,65.3,100,100.0,0.0,Available,0.0,False,https://github.com/salimt/football-datasets,15,2,real_wc2026_squads_transfermarkt_openfootball,2026-06-02
Redouane Halhal,Morocco,2039,1,2,10,9,16,10,4,17,14,13,77.3,12,52.4,56.4,38.4,1,5,12,2,1,13,10,6,35,40,21,0,4,14,1.03,1.62,7.0,0.0,24,191.0,19.6,44.0,100,100.0,0.0,Available,,False,,1,0,real_wc2026_squads_transfermarkt_openfootball,2026-06-02
Anass Salah-Eddine,Morocco,1854,0,2,10,11,47,24,9,15,12,9,79.9,7,74.3,62.6,55.4,0,6,14,3,15,15,31,13,30,37,7,0,4,10,0.3,1.67,4.0,0.0,29,181.0,71.1,57.7,100,100.0,0.0,Available,,False,,8,0,real_wc2026_squads_transfermarkt_openfootball,2026-06-02
Angus Gunn,Scotland,45,0,0,0,0,2,1,0,1,1,1,77.3,0,77.1,33.7,44.9,0,0,0,0,0,0,1,1,2,1,1,2,0,1,0.0,0.0,0.0,0.0,1,196.0,43.9,54.5,100,100.0,0.0,Available,0.0,False,https://github.com/salimt/football-datasets,21,0,real_wc2026_squads_transfermarkt_openfootball,2026-06-02
Aaron Hickey,Scotland,1018,1,0,9,3,33,14,5,9,8,5,81.7,3,91.5,60.1,47.0,1,5,12,1,7,3,21,8,18,21,4,0,2,6,1.03,0.08,1.0,0.0,26,185.0,85.0,59.8,100,100.0,0.0,Available,0.0,False,https://github.com/salimt/football-datasets,20,0,real_wc2026_squads_transfermarkt_openfootball,2026-06-02
Andy Robertson,Scotland,2001,3,2,21,12,82,29,10,23,20,8,81.7,7,92.0,72.9,88.0,3,12,29,3,16,16,53,16,44,40,9,0,4,9,2.94,1.7,1.0,0.0,36,178.0,86.5,82.7,100,100.0,0.0,Available,0.0,False,https://github.com/salimt/football-datasets,93,4,real_wc2026_squads_transfermarkt_openfootball,2026-06-02
Scott McTominay,Scotland,3701,14,4,75,26,158,62,23,35,31,20,86.5,13,90.3,94.0,91.7,14,45,106,6,3,34,103,34,67,72,17,0,0,25,13.17,3.45,2.0,0.0,44,191.0,92.8,86.0,100,100.0,0.0,Available,0.0,False,https://github.com/salimt/football-datasets,69,14,real_wc2026_squads_transfermarkt_openfootball,2026-06-02
Grant Hanley,Scotland,1709,0,0,5,3,44,12,4,21,18,10,79.6,8,50.8,39.7,76.4,0,3,7,0,0,3,29,7,41,33,19,0,3,10,0.15,0.08,2.0,0.0,21,188.0,37.4,66.5,100,100.0,0.0,Available,0.0,False,https://github.com/salimt/football-datasets,67,2,real_wc2026_squads_transfermarkt_openfootball,2026-06-02
Kieran Tierney,Scotland,3243,5,8,35,34,108,39,14,35,30,14,79.0,14,60.4,83.8,81.3,5,20,47,9,29,50,70,21,67,66,11,0,6,16,4.9,6.45,2.0,0.0,44,180.0,64.8,74.7,100,100.0,0.0,Available,0.0,False,https://github.com/salimt/football-datasets,55,2,real_wc2026_squads_transfermarkt_openfootball,2026-06-02
John McGinn,Scotland,3029,10,8,56,36,118,45,17,30,26,10,84.0,14,87.6,87.0,92.9,10,34,81,9,6,52,77,25,56,59,11,0,0,14,9.5,6.5,8.0,0.0,44,178.0,73.9,82.9,100,100.0,0.0,Available,0.0,False,https://github.com/salimt/football-datasets,85,20,real_wc2026_squads_transfermarkt_openfootball,2026-06-02
Tyler Fletcher,Scotland,0,0,0,1,1,1,1,1,0,0,0,72.5,1,45.0,22.0,18.7,0,1,2,0,0,1,1,1,0,2,0,0,0,0,0.05,0.02,,,0,185.0,20.9,29.5,100,100.0,0.0,Available,0.0,False,https://github.com/salimt/football-datasets,1,0,real_wc2026_squads_transfermarkt_openfootball,2026-06-02
Lyndon Dykes,Scotland,80,0,0,1,1,3,2,1,1,0,0,75.3,1,53.1,34.1,62.1,0,1,2,0,0,1,2,1,1,2,0,0,0,0,0.05,0.02,0.0,0.0,2,188.0,43.9,57.9,100,100.0,0.0,Available,0.0,False,https://github.com/salimt/football-datasets,51,10,real_wc2026_squads_transfermarkt_openfootball,2026-06-02
Ché Adams,Scotland,2110,8,3,53,22,84,43,16,12,11,5,80.2,12,84.7,77.9,67.5,8,37,88,5,2,28,55,24,22,41,8,0,0,9,8.09,2.65,0.0,0.0,36,179.0,76.6,67.4,100,100.0,0.0,Available,0.0,False,https://github.com/salimt/football-datasets,46,11,real_wc2026_squads_transfermarkt_openfootball,2026-06-02
Ryan Christie,Scotland,1060,2,0,15,4,38,15,6,10,9,4,83.2,5,85.1,59.7,73.7,2,9,22,1,0,4,25,8,19,21,4,0,0,5,2.01,0.1,3.0,0.0,27,178.0,66.7,70.9,100,100.0,0.0,Available,0.0,False,https://github.com/salimt/football-datasets,67,10,real_wc2026_squads_transfermarkt_openfootball,2026-06-02
Liam Kelly,Scotland,180,0,0,0,0,2,1,0,1,1,1,74.7,1,48.4,32.3,34.4,0,0,0,0,0,0,1,1,3,3,2,5,0,1,0.0,0.0,0.0,0.0,2,184.0,30.7,46.1,100,100.0,0.0,Available,0.0,False,https://github.com/salimt/football-datasets,3,0,real_wc2026_squads_transfermarkt_openfootball,2026-06-02
Jack Hendry,Scotland,0,0,0,0,0,2,1,0,1,1,1,81.6,0,60.0,27.3,48.4,0,0,0,0,0,0,1,1,2,2,1,0,0,1,0.0,0.0,,,0,192.0,47.0,53.0,100,100.0,0.0,Available,0.0,False,https://github.com/salimt/football-datasets,37,3,real_wc2026_squads_transfermarkt_openfootball,2026-06-02
Ross Stewart,Scotland,0,0,0,1,1,2,2,1,0,0,0,75.5,1,77.6,26.9,21.9,0,1,2,0,0,1,1,1,0,2,0,0,0,0,0.05,0.02,,,0,188.0,45.4,36.1,100,100.0,0.0,Available,0.0,False,https://github.com/salimt/football-datasets,2,0,real_wc2026_squads_transfermarkt_openfootball,2026-06-02
John Souttar,Scotland,2884,0,0,9,4,65,23,8,30,25,17,81.2,12,55.1,50.1,63.3,0,5,12,1,0,4,42,13,60,56,34,0,6,18,0.25,0.1,10.0,0.0,35,186.0,49.7,61.8,100,100.0,0.0,Available,0.0,False,https://github.com/salimt/football-datasets,23,2,real_wc2026_squads_transfermarkt_openfootball,2026-06-02
Dominic Hyam,Scotland,0,0,0,0,0,1,0,0,1,1,0,75.1,1,41.0,19.8,26.1,0,0,0,0,0,0,1,0,2,2,1,0,0,0,0.0,0.0,,,0,,9.5,33.3,100,100.0,0.0,Available,,False,,3,0,real_wc2026_squads_transfermarkt_openfootball,2026-06-02
Ben Gannon-Doak,Scotland,150,0,1,2,4,5,3,1,1,1,0,79.0,1,85.7,51.7,39.4,0,1,2,1,2,6,3,2,1,3,1,0,0,0,0.05,0.8,0.0,0.0,9,176.0,68.5,58.4,100,100.0,0.0,Available,0.0,False,https://github.com/salimt/football-datasets,13,1,real_wc2026_squads_transfermarkt_openfootball,2026-06-02
George Hirst,Scotland,109,0,0,1,1,3,2,1,0,0,0,78.1,1,84.4,38.5,37.0,0,1,2,0,0,1,2,1,1,2,0,0,0,0,0.05,0.02,0.0,0.0,2,191.0,64.8,48.3,100,100.0,0.0,Available,0.0,False,https://github.com/salimt/football-datasets,9,1,real_wc2026_squads_transfermarkt_openfootball,2026-06-02
Lewis Ferguson,Scotland,2925,1,0,25,11,96,45,16,22,19,11,84.7,12,85.3,70.1,63.6,1,15,35,2,0,11,62,25,43,57,11,0,0,13,1.53,0.28,7.0,0.0,45,181.0,78.5,67.7,100,100.0,0.0,Available,0.0,False,https://github.com/salimt/football-datasets,23,1,real_wc2026_squads_transfermarkt_openfootball,2026-06-02
Lawrence Shankland,Scotland,2146,14,4,74,26,57,36,14,9,8,6,75.9,16,53.1,75.0,50.7,14,52,124,6,3,34,37,20,17,42,5,0,0,12,13.52,3.45,1.0,0.0,25,185.0,43.9,51.7,100,100.0,0.0,Available,0.0,False,https://github.com/salimt/football-datasets,19,6,real_wc2026_squads_transfermarkt_openfootball,2026-06-02
Craig Gordon,Scotland,225,0,0,0,0,5,1,0,2,2,1,73.5,1,44.4,30.2,75.9,0,0,0,0,0,0,3,1,5,3,2,6,0,1,0.0,0.0,0.0,0.0,3,193.0,19.2,66.6,100,0.0,100.0,Active: Ankle injury; Ankle injury,0.0,True,https://github.com/salimt/football-datasets,84,0,real_wc2026_squads_transfermarkt_openfootball,2026-06-02
Nathan Patterson,Scotland,356,0,0,2,1,11,4,2,3,3,2,79.7,1,85.7,40.5,54.1,0,1,2,0,3,1,7,2,7,7,1,0,1,2,0.05,0.02,0.0,0.0,8,189.0,68.5,60.5,100,6.0,94.0,Active: Quarantine; Quarantine,0.0,True,https://github.com/salimt/football-datasets,26,1,real_wc2026_squads_transfermarkt_openfootball,2026-06-02
Kenny McLean,Scotland,125,0,0,1,0,3,1,1,1,1,0,78.8,1,74.0,32.6,66.7,0,1,2,0,0,0,2,1,2,2,0,0,0,0,0.05,0.0,0.0,0.0,3,180.0,35.0,60.7,100,100.0,0.0,Available,0.0,False,https://github.com/salimt/football-datasets,57,3,real_wc2026_squads_transfermarkt_openfootball,2026-06-02
Anthony Ralston,Scotland,1729,1,0,13,5,38,16,6,16,14,7,75.4,10,50.8,53.8,59.7,1,7,17,1,12,5,25,9,32,35,3,0,3,8,1.13,0.12,3.0,0.0,29,178.0,37.4,57.3,100,100.0,0.0,Available,0.0,False,https://github.com/salimt/football-datasets,26,1,real_wc2026_squads_transfermarkt_openfootball,2026-06-02
Findlay Curtis,Scotland,1238,3,3,25,16,20,18,7,3,3,3,74.1,10,48.1,58.9,34.2,3,17,41,4,11,22,13,10,7,24,2,0,0,5,3.19,2.5,2.0,0.0,28,180.0,29.6,47.7,100,100.0,0.0,Available,,False,,2,1,real_wc2026_squads_transfermarkt_openfootball,2026-06-02
Scott McKenna,Scotland,909,0,0,3,1,29,9,3,11,9,6,83.4,3,61.0,42.2,63.6,0,2,5,0,0,1,19,5,21,18,12,0,2,6,0.1,0.02,0.0,0.0,10,189.0,66.7,65.3,100,100.0,0.0,Available,0.0,False,https://github.com/salimt/football-datasets,50,1,real_wc2026_squads_transfermarkt_openfootball,2026-06-02
Mathew Ryan,Australia,3240,0,0,4,2,88,17,6,36,31,16,76.2,13,75.4,50.5,96.0,0,2,5,0,0,2,57,9,69,45,37,86,6,16,0.1,0.05,4.0,0.0,36,184.0,41.0,82.0,100,100.0,0.0,Available,0.0,False,https://github.com/salimt/football-datasets,104,0,real_wc2026_squads_transfermarkt_openfootball,2026-06-02
Miloš Degenek,Australia,0,0,0,0,0,2,1,0,1,1,1,79.1,0,46.8,23.1,63.2,0,0,0,0,0,0,1,1,2,2,1,0,0,1,0.0,0.0,,,0,187.0,26.0,57.0,100,100.0,0.0,Available,0.0,False,https://github.com/salimt/football-datasets,56,1,real_wc2026_squads_transfermarkt_openfootball,2026-06-02
Alessandro Circati,Australia,2801,1,1,12,7,65,27,10,27,22,18,83.1,10,80.5,68.5,63.7,1,6,14,2,1,9,42,15,54,54,36,0,6,19,1.08,0.88,6.0,0.0,33,190.0,64.8,65.0,100,100.0,0.0,Available,0.0,False,https://github.com/salimt/football-datasets,12,1,real_wc2026_squads_transfermarkt_openfootball,2026-06-02
Jacob Italiano,Australia,0,0,0,0,0,1,1,0,1,1,0,71.1,1,41.0,19.8,29.3,0,0,0,0,1,0,1,1,1,2,0,0,0,0,0.0,0.0,,,0,177.0,9.5,37.0,100,100.0,0.0,Available,,False,,4,0,real_wc2026_squads_transfermarkt_openfootball,2026-06-02
Jordan Bos,Australia,2565,4,11,28,41,69,29,11,24,21,11,78.0,12,69.4,78.6,69.3,4,16,38,11,26,63,45,16,48,52,7,0,5,13,3.92,8.72,1.0,0.0,36,180.0,57.1,68.5,100,100.0,0.0,Available,0.0,False,https://github.com/salimt/football-datasets,26,4,real_wc2026_squads_transfermarkt_openfootball,2026-06-02
Jason Geria,Australia,0,0,0,0,0,1,1,0,1,1,0,73.0,1,46.6,22.9,44.1,0,0,0,0,1,0,1,1,2,2,0,0,0,0,0.0,0.0,,,0,183.0,25.3,48.3,100,100.0,0.0,Available,0.0,False,https://github.com/salimt/football-datasets,13,0,real_wc2026_squads_transfermarkt_openfootball,2026-06-02
Mathew Leckie,Australia,0,0,0,1,1,3,1,1,1,1,0,73.5,1,47.8,23.6,65.3,0,1,2,0,1,1,2,1,1,2,0,0,0,0,0.05,0.02,,,0,181.0,28.9,60.7,100,100.0,0.0,Available,0.0,False,https://github.com/salimt/football-datasets,79,14,real_wc2026_squads_transfermarkt_openfootball,2026-06-02
Connor Metcalfe,Australia,688,0,2,5,9,18,8,3,6,5,3,80.2,4,74.5,52.0,65.1,0,3,7,2,1,13,12,4,11,13,2,0,0,3,0.15,1.62,2.0,0.0,28,183.0,43.9,63.6,100,100.0,0.0,Available,0.0,False,https://github.com/salimt/football-datasets,35,1,real_wc2026_squads_transfermarkt_openfootball,2026-06-02
Mohamed Touré,Australia,1287,5,5,33,23,28,21,8,4,4,4,75.2,10,75.2,64.7,52.3,5,23,56,6,4,33,18,12,8,25,2,0,0,7,5.05,4.08,4.0,0.0,20,186.0,38.5,59.5,100,100.0,0.0,Available,,False,,9,2,real_wc2026_squads_transfermarkt_openfootball,2026-06-02
Ajdin Hrustic,Australia,2522,4,7,32,31,58,26,10,21,18,9,78.1,17,59.1,70.1,77.4,4,19,45,8,5,45,38,14,41,49,3,0,0,11,4.07,5.68,6.0,0.0,30,180.0,27.6,67.1,100,100.0,0.0,Available,0.0,False,https://github.com/salimt/football-datasets,37,4,real_wc2026_squads_transfermarkt_openfootball,2026-06-02
Awer Mabil,Australia,0,0,0,1,1,3,1,1,1,0,0,74.3,1,73.7,25.0,61.0,0,1,2,0,1,1,2,1,1,2,0,0,0,0,0.05,0.02,,,0,178.0,35.9,59.7,100,100.0,0.0,Available,0.0,False,https://github.com/salimt/football-datasets,38,10,real_wc2026_squads_transfermarkt_openfootball,2026-06-02
Paul Izzo,Australia,1530,0,0,2,1,15,6,2,11,9,8,74.5,7,47.4,36.9,42.9,0,1,2,0,0,1,10,3,22,21,17,41,3,8,0.05,0.02,1.0,0.0,17,185.0,27.6,50.1,100,100.0,0.0,Available,0.0,False,https://github.com/salimt/football-datasets,4,0,real_wc2026_squads_transfermarkt_openfootball,2026-06-02
Aiden O'Neill,Australia,0,0,0,0,0,2,1,0,1,1,0,78.5,1,57.3,25.3,52.6,0,0,0,0,0,0,1,1,2,2,1,0,0,0,0.0,0.0,,,0,178.0,37.4,57.4,100,100.0,0.0,Available,0.0,False,https://github.com/salimt/football-datasets,30,0,real_wc2026_squads_transfermarkt_openfootball,2026-06-02
Cammy Devlin,Australia,2232,1,0,20,8,35,25,9,13,11,5,79.1,14,50.0,56.3,46.9,1,12,28,1,0,8,23,14,27,43,4,0,0,6,1.38,0.2,5.0,0.0,25,169.0,35.0,51.8,100,100.0,0.0,Available,0.0,False,https://github.com/salimt/football-datasets,4,0,real_wc2026_squads_transfermarkt_openfootball,2026-06-02
Kai Trewin,Australia,0,0,0,0,0,1,1,0,1,1,0,77.6,1,54.6,23.8,34.6,0,0,0,0,0,0,1,1,2,2,1,0,0,0,0.0,0.0,,,0,183.0,29.6,46.0,100,100.0,0.0,Available,0.0,False,https://github.com/salimt/football-datasets,5,0,real_wc2026_squads_transfermarkt_openfootball,2026-06-02
Aziz Behich,Australia,0,0,0,0,0,2,1,0,1,1,0,73.2,1,47.0,23.2,69.5,0,0,0,0,1,0,1,1,2,2,0,0,0,0,0.0,0.0,,,0,170.0,26.6,62.5,100,100.0,0.0,Available,0.0,False,https://github.com/salimt/football-datasets,83,3,real_wc2026_squads_transfermarkt_openfootball,2026-06-02
Nestory Irankunda,Australia,180,0,0,2,1,5,3,1,1,1,0,78.2,1,82.7,38.1,54.5,0,1,2,0,1,1,3,2,1,4,1,0,0,0,0.05,0.02,0.0,0.0,2,175.0,59.8,60.9,100,100.0,0.0,Available,,False,,14,5,real_wc2026_squads_transfermarkt_openfootball,2026-06-02
Patrick Beach,Australia,0,0,0,0,0,1,0,0,1,0,1,75.1,0,46.8,23.1,23.0,0,0,0,0,0,0,1,0,1,1,1,2,0,1,0.0,0.0,,,0,190.0,26.0,38.8,100,100.0,0.0,Available,0.0,False,https://github.com/salimt/football-datasets,1,0,real_wc2026_squads_transfermarkt_openfootball,2026-06-02
Harry Souttar,Australia,0,0,0,0,0,3,1,0,1,1,1,83.2,0,82.7,29.8,57.9,0,0,0,0,0,0,2,1,2,2,1,0,0,1,0.0,0.0,,,0,198.0,59.8,60.8,100,100.0,0.0,Available,0.0,False,https://github.com/salimt/football-datasets,37,11,real_wc2026_squads_transfermarkt_openfootball,2026-06-02
Cristian Volpato,Australia,1163,2,4,19,18,24,19,7,3,3,4,77.5,7,77.0,63.2,31.7,2,13,31,5,3,26,16,10,7,22,3,0,0,6,2.21,3.25,4.0,0.0,26,187.0,54.6,53.4,100,100.0,0.0,Available,0.0,False,https://github.com/salimt/football-datasets,0,0,real_wc2026_squads_transfermarkt_openfootball,2026-06-02
Cameron Burgess,Australia,391,2,0,8,1,7,2,1,4,4,3,78.2,2,70.8,49.2,58.6,2,4,13,0,0,1,5,1,8,8,4,0,1,3,1.76,0.02,1.0,0.0,5,194.0,26.0,54.4,100,100.0,0.0,Available,0.0,False,https://github.com/salimt/football-datasets,26,0,real_wc2026_squads_transfermarkt_openfootball,2026-06-02
Jackson Irvine,Australia,1737,0,1,13,9,51,20,7,17,15,9,79.3,11,72.2,52.2,82.0,0,8,18,2,1,11,33,11,32,34,3,0,0,10,0.4,0.92,1.0,0.0,26,189.0,37.4,71.6,100,100.0,0.0,Available,0.0,False,https://github.com/salimt/football-datasets,81,14,real_wc2026_squads_transfermarkt_openfootball,2026-06-02
Nishan Velupillay,Australia,0,0,0,1,1,2,1,1,0,0,0,73.1,1,46.8,23.1,37.8,0,1,2,0,1,1,1,1,1,2,0,0,0,0,0.05,0.02,,,0,181.0,26.0,45.0,100,11.5,88.5,Active: Rest; Ankle injury,0.0,True,https://github.com/salimt/football-datasets,7,3,real_wc2026_squads_transfermarkt_openfootball,2026-06-02
Paul Okon-Engstler,Australia,0,0,0,0,0,1,1,0,1,1,1,76.5,1,45.0,22.0,34.6,0,0,0,0,0,0,1,1,2,2,1,0,0,1,0.0,0.0,,,0,186.0,20.9,44.2,100,100.0,0.0,Available,,False,,5,0,real_wc2026_squads_transfermarkt_openfootball,2026-06-02
Lucas Herrington,Australia,0,0,0,0,0,1,0,0,1,1,1,75.1,1,47.5,19.8,25.1,0,0,0,0,0,0,1,0,2,2,1,0,0,1,0.0,0.0,,,0,193.0,9.5,32.7,100,100.0,0.0,Available,,False,,3,0,real_wc2026_squads_transfermarkt_openfootball,2026-06-02
Tete Yengi,Australia,1093,2,0,20,7,16,16,6,2,2,5,73.5,9,46.3,51.4,31.4,2,14,34,1,0,7,10,9,5,21,1,0,0,7,2.26,0.18,1.0,0.0,20,197.0,24.5,45.2,100,100.0,0.0,Available,,False,,0,0,real_wc2026_squads_transfermarkt_openfootball,2026-06-02
Gatito Fernández,Paraguay,0,0,0,0,0,1,0,0,1,1,1,74.6,0,45.3,22.2,52.6,0,0,0,0,0,0,1,0,2,1,1,2,0,1,0.0,0.0,,,0,191.0,21.6,54.3,100,100.0,0.0,Available,0.0,False,https://github.com/salimt/football-datasets,30,0,real_wc2026_squads_transfermarkt_openfootball,2026-06-02
Gustavo Velázquez,Paraguay,0,0,0,0,0,1,0,0,1,1,0,75.1,1,41.0,19.8,33.5,0,0,0,0,0,0,1,0,2,2,1,0,0,0,0.0,0.0,,,0,,9.5,35.3,100,100.0,0.0,Available,,False,,12,1,real_wc2026_squads_transfermarkt_openfootball,2026-06-02
Omar Alderete,Paraguay,2892,1,1,12,8,88,30,10,32,27,18,84.0,9,86.6,70.4,83.4,1,6,14,2,1,10,57,16,64,56,38,0,6,19,1.08,0.9,6.0,0.0,34,188.0,71.1,75.1,100,100.0,0.0,Available,0.0,False,https://github.com/salimt/football-datasets,35,3,real_wc2026_squads_transfermarkt_openfootball,2026-06-02
Juan José Cáceres,Paraguay,2649,1,8,18,32,61,29,11,23,19,11,77.4,13,56.0,74.0,61.4,1,10,23,9,25,48,40,16,46,54,7,0,5,12,1.28,6.4,9.0,0.0,31,177.0,52.4,67.2,100,100.0,0.0,Available,,False,,16,0,real_wc2026_squads_transfermarkt_openfootball,2026-06-02
Fabián Balbuena,Paraguay,0,0,0,0,0,2,1,0,1,1,1,80.5,0,50.8,25.3,64.2,0,0,0,0,0,0,1,1,2,2,1,0,0,1,0.0,0.0,,,0,189.0,37.4,57.8,100,40.0,60.0,Active: Knee surgery; Knock,0.0,True,https://github.com/salimt/football-datasets,47,2,real_wc2026_squads_transfermarkt_openfootball,2026-06-02
Júnior Alonso,Paraguay,0,0,0,0,0,3,1,0,1,1,1,83.8,0,60.4,30.8,67.4,0,0,0,0,0,0,2,1,2,2,1,0,0,1,0.0,0.0,,,0,185.0,64.8,65.0,100,100.0,0.0,Available,0.0,False,https://github.com/salimt/football-datasets,70,3,real_wc2026_squads_transfermarkt_openfootball,2026-06-02
Ramón Sosa,Paraguay,0,0,0,1,1,3,2,1,0,0,0,78.4,1,62.2,31.8,50.5,0,1,2,0,0,1,2,1,1,2,0,0,0,0,0.05,0.02,,,0,179.0,69.9,56.8,100,100.0,0.0,Available,0.0,False,https://github.com/salimt/football-datasets,28,1,real_wc2026_squads_transfermarkt_openfootball,2026-06-02
Diego Gómez,Paraguay,2487,10,1,52,12,84,39,14,19,16,11,85.2,10,90.8,81.9,67.7,10,31,74,3,1,14,55,21,37,48,10,0,0,15,9.35,1.0,10.0,0.0,37,185.0,83.0,74.8,100,100.0,0.0,Available,0.0,False,https://github.com/salimt/football-datasets,23,3,real_wc2026_squads_transfermarkt_openfootball,2026-06-02
Antonio Sanabria,Paraguay,940,1,1,15,9,34,18,7,5,5,2,78.3,6,79.6,57.4,75.3,1,10,24,2,1,11,22,10,10,18,3,0,0,3,1.28,0.92,2.0,0.0,25,180.0,62.2,68.9,100,100.0,0.0,Available,0.0,False,https://github.com/salimt/football-datasets,47,7,real_wc2026_squads_transfermarkt_openfootball,2026-06-02
Miguel Almirón,Paraguay,0,0,0,1,1,4,2,1,1,1,0,78.0,1,67.5,31.2,69.5,0,1,2,0,1,1,3,1,1,2,0,0,0,0,0.05,0.02,,,0,174.0,66.7,74.6,100,100.0,0.0,Available,0.0,False,https://github.com/salimt/football-datasets,75,9,real_wc2026_squads_transfermarkt_openfootball,2026-06-02
Maurício,Paraguay,24,0,0,1,0,2,2,1,0,0,0,78.5,1,62.6,38.9,32.9,0,1,2,0,0,0,1,1,1,2,0,0,0,0,0.05,0.0,0.0,0.0,1,174.0,71.1,55.3,100,100.0,0.0,Available,0.0,False,https://github.com/salimt/football-datasets,2,0,real_wc2026_squads_transfermarkt_openfootball,2026-06-02
Orlando Gill,Paraguay,0,0,0,0,0,1,0,0,1,1,1,73.1,0,41.0,19.8,30.4,0,0,0,0,0,0,1,0,1,1,1,2,0,1,0.0,0.0,,,0,198.0,9.5,39.6,100,100.0,0.0,Available,,False,,5,0,real_wc2026_squads_transfermarkt_openfootball,2026-06-02
José Canale,Paraguay,0,0,0,0,0,0,0,0,1,1,1,75.1,1,41.0,19.8,20.9,0,0,0,0,0,0,0,0,2,2,1,0,0,1,0.0,0.0,,,0,187.0,9.5,28.4,100,100.0,0.0,Available,,False,,1,0,real_wc2026_squads_transfermarkt_openfootball,2026-06-02
Andrés Cubas,Paraguay,0,0,0,0,0,2,1,0,1,1,0,82.5,0,63.3,28.8,57.9,0,0,0,0,0,0,1,1,2,2,1,0,0,0,0.0,0.0,,,0,166.0,54.6,65.8,100,100.0,0.0,Available,0.0,False,https://github.com/salimt/football-datasets,32,0,real_wc2026_squads_transfermarkt_openfootball,2026-06-02
Gustavo Gómez,Paraguay,0,0,0,0,0,3,1,0,1,1,1,83.9,0,60.8,31.1,71.6,0,0,0,0,0,0,2,1,2,2,1,0,0,1,0.0,0.0,,,0,185.0,66.0,67.6,100,100.0,0.0,Available,0.0,False,https://github.com/salimt/football-datasets,88,4,real_wc2026_squads_transfermarkt_openfootball,2026-06-02
Damián Bobadilla,Paraguay,0,0,0,1,0,2,1,0,1,1,0,82.3,0,56.0,28.3,44.1,0,1,2,0,0,0,1,1,1,2,0,0,0,0,0.05,0.0,,,0,181.0,52.4,55.7,100,100.0,0.0,Available,0.0,False,https://github.com/salimt/football-datasets,19,1,real_wc2026_squads_transfermarkt_openfootball,2026-06-02
Kaku,Paraguay,0,0,0,1,1,2,1,0,0,0,0,71.1,1,41.0,19.8,57.9,0,1,2,0,0,1,1,1,1,2,0,0,0,0,0.05,0.02,,,0,,9.5,48.7,100,100.0,0.0,Available,,False,,32,5,real_wc2026_squads_transfermarkt_openfootball,2026-06-02
Álex Arce,Paraguay,0,0,0,1,1,1,1,0,0,0,0,71.1,1,41.0,19.8,36.7,0,1,2,0,0,1,1,1,1,2,0,0,0,0,0.05,0.02,,,0,187.0,9.5,37.1,100,100.0,0.0,Available,,False,,14,1,real_wc2026_squads_transfermarkt_openfootball,2026-06-02
Julio Enciso,Paraguay,1893,3,6,30,28,69,35,13,11,10,3,80.5,10,82.7,74.8,70.4,3,20,47,7,4,40,45,19,20,35,7,0,0,5,3.34,4.9,2.0,0.0,27,173.0,78.5,77.4,100,100.0,0.0,Available,0.0,False,https://github.com/salimt/football-datasets,31,4,real_wc2026_squads_transfermarkt_openfootball,2026-06-02
Braian Ojeda,Paraguay,0,0,0,0,0,2,1,0,1,1,0,82.3,0,62.5,28.3,41.0,0,0,0,0,0,0,1,1,2,2,1,0,0,0,0.0,0.0,,,0,173.0,52.4,56.0,100,100.0,0.0,Available,,False,,16,0,real_wc2026_squads_transfermarkt_openfootball,2026-06-02
Gabriel Ávalos,Paraguay,0,0,0,1,1,2,1,0,0,0,0,71.1,1,41.0,19.8,46.2,0,1,2,0,0,1,1,1,1,2,0,0,0,0,0.05,0.02,,,0,190.0,9.5,42.3,100,100.0,0.0,Available,,False,,22,2,real_wc2026_squads_transfermarkt_openfootball,2026-06-02
Gastón Olveira,Paraguay,0,0,0,0,0,0,0,0,1,0,0,73.1,0,41.0,19.8,20.9,0,0,0,0,0,0,0,0,1,1,1,2,0,0,0.0,0.0,,,0,,9.5,34.4,100,100.0,0.0,Available,,False,,1,0,real_wc2026_squads_transfermarkt_openfootball,2026-06-02
Matías Galarza,Paraguay,0,0,0,1,0,2,1,0,1,1,0,79.3,1,59.6,26.6,36.7,0,1,2,0,0,0,1,1,1,2,0,0,0,0,0.05,0.0,,,0,175.0,43.9,50.0,100,100.0,0.0,Available,0.0,False,https://github.com/salimt/football-datasets,14,2,real_wc2026_squads_transfermarkt_openfootball,2026-06-02
Gustavo Caballero,Paraguay,0,0,0,1,1,1,1,0,0,0,0,71.1,1,41.0,19.8,26.1,0,1,2,0,1,1,1,1,1,2,0,0,0,0,0.05,0.02,,,0,186.0,9.5,39.3,100,100.0,0.0,Available,,False,,2,1,real_wc2026_squads_transfermarkt_openfootball,2026-06-02
Isidro Pitta,Paraguay,0,0,0,1,1,2,2,1,0,0,0,77.6,1,59.9,30.5,30.4,0,1,2,0,0,1,1,1,0,2,0,0,0,0,0.05,0.02,,,0,183.0,63.4,44.4,100,43.2,56.8,Active: Hamstring injury; Injury to the ankle,0.0,True,https://github.com/salimt/football-datasets,5,0,real_wc2026_squads_transfermarkt_openfootball,2026-06-02
Alexandro Maidana,Paraguay,0,0,0,0,0,1,1,0,1,1,0,71.1,1,41.0,19.8,20.9,0,0,0,0,1,0,1,1,1,2,0,0,0,0,0.0,0.0,,,0,178.0,9.5,36.4,100,100.0,0.0,Available,,False,,1,0,real_wc2026_squads_transfermarkt_openfootball,2026-06-02
Mert Günok,Turkey,1555,0,0,2,1,28,6,2,15,13,10,74.3,7,56.6,36.8,64.2,0,1,2,0,0,1,18,3,29,22,17,41,3,10,0.05,0.02,3.0,0.0,18,196.0,26.0,61.5,100,100.0,0.0,Available,0.0,False,https://github.com/salimt/football-datasets,37,0,real_wc2026_squads_transfermarkt_openfootball,2026-06-02
Zeki Çelik,Turkey,3637,1,4,23,22,128,46,17,40,34,16,79.8,15,82.7,78.8,90.4,1,13,30,5,29,30,83,25,77,74,13,0,7,18,1.43,3.35,5.0,0.0,45,180.0,71.1,82.9,100,100.0,0.0,Available,0.0,False,https://github.com/salimt/football-datasets,59,3,real_wc2026_squads_transfermarkt_openfootball,2026-06-02
Merih Demiral,Turkey,0,0,0,0,0,3,1,0,1,1,1,85.4,0,71.0,33.6,67.4,0,0,0,0,0,0,2,1,2,2,1,0,0,1,0.0,0.0,,,0,190.0,78.5,69.8,100,100.0,0.0,Available,0.0,False,https://github.com/salimt/football-datasets,61,6,real_wc2026_squads_transfermarkt_openfootball,2026-06-02
Çağlar Söyüncü,Turkey,1058,0,1,3,5,33,10,3,13,11,6,82.5,4,68.4,53.5,75.8,0,2,5,1,1,7,21,6,25,21,13,0,2,6,0.1,0.82,2.0,0.0,15,185.0,59.8,70.6,100,100.0,0.0,Available,,False,,59,2,real_wc2026_squads_transfermarkt_openfootball,2026-06-02
Salih Özcan,Turkey,74,0,0,0,0,2,1,0,1,1,0,82.0,0,76.5,35.1,46.1,0,0,0,0,0,0,1,1,2,2,1,0,0,0,0.0,0.0,0.0,0.0,12,183.0,49.7,54.3,100,100.0,0.0,Available,0.0,False,https://github.com/salimt/football-datasets,28,1,real_wc2026_squads_transfermarkt_openfootball,2026-06-02
Orkun Kökçü,Turkey,2873,8,10,48,42,110,45,17,26,22,9,85.2,12,76.5,87.5,81.1,8,29,69,11,7,62,72,25,49,56,12,0,0,12,7.69,8.05,6.0,0.0,35,175.0,83.0,86.2,100,100.0,0.0,Available,0.0,False,https://github.com/salimt/football-datasets,48,3,real_wc2026_squads_transfermarkt_openfootball,2026-06-02
Kerem Aktürkoğlu,Turkey,2921,15,8,85,42,120,58,22,18,16,4,80.7,16,75.6,88.8,83.6,15,58,137,10,27,58,78,32,33,57,12,0,0,11,14.6,6.65,4.0,0.0,43,173.0,80.5,77.1,100,100.0,0.0,Available,0.0,False,https://github.com/salimt/football-datasets,51,15,real_wc2026_squads_transfermarkt_openfootball,2026-06-02
Arda Güler,Turkey,3506,6,16,57,68,139,70,26,20,17,7,82.3,16,93.6,93.7,64.5,6,38,89,18,11,100,90,38,37,65,16,0,0,12,6.58,12.9,2.0,0.0,54,175.0,92.8,77.0,100,100.0,0.0,Available,0.0,False,https://github.com/salimt/football-datasets,28,6,real_wc2026_squads_transfermarkt_openfootball,2026-06-02
Deniz Gül,Turkey,1563,6,2,40,16,38,28,11,5,4,6,77.0,11,69.0,67.4,34.6,6,28,67,4,1,20,25,15,9,30,4,0,0,9,6.08,1.8,3.0,0.0,39,190.0,52.4,54.5,100,100.0,0.0,Available,0.0,False,https://github.com/salimt/football-datasets,6,1,real_wc2026_squads_transfermarkt_openfootball,2026-06-02
Hakan Çalhanoğlu,Turkey,2137,12,7,53,28,85,29,11,26,23,10,85.0,8,86.0,82.4,88.7,12,30,73,7,5,42,55,16,51,47,29,0,0,14,10.86,5.6,7.0,0.0,30,178.0,80.5,83.9,100,100.0,0.0,Available,0.0,False,https://github.com/salimt/football-datasets,104,22,real_wc2026_squads_transfermarkt_openfootball,2026-06-02
Kenan Yıldız,Turkey,3767,11,10,81,53,157,82,30,20,17,13,82.9,18,92.0,95.6,65.4,11,56,131,13,34,73,102,45,36,73,18,0,0,20,11.38,8.32,4.0,0.0,48,187.0,97.7,70.5,100,100.0,0.0,Available,0.0,False,https://github.com/salimt/football-datasets,28,5,real_wc2026_squads_transfermarkt_openfootball,2026-06-02
Altay Bayındır,Turkey,540,0,0,1,0,11,4,1,4,4,4,78.8,2,83.5,40.1,34.9,0,0,0,0,0,0,7,2,8,8,7,14,1,4,0.0,0.0,0.0,0.0,6,198.0,62.2,52.6,100,100.0,0.0,Available,0.0,False,https://github.com/salimt/football-datasets,11,0,real_wc2026_squads_transfermarkt_openfootball,2026-06-02
Eren Elmalı,Turkey,1795,3,0,20,5,46,20,7,16,14,8,78.1,8,67.4,63.4,46.5,3,11,27,1,13,5,30,11,32,36,5,0,4,9,2.89,0.12,3.0,0.0,35,181.0,57.1,56.0,100,100.0,0.0,Available,0.0,False,https://github.com/salimt/football-datasets,21,0,real_wc2026_squads_transfermarkt_openfootball,2026-06-02
Abdülkerim Bardakcı,Turkey,3423,0,1,10,8,89,32,11,36,31,19,82.6,13,68.8,67.7,59.0,0,5,12,2,1,10,58,18,72,67,43,0,7,20,0.25,0.9,6.0,0.0,41,185.0,61.0,61.6,100,100.0,0.0,Available,0.0,False,https://github.com/salimt/football-datasets,26,2,real_wc2026_squads_transfermarkt_openfootball,2026-06-02
Ozan Kabak,Turkey,1780,4,0,19,3,46,16,6,19,16,11,82.1,7,79.1,64.5,53.8,4,10,25,0,0,3,30,9,38,35,22,0,4,12,3.62,0.08,5.0,0.0,26,187.0,57.1,58.0,100,100.0,0.0,Available,0.0,False,https://github.com/salimt/football-datasets,28,2,real_wc2026_squads_transfermarkt_openfootball,2026-06-02
İsmail Yüksek,Turkey,2348,2,3,20,16,74,30,11,25,21,12,83.8,9,72.3,71.4,64.7,2,11,26,4,2,22,48,16,49,51,31,0,0,13,2.11,2.5,9.0,0.0,40,183.0,71.1,68.8,100,100.0,0.0,Available,0.0,False,https://github.com/salimt/football-datasets,31,1,real_wc2026_squads_transfermarkt_openfootball,2026-06-02
İrfan Can Kahveci,Turkey,1749,2,3,27,19,59,30,11,11,9,4,77.3,12,66.6,64.4,71.5,2,19,45,5,15,25,38,16,19,34,5,0,0,6,2.51,2.58,7.0,0.0,28,180.0,54.6,65.2,100,100.0,0.0,Available,0.0,False,https://github.com/salimt/football-datasets,45,6,real_wc2026_squads_transfermarkt_openfootball,2026-06-02
Mert Müldür,Turkey,1955,1,2,14,12,59,22,8,20,17,10,78.0,9,67.4,63.3,70.7,1,8,19,3,16,16,38,12,39,40,6,0,4,11,1.18,1.7,5.0,0.0,34,184.0,57.1,69.3,100,100.0,0.0,Available,0.0,False,https://github.com/salimt/football-datasets,43,3,real_wc2026_squads_transfermarkt_openfootball,2026-06-02
Yunus Akgün,Turkey,2274,9,11,57,47,65,40,15,10,9,3,77.7,15,67.4,78.4,45.0,9,39,93,12,24,69,42,22,19,44,6,0,0,8,8.97,8.88,1.0,0.0,37,173.0,57.1,51.2,100,100.0,0.0,Available,0.0,False,https://github.com/salimt/football-datasets,17,3,real_wc2026_squads_transfermarkt_openfootball,2026-06-02
Ferdi Kadıoğlu,Turkey,3515,1,0,23,10,122,50,18,34,29,13,81.6,12,91.5,74.5,69.9,1,13,30,2,25,10,79,28,67,71,15,0,7,15,1.43,0.25,7.0,0.0,42,174.0,85.0,74.4,100,100.0,0.0,Available,0.0,False,https://github.com/salimt/football-datasets,30,2,real_wc2026_squads_transfermarkt_openfootball,2026-06-02
Barış Alper Yılmaz,Turkey,3308,9,14,69,63,125,65,24,18,16,11,80.4,19,74.9,90.4,73.3,9,47,110,16,34,91,81,36,34,64,13,0,0,17,9.37,11.38,8.0,0.0,42,186.0,78.5,71.0,100,100.0,0.0,Available,0.0,False,https://github.com/salimt/football-datasets,33,2,real_wc2026_squads_transfermarkt_openfootball,2026-06-02
Kaan Ayhan,Turkey,424,1,0,6,1,14,5,2,5,4,2,81.8,2,66.8,52.2,78.8,1,3,9,0,0,1,9,3,10,9,5,0,0,2,0.93,0.02,1.0,0.0,23,185.0,55.4,73.4,100,61.8,38.2,Active: unknown injury; strain,0.0,True,https://github.com/salimt/football-datasets,72,5,real_wc2026_squads_transfermarkt_openfootball,2026-06-02
Uğurcan Çakır,Turkey,3698,0,0,5,2,113,32,11,36,31,22,80.4,9,73.3,59.0,78.9,0,2,5,0,0,2,73,18,70,52,49,99,7,22,0.1,0.05,6.0,0.0,41,191.0,73.9,79.2,100,100.0,0.0,Available,0.0,False,https://github.com/salimt/football-datasets,38,0,real_wc2026_squads_transfermarkt_openfootball,2026-06-02
Oğuz Aydın,Turkey,1023,0,3,12,15,30,19,7,4,3,3,79.2,6,71.4,60.5,34.4,0,8,18,4,9,21,20,10,7,20,4,0,0,4,0.4,2.47,3.0,0.0,32,183.0,68.5,47.6,100,100.0,0.0,Available,,False,,9,0,real_wc2026_squads_transfermarkt_openfootball,2026-06-02
Samet Akaydin,Turkey,2571,3,1,18,7,45,17,6,26,22,16,79.3,13,59.7,64.9,49.3,3,9,22,2,1,9,29,9,52,50,29,0,5,17,2.79,0.88,9.0,0.0,29,190.0,35.0,51.1,100,100.0,0.0,Available,0.0,False,https://github.com/salimt/football-datasets,18,1,real_wc2026_squads_transfermarkt_openfootball,2026-06-02
Can Uzun,Turkey,1513,10,6,50,26,49,30,11,5,4,5,82.3,7,91.6,80.2,32.2,10,33,81,7,4,38,32,16,10,28,7,0,0,9,9.45,4.85,3.0,0.0,28,186.0,92.8,59.3,100,100.0,0.0,Available,0.0,False,https://github.com/salimt/football-datasets,4,0,real_wc2026_squads_transfermarkt_openfootball,2026-06-02
Matt Turner,United States,0,0,0,0,0,3,1,0,1,1,1,79.5,0,66.0,30.3,63.2,0,0,0,0,0,0,2,1,2,1,1,2,0,1,0.0,0.0,,,0,191.0,62.2,68.2,100,100.0,0.0,Available,0.0,False,https://github.com/salimt/football-datasets,54,0,real_wc2026_squads_transfermarkt_openfootball,2026-06-02
Sergiño Dest,United States,3004,2,8,23,33,102,40,14,30,26,10,80.5,11,76.2,82.5,73.6,2,13,30,9,27,49,66,22,59,61,12,0,6,12,2.21,6.42,5.0,0.0,38,173.0,76.6,74.8,100,100.0,0.0,Available,0.0,False,https://github.com/salimt/football-datasets,38,3,real_wc2026_squads_transfermarkt_openfootball,2026-06-02
Chris Richards,United States,3200,2,0,17,5,108,37,13,36,31,20,85.4,9,90.8,75.7,69.4,2,9,21,1,0,5,70,20,71,62,43,0,6,21,2.01,0.12,4.0,0.0,38,188.0,83.0,71.8,100,100.0,0.0,Available,0.0,False,https://github.com/salimt/football-datasets,36,3,real_wc2026_squads_transfermarkt_openfootball,2026-06-02
Tyler Adams,United States,1795,2,2,17,11,68,25,9,21,18,7,85.4,6,90.8,69.3,75.1,2,10,24,3,1,15,44,14,40,39,24,0,0,8,2.06,1.67,8.0,0.0,26,175.0,83.0,82.9,100,100.0,0.0,Available,0.0,False,https://github.com/salimt/football-datasets,53,2,real_wc2026_squads_transfermarkt_openfootball,2026-06-02
Antonee Robinson,United States,1786,1,1,13,8,69,25,9,19,16,9,81.8,6,92.0,66.1,75.0,1,7,17,2,14,10,45,14,37,36,8,0,4,10,1.13,0.9,5.0,0.0,26,183.0,86.5,77.6,100,100.0,0.0,Available,0.0,False,https://github.com/salimt/football-datasets,53,4,real_wc2026_squads_transfermarkt_openfootball,2026-06-02
Auston Trusty,United States,2823,2,0,15,4,56,25,9,25,21,18,82.2,11,57.7,68.1,42.7,2,8,19,1,0,4,36,14,52,55,35,0,6,19,1.96,0.1,2.0,0.0,33,190.0,57.1,51.9,100,100.0,0.0,Available,,False,,7,0,real_wc2026_squads_transfermarkt_openfootball,2026-06-02
Giovanni Reyna,United States,577,1,1,9,6,19,10,4,4,3,2,77.9,4,80.1,55.8,58.4,1,6,15,1,1,8,12,6,7,11,2,0,0,3,1.08,0.85,1.0,0.0,20,187.0,59.8,65.1,100,100.0,0.0,Available,0.0,False,https://github.com/salimt/football-datasets,37,9,real_wc2026_squads_transfermarkt_openfootball,2026-06-02
Weston McKennie,United States,3925,9,8,59,39,154,61,22,37,32,17,84.9,16,86.0,91.6,94.4,9,35,82,10,6,55,100,34,70,76,16,0,0,21,8.77,6.57,6.0,0.0,49,185.0,80.5,87.0,100,100.0,0.0,Available,0.0,False,https://github.com/salimt/football-datasets,65,12,real_wc2026_squads_transfermarkt_openfootball,2026-06-02
Ricardo Pepi,United States,1706,19,2,85,17,64,34,13,9,8,5,79.8,10,75.3,78.9,59.5,19,59,144,4,1,21,42,19,16,33,6,0,0,12,17.77,1.82,1.0,0.0,34,185.0,73.9,68.5,100,100.0,0.0,Available,0.0,False,https://github.com/salimt/football-datasets,36,13,real_wc2026_squads_transfermarkt_openfootball,2026-06-02
Christian Pulisic,United States,1806,10,4,55,23,85,39,14,13,11,4,82.5,9,91.2,81.7,86.8,10,38,91,6,16,31,55,21,23,35,9,0,0,9,9.7,3.38,0.0,0.0,34,177.0,95.3,87.8,100,100.0,0.0,Available,0.0,False,https://github.com/salimt/football-datasets,85,33,real_wc2026_squads_transfermarkt_openfootball,2026-06-02
Brenden Aaronson,United States,2749,4,5,42,30,106,49,18,19,17,6,79.6,15,86.6,78.9,86.3,4,28,65,7,4,40,69,27,35,51,10,0,0,9,4.52,4.25,3.0,0.0,42,177.0,71.1,82.7,100,100.0,0.0,Available,0.0,False,https://github.com/salimt/football-datasets,57,9,real_wc2026_squads_transfermarkt_openfootball,2026-06-02
Miles Robinson,United States,0,0,0,0,0,2,1,0,1,1,1,82.0,0,61.6,27.8,52.6,0,0,0,0,0,0,1,1,2,2,1,0,0,1,0.0,0.0,,,0,188.0,49.7,55.9,100,100.0,0.0,Available,0.0,False,https://github.com/salimt/football-datasets,39,3,real_wc2026_squads_transfermarkt_openfootball,2026-06-02
Tim Ream,United States,0,0,0,0,0,2,1,0,1,1,1,79.7,0,54.9,24.0,69.5,0,0,0,0,0,0,1,1,2,2,1,0,0,1,0.0,0.0,,,0,186.0,30.7,61.4,100,100.0,0.0,Available,0.0,False,https://github.com/salimt/football-datasets,81,1,real_wc2026_squads_transfermarkt_openfootball,2026-06-02
Sebastian Berhalter,United States,0,0,0,1,0,2,1,0,1,1,0,78.9,1,58.6,26.1,23.0,0,1,2,0,0,0,1,1,1,2,0,0,0,0,0.05,0.0,,,0,175.0,41.0,39.8,100,100.0,0.0,Available,0.0,False,https://github.com/salimt/football-datasets,12,1,real_wc2026_squads_transfermarkt_openfootball,2026-06-02
Cristian Roldan,United States,0,0,0,1,0,3,1,0,1,1,0,82.3,0,62.5,28.3,54.7,0,1,2,0,0,0,2,1,2,2,0,0,0,0,0.05,0.0,,,0,173.0,52.4,59.6,100,100.0,0.0,Available,0.0,False,https://github.com/salimt/football-datasets,46,0,real_wc2026_squads_transfermarkt_openfootball,2026-06-02
Alex Freeman,United States,340,0,0,2,1,7,3,1,3,2,2,75.9,2,75.4,34.9,38.2,0,1,2,0,2,1,5,2,6,7,1,0,1,2,0.05,0.02,0.0,0.0,9,188.0,41.0,48.2,100,100.0,0.0,Available,,False,,16,2,real_wc2026_squads_transfermarkt_openfootball,2026-06-02
Malik Tillman,United States,2335,8,1,51,15,91,46,17,13,12,9,81.8,11,90.3,80.5,60.3,8,34,81,3,1,17,59,25,25,44,10,0,0,13,7.94,1.08,4.0,0.0,42,187.0,89.0,72.0,100,100.0,0.0,Available,0.0,False,https://github.com/salimt/football-datasets,29,3,real_wc2026_squads_transfermarkt_openfootball,2026-06-02
Maximilian Arfsten,United States,0,0,0,1,1,2,1,0,0,0,0,71.1,1,47.5,19.8,31.4,0,1,2,0,1,1,1,1,1,2,0,0,0,0,0.05,0.02,,,0,185.0,9.5,40.2,100,100.0,0.0,Available,,False,,19,1,real_wc2026_squads_transfermarkt_openfootball,2026-06-02
Haji Wright,United States,157,1,1,5,4,5,3,1,1,1,1,78.3,1,59.5,54.3,41.5,1,4,14,1,1,6,3,2,1,3,0,0,0,1,0.98,0.8,0.0,0.0,3,191.0,62.2,56.3,100,100.0,0.0,Available,0.0,False,https://github.com/salimt/football-datasets,20,7,real_wc2026_squads_transfermarkt_openfootball,2026-06-02
Folarin Balogun,United States,3060,18,5,99,34,114,63,24,14,12,6,80.6,18,83.4,89.9,61.4,18,69,163,8,4,44,74,35,26,59,12,0,0,14,17.49,4.35,4.0,0.0,40,178.0,80.5,70.9,100,100.0,0.0,Available,0.0,False,https://github.com/salimt/football-datasets,26,9,real_wc2026_squads_transfermarkt_openfootball,2026-06-02
Timothy Weah,United States,2845,3,3,43,26,115,56,21,18,16,8,80.4,16,82.7,78.4,78.8,3,30,70,6,23,32,75,31,32,55,11,0,0,12,3.84,2.75,7.0,0.0,37,183.0,78.5,80.0,100,100.0,0.0,Available,0.0,False,https://github.com/salimt/football-datasets,50,7,real_wc2026_squads_transfermarkt_openfootball,2026-06-02
Mark McKenzie,United States,2405,0,2,7,10,63,22,8,26,22,13,82.5,9,76.2,63.7,58.7,0,4,9,2,1,14,41,12,51,47,30,0,5,13,0.2,1.65,7.0,0.0,30,184.0,59.8,61.2,100,100.0,0.0,Available,0.0,False,https://github.com/salimt/football-datasets,28,0,real_wc2026_squads_transfermarkt_openfootball,2026-06-02
Joe Scally,United States,2792,2,3,22,17,78,33,12,26,22,14,78.7,12,80.9,72.8,57.2,2,12,28,4,22,23,51,18,51,56,9,0,6,15,2.16,2.52,8.0,0.0,35,184.0,62.2,62.9,100,100.0,0.0,Available,0.0,False,https://github.com/salimt/football-datasets,25,0,real_wc2026_squads_transfermarkt_openfootball,2026-06-02
Matt Freese,United States,0,0,0,0,0,1,0,0,1,1,1,75.7,0,54.9,24.0,26.1,0,0,0,0,0,0,1,0,1,1,1,2,0,1,0.0,0.0,,,0,193.0,30.7,41.5,100,100.0,0.0,Available,0.0,False,https://github.com/salimt/football-datasets,14,0,real_wc2026_squads_transfermarkt_openfootball,2026-06-02
Chris Brady,United States,0,0,0,0,0,1,1,0,1,0,1,77.3,0,59.6,26.6,18.7,0,0,0,0,0,0,1,1,1,1,1,2,0,1,0.0,0.0,,,0,190.0,43.9,40.1,100,100.0,0.0,Available,0.0,False,https://github.com/salimt/football-datasets,1,0,real_wc2026_squads_transfermarkt_openfootball,2026-06-02
Alejandro Zendejas,United States,0,0,0,1,0,1,1,0,1,1,0,76.6,1,51.8,22.2,26.1,0,1,2,0,0,0,1,1,1,2,0,0,0,0,0.05,0.0,,,0,182.0,21.6,37.7,100,100.0,0.0,Available,0.0,False,https://github.com/salimt/football-datasets,14,2,real_wc2026_squads_transfermarkt_openfootball,2026-06-02
Eloy Room,Curaçao,0,0,0,0,0,2,0,0,1,1,1,74.5,0,52.8,22.0,70.6,0,0,0,0,0,0,1,0,2,1,1,2,0,1,0.0,0.0,,,0,190.0,20.9,64.0,100,100.0,0.0,Available,0.0,False,https://github.com/salimt/football-datasets,71,0,real_wc2026_squads_transfermarkt_openfootball,2026-06-02
Shurandy Sambo,Curaçao,1754,0,2,10,11,30,17,6,14,11,6,75.9,10,63.8,55.8,49.3,0,6,14,3,14,15,20,9,28,35,4,0,4,7,0.3,1.67,6.0,0.0,27,174.0,41.0,54.3,100,100.0,0.0,Available,0.0,False,https://github.com/salimt/football-datasets,7,0,real_wc2026_squads_transfermarkt_openfootball,2026-06-02
Juriën Gaari,Curaçao,0,0,0,0,0,2,1,0,1,1,0,79.0,0,58.3,22.9,67.4,0,0,0,0,0,0,1,1,2,2,1,0,0,0,0.0,0.0,,,0,183.0,25.3,59.1,100,100.0,0.0,Available,0.0,False,https://github.com/salimt/football-datasets,59,1,real_wc2026_squads_transfermarkt_openfootball,2026-06-02
Roshon van Eijma,Curaçao,0,0,0,0,0,2,0,0,1,1,1,78.9,0,57.8,22.7,54.7,0,0,0,0,0,0,1,0,2,2,1,0,0,1,0.0,0.0,,,0,186.0,24.0,51.9,100,100.0,0.0,Available,0.0,False,https://github.com/salimt/football-datasets,27,1,real_wc2026_squads_transfermarkt_openfootball,2026-06-02
Sherel Floranus,Curaçao,2981,1,4,20,21,61,26,10,28,24,14,74.6,18,60.1,67.5,77.7,1,11,26,5,24,29,40,14,56,60,5,0,6,15,1.33,3.32,5.0,0.0,34,181.0,30.7,67.9,100,100.0,0.0,Available,0.0,False,https://github.com/salimt/football-datasets,27,0,real_wc2026_squads_transfermarkt_openfootball,2026-06-02
Godfried Roemeratoe,Curaçao,0,0,0,0,0,2,1,0,1,1,0,76.9,1,58.0,22.8,54.7,0,0,0,0,0,0,1,1,2,2,1,0,0,0,0.0,0.0,,,0,178.0,24.5,58.0,100,100.0,0.0,Available,0.0,False,https://github.com/salimt/football-datasets,27,1,real_wc2026_squads_transfermarkt_openfootball,2026-06-02
Juninho Bacuna,Curaçao,923,0,2,7,10,29,12,4,8,7,3,81.6,5,68.5,54.8,76.3,0,4,9,2,1,14,19,7,16,18,3,0,0,3,0.2,1.65,2.0,0.0,22,178.0,54.6,75.9,100,100.0,0.0,Available,0.0,False,https://github.com/salimt/football-datasets,48,14,real_wc2026_squads_transfermarkt_openfootball,2026-06-02
Livano Comenencia,Curaçao,0,0,0,0,0,2,1,0,1,1,0,73.7,1,48.4,24.0,45.2,0,0,0,0,1,0,1,1,2,2,0,0,0,0,0.0,0.0,,,0,187.0,30.7,50.0,100,100.0,0.0,Available,0.0,False,https://github.com/salimt/football-datasets,19,1,real_wc2026_squads_transfermarkt_openfootball,2026-06-02
Jürgen Locadia,Curaçao,0,0,0,1,1,2,1,1,0,0,0,74.7,1,75.4,25.7,39.9,0,1,2,0,0,1,1,1,1,2,0,0,0,0,0.05,0.02,,,0,193.0,39.1,52.8,100,100.0,0.0,Available,0.0,False,https://github.com/salimt/football-datasets,13,1,real_wc2026_squads_transfermarkt_openfootball,2026-06-02
Leandro Bacuna,Curaçao,0,0,0,1,0,2,1,0,1,1,0,77.8,1,60.6,24.2,70.6,0,1,2,0,0,0,1,1,2,2,0,0,0,0,0.05,0.0,,,0,180.0,31.9,68.2,100,100.0,0.0,Available,0.0,False,https://github.com/salimt/football-datasets,71,16,real_wc2026_squads_transfermarkt_openfootball,2026-06-02
Jeremy Antonisse,Curaçao,1759,1,2,24,16,43,26,10,9,8,5,74.3,14,48.4,56.8,65.2,1,16,37,4,14,20,28,14,16,34,3,0,0,7,1.58,1.8,6.0,0.0,26,184.0,30.7,53.3,100,100.0,0.0,Available,0.0,False,https://github.com/salimt/football-datasets,26,3,real_wc2026_squads_transfermarkt_openfootball,2026-06-02
Sontje Hansen,Curaçao,0,0,0,1,1,2,1,1,0,0,0,75.6,1,65.8,27.3,27.2,0,1,2,0,1,1,1,1,1,2,0,0,0,0,0.05,0.02,,,0,176.0,47.0,35.6,100,100.0,0.0,Available,0.0,False,https://github.com/salimt/football-datasets,5,1,real_wc2026_squads_transfermarkt_openfootball,2026-06-02
Tyrese Noslin,Curaçao,2632,3,4,41,28,45,38,15,9,7,7,73.5,21,58.0,67.2,51.8,3,28,65,6,22,36,29,21,17,51,3,0,0,10,3.74,3.5,5.0,0.0,39,182.0,24.5,44.6,100,100.0,0.0,Available,,False,,6,1,real_wc2026_squads_transfermarkt_openfootball,2026-06-02
Kenji Gorré,Curaçao,0,0,0,1,1,2,1,1,1,0,0,73.7,1,61.4,24.0,63.2,0,1,2,0,1,1,1,1,1,2,0,0,0,0,0.05,0.02,,,0,178.0,30.7,52.2,100,34.8,65.2,Active: Muscle injury; unknown injury,0.0,True,https://github.com/salimt/football-datasets,37,6,real_wc2026_squads_transfermarkt_openfootball,2026-06-02
Ar'jany Martha,Curaçao,0,0,0,1,1,2,1,1,0,0,0,74.2,1,57.8,24.9,37.8,0,1,2,0,1,1,1,1,1,2,0,0,0,0,0.05,0.02,,,0,180.0,35.0,39.0,100,100.0,0.0,Available,0.0,False,https://github.com/salimt/football-datasets,8,2,real_wc2026_squads_transfermarkt_openfootball,2026-06-02
Jearl Margaritha,Curaçao,0,0,0,1,1,2,1,0,0,0,0,71.1,1,41.0,19.8,48.4,0,1,2,0,0,1,1,1,1,2,0,0,0,0,0.05,0.02,,,0,,9.5,51.5,100,100.0,0.0,Available,,False,,21,5,real_wc2026_squads_transfermarkt_openfootball,2026-06-02
Brandley Kuwas,Curaçao,2294,7,5,50,29,57,33,13,13,11,6,73.5,19,58.3,69.3,79.1,7,34,80,7,20,39,37,18,23,45,3,0,0,10,7.16,4.22,4.0,0.0,35,181.0,25.3,59.8,100,100.0,0.0,Available,0.0,False,https://github.com/salimt/football-datasets,34,2,real_wc2026_squads_transfermarkt_openfootball,2026-06-02
Armando Obispo,Curaçao,1403,2,0,11,2,23,11,4,12,10,8,80.9,6,65.8,57.3,40.3,2,6,15,0,0,2,15,6,25,27,17,0,3,9,1.86,0.05,2.0,0.0,27,185.0,47.0,48.6,100,100.0,0.0,Available,,False,,5,0,real_wc2026_squads_transfermarkt_openfootball,2026-06-02
Gervane Kastaneer,Curaçao,0,0,0,1,1,2,1,0,0,0,0,72.5,1,56.7,22.0,58.9,0,1,2,0,1,1,1,1,1,2,0,0,0,0,0.05,0.02,,,0,189.0,20.9,47.8,100,100.0,0.0,Available,0.0,False,https://github.com/salimt/football-datasets,28,9,real_wc2026_squads_transfermarkt_openfootball,2026-06-02
Joshua Brenet,Curaçao,1801,0,4,10,17,41,19,7,16,13,8,77.1,9,64.8,62.2,57.2,0,6,14,5,16,25,27,10,31,36,4,0,4,9,0.3,3.22,1.0,0.0,26,181.0,49.7,60.4,100,100.0,0.0,Available,,False,,17,1,real_wc2026_squads_transfermarkt_openfootball,2026-06-02
Tahith Chong,Curaçao,0,0,0,1,1,2,2,1,0,0,0,77.2,1,82.7,29.8,27.2,0,1,2,0,1,1,1,1,1,2,0,0,0,0,0.05,0.02,,,0,185.0,59.8,38.2,100,100.0,0.0,Available,0.0,False,https://github.com/salimt/football-datasets,5,3,real_wc2026_squads_transfermarkt_openfootball,2026-06-02
Kevin Felida,Curaçao,0,0,0,0,0,2,1,0,1,1,0,76.8,1,57.7,22.6,45.2,0,0,0,0,0,0,1,1,2,2,1,0,0,0,0.0,0.0,,,0,174.0,23.6,52.6,100,100.0,0.0,Available,,False,,19,1,real_wc2026_squads_transfermarkt_openfootball,2026-06-02
Riechedly Bazoer,Curaçao,928,0,0,3,1,14,7,3,8,7,5,80.7,4,63.3,38.0,33.0,0,2,5,0,0,1,9,4,16,18,11,0,2,5,0.1,0.02,5.0,0.0,15,184.0,45.4,44.2,100,100.0,0.0,Available,0.0,False,https://github.com/salimt/football-datasets,4,0,real_wc2026_squads_transfermarkt_openfootball,2026-06-02
Deveron Fonville,Curaçao,1710,0,3,5,12,9,7,3,14,12,10,76.1,10,52.7,51.7,33.1,0,3,7,3,2,18,6,4,29,33,17,0,3,10,0.15,2.4,4.0,0.0,34,188.0,9.5,37.1,100,100.0,0.0,Available,,False,,1,0,real_wc2026_squads_transfermarkt_openfootball,2026-06-02
Tyrick Bodak,Curaçao,0,0,0,0,0,1,0,0,1,1,1,74.3,0,56.1,21.7,21.9,0,0,0,0,0,0,1,0,1,1,1,2,0,1,0.0,0.0,,,0,190.0,19.1,36.9,100,100.0,0.0,Available,,False,,4,0,real_wc2026_squads_transfermarkt_openfootball,2026-06-02
Trevor Doornbusch,Curaçao,0,0,0,0,0,1,0,0,1,1,0,74.4,0,56.3,21.8,34.6,0,0,0,0,0,0,1,0,1,1,1,2,0,0,0.0,0.0,,,0,188.0,19.6,44.0,100,100.0,0.0,Available,0.0,False,https://github.com/salimt/football-datasets,7,0,real_wc2026_squads_transfermarkt_openfootball,2026-06-02
Hernán Galíndez,Ecuador,0,0,0,0,0,1,0,0,1,1,0,73.1,0,41.0,19.8,53.6,0,0,0,0,0,0,1,0,2,1,1,2,0,0,0.0,0.0,,,0,189.0,9.5,52.4,100,100.0,0.0,Available,,False,,34,0,real_wc2026_squads_transfermarkt_openfootball,2026-06-02
Félix Torres,Ecuador,0,0,0,0,0,2,1,0,1,1,1,80.5,0,50.8,25.3,56.8,0,0,0,0,0,0,1,1,2,2,1,0,0,1,0.0,0.0,,,0,187.0,37.4,55.7,100,100.0,0.0,Available,0.0,False,https://github.com/salimt/football-datasets,48,5,real_wc2026_squads_transfermarkt_openfootball,2026-06-02
Piero Hincapié,Ecuador,2798,1,2,12,10,108,35,12,33,28,16,86.9,6,94.6,76.4,82.7,1,6,14,3,1,14,70,19,65,54,40,0,6,17,1.08,1.65,3.0,0.0,40,184.0,94.0,81.3,100,100.0,0.0,Available,0.0,False,https://github.com/salimt/football-datasets,51,3,real_wc2026_squads_transfermarkt_openfootball,2026-06-02
Joel Ordóñez,Ecuador,2783,4,0,22,4,65,25,9,27,23,17,82.5,11,66.4,71.6,60.3,4,11,26,1,0,4,42,14,55,54,35,0,6,18,3.67,0.1,5.0,0.0,34,188.0,59.8,62.1,100,100.0,0.0,Available,0.0,False,https://github.com/salimt/football-datasets,16,0,real_wc2026_squads_transfermarkt_openfootball,2026-06-02
Jordy Alcívar,Ecuador,0,0,0,0,0,1,1,0,1,1,0,75.1,1,41.0,19.8,33.5,0,0,0,0,0,0,1,1,2,2,1,0,0,0,0.0,0.0,,,0,175.0,9.5,43.3,100,100.0,0.0,Available,,False,,10,1,real_wc2026_squads_transfermarkt_openfootball,2026-06-02
Willian Pacho,Ecuador,3616,2,1,18,9,133,46,16,40,34,22,87.3,7,89.2,82.0,79.7,2,9,21,2,1,11,86,25,79,70,52,0,7,23,2.01,0.92,1.0,1.0,42,188.0,97.0,80.2,100,100.0,0.0,Available,0.0,False,https://github.com/salimt/football-datasets,34,2,real_wc2026_squads_transfermarkt_openfootball,2026-06-02
Pervis Estupiñán,Ecuador,1303,1,1,11,7,46,17,6,14,12,5,80.0,5,83.3,60.9,75.7,1,6,14,2,10,9,30,9,27,26,5,0,3,6,1.08,0.88,6.0,0.0,22,175.0,72.7,77.2,100,12.0,88.0,Active: Muscle injury; Hamstring injury,0.0,True,https://github.com/salimt/football-datasets,53,4,real_wc2026_squads_transfermarkt_openfootball,2026-06-02
Anthony Valencia,Ecuador,672,4,0,21,4,12,10,4,2,2,1,74.6,5,57.1,55.1,29.1,4,14,36,1,5,4,8,6,4,13,1,0,0,3,3.82,0.1,1.0,0.0,14,174.0,33.2,41.6,100,0.0,100.0,Active: Muscle injury; Muscle injury,0.0,True,https://github.com/salimt/football-datasets,2,1,real_wc2026_squads_transfermarkt_openfootball,2026-06-02
John Yeboah,Ecuador,0,0,0,1,1,2,1,1,0,0,0,74.5,1,70.9,25.3,46.2,0,1,2,0,0,1,1,1,1,2,0,0,0,0,0.05,0.02,,,0,170.0,37.4,49.9,100,100.0,0.0,Available,0.0,False,https://github.com/salimt/football-datasets,22,3,real_wc2026_squads_transfermarkt_openfootball,2026-06-02
Kendry Páez,Ecuador,438,1,0,8,2,14,8,3,2,2,1,79.4,2,61.7,54.9,57.7,1,5,13,0,0,2,9,4,4,8,2,0,0,2,1.03,0.05,0.0,0.0,16,178.0,68.5,68.4,100,100.0,0.0,Available,,False,,25,2,real_wc2026_squads_transfermarkt_openfootball,2026-06-02
Kevin Rodríguez,Ecuador,1619,8,3,47,19,53,29,11,8,7,6,77.6,11,65.5,70.9,64.4,8,33,79,4,2,25,34,16,15,31,5,0,0,10,7.89,2.58,1.0,0.0,28,190.0,57.1,63.8,100,100.0,0.0,Available,0.0,False,https://github.com/salimt/football-datasets,31,2,real_wc2026_squads_transfermarkt_openfootball,2026-06-02
Moisés Ramírez,Ecuador,1980,0,0,2,1,13,4,2,15,12,10,72.1,11,41.0,35.9,45.5,0,1,2,0,0,1,8,2,30,28,20,53,4,10,0.05,0.02,6.0,0.0,22,185.0,9.5,47.9,100,100.0,0.0,Available,,False,,7,0,real_wc2026_squads_transfermarkt_openfootball,2026-06-02
Enner Valencia,Ecuador,0,0,0,1,1,3,2,1,1,1,0,76.1,1,55.6,28.1,71.6,0,1,2,0,0,1,2,1,1,2,0,0,0,0,0.05,0.02,,,0,177.0,51.0,66.6,100,100.0,0.0,Available,0.0,False,https://github.com/salimt/football-datasets,105,49,real_wc2026_squads_transfermarkt_openfootball,2026-06-02
Alan Minda,Ecuador,969,3,3,21,15,26,16,6,4,4,1,76.3,7,54.2,61.3,54.3,3,14,34,4,9,21,17,9,8,19,2,0,0,3,3.04,2.47,0.0,0.0,17,171.0,47.0,58.3,100,100.0,0.0,Available,0.0,False,https://github.com/salimt/football-datasets,19,2,real_wc2026_squads_transfermarkt_openfootball,2026-06-02
Pedro Vite,Ecuador,0,0,0,1,0,2,1,1,0,0,0,76.9,1,57.7,29.3,38.8,0,1,2,0,0,0,1,1,1,2,0,0,0,0,0.05,0.0,,,0,173.0,57.1,55.8,100,100.0,0.0,Available,,False,,16,1,real_wc2026_squads_transfermarkt_openfootball,2026-06-02
Jordy Caicedo,Ecuador,251,0,0,3,2,7,4,2,1,1,1,76.5,2,55.1,36.4,51.7,0,2,5,0,0,2,5,2,2,5,1,0,0,1,0.1,0.05,0.0,0.0,3,185.0,49.7,55.4,100,100.0,0.0,Available,,False,,19,3,real_wc2026_squads_transfermarkt_openfootball,2026-06-02
Ángelo Preciado,Ecuador,337,0,3,2,10,11,4,1,4,3,1,77.8,2,57.7,55.7,74.1,0,1,2,3,5,16,7,2,7,7,1,0,1,1,0.05,2.35,0.0,0.0,5,173.0,57.1,73.2,100,100.0,0.0,Available,0.0,False,https://github.com/salimt/football-datasets,54,0,real_wc2026_squads_transfermarkt_openfootball,2026-06-02
Denil Castillo,Ecuador,2467,6,7,38,31,55,33,12,15,12,12,82.1,13,58.3,77.5,45.4,6,23,55,8,5,45,36,18,30,48,7,0,0,15,5.83,5.68,4.0,0.0,40,187.0,58.8,59.7,100,100.0,0.0,Available,,False,,5,0,real_wc2026_squads_transfermarkt_openfootball,2026-06-02
Gonzalo Plata,Ecuador,0,0,0,1,1,3,2,1,1,0,0,76.9,1,57.7,29.3,58.9,0,1,2,0,1,1,2,1,1,2,0,0,0,0,0.05,0.02,,,0,178.0,57.1,62.8,100,100.0,0.0,Available,0.0,False,https://github.com/salimt/football-datasets,49,8,real_wc2026_squads_transfermarkt_openfootball,2026-06-02
Nilson Angulo,Ecuador,2810,7,7,56,38,81,51,19,11,10,8,78.3,18,83.5,81.4,57.4,7,38,89,9,25,52,53,28,22,55,9,0,0,13,7.36,5.85,5.0,0.0,36,183.0,62.2,63.0,100,100.0,0.0,Available,0.0,False,https://github.com/salimt/football-datasets,13,1,real_wc2026_squads_transfermarkt_openfootball,2026-06-02
Alan Franco,Ecuador,0,0,0,1,0,3,1,0,1,1,0,82.3,0,56.0,28.3,67.4,0,1,2,0,0,0,2,1,2,2,0,0,0,0,0.05,0.0,,,0,176.0,52.4,70.6,100,100.0,0.0,Available,0.0,False,https://github.com/salimt/football-datasets,57,1,real_wc2026_squads_transfermarkt_openfootball,2026-06-02
Gonzalo Valle,Ecuador,0,0,0,0,0,0,0,0,1,1,0,73.1,0,41.0,19.8,21.9,0,0,0,0,0,0,0,0,1,1,1,2,0,0,0.0,0.0,,,0,,9.5,34.9,100,100.0,0.0,Available,,False,,3,0,real_wc2026_squads_transfermarkt_openfootball,2026-06-02
Moisés Caicedo,Ecuador,4349,5,1,41,15,184,68,24,51,44,20,87.4,12,96.4,89.3,97.6,5,23,54,3,1,17,120,37,99,95,63,0,0,23,5.05,1.08,17.0,0.0,52,178.0,99.0,96.5,100,100.0,0.0,Available,0.0,False,https://github.com/salimt/football-datasets,60,3,real_wc2026_squads_transfermarkt_openfootball,2026-06-02
Jeremy Arévalo,Ecuador,32,0,1,1,4,1,1,1,0,0,0,72.5,1,66.5,41.2,28.9,0,1,2,1,1,6,1,1,0,2,0,0,0,0,0.05,0.8,0.0,0.0,7,182.0,20.9,37.1,100,100.0,0.0,Available,,False,,3,0,real_wc2026_squads_transfermarkt_openfootball,2026-06-02
Jackson Porozo,Ecuador,0,0,0,0,0,2,1,0,1,1,1,81.8,0,54.6,27.5,31.4,0,0,0,0,0,0,1,1,2,2,1,0,0,1,0.0,0.0,,,0,193.0,48.4,43.9,100,100.0,0.0,Available,0.0,False,https://github.com/salimt/football-datasets,9,1,real_wc2026_squads_transfermarkt_openfootball,2026-06-02
Yaimar Medina,Ecuador,1800,1,1,13,8,35,20,7,14,11,7,77.4,9,63.8,59.4,41.3,1,7,16,2,14,10,23,11,28,36,5,0,4,8,1.13,0.9,4.0,0.0,33,178.0,52.4,54.2,100,100.0,0.0,Available,,False,,5,0,real_wc2026_squads_transfermarkt_openfootball,2026-06-02
Manuel Neuer,Germany,3300,0,0,4,2,100,21,7,37,32,20,77.6,12,77.5,53.2,96.5,0,2,5,0,0,2,65,12,71,46,40,88,7,20,0.1,0.05,3.0,0.0,38,193.0,52.4,84.6,100,100.0,0.0,Available,0.0,False,https://github.com/salimt/football-datasets,124,0,real_wc2026_squads_transfermarkt_openfootball,2026-06-02
Antonio Rüdiger,Germany,2460,1,0,11,4,94,28,10,31,27,16,85.4,7,90.2,67.6,86.6,1,6,14,1,0,4,61,15,60,48,33,0,5,17,1.08,0.1,2.0,0.0,29,190.0,83.0,81.2,100,100.0,0.0,Available,0.0,False,https://github.com/salimt/football-datasets,82,3,real_wc2026_squads_transfermarkt_openfootball,2026-06-02
Waldemar Anton,Germany,4107,3,0,23,6,108,44,16,39,33,26,84.7,12,86.0,79.8,72.8,3,12,28,1,0,6,70,24,79,80,55,0,8,27,2.94,0.15,6.0,0.0,46,189.0,76.6,72.4,100,100.0,0.0,Available,0.0,False,https://github.com/salimt/football-datasets,12,0,real_wc2026_squads_transfermarkt_openfootball,2026-06-02
Jonathan Tah,Germany,3859,3,2,22,12,139,45,16,45,38,27,85.9,10,89.4,83.3,85.7,3,11,26,3,1,16,90,25,88,75,53,0,8,28,2.89,1.7,10.0,0.0,50,195.0,86.5,81.4,100,100.0,0.0,Available,0.0,False,https://github.com/salimt/football-datasets,46,1,real_wc2026_squads_transfermarkt_openfootball,2026-06-02
Aleksandar Pavlović,Germany,3166,4,2,31,15,102,48,17,28,24,19,87.0,9,92.8,84.4,62.9,4,17,40,3,1,19,66,26,57,69,45,0,0,21,3.97,1.78,5.0,0.0,45,188.0,96.1,74.8,100,100.0,0.0,Available,0.0,False,https://github.com/salimt/football-datasets,10,1,real_wc2026_squads_transfermarkt_openfootball,2026-06-02
Joshua Kimmich,Germany,4163,2,13,30,52,178,61,22,52,45,18,86.4,13,91.0,93.1,97.3,2,17,39,14,9,78,116,34,99,91,58,0,0,20,2.41,10.4,8.0,0.0,50,177.0,91.1,92.7,100,100.0,0.0,Available,0.0,False,https://github.com/salimt/football-datasets,109,11,real_wc2026_squads_transfermarkt_openfootball,2026-06-02
Kai Havertz,Germany,976,6,5,32,21,44,21,8,6,5,4,82.4,5,94.9,75.4,72.3,6,22,55,6,4,31,29,12,11,19,5,0,0,7,5.78,4.03,2.0,0.0,23,193.0,94.7,77.7,100,21.2,78.8,Active: Knee bruise; Knee problems,0.0,True,https://github.com/salimt/football-datasets,57,21,real_wc2026_squads_transfermarkt_openfootball,2026-06-02
Leon Goretzka,Germany,2359,5,5,34,24,90,35,13,23,20,12,84.0,11,85.0,77.9,81.7,5,20,48,6,4,34,58,19,43,46,9,0,0,14,4.9,4.1,4.0,0.0,49,189.0,73.9,78.7,100,100.0,0.0,Available,0.0,False,https://github.com/salimt/football-datasets,69,15,real_wc2026_squads_transfermarkt_openfootball,2026-06-02
Jamie Leweling,Germany,3537,11,12,78,58,109,71,27,11,9,11,81.0,19,88.2,92.3,49.8,11,54,126,15,34,82,71,39,21,69,15,0,0,17,11.28,9.85,6.0,0.0,50,185.0,83.0,67.0,100,100.0,0.0,Available,0.0,False,https://github.com/salimt/football-datasets,4,1,real_wc2026_squads_transfermarkt_openfootball,2026-06-02
Jamal Musiala,Germany,1219,5,6,30,25,53,25,9,8,7,4,83.2,5,94.0,77.1,68.9,5,20,49,7,4,37,34,14,14,23,6,0,0,6,4.9,4.82,2.0,0.0,25,184.0,99.6,78.8,100,23.5,76.5,Active: strain; infection,0.0,True,https://github.com/salimt/football-datasets,41,9,real_wc2026_squads_transfermarkt_openfootball,2026-06-02
Nick Woltemade,Germany,3255,12,5,81,35,122,72,27,11,10,16,82.7,16,95.7,92.7,66.6,12,57,134,8,4,45,79,40,21,63,16,0,0,23,12.21,4.38,1.0,0.0,54,198.0,97.0,75.0,100,100.0,0.0,Available,0.0,False,https://github.com/salimt/football-datasets,11,4,real_wc2026_squads_transfermarkt_openfootball,2026-06-02
Oliver Baumann,Germany,3270,0,0,4,2,58,19,7,26,22,17,77.0,12,75.6,52.0,69.9,0,2,5,0,0,2,38,10,52,46,39,87,7,17,0.1,0.05,3.0,0.0,36,187.0,47.0,68.8,100,100.0,0.0,Available,0.0,False,https://github.com/salimt/football-datasets,12,0,real_wc2026_squads_transfermarkt_openfootball,2026-06-02
Pascal Groß,Germany,2684,1,5,23,25,65,33,13,19,16,10,81.0,15,79.1,70.7,69.1,1,14,32,6,4,35,42,18,38,52,7,0,0,12,1.48,4.12,3.0,0.0,39,181.0,49.7,66.9,100,100.0,0.0,Available,0.0,False,https://github.com/salimt/football-datasets,18,1,real_wc2026_squads_transfermarkt_openfootball,2026-06-02
Maximilian Beier,Germany,2781,11,10,71,48,94,59,22,9,7,8,81.4,15,89.4,88.2,56.0,11,50,118,12,7,68,61,32,17,54,12,0,0,14,11.08,8.2,4.0,0.0,45,185.0,86.5,67.1,100,100.0,0.0,Available,0.0,False,https://github.com/salimt/football-datasets,8,0,real_wc2026_squads_transfermarkt_openfootball,2026-06-02
Nico Schlotterbeck,Germany,3290,5,2,27,11,114,41,15,35,30,22,87.0,7,92.3,86.1,75.3,5,14,33,3,1,15,74,23,69,64,47,0,7,24,4.6,1.67,8.0,0.0,37,191.0,94.7,77.4,100,39.8,60.2,Active: Hamstring injury; Torn muscle fiber,0.0,True,https://github.com/salimt/football-datasets,26,0,real_wc2026_squads_transfermarkt_openfootball,2026-06-02
Angelo Stiller,Germany,4249,2,10,30,43,129,63,23,37,30,22,86.6,13,91.6,91.7,58.3,2,17,39,11,7,63,84,35,74,93,60,0,0,24,2.41,8.07,3.0,0.0,52,183.0,92.8,71.6,100,100.0,0.0,Available,0.0,False,https://github.com/salimt/football-datasets,7,0,real_wc2026_squads_transfermarkt_openfootball,2026-06-02
Florian Wirtz,Germany,3504,7,10,60,49,152,72,26,22,19,8,83.1,15,96.4,93.8,80.4,7,40,93,12,7,69,99,40,41,65,17,0,0,13,7.46,8.22,2.0,0.0,49,177.0,99.0,85.0,100,100.0,0.0,Available,0.0,False,https://github.com/salimt/football-datasets,40,11,real_wc2026_squads_transfermarkt_openfootball,2026-06-02
Nathaniel Brown,Germany,3461,4,6,33,28,97,50,18,26,21,13,82.1,11,90.3,87.8,49.6,4,19,45,7,29,40,63,28,53,70,15,0,7,15,4.07,4.9,4.0,0.0,42,176.0,89.0,68.1,100,100.0,0.0,Available,0.0,False,https://github.com/salimt/football-datasets,4,0,real_wc2026_squads_transfermarkt_openfootball,2026-06-02
Leroy Sané,Germany,3011,7,7,59,39,130,60,22,21,19,9,80.8,17,76.0,86.7,88.4,7,41,96,9,27,53,84,33,38,59,12,0,0,14,7.51,5.88,0.0,0.0,38,183.0,81.5,87.9,100,100.0,0.0,Available,0.0,False,https://github.com/salimt/football-datasets,75,16,real_wc2026_squads_transfermarkt_openfootball,2026-06-02
Nadiem Amiri,Germany,2441,15,4,69,21,69,37,13,16,13,9,84.2,11,85.6,83.4,57.9,15,41,99,5,3,29,45,20,32,47,9,0,0,14,13.75,3.32,7.0,0.0,30,180.0,75.5,65.9,100,100.0,0.0,Available,0.0,False,https://github.com/salimt/football-datasets,10,1,real_wc2026_squads_transfermarkt_openfootball,2026-06-02
Alexander Nübel,Germany,4470,0,2,5,9,91,37,13,31,25,27,80.1,12,84.0,75.3,48.0,0,2,5,2,1,13,59,20,63,63,58,119,9,27,0.1,1.62,0.0,0.0,49,193.0,71.1,61.6,100,100.0,0.0,Available,0.0,False,https://github.com/salimt/football-datasets,3,0,real_wc2026_squads_transfermarkt_openfootball,2026-06-02
David Raum,Germany,2916,3,9,26,36,100,39,14,29,25,13,80.7,11,86.6,83.6,75.1,3,15,35,10,27,54,65,21,57,59,11,0,6,15,3.09,7.2,7.0,0.0,34,181.0,78.5,80.0,100,100.0,0.0,Available,0.0,False,https://github.com/salimt/football-datasets,36,1,real_wc2026_squads_transfermarkt_openfootball,2026-06-02
Felix Nmecha,Germany,3251,5,3,41,21,103,55,20,20,17,17,86.5,12,91.6,86.1,55.0,5,25,59,5,2,27,67,30,41,63,15,0,0,20,5.15,2.62,0.0,0.0,44,190.0,92.8,67.8,100,100.0,0.0,Available,0.0,False,https://github.com/salimt/football-datasets,7,1,real_wc2026_squads_transfermarkt_openfootball,2026-06-02
Malick Thiaw,Germany,4641,5,1,31,10,118,53,19,41,34,32,85.5,13,90.8,86.3,55.5,5,16,38,2,1,12,77,29,83,90,63,0,9,34,4.7,0.95,9.0,0.0,54,194.0,83.0,64.1,100,100.0,0.0,Available,0.0,False,https://github.com/salimt/football-datasets,5,0,real_wc2026_squads_transfermarkt_openfootball,2026-06-02
Lennart Karl,Germany,1918,9,8,51,35,63,39,14,6,5,2,82.6,9,92.5,83.4,35.6,9,34,82,9,6,51,41,21,13,36,9,0,0,6,8.72,6.48,1.0,0.0,39,168.0,95.3,59.6,100,100.0,0.0,Available,0.0,False,https://github.com/salimt/football-datasets,3,0,real_wc2026_squads_transfermarkt_openfootball,2026-06-02
Deniz Undav,Germany,3645,25,14,130,66,120,76,28,11,10,8,81.0,20,88.2,94.2,60.8,25,91,214,17,10,94,78,42,22,71,15,0,0,19,24.05,11.45,8.0,0.0,46,179.0,83.0,69.0,100,20.4,79.6,Active: Torn lateral knee ligament; Shin injury,0.0,True,https://github.com/salimt/football-datasets,8,6,real_wc2026_squads_transfermarkt_openfootball,2026-06-02
Yahia Fofana,Ivory Coast,2790,0,1,3,5,62,16,5,27,23,17,76.6,11,62.8,60.4,80.5,0,1,2,1,1,7,40,9,52,39,32,74,6,17,0.05,0.82,2.0,0.0,31,194.0,43.9,74.1,100,100.0,0.0,Available,0.0,False,https://github.com/salimt/football-datasets,34,0,real_wc2026_squads_transfermarkt_openfootball,2026-06-02
Ousmane Diomande,Ivory Coast,2071,1,1,10,6,64,26,9,20,17,13,86.7,5,83.2,69.1,54.5,1,5,12,1,1,8,42,14,40,40,29,0,4,14,1.03,0.85,6.0,0.0,29,190.0,92.8,65.5,100,100.0,0.0,Available,0.0,False,https://github.com/salimt/football-datasets,14,1,real_wc2026_squads_transfermarkt_openfootball,2026-06-02
Ghislain Konan,Ivory Coast,2661,0,0,15,7,85,31,11,29,25,10,78.5,12,72.0,50.7,83.8,0,8,18,1,19,7,55,17,55,54,8,0,5,11,0.4,0.18,5.0,0.0,30,176.0,61.0,79.3,100,100.0,0.0,Available,0.0,False,https://github.com/salimt/football-datasets,53,0,real_wc2026_squads_transfermarkt_openfootball,2026-06-02
Jean Michaël Seri,Ivory Coast,158,0,0,1,0,4,1,1,2,2,1,79.3,1,56.6,33.4,77.6,0,1,2,0,0,0,3,1,4,3,2,0,0,1,0.05,0.0,0.0,0.0,2,168.0,37.4,73.2,100,0.0,100.0,Active: Calf strain; bruise,0.0,True,https://github.com/salimt/football-datasets,65,4,real_wc2026_squads_transfermarkt_openfootball,2026-06-02
Wilfried Singo,Ivory Coast,1429,2,3,11,11,48,17,6,16,13,9,85.7,4,77.2,68.9,70.0,2,6,15,3,2,17,31,9,31,28,20,0,3,10,1.86,2.37,3.0,0.0,26,190.0,85.0,72.5,100,100.0,0.0,Available,0.0,False,https://github.com/salimt/football-datasets,33,1,real_wc2026_squads_transfermarkt_openfootball,2026-06-02
Seko Fofana,Ivory Coast,1349,4,1,23,8,42,19,7,11,9,6,82.8,7,73.4,65.3,67.5,4,14,34,2,1,10,27,10,21,26,4,0,0,8,3.82,0.9,1.0,0.0,32,185.0,64.8,71.1,100,100.0,0.0,Available,0.0,False,https://github.com/salimt/football-datasets,31,7,real_wc2026_squads_transfermarkt_openfootball,2026-06-02
Odilon Kossounou,Ivory Coast,2246,1,1,10,7,74,25,9,25,21,15,85.2,6,86.0,67.6,78.7,1,5,12,2,1,9,48,14,49,44,30,0,4,16,1.03,0.88,3.0,0.0,36,191.0,80.5,76.4,100,100.0,0.0,Available,0.0,False,https://github.com/salimt/football-datasets,35,0,real_wc2026_squads_transfermarkt_openfootball,2026-06-02
Franck Kessié,Ivory Coast,408,0,1,3,5,17,6,2,4,4,2,84.5,2,71.0,55.0,80.9,0,2,5,1,1,7,11,3,8,8,2,0,0,2,0.1,0.82,0.0,0.0,5,183.0,78.5,81.2,100,100.0,0.0,Available,0.0,False,https://github.com/salimt/football-datasets,102,15,real_wc2026_squads_transfermarkt_openfootball,2026-06-02
Ange-Yoan Bonny,Ivory Coast,1675,7,9,44,38,47,34,13,3,3,6,80.3,10,85.3,77.9,34.0,7,31,74,10,6,56,31,19,7,33,7,0,0,10,7.01,7.25,1.0,0.0,48,189.0,78.5,55.4,100,100.0,0.0,Available,0.0,False,https://github.com/salimt/football-datasets,0,0,real_wc2026_squads_transfermarkt_openfootball,2026-06-02
Simon Adingra,Ivory Coast,1677,4,3,33,19,63,33,12,9,8,3,80.7,9,83.4,72.4,64.7,4,23,55,4,14,25,41,18,16,33,7,0,0,6,4.27,2.58,2.0,0.0,31,175.0,80.5,64.7,100,100.0,0.0,Available,0.0,False,https://github.com/salimt/football-datasets,28,5,real_wc2026_squads_transfermarkt_openfootball,2026-06-02
Yan Diomande,Ivory Coast,3076,14,10,83,49,108,65,24,11,9,8,82.3,15,91.6,92.4,57.2,14,57,134,12,29,69,70,36,22,60,14,0,0,15,13.77,8.22,3.0,0.0,41,180.0,92.8,63.0,100,100.0,0.0,Available,,False,,9,3,real_wc2026_squads_transfermarkt_openfootball,2026-06-02
Elye Wahi,Ivory Coast,1329,6,4,37,21,36,26,10,3,2,4,79.5,8,80.1,71.6,35.6,6,26,63,5,3,29,23,14,6,26,5,0,0,7,5.98,3.32,6.0,0.0,28,184.0,71.1,54.8,100,100.0,0.0,Available,0.0,False,https://github.com/salimt/football-datasets,1,0,real_wc2026_squads_transfermarkt_openfootball,2026-06-02
Christopher Opéri,Ivory Coast,2444,2,8,20,32,53,27,10,20,17,12,77.4,12,65.8,73.6,54.7,2,11,26,8,23,48,34,15,40,49,6,0,5,13,2.11,6.4,3.0,0.0,29,183.0,52.4,61.6,100,100.0,0.0,Available,0.0,False,https://github.com/salimt/football-datasets,11,0,real_wc2026_squads_transfermarkt_openfootball,2026-06-02
Oumar Diakité,Ivory Coast,1199,3,2,25,14,38,22,8,6,5,4,77.7,8,65.5,62.7,62.5,3,18,43,3,1,18,25,12,11,23,3,0,0,6,3.24,1.75,5.0,0.0,22,185.0,57.1,66.8,100,100.0,0.0,Available,0.0,False,https://github.com/salimt/football-datasets,28,6,real_wc2026_squads_transfermarkt_openfootball,2026-06-02
Amad Diallo,Ivory Coast,2781,5,5,49,32,106,59,22,12,11,4,82.4,14,94.6,84.8,61.3,5,34,79,7,24,42,69,32,23,54,13,0,0,8,5.6,4.3,3.0,0.0,38,173.0,94.0,65.5,100,100.0,0.0,Available,0.0,False,https://github.com/salimt/football-datasets,18,5,real_wc2026_squads_transfermarkt_openfootball,2026-06-02
Mohamed Koné,Ivory Coast,810,0,0,1,0,7,4,1,5,4,4,74.8,4,56.2,34.8,30.5,0,0,0,0,0,0,5,2,11,11,9,22,2,4,0.0,0.0,1.0,0.0,9,186.0,30.7,43.9,100,100.0,0.0,Available,0.0,False,https://github.com/salimt/football-datasets,0,0,real_wc2026_squads_transfermarkt_openfootball,2026-06-02
Guéla Doué,Ivory Coast,2438,3,6,24,25,73,32,12,22,18,13,80.5,9,82.1,77.8,62.1,3,14,33,7,22,37,47,18,43,49,9,0,5,15,3.04,4.82,3.0,0.0,29,186.0,76.6,70.5,100,100.0,0.0,Available,0.0,False,https://github.com/salimt/football-datasets,19,2,real_wc2026_squads_transfermarkt_openfootball,2026-06-02
Ibrahim Sangaré,Ivory Coast,3156,2,3,24,18,118,43,16,37,32,20,85.0,11,89.9,78.9,91.4,2,14,33,4,2,24,77,24,71,69,43,0,0,22,2.26,2.55,7.0,0.0,47,191.0,80.5,89.4,100,100.0,0.0,Available,0.0,False,https://github.com/salimt/football-datasets,57,12,real_wc2026_squads_transfermarkt_openfootball,2026-06-02
Nicolas Pépé,Ivory Coast,3183,8,11,64,53,120,59,22,20,18,9,78.8,20,84.2,86.3,89.4,8,44,103,13,31,75,78,32,37,62,11,0,0,14,8.44,9.02,5.0,0.0,46,183.0,66.0,75.4,100,100.0,0.0,Available,0.0,False,https://github.com/salimt/football-datasets,54,12,real_wc2026_squads_transfermarkt_openfootball,2026-06-02
Emmanuel Agbadou,Ivory Coast,2464,1,3,11,13,64,24,9,25,21,16,83.3,9,70.8,69.9,62.3,1,6,14,3,2,19,42,13,50,48,31,0,5,17,1.08,2.42,6.0,0.0,31,192.0,66.7,64.6,100,100.0,0.0,Available,0.0,False,https://github.com/salimt/football-datasets,19,2,real_wc2026_squads_transfermarkt_openfootball,2026-06-02
Evan Ndicka,Ivory Coast,3840,5,0,29,6,127,45,16,41,35,26,85.9,10,88.1,84.1,77.2,5,15,35,1,0,6,83,25,82,75,53,0,8,28,4.65,0.15,7.0,0.0,46,192.0,86.5,76.8,100,100.0,0.0,Available,0.0,False,https://github.com/salimt/football-datasets,28,0,real_wc2026_squads_transfermarkt_openfootball,2026-06-02
Evann Guessand,Ivory Coast,1732,4,1,34,13,64,35,13,8,7,6,81.3,9,91.5,71.2,60.8,4,23,55,3,13,15,42,19,15,34,7,0,0,9,4.27,1.02,2.0,0.0,33,188.0,85.0,63.4,100,100.0,0.0,Available,0.0,False,https://github.com/salimt/football-datasets,21,4,real_wc2026_squads_transfermarkt_openfootball,2026-06-02
Alban Lafont,Ivory Coast,2865,0,0,4,2,42,17,6,20,17,19,76.9,11,54.2,49.4,47.2,0,2,5,0,0,2,27,9,41,40,34,76,6,19,0.1,0.05,2.0,0.0,32,196.0,47.0,56.4,100,100.0,0.0,Available,0.0,False,https://github.com/salimt/football-datasets,4,0,real_wc2026_squads_transfermarkt_openfootball,2026-06-02
Bazoumana Touré,Ivory Coast,2563,7,12,54,52,80,52,19,8,7,5,81.0,14,88.2,85.3,48.1,7,37,87,14,27,76,52,29,16,50,11,0,0,9,7.31,9.7,2.0,0.0,35,175.0,83.0,56.1,100,100.0,0.0,Available,,False,,5,2,real_wc2026_squads_transfermarkt_openfootball,2026-06-02
Parfait Guiagon,Ivory Coast,2278,8,5,54,29,54,39,15,7,6,2,77.0,16,63.8,75.1,46.1,8,37,88,7,20,39,35,21,14,44,6,0,0,6,8.09,4.22,7.0,0.0,28,169.0,52.4,48.8,100,100.0,0.0,Available,,False,,5,0,real_wc2026_squads_transfermarkt_openfootball,2026-06-02
Christ Inao Oulaï,Ivory Coast,2078,2,4,22,20,32,21,8,13,11,6,78.1,14,57.1,62.7,48.3,2,13,31,5,3,28,21,12,26,40,3,0,0,8,2.21,3.3,9.0,0.0,25,173.0,27.6,53.1,100,100.0,0.0,Available,,False,,8,0,real_wc2026_squads_transfermarkt_openfootball,2026-06-02
Zion Suzuki,Japan,1980,0,0,2,1,57,18,6,18,15,11,81.0,5,85.3,49.7,59.2,0,1,2,0,0,1,37,10,35,28,26,53,4,11,0.05,0.02,1.0,0.0,22,190.0,78.5,69.3,100,100.0,0.0,Available,,False,,24,0,real_wc2026_squads_transfermarkt_openfootball,2026-06-02
Yukinari Sugawara,Japan,2524,0,6,14,26,69,30,11,23,19,11,78.8,11,81.3,72.0,59.5,0,8,18,7,22,38,45,16,45,51,8,0,5,12,0.4,4.85,2.0,0.0,32,179.0,63.4,66.4,100,100.0,0.0,Available,0.0,False,https://github.com/salimt/football-datasets,21,2,real_wc2026_squads_transfermarkt_openfootball,2026-06-02
Shōgo Taniguchi,Japan,2248,1,1,10,7,47,14,5,26,22,12,78.7,12,56.2,57.7,69.3,1,5,12,2,1,9,31,8,50,44,25,0,4,13,1.03,0.88,3.0,0.0,30,183.0,30.7,59.3,100,100.0,0.0,Available,0.0,False,https://github.com/salimt/football-datasets,38,1,real_wc2026_squads_transfermarkt_openfootball,2026-06-02
Kō Itakura,Japan,1880,1,0,9,3,58,19,7,22,18,11,83.6,6,73.4,61.1,72.4,1,5,12,1,0,3,38,10,42,37,24,0,4,12,1.03,0.08,3.0,0.0,25,188.0,68.5,68.5,100,100.0,0.0,Available,0.0,False,https://github.com/salimt/football-datasets,40,2,real_wc2026_squads_transfermarkt_openfootball,2026-06-02
Yūto Nagatomo,Japan,0,0,0,0,0,2,1,0,1,1,0,72.7,1,45.6,22.4,71.6,0,0,0,0,1,0,1,1,2,2,0,0,0,0,0.0,0.0,,,0,170.0,22.7,64.9,100,100.0,0.0,Available,0.0,False,https://github.com/salimt/football-datasets,145,4,real_wc2026_squads_transfermarkt_openfootball,2026-06-02
Wataru Endo,Japan,455,0,1,3,4,15,5,2,5,5,2,82.1,2,81.7,51.0,79.0,0,2,5,1,1,6,10,3,11,10,6,0,0,2,0.1,0.8,1.0,0.0,12,178.0,57.1,77.9,100,100.0,0.0,Available,0.0,False,https://github.com/salimt/football-datasets,73,4,real_wc2026_squads_transfermarkt_openfootball,2026-06-02
Ao Tanaka,Japan,1699,4,0,26,6,57,24,9,15,13,6,83.4,8,85.7,66.1,65.8,4,16,38,1,0,6,37,13,28,33,6,0,0,8,3.92,0.15,2.0,0.0,33,180.0,68.5,74.9,100,100.0,0.0,Available,0.0,False,https://github.com/salimt/football-datasets,38,8,real_wc2026_squads_transfermarkt_openfootball,2026-06-02
Takefusa Kubo,Japan,1746,2,4,27,23,74,36,13,11,10,3,81.5,9,91.4,72.4,76.8,2,19,45,5,15,31,48,20,20,34,8,0,0,5,2.51,3.38,3.0,0.0,27,173.0,86.5,76.5,100,100.0,0.0,Available,0.0,False,https://github.com/salimt/football-datasets,49,7,real_wc2026_squads_transfermarkt_openfootball,2026-06-02
Keisuke Gotō,Japan,2081,10,5,59,28,40,33,13,5,5,8,74.8,16,57.8,71.8,38.8,10,41,98,7,4,38,26,18,11,40,4,0,0,13,9.85,4.2,4.0,0.0,28,191.0,35.0,45.3,100,100.0,0.0,Available,,False,,4,0,real_wc2026_squads_transfermarkt_openfootball,2026-06-02
Ritsu Dōan,Japan,3057,7,6,59,36,126,60,22,20,18,4,80.2,17,86.0,85.5,88.8,7,41,96,9,26,48,82,33,37,59,12,0,0,9,7.51,5.1,6.0,0.0,40,172.0,76.6,81.2,100,100.0,0.0,Available,0.0,False,https://github.com/salimt/football-datasets,65,11,real_wc2026_squads_transfermarkt_openfootball,2026-06-02
Daizen Maeda,Japan,3497,9,9,71,48,123,67,25,18,16,5,79.6,21,63.1,89.0,74.0,9,49,115,12,32,66,80,37,33,68,13,0,0,11,9.47,7.5,5.0,0.0,45,173.0,72.7,72.2,100,100.0,0.0,Available,0.0,False,https://github.com/salimt/football-datasets,27,4,real_wc2026_squads_transfermarkt_openfootball,2026-06-02
Keisuke Ōsako,Japan,0,0,0,0,0,1,0,0,1,1,1,76.6,0,51.2,25.6,30.4,0,0,0,0,0,0,1,0,1,1,1,2,0,1,0.0,0.0,,,0,190.0,38.5,45.4,100,100.0,0.0,Available,0.0,False,https://github.com/salimt/football-datasets,11,0,real_wc2026_squads_transfermarkt_openfootball,2026-06-02
Keito Nakamura,Japan,0,0,0,1,1,3,2,1,0,0,0,77.8,1,77.9,30.8,46.2,0,1,2,0,1,1,2,1,1,2,0,0,0,0,0.05,0.02,,,0,180.0,64.8,55.4,100,100.0,0.0,Available,0.0,False,https://github.com/salimt/football-datasets,25,10,real_wc2026_squads_transfermarkt_openfootball,2026-06-02
Junya Itō,Japan,1534,5,2,35,15,54,26,10,10,9,3,76.7,11,62.9,65.9,81.0,5,24,58,3,12,19,35,14,19,30,4,0,0,6,5.1,1.78,4.0,0.0,26,177.0,49.7,71.5,100,100.0,0.0,Available,0.0,False,https://github.com/salimt/football-datasets,69,15,real_wc2026_squads_transfermarkt_openfootball,2026-06-02
Daichi Kamada,Japan,2208,0,1,23,15,83,39,15,15,13,6,79.6,12,86.6,61.7,79.5,0,15,34,3,1,17,54,21,27,41,8,0,0,8,0.75,1.08,4.0,0.0,32,180.0,71.1,82.9,100,100.0,0.0,Available,0.0,False,https://github.com/salimt/football-datasets,49,12,real_wc2026_squads_transfermarkt_openfootball,2026-06-02
Tsuyoshi Watanabe,Japan,3320,5,0,27,5,80,33,12,31,26,19,83.6,11,73.4,78.7,55.4,5,14,33,1,0,5,52,18,63,65,43,0,7,21,4.6,0.12,1.0,0.0,39,186.0,68.5,59.2,100,100.0,0.0,Available,0.0,False,https://github.com/salimt/football-datasets,11,0,real_wc2026_squads_transfermarkt_openfootball,2026-06-02
Yuito Suzuki,Japan,2951,9,7,67,40,88,59,22,9,7,5,79.8,18,85.0,85.8,49.0,9,47,110,10,5,54,57,32,17,57,11,0,0,11,9.37,5.9,4.0,0.0,41,175.0,73.9,58.7,100,100.0,0.0,Available,0.0,False,https://github.com/salimt/football-datasets,6,0,real_wc2026_squads_transfermarkt_openfootball,2026-06-02
Ayase Ueda,Japan,3226,26,2,128,26,116,61,23,17,16,8,78.6,21,72.1,88.5,79.1,26,90,213,5,1,30,75,34,32,63,10,0,0,19,24.78,2.05,2.0,0.0,40,182.0,64.8,73.5,100,100.0,0.0,Available,0.0,False,https://github.com/salimt/football-datasets,39,16,real_wc2026_squads_transfermarkt_openfootball,2026-06-02
Kōki Ogawa,Japan,1375,9,4,47,21,35,23,9,5,5,4,76.0,10,64.8,68.6,50.7,9,33,81,5,3,29,23,13,10,27,3,0,0,8,8.67,3.32,1.0,0.0,29,186.0,43.9,53.7,100,100.0,0.0,Available,0.0,False,https://github.com/salimt/football-datasets,15,11,real_wc2026_squads_transfermarkt_openfootball,2026-06-02
Ayumu Seko,Japan,2625,0,0,8,4,42,17,6,26,21,15,79.1,13,66.9,44.8,55.9,0,4,9,1,0,4,27,9,51,51,29,0,5,15,0.2,0.1,6.0,0.0,30,186.0,33.2,52.4,100,100.0,0.0,Available,,False,,14,0,real_wc2026_squads_transfermarkt_openfootball,2026-06-02
Hiroki Itō,Japan,1049,1,2,7,8,31,11,4,11,9,6,84.7,3,86.0,62.8,54.6,1,4,10,2,1,12,20,6,22,20,14,0,2,6,0.98,1.6,0.0,0.0,23,188.0,76.6,60.4,100,100.0,0.0,Available,0.0,False,https://github.com/salimt/football-datasets,24,1,real_wc2026_squads_transfermarkt_openfootball,2026-06-02
Takehiro Tomiyasu,Japan,205,0,0,1,1,7,3,1,2,2,1,79.7,1,74.3,40.5,67.4,0,1,2,0,1,1,5,2,4,4,1,0,0,1,0.05,0.02,0.0,0.0,7,188.0,71.1,72.3,100,100.0,0.0,Available,0.0,False,https://github.com/salimt/football-datasets,43,1,real_wc2026_squads_transfermarkt_openfootball,2026-06-02
Tomoki Hayakawa,Japan,0,0,0,0,0,1,0,0,1,1,0,76.0,0,49.3,24.5,21.9,0,0,0,0,0,0,1,0,1,1,1,2,0,0,0.0,0.0,,,0,187.0,33.2,39.7,100,100.0,0.0,Available,,False,,4,0,real_wc2026_squads_transfermarkt_openfootball,2026-06-02
Kaishū Sano,Japan,3420,1,3,22,19,102,48,17,32,26,14,85.3,12,88.2,79.3,58.9,1,12,28,4,2,25,66,26,63,74,46,0,0,15,1.38,2.58,1.0,0.0,38,176.0,83.0,72.0,100,100.0,0.0,Available,0.0,False,https://github.com/salimt/football-datasets,13,0,real_wc2026_squads_transfermarkt_openfootball,2026-06-02
Junnosuke Suzuki,Japan,2073,1,1,10,6,15,8,3,18,15,12,76.0,13,41.0,52.5,42.9,1,5,12,1,1,8,10,4,38,40,21,0,4,13,1.03,0.85,3.0,0.0,25,185.0,9.5,40.5,100,100.0,0.0,Available,,False,,6,0,real_wc2026_squads_transfermarkt_openfootball,2026-06-02
Kento Shiogai,Japan,847,10,0,44,5,17,14,5,2,2,2,76.0,6,74.5,64.8,29.5,10,31,80,1,0,5,11,8,4,16,2,0,0,6,9.35,0.12,4.0,0.0,26,180.0,43.9,42.0,100,100.0,0.0,Available,,False,,2,0,real_wc2026_squads_transfermarkt_openfootball,2026-06-02
Bart Verbruggen,Netherlands,3420,0,0,4,2,110,35,12,31,27,21,82.4,6,92.9,61.0,74.8,0,2,5,0,0,2,72,19,61,48,48,91,7,21,0.1,0.05,3.0,0.0,38,194.0,89.0,79.9,100,100.0,0.0,Available,0.0,False,https://github.com/salimt/football-datasets,27,0,real_wc2026_squads_transfermarkt_openfootball,2026-06-02
Jurriën Timber,Netherlands,3309,4,7,32,31,119,51,18,31,26,14,83.1,9,95.7,89.3,69.1,4,18,42,8,29,45,77,28,60,67,16,0,7,16,4.02,5.68,6.0,0.0,43,179.0,97.0,76.4,100,100.0,0.0,Available,0.0,False,https://github.com/salimt/football-datasets,23,0,real_wc2026_squads_transfermarkt_openfootball,2026-06-02
Marten de Roon,Netherlands,3918,2,4,28,23,122,46,17,44,37,22,82.7,17,79.6,79.8,81.7,2,16,37,6,3,31,79,25,85,85,49,0,0,24,2.36,3.38,9.0,0.0,50,185.0,62.2,78.4,100,100.0,0.0,Available,0.0,False,https://github.com/salimt/football-datasets,42,1,real_wc2026_squads_transfermarkt_openfootball,2026-06-02
Virgil van Dijk,Netherlands,4941,8,3,42,17,182,53,19,63,54,35,84.6,15,88.6,89.2,97.9,8,22,52,4,2,23,118,29,121,96,66,0,10,38,7.34,2.52,6.0,0.0,55,195.0,76.6,88.2,100,100.0,0.0,Available,0.0,False,https://github.com/salimt/football-datasets,90,12,real_wc2026_squads_transfermarkt_openfootball,2026-06-02
Nathan Aké,Netherlands,1711,0,0,5,3,60,18,7,21,18,9,84.7,5,88.6,47.6,77.6,0,3,7,0,0,3,39,10,40,33,23,0,3,9,0.15,0.08,1.0,0.0,33,180.0,76.6,77.0,100,100.0,0.0,Available,0.0,False,https://github.com/salimt/football-datasets,58,5,real_wc2026_squads_transfermarkt_openfootball,2026-06-02
Jan Paul van Hecke,Netherlands,3411,3,3,21,15,98,41,14,32,26,21,86.3,8,92.9,83.8,54.6,3,11,26,4,2,21,64,23,64,66,47,0,7,22,2.89,2.47,10.0,0.0,40,189.0,89.0,66.8,100,100.0,0.0,Available,0.0,False,https://github.com/salimt/football-datasets,10,0,real_wc2026_squads_transfermarkt_openfootball,2026-06-02
Justin Kluivert,Netherlands,1019,2,0,17,5,34,20,7,4,4,2,81.6,5,92.5,63.8,46.0,2,11,27,1,0,5,22,11,8,19,4,0,0,3,2.11,0.12,5.0,0.0,21,172.0,87.8,65.9,100,100.0,0.0,Available,0.0,False,https://github.com/salimt/football-datasets,11,0,real_wc2026_squads_transfermarkt_openfootball,2026-06-02
Ryan Gravenberch,Netherlands,4131,6,6,43,30,152,64,23,42,35,26,87.3,11,96.2,93.3,73.9,6,24,56,7,4,42,99,35,83,90,59,0,0,29,5.88,4.95,8.0,0.0,50,190.0,98.4,81.3,100,100.0,0.0,Available,0.0,False,https://github.com/salimt/football-datasets,25,1,real_wc2026_squads_transfermarkt_openfootball,2026-06-02
Wout Weghorst,Netherlands,2080,9,4,56,25,70,36,14,12,11,10,76.7,15,66.8,73.8,76.9,9,39,93,6,3,33,46,20,22,40,5,0,0,15,8.97,3.42,8.0,0.0,32,197.0,49.7,71.2,100,100.0,0.0,Available,0.0,False,https://github.com/salimt/football-datasets,51,14,real_wc2026_squads_transfermarkt_openfootball,2026-06-02
Memphis Depay,Netherlands,0,0,0,1,1,4,2,1,1,1,0,78.2,1,61.7,31.6,71.6,0,1,2,0,0,1,3,1,1,2,0,0,0,0,0.05,0.02,,,0,178.0,68.5,72.1,100,43.5,56.5,Active: Thigh problems; Hamstring strain,0.0,True,https://github.com/salimt/football-datasets,108,55,real_wc2026_squads_transfermarkt_openfootball,2026-06-02
Cody Gakpo,Netherlands,3596,9,6,72,39,161,78,29,22,20,16,82.8,17,95.7,93.2,82.9,9,50,117,9,30,51,105,43,40,70,17,0,0,22,9.52,5.17,3.0,0.0,52,193.0,97.0,86.0,100,100.0,0.0,Available,0.0,False,https://github.com/salimt/football-datasets,48,19,real_wc2026_squads_transfermarkt_openfootball,2026-06-02
Mats Wieffer,Netherlands,1940,2,3,17,15,59,27,10,17,14,11,81.3,7,90.8,71.3,53.7,2,10,24,4,16,21,38,15,33,39,8,0,4,12,2.06,2.47,8.0,0.0,28,188.0,83.0,65.1,100,100.0,0.0,Available,0.0,False,https://github.com/salimt/football-datasets,14,1,real_wc2026_squads_transfermarkt_openfootball,2026-06-02
Robin Roefs,Netherlands,3360,0,0,4,2,27,13,5,22,18,21,74.5,16,71.4,48.6,45.0,0,2,5,0,0,2,18,7,45,47,36,90,7,21,0.1,0.05,4.0,0.0,37,193.0,27.6,51.3,100,100.0,0.0,Available,0.0,False,https://github.com/salimt/football-datasets,0,0,real_wc2026_squads_transfermarkt_openfootball,2026-06-02
Tijjani Reijnders,Netherlands,2901,7,8,45,35,112,50,18,24,20,13,86.9,10,95.4,89.2,75.0,7,27,64,9,6,51,73,28,46,56,14,0,0,16,6.81,6.48,2.0,0.0,48,185.0,96.1,81.5,100,100.0,0.0,Available,0.0,False,https://github.com/salimt/football-datasets,30,7,real_wc2026_squads_transfermarkt_openfootball,2026-06-02
Micky van de Ven,Netherlands,3943,7,1,36,9,130,50,17,40,34,27,87.0,8,94.9,89.3,69.1,7,18,43,2,1,11,84,28,80,77,56,0,8,29,6.36,0.92,12.0,0.0,45,193.0,94.7,75.9,100,100.0,0.0,Available,0.0,False,https://github.com/salimt/football-datasets,19,1,real_wc2026_squads_transfermarkt_openfootball,2026-06-02
Guus Til,Netherlands,2987,17,8,89,40,85,54,20,11,9,11,79.9,16,75.3,88.2,46.0,17,59,140,10,6,56,55,30,22,56,11,0,0,18,16.21,6.6,4.0,0.0,40,187.0,73.9,63.1,100,100.0,0.0,Available,0.0,False,https://github.com/salimt/football-datasets,6,1,real_wc2026_squads_transfermarkt_openfootball,2026-06-02
Noa Lang,Netherlands,1916,3,5,32,27,66,39,14,8,7,3,81.0,10,76.5,75.1,55.7,3,22,52,7,17,37,43,21,15,37,8,0,0,6,3.44,4.18,6.0,0.0,44,173.0,83.0,68.2,100,100.0,0.0,Available,0.0,False,https://github.com/salimt/football-datasets,15,3,real_wc2026_squads_transfermarkt_openfootball,2026-06-02
Donyell Malen,Netherlands,2794,22,5,109,33,117,58,22,16,15,5,80.9,16,86.9,89.1,81.6,22,76,180,8,4,43,76,32,30,54,12,0,0,14,20.96,4.32,1.0,0.0,49,176.0,83.0,80.5,100,100.0,0.0,Available,0.0,False,https://github.com/salimt/football-datasets,51,13,real_wc2026_squads_transfermarkt_openfootball,2026-06-02
Brian Brobbey,Netherlands,1968,7,1,48,15,64,40,15,7,6,5,80.4,11,89.2,75.0,45.4,7,34,81,3,1,17,42,22,13,38,8,0,0,9,7.16,1.08,6.0,0.0,32,180.0,78.5,59.7,100,100.0,0.0,Available,0.0,False,https://github.com/salimt/football-datasets,10,1,real_wc2026_squads_transfermarkt_openfootball,2026-06-02
Teun Koopmeiners,Netherlands,2688,2,1,22,10,91,38,14,28,23,14,85.6,9,87.6,74.2,70.2,2,12,28,2,1,12,59,21,55,59,37,0,0,15,2.16,0.95,5.0,0.0,46,184.0,85.0,76.6,100,100.0,0.0,Available,0.0,False,https://github.com/salimt/football-datasets,27,3,real_wc2026_squads_transfermarkt_openfootball,2026-06-02
Frenkie de Jong,Netherlands,2569,1,8,22,34,111,44,16,24,21,10,87.0,9,95.0,82.3,85.2,1,13,30,9,6,50,72,24,46,50,12,0,0,12,1.43,6.45,6.0,0.0,38,181.0,97.0,87.3,100,6.0,94.0,Active: Calf injury; Tendonitis,0.0,True,https://github.com/salimt/football-datasets,64,2,real_wc2026_squads_transfermarkt_openfootball,2026-06-02
Denzel Dumfries,Netherlands,1776,5,2,27,11,70,25,9,20,17,10,81.3,6,86.9,73.8,82.3,5,15,37,3,14,15,46,14,38,36,7,0,4,12,4.65,1.67,2.0,0.0,28,188.0,83.0,80.9,100,100.0,0.0,Available,0.0,False,https://github.com/salimt/football-datasets,71,11,real_wc2026_squads_transfermarkt_openfootball,2026-06-02
Mark Flekken,Netherlands,3060,0,0,4,2,67,24,8,24,20,20,79.2,9,81.8,54.4,58.2,0,2,5,0,0,2,44,13,48,43,39,82,6,20,0.1,0.05,1.0,0.0,34,195.0,64.8,66.0,100,100.0,0.0,Available,0.0,False,https://github.com/salimt/football-datasets,11,0,real_wc2026_squads_transfermarkt_openfootball,2026-06-02
Crysencio Summerville,Netherlands,2715,7,5,55,31,77,54,20,7,5,4,80.7,15,89.9,83.2,40.7,7,38,89,7,23,41,50,30,14,53,11,0,0,9,7.36,4.28,7.0,0.0,34,174.0,80.5,59.5,100,100.0,0.0,Available,0.0,False,https://github.com/salimt/football-datasets,0,0,real_wc2026_squads_transfermarkt_openfootball,2026-06-02
Jorrel Hato,Netherlands,2248,2,1,19,9,66,33,12,18,15,11,82.1,7,92.9,72.0,42.8,2,11,26,2,17,11,43,18,36,45,10,0,4,12,2.11,0.92,7.0,0.0,36,182.0,89.0,60.3,100,100.0,0.0,Available,,False,,7,0,real_wc2026_squads_transfermarkt_openfootball,2026-06-02
Quinten Timber,Netherlands,2909,4,4,35,23,89,47,17,19,16,10,85.5,12,85.0,82.3,51.8,4,21,49,6,3,31,58,26,38,57,12,0,0,13,4.17,3.38,7.0,0.0,39,179.0,85.0,66.5,100,100.0,0.0,Available,0.0,False,https://github.com/salimt/football-datasets,10,1,real_wc2026_squads_transfermarkt_openfootball,2026-06-02
Jacob Widell Zetterström,Sweden,90,0,0,0,0,1,1,0,1,1,1,77.3,0,53.1,34.2,33.7,0,0,0,0,0,0,1,1,1,1,1,2,0,1,0.0,0.0,0.0,0.0,1,197.0,43.9,48.3,100,100.0,0.0,Available,0.0,False,https://github.com/salimt/football-datasets,3,0,real_wc2026_squads_transfermarkt_openfootball,2026-06-02
Gustaf Lagerbielke,Sweden,4239,3,0,23,6,88,37,13,39,33,29,82.1,17,70.7,76.2,65.7,3,12,28,1,0,6,57,20,80,82,52,0,8,30,2.94,0.15,11.0,0.0,50,193.0,57.1,62.6,100,100.0,0.0,Available,,False,,10,2,real_wc2026_squads_transfermarkt_openfootball,2026-06-02
Victor Lindelöf,Sweden,1784,0,1,5,6,64,19,7,22,19,11,84.3,6,87.6,59.8,86.6,0,3,7,1,1,8,42,10,43,35,23,0,4,11,0.15,0.85,2.0,0.0,28,187.0,73.9,77.4,100,100.0,0.0,Available,0.0,False,https://github.com/salimt/football-datasets,76,3,real_wc2026_squads_transfermarkt_openfootball,2026-06-02
Isak Hien,Sweden,2855,1,0,12,4,92,33,11,31,26,19,85.5,8,86.9,70.4,81.0,1,6,14,1,0,4,60,18,61,56,39,0,6,20,1.08,0.1,7.0,0.0,39,191.0,83.0,76.2,100,100.0,0.0,Available,0.0,False,https://github.com/salimt/football-datasets,28,0,real_wc2026_squads_transfermarkt_openfootball,2026-06-02
Gabriel Gudmundsson,Sweden,2936,1,1,20,11,89,38,14,27,23,13,80.2,11,87.6,71.3,77.4,1,11,26,2,22,13,58,21,53,59,11,0,6,14,1.33,0.98,4.0,0.0,35,180.0,73.9,78.4,100,100.0,0.0,Available,0.0,False,https://github.com/salimt/football-datasets,23,0,real_wc2026_squads_transfermarkt_openfootball,2026-06-02
Herman Johansson,Sweden,0,0,0,1,1,2,1,1,0,0,0,74.0,1,55.8,24.5,26.1,0,1,2,0,1,1,1,1,1,2,0,0,0,0,0.05,0.02,,,0,190.0,33.2,38.0,100,100.0,0.0,Available,,False,,3,0,real_wc2026_squads_transfermarkt_openfootball,2026-06-02
Lucas Bergvall,Sweden,1465,1,5,14,21,47,24,9,9,8,7,86.3,5,93.6,71.6,45.8,1,8,19,5,4,31,31,13,19,28,7,0,0,8,1.18,4.03,3.0,0.0,33,187.0,91.1,62.4,100,100.0,0.0,Available,0.0,False,https://github.com/salimt/football-datasets,9,0,real_wc2026_squads_transfermarkt_openfootball,2026-06-02
Daniel Svensson,Sweden,3642,4,2,34,16,105,50,18,30,25,18,81.0,13,87.3,83.4,70.3,4,19,44,4,28,20,68,28,61,74,15,0,7,20,4.07,1.8,2.0,0.0,47,183.0,80.5,75.8,100,100.0,0.0,Available,0.0,False,https://github.com/salimt/football-datasets,12,0,real_wc2026_squads_transfermarkt_openfootball,2026-06-02
Alexander Isak,Sweden,1032,4,1,26,9,48,23,9,6,6,4,83.0,5,96.5,70.9,80.9,4,18,44,2,1,11,31,13,11,20,5,0,0,6,4.02,0.92,0.0,0.0,22,192.0,99.3,85.4,100,100.0,0.0,Available,0.0,False,https://github.com/salimt/football-datasets,57,17,real_wc2026_squads_transfermarkt_openfootball,2026-06-02
Benjamin Nygren,Sweden,3345,20,7,103,39,89,56,21,14,12,13,78.2,20,59.0,88.1,62.9,20,68,161,9,5,53,58,31,27,62,10,0,0,21,19.0,5.88,3.0,0.0,50,188.0,61.0,71.8,100,100.0,0.0,Available,0.0,False,https://github.com/salimt/football-datasets,10,3,real_wc2026_squads_transfermarkt_openfootball,2026-06-02
Anthony Elanga,Sweden,2109,3,2,35,18,86,45,17,11,10,5,82.4,10,94.6,75.1,78.1,3,24,56,4,17,22,56,25,21,41,10,0,0,8,3.54,1.85,1.0,0.0,49,178.0,94.0,78.8,100,100.0,0.0,Available,,False,,29,6,real_wc2026_squads_transfermarkt_openfootball,2026-06-02
Viktor Johansson,Sweden,0,0,0,0,0,2,1,0,1,1,0,79.8,0,84.4,30.8,44.1,0,0,0,0,0,0,1,1,1,1,1,2,0,0,0.0,0.0,,,0,187.0,64.8,58.2,100,100.0,0.0,Available,,False,,12,0,real_wc2026_squads_transfermarkt_openfootball,2026-06-02
Ken Sema,Sweden,301,0,1,2,4,8,3,1,3,3,1,76.1,2,53.1,47.6,74.0,0,1,2,1,3,6,5,2,6,6,1,0,1,1,0.05,0.8,1.0,0.0,11,180.0,43.9,70.5,100,100.0,0.0,Available,0.0,False,https://github.com/salimt/football-datasets,33,5,real_wc2026_squads_transfermarkt_openfootball,2026-06-02
Hjalmar Ekdal,Sweden,1720,0,1,5,6,38,16,6,16,14,10,82.4,7,82.7,56.5,58.6,0,3,7,1,1,8,25,9,33,33,21,0,3,10,0.15,0.85,1.0,0.0,21,187.0,59.8,59.2,100,100.0,0.0,Available,0.0,False,https://github.com/salimt/football-datasets,12,0,real_wc2026_squads_transfermarkt_openfootball,2026-06-02
Carl Starfelt,Sweden,2394,1,0,11,4,56,22,8,24,20,14,82.5,9,82.0,62.5,67.1,1,6,14,1,0,4,36,12,48,47,30,0,5,15,1.08,0.1,2.0,0.0,31,187.0,59.8,63.9,100,100.0,0.0,Available,0.0,False,https://github.com/salimt/football-datasets,17,0,real_wc2026_squads_transfermarkt_openfootball,2026-06-02
Jesper Karlström,Sweden,3324,1,0,22,9,83,36,13,33,28,18,81.4,16,76.2,67.3,81.9,1,12,28,2,0,9,54,20,66,72,40,0,0,19,1.38,0.22,6.0,0.0,38,185.0,52.4,80.5,100,100.0,0.0,Available,0.0,False,https://github.com/salimt/football-datasets,24,0,real_wc2026_squads_transfermarkt_openfootball,2026-06-02
Viktor Gyökeres,Sweden,3427,21,3,113,30,146,76,28,17,15,12,82.7,17,95.7,95.2,88.6,21,79,186,7,2,36,95,42,32,67,17,0,0,21,20.33,2.85,5.0,0.0,54,189.0,97.0,89.1,100,100.0,0.0,Available,0.0,False,https://github.com/salimt/football-datasets,32,19,real_wc2026_squads_transfermarkt_openfootball,2026-06-02
Yasin Ayari,Sweden,2020,4,3,28,17,69,33,12,15,13,5,85.7,8,92.0,75.8,67.9,4,17,41,4,2,23,45,18,29,39,9,0,0,7,3.97,2.52,1.0,0.0,32,172.0,86.5,73.6,100,100.0,0.0,Available,0.0,False,https://github.com/salimt/football-datasets,20,3,real_wc2026_squads_transfermarkt_openfootball,2026-06-02
Mattias Svanberg,Sweden,885,5,2,23,9,30,13,5,8,7,4,83.7,4,84.0,67.4,78.3,5,14,36,2,1,13,20,7,15,17,3,0,0,6,4.6,1.62,4.0,0.0,25,185.0,71.1,76.3,100,100.0,0.0,Available,0.0,False,https://github.com/salimt/football-datasets,40,2,real_wc2026_squads_transfermarkt_openfootball,2026-06-02
Eric Smith,Sweden,2636,2,2,15,10,45,23,8,22,18,18,82.2,10,79.1,69.4,42.3,2,8,19,3,1,14,29,13,45,51,32,0,5,19,1.96,1.65,4.0,0.0,30,192.0,57.1,49.7,100,100.0,0.0,Available,0.0,False,https://github.com/salimt/football-datasets,1,0,real_wc2026_squads_transfermarkt_openfootball,2026-06-02
Alexander Bernhardsson,Sweden,83,2,0,8,1,2,1,1,0,0,0,75.6,1,75.6,51.7,45.2,2,6,30,0,1,1,1,1,1,2,0,0,0,1,1.86,0.02,0.0,0.0,2,185.0,47.0,51.3,100,100.0,0.0,Available,0.0,False,https://github.com/salimt/football-datasets,10,0,real_wc2026_squads_transfermarkt_openfootball,2026-06-02
Besfort Zeneli,Sweden,370,2,4,10,14,8,5,2,2,2,2,81.3,2,63.8,60.0,38.4,2,6,18,4,3,22,5,3,5,7,1,0,0,3,1.86,3.15,0.0,0.0,9,187.0,52.4,50.6,100,100.0,0.0,Available,0.0,False,https://github.com/salimt/football-datasets,7,0,real_wc2026_squads_transfermarkt_openfootball,2026-06-02
Kristoffer Nordfeldt,Sweden,360,0,0,0,0,5,1,0,3,3,2,73.7,2,45.6,31.4,60.6,0,0,0,0,0,0,3,1,6,5,4,10,1,2,0.0,0.0,0.0,0.0,4,190.0,22.7,58.9,100,100.0,0.0,Available,0.0,False,https://github.com/salimt/football-datasets,20,0,real_wc2026_squads_transfermarkt_openfootball,2026-06-02
Elliot Stroud,Sweden,0,0,0,1,1,2,1,1,0,0,0,75.3,1,53.1,26.6,18.7,0,1,2,0,1,1,1,1,0,2,0,0,0,0,0.05,0.02,,,0,185.0,43.9,36.1,100,100.0,0.0,Available,,False,,0,0,real_wc2026_squads_transfermarkt_openfootball,2026-06-02
Gustaf Nilsson,Sweden,75,0,0,1,1,2,2,1,0,0,0,75.3,1,60.9,34.0,39.8,0,1,2,0,0,1,1,1,1,2,0,0,0,0,0.05,0.02,2.0,0.0,7,196.0,43.9,51.7,100,100.0,0.0,Available,0.0,False,https://github.com/salimt/football-datasets,9,3,real_wc2026_squads_transfermarkt_openfootball,2026-06-02
Taha Ali,Sweden,672,4,2,21,10,11,10,4,2,1,1,74.6,5,49.3,58.0,32.2,4,14,36,3,6,14,7,6,4,13,1,0,0,3,3.82,1.65,1.0,0.0,12,174.0,33.2,41.4,100,100.0,0.0,Available,0.0,False,https://github.com/salimt/football-datasets,1,0,real_wc2026_squads_transfermarkt_openfootball,2026-06-02
Mouhib Chamakh,Tunisia,0,0,0,0,0,0,0,0,1,0,0,73.1,0,41.0,19.8,21.9,0,0,0,0,0,0,0,0,1,1,1,2,0,0,0.0,0.0,,,0,,9.5,34.9,100,100.0,0.0,Available,,False,,1,0,real_wc2026_squads_transfermarkt_openfootball,2026-06-02
Ali Abdi,Tunisia,1962,4,1,24,8,53,20,7,20,18,10,76.4,10,70.6,64.4,81.3,4,14,34,2,15,10,34,11,40,40,4,0,4,12,3.82,0.9,2.0,0.0,33,183.0,43.9,72.5,100,45.0,55.0,Active: Dead leg; Corona virus,0.0,True,https://github.com/salimt/football-datasets,45,7,real_wc2026_squads_transfermarkt_openfootball,2026-06-02
Montassar Talbi,Tunisia,2610,0,1,8,7,83,24,9,32,27,17,82.8,10,77.0,62.7,89.7,0,4,9,2,1,9,54,13,62,51,33,0,5,17,0.2,0.88,3.0,0.0,29,190.0,62.2,80.8,100,100.0,0.0,Available,0.0,False,https://github.com/salimt/football-datasets,62,4,real_wc2026_squads_transfermarkt_openfootball,2026-06-02
Omar Rekik,Tunisia,0,0,0,0,0,1,1,0,1,1,1,79.3,0,59.1,23.4,33.5,0,0,0,0,0,0,1,1,2,2,1,0,0,1,0.0,0.0,,,0,186.0,27.6,42.9,100,100.0,0.0,Available,0.0,False,https://github.com/salimt/football-datasets,4,0,real_wc2026_squads_transfermarkt_openfootball,2026-06-02
Adem Arous,Tunisia,1672,1,1,9,6,9,7,3,14,11,10,76.1,10,50.8,49.9,36.1,1,5,12,1,1,8,6,4,28,33,17,0,3,11,1.03,0.85,2.0,0.0,21,188.0,9.5,40.8,100,100.0,0.0,Available,,False,,1,0,real_wc2026_squads_transfermarkt_openfootball,2026-06-02
Dylan Bronn,Tunisia,423,0,0,1,1,10,3,1,5,4,2,79.5,2,50.3,34.3,76.7,0,1,2,0,0,1,6,2,10,8,5,0,1,2,0.05,0.02,3.0,0.0,6,185.0,35.9,68.4,100,100.0,0.0,Available,0.0,False,https://github.com/salimt/football-datasets,52,2,real_wc2026_squads_transfermarkt_openfootball,2026-06-02
Elias Achouri,Tunisia,2298,7,4,50,26,69,39,15,12,11,5,76.7,16,55.1,73.3,74.9,7,34,80,6,19,34,45,21,22,45,6,0,0,9,7.16,3.45,5.0,0.0,35,177.0,49.7,68.1,100,100.0,0.0,Available,0.0,False,https://github.com/salimt/football-datasets,29,4,real_wc2026_squads_transfermarkt_openfootball,2026-06-02
Elias Saad,Tunisia,105,0,1,1,4,3,2,1,0,0,0,76.6,1,77.5,48.2,51.8,0,1,2,1,1,6,2,1,1,2,0,0,0,0,0.05,0.8,1.0,0.0,2,185.0,52.4,56.0,100,100.0,0.0,Available,0.0,False,https://github.com/salimt/football-datasets,14,4,real_wc2026_squads_transfermarkt_openfootball,2026-06-02
Hazem Mastouri,Tunisia,1539,4,3,32,19,27,21,8,6,5,6,71.5,14,41.0,57.7,64.1,4,22,52,4,2,25,18,12,12,30,1,0,0,9,4.22,2.58,8.0,0.0,28,191.0,9.5,58.2,100,100.0,0.0,Available,,False,,18,4,real_wc2026_squads_transfermarkt_openfootball,2026-06-02
Hannibal Mejbri,Tunisia,0,0,0,1,0,2,1,0,1,1,0,75.1,1,41.0,19.8,63.2,0,1,2,0,0,0,1,1,2,2,0,0,0,0,0.05,0.0,,,0,,9.5,55.7,100,100.0,0.0,Available,,False,,44,1,real_wc2026_squads_transfermarkt_openfootball,2026-06-02
Ismaël Gharbi,Tunisia,497,1,1,9,6,15,9,3,2,2,1,78.4,3,80.9,55.9,55.8,1,6,15,1,4,8,10,5,4,10,2,0,0,2,1.08,0.85,0.0,0.0,14,173.0,62.2,60.1,100,100.0,0.0,Available,0.0,False,https://github.com/salimt/football-datasets,15,2,real_wc2026_squads_transfermarkt_openfootball,2026-06-02
Mortadha Ben Ouanes,Tunisia,2279,2,6,33,32,54,36,14,10,9,6,75.1,17,60.5,67.9,66.3,2,23,54,8,21,44,35,20,19,44,4,0,0,9,2.71,5.0,6.0,0.0,28,182.0,37.4,60.9,100,100.0,0.0,Available,0.0,False,https://github.com/salimt/football-datasets,17,0,real_wc2026_squads_transfermarkt_openfootball,2026-06-02
Rani Khedira,Tunisia,3135,5,2,34,15,48,30,11,25,21,19,79.9,17,73.5,74.5,52.3,5,19,45,3,1,19,31,16,52,68,36,0,0,21,4.85,1.78,7.0,0.0,35,189.0,41.0,60.0,100,100.0,0.0,Available,0.0,False,https://github.com/salimt/football-datasets,2,0,real_wc2026_squads_transfermarkt_openfootball,2026-06-02
Khalil Ayari,Tunisia,0,0,0,1,0,1,1,0,1,0,0,75.1,1,41.0,19.8,28.3,0,1,2,0,0,0,1,1,1,2,0,0,0,0,0.05,0.0,,,0,,9.5,36.5,100,100.0,0.0,Available,,False,,2,0,real_wc2026_squads_transfermarkt_openfootball,2026-06-02
Hadj Mahmoud,Tunisia,0,0,0,1,0,1,1,0,1,0,0,75.1,1,41.0,19.8,37.8,0,1,2,0,0,0,1,1,1,2,0,0,0,0,0.05,0.0,,,0,,9.5,41.7,100,100.0,0.0,Available,,False,,7,0,real_wc2026_squads_transfermarkt_openfootball,2026-06-02
Aymen Dahmen,Tunisia,0,0,0,0,0,1,0,0,1,1,0,73.1,0,41.0,19.8,58.9,0,0,0,0,0,0,1,0,2,1,1,2,0,0,0.0,0.0,,,0,188.0,9.5,55.3,100,100.0,0.0,Available,,False,,37,0,real_wc2026_squads_transfermarkt_openfootball,2026-06-02
Ellyes Skhiri,Tunisia,2244,1,0,16,6,76,26,10,27,24,12,82.4,10,80.1,61.4,89.3,1,9,21,1,0,6,49,14,53,49,28,0,0,13,1.23,0.15,1.0,0.0,38,185.0,59.8,84.1,100,100.0,0.0,Available,0.0,False,https://github.com/salimt/football-datasets,81,4,real_wc2026_squads_transfermarkt_openfootball,2026-06-02
Rayan Elloumi,Tunisia,0,0,0,1,1,1,1,0,0,0,0,71.1,1,47.5,19.8,28.3,0,1,2,0,0,1,1,1,0,2,0,0,0,0,0.05,0.02,,,0,180.0,9.5,38.5,100,100.0,0.0,Available,,False,,2,0,real_wc2026_squads_transfermarkt_openfootball,2026-06-02
Firas Chaouat,Tunisia,0,0,0,1,1,2,1,0,0,0,0,71.1,1,41.0,19.8,54.7,0,1,2,0,0,1,1,1,1,2,0,0,0,0,0.05,0.02,,,0,,9.5,53.0,100,100.0,0.0,Available,,False,,28,6,real_wc2026_squads_transfermarkt_openfootball,2026-06-02
Yan Valery,Tunisia,0,0,0,0,0,2,1,0,1,1,0,76.9,0,52.0,26.1,52.6,0,0,0,0,1,0,1,1,2,2,0,0,0,0,0.0,0.0,,,0,185.0,41.0,56.1,100,100.0,0.0,Available,0.0,False,https://github.com/salimt/football-datasets,21,0,real_wc2026_squads_transfermarkt_openfootball,2026-06-02
Mohamed Amine Ben Hamida,Tunisia,0,0,0,0,0,1,1,0,1,1,0,72.6,1,55.0,22.2,42.0,0,0,0,0,1,0,1,1,2,2,0,0,0,0,0.0,0.0,,,0,175.0,21.6,46.4,100,100.0,0.0,Available,0.0,False,https://github.com/salimt/football-datasets,12,0,real_wc2026_squads_transfermarkt_openfootball,2026-06-02
Sabri Ben Hessen,Tunisia,0,0,0,0,0,0,0,0,1,1,0,73.1,0,41.0,19.8,28.3,0,0,0,0,0,0,0,0,1,1,1,2,0,0,0.0,0.0,,,0,189.0,9.5,38.5,100,100.0,0.0,Available,,False,,2,0,real_wc2026_squads_transfermarkt_openfootball,2026-06-02
Moutaz Neffati,Tunisia,0,0,0,0,0,1,1,0,1,1,0,73.7,1,48.4,24.0,35.7,0,0,0,0,1,0,1,1,1,2,0,0,0,0,0.0,0.0,,,0,182.0,30.7,44.8,100,100.0,0.0,Available,,False,,5,0,real_wc2026_squads_transfermarkt_openfootball,2026-06-02
Raed Chikhaoui,Tunisia,0,0,0,1,0,1,1,0,0,0,0,74.0,1,66.9,24.5,18.7,0,1,2,0,0,0,1,1,1,2,0,0,0,0,0.05,0.0,,,0,175.0,33.2,41.9,100,100.0,0.0,Available,,False,,0,0,real_wc2026_squads_transfermarkt_openfootball,2026-06-02
Anis Ben Slimane,Tunisia,0,0,0,1,0,2,1,0,1,1,0,79.3,1,77.1,26.6,61.0,0,1,2,0,0,0,1,1,1,2,0,0,0,0,0.05,0.0,,,0,188.0,43.9,61.3,100,100.0,0.0,Available,0.0,False,https://github.com/salimt/football-datasets,39,4,real_wc2026_squads_transfermarkt_openfootball,2026-06-02
Sebastian Tounekti,Tunisia,2493,4,2,43,21,45,35,14,9,8,3,73.2,21,45.6,65.0,59.3,4,30,70,4,19,25,29,19,18,48,3,0,0,7,4.62,1.92,5.0,0.0,41,170.0,22.7,54.2,100,100.0,0.0,Available,,False,,10,1,real_wc2026_squads_transfermarkt_openfootball,2026-06-02
Thibaut Courtois,Belgium,4275,0,2,5,9,163,42,14,48,42,30,81.8,9,90.8,77.9,93.3,0,2,5,2,1,13,106,23,91,60,59,114,9,30,0.1,1.62,1.0,0.0,48,200.0,85.0,89.3,100,100.0,0.0,Available,0.0,False,https://github.com/salimt/football-datasets,107,0,real_wc2026_squads_transfermarkt_openfootball,2026-06-02
Zeno Debast,Belgium,1377,0,2,4,8,45,16,6,15,12,9,86.0,3,81.0,63.1,54.9,0,2,5,2,1,12,29,9,29,27,19,0,3,9,0.1,1.6,3.0,0.0,22,191.0,86.5,64.5,100,100.0,0.0,Available,,False,,26,1,real_wc2026_squads_transfermarkt_openfootball,2026-06-02
Arthur Theate,Belgium,2984,1,1,13,8,97,34,12,33,28,17,85.3,8,87.7,73.2,74.5,1,7,16,2,1,10,63,19,65,58,40,0,6,18,1.13,0.9,8.0,0.0,33,185.0,81.6,74.3,100,100.0,0.0,Available,0.0,False,https://github.com/salimt/football-datasets,32,1,real_wc2026_squads_transfermarkt_openfootball,2026-06-02
Brandon Mechele,Belgium,3883,6,3,32,15,67,30,11,35,29,25,80.8,17,62.0,80.3,59.4,6,16,38,4,2,21,44,16,71,76,46,0,8,27,5.48,2.47,4.0,0.0,44,190.0,47.0,59.1,100,100.0,0.0,Available,0.0,False,https://github.com/salimt/football-datasets,7,1,real_wc2026_squads_transfermarkt_openfootball,2026-06-02
Maxim De Cuyper,Belgium,1481,2,3,15,13,45,20,7,13,11,7,81.0,5,89.9,68.2,51.1,2,8,19,3,13,19,29,11,26,30,6,0,3,8,1.96,2.42,2.0,0.0,31,182.0,80.5,63.2,100,100.0,0.0,Available,0.0,False,https://github.com/salimt/football-datasets,17,4,real_wc2026_squads_transfermarkt_openfootball,2026-06-02
Axel Witsel,Belgium,2533,1,2,17,13,74,23,9,32,27,14,79.4,14,73.8,62.8,91.3,1,10,23,3,1,17,48,13,61,55,29,0,0,15,1.28,1.72,0.0,0.0,32,186.0,36.3,78.5,100,100.0,0.0,Available,0.0,False,https://github.com/salimt/football-datasets,136,12,real_wc2026_squads_transfermarkt_openfootball,2026-06-02
Kevin De Bruyne,Belgium,1360,5,4,31,19,57,24,9,10,9,4,79.9,7,83.7,71.5,80.2,5,21,51,5,3,27,37,13,19,25,5,0,0,7,4.95,3.28,1.0,0.0,21,181.0,73.9,79.9,100,100.0,0.0,Available,0.0,False,https://github.com/salimt/football-datasets,117,36,real_wc2026_squads_transfermarkt_openfootball,2026-06-02
Youri Tielemans,Belgium,2586,2,7,26,31,110,42,15,25,22,9,86.0,10,92.9,81.1,83.3,2,16,37,8,5,45,72,23,48,50,12,0,0,11,2.36,5.68,2.0,0.0,35,177.0,89.0,88.6,100,100.0,0.0,Available,0.0,False,https://github.com/salimt/football-datasets,83,12,real_wc2026_squads_transfermarkt_openfootball,2026-06-02
Romelu Lukaku,Belgium,64,1,0,4,1,4,2,1,1,1,0,78.9,1,83.7,53.8,76.7,1,3,15,0,0,1,3,1,1,2,0,0,0,0,0.93,0.02,1.0,0.0,7,191.0,73.9,80.0,100,100.0,0.0,Available,0.0,False,https://github.com/salimt/football-datasets,124,89,real_wc2026_squads_transfermarkt_openfootball,2026-06-02
Leandro Trossard,Belgium,2839,8,10,60,47,114,56,21,18,16,4,80.4,16,89.2,86.3,78.7,8,41,96,12,28,67,74,31,32,55,11,0,0,9,8.29,8.18,3.0,0.0,49,172.0,78.5,76.0,100,100.0,0.0,Available,0.0,False,https://github.com/salimt/football-datasets,50,11,real_wc2026_squads_transfermarkt_openfootball,2026-06-02
Jérémy Doku,Belgium,3082,8,14,63,61,134,66,25,18,16,5,82.7,15,95.4,92.5,78.4,8,43,101,16,32,89,87,36,33,60,15,0,0,10,8.39,11.32,0.0,0.0,48,173.0,96.1,79.3,100,100.0,0.0,Available,0.0,False,https://github.com/salimt/football-datasets,41,7,real_wc2026_squads_transfermarkt_openfootball,2026-06-02
Senne Lammens,Belgium,3330,0,0,4,2,76,32,11,23,19,20,81.6,7,90.8,59.6,50.2,0,2,5,0,0,2,49,18,46,47,45,89,7,20,0.1,0.05,0.0,0.0,37,193.0,83.0,65.2,100,100.0,0.0,Available,0.0,False,https://github.com/salimt/football-datasets,2,0,real_wc2026_squads_transfermarkt_openfootball,2026-06-02
Mike Penders,Belgium,3101,0,0,4,2,29,14,5,20,16,22,75.2,14,66.9,48.4,43.7,0,2,5,0,0,2,19,8,42,43,34,83,6,22,0.1,0.05,4.0,0.0,35,200.0,33.2,51.7,100,100.0,0.0,Available,0.0,False,https://github.com/salimt/football-datasets,0,0,real_wc2026_squads_transfermarkt_openfootball,2026-06-02
Dodi Lukébakio,Belgium,1276,2,5,22,23,47,25,9,7,6,4,80.4,7,78.2,69.8,60.7,2,15,36,6,13,33,31,14,12,25,5,0,0,6,2.31,4.08,3.0,0.0,24,187.0,78.5,66.1,100,32.6,67.4,Active: Quarantine; ankle sprain,0.0,True,https://github.com/salimt/football-datasets,29,5,real_wc2026_squads_transfermarkt_openfootball,2026-06-02
Thomas Meunier,Belgium,2391,2,3,20,16,69,23,8,27,23,14,75.7,13,68.9,65.2,79.7,2,11,26,4,19,22,45,13,52,48,5,0,5,15,2.11,2.5,3.0,0.0,33,191.0,39.1,70.7,100,100.0,0.0,Available,0.0,False,https://github.com/salimt/football-datasets,78,10,real_wc2026_squads_transfermarkt_openfootball,2026-06-02
Koni De Winter,Belgium,2047,1,1,10,6,48,21,7,18,15,13,83.9,7,82.7,64.7,49.1,1,5,12,1,1,8,31,12,38,40,27,0,4,14,1.03,0.85,2.0,0.0,29,191.0,71.1,58.2,100,100.0,0.0,Available,0.0,False,https://github.com/salimt/football-datasets,7,0,real_wc2026_squads_transfermarkt_openfootball,2026-06-02
Charles De Ketelaere,Belgium,3039,5,7,49,37,117,59,22,17,15,13,81.7,15,88.7,86.9,69.7,5,32,75,9,5,51,76,32,32,57,13,0,0,17,5.5,5.82,4.0,0.0,42,192.0,88.1,77.0,100,100.0,0.0,Available,0.0,False,https://github.com/salimt/football-datasets,28,5,real_wc2026_squads_transfermarkt_openfootball,2026-06-02
Joaquin Seys,Belgium,3209,4,6,31,27,41,27,10,24,20,13,74.2,19,55.2,74.2,53.7,4,17,40,7,27,39,27,15,49,65,4,0,6,15,3.97,4.87,5.0,0.0,43,178.0,27.6,54.1,100,100.0,0.0,Available,0.0,False,https://github.com/salimt/football-datasets,4,0,real_wc2026_squads_transfermarkt_openfootball,2026-06-02
Diego Moreira,Belgium,2133,4,8,38,37,60,42,16,6,5,5,80.2,12,82.1,77.9,42.2,4,26,61,9,21,53,39,23,12,41,8,0,0,8,4.42,6.52,5.0,0.0,28,179.0,76.6,55.5,100,100.0,0.0,Available,0.0,False,https://github.com/salimt/football-datasets,2,0,real_wc2026_squads_transfermarkt_openfootball,2026-06-02
Hans Vanaken,Belgium,3915,9,5,71,36,126,65,24,23,20,19,78.1,24,66.4,86.3,78.5,9,47,110,8,4,46,82,36,43,73,12,0,0,25,9.37,4.4,4.0,0.0,44,195.0,59.8,76.1,100,100.0,0.0,Available,0.0,False,https://github.com/salimt/football-datasets,32,7,real_wc2026_squads_transfermarkt_openfootball,2026-06-02
Timothy Castagne,Belgium,2362,0,1,13,10,82,29,11,26,22,12,79.5,10,85.7,62.3,77.5,0,7,16,2,18,12,53,16,50,48,8,0,5,13,0.35,0.95,6.0,0.0,36,185.0,68.5,75.3,100,100.0,0.0,Available,0.0,False,https://github.com/salimt/football-datasets,62,2,real_wc2026_squads_transfermarkt_openfootball,2026-06-02
Alexis Saelemaekers,Belgium,3077,3,5,46,33,104,58,22,15,13,8,79.5,18,82.7,80.6,63.6,3,32,74,8,26,43,68,32,28,60,11,0,0,12,3.94,4.32,5.0,0.0,39,180.0,71.1,66.2,100,100.0,0.0,Available,0.0,False,https://github.com/salimt/football-datasets,23,2,real_wc2026_squads_transfermarkt_openfootball,2026-06-02
Nicolas Raskin,Belgium,3862,5,9,38,39,92,45,17,35,29,17,82.5,17,59.0,86.0,62.5,5,21,49,10,6,57,60,25,70,84,48,0,0,20,4.95,7.28,10.0,0.0,46,178.0,61.0,67.6,100,100.0,0.0,Available,0.0,False,https://github.com/salimt/football-datasets,11,1,real_wc2026_squads_transfermarkt_openfootball,2026-06-02
Amadou Onana,Belgium,2637,2,0,21,7,94,39,14,27,23,18,86.5,8,94.0,73.7,64.5,2,12,28,1,0,7,61,21,54,57,37,0,0,19,2.16,0.18,4.0,0.0,38,195.0,92.1,74.9,100,54.0,46.0,Active: Groin problems; Adductor pain,0.0,True,https://github.com/salimt/football-datasets,27,1,real_wc2026_squads_transfermarkt_openfootball,2026-06-02
Nathan Ngoy,Belgium,3014,2,2,16,11,47,24,9,25,21,16,81.2,13,72.6,70.9,48.3,2,8,19,3,1,15,31,13,52,59,36,0,6,17,1.96,1.67,12.0,0.0,37,183.0,49.7,53.5,100,100.0,0.0,Available,0.0,False,https://github.com/salimt/football-datasets,2,0,real_wc2026_squads_transfermarkt_openfootball,2026-06-02
Matias Fernandez-Pardo,Belgium,3011,8,7,64,40,61,52,20,6,5,10,76.3,22,71.7,80.3,43.0,8,45,105,10,5,54,40,29,13,59,7,0,0,15,8.49,5.9,6.0,0.0,40,188.0,47.0,56.0,100,100.0,0.0,Available,0.0,False,https://github.com/salimt/football-datasets,0,0,real_wc2026_squads_transfermarkt_openfootball,2026-06-02
Mohamed El Shenawy,Egypt,0,0,0,0,0,2,0,0,1,1,1,73.1,0,41.0,19.8,67.4,0,0,0,0,0,0,1,0,2,1,1,2,0,1,0.0,0.0,,,0,191.0,9.5,58.0,100,100.0,0.0,Available,,False,,76,0,real_wc2026_squads_transfermarkt_openfootball,2026-06-02
Yasser Ibrahim,Egypt,0,0,0,0,0,1,0,0,1,1,1,75.1,1,41.0,19.8,42.0,0,0,0,0,0,0,1,0,2,2,1,0,0,1,0.0,0.0,,,0,185.0,9.5,42.0,100,100.0,0.0,Available,,False,,16,1,real_wc2026_squads_transfermarkt_openfootball,2026-06-02
Mohamed Hany,Egypt,0,0,0,0,0,2,1,0,1,1,0,71.1,1,41.0,19.8,56.8,0,0,0,0,1,0,1,1,2,2,0,0,0,0,0.0,0.0,,,0,180.0,9.5,54.1,100,100.0,0.0,Available,,False,,41,0,real_wc2026_squads_transfermarkt_openfootball,2026-06-02
Hossam Abdelmaguid,Egypt,0,0,0,0,0,1,0,0,1,1,1,75.1,1,41.0,19.8,37.8,0,0,0,0,0,0,1,0,2,2,1,0,0,1,0.0,0.0,,,0,194.0,9.5,39.7,100,100.0,0.0,Available,,False,,13,0,real_wc2026_squads_transfermarkt_openfootball,2026-06-02
Ramy Rabia,Egypt,0,0,0,0,0,2,1,0,1,1,0,78.9,0,46.3,22.8,58.9,0,0,0,0,0,0,1,1,2,2,1,0,0,0,0.0,0.0,,,0,183.0,24.5,54.3,100,100.0,0.0,Available,,False,,44,5,real_wc2026_squads_transfermarkt_openfootball,2026-06-02
Mohamed Abdelmonem,Egypt,0,0,0,0,0,2,1,0,1,1,0,81.6,0,71.7,27.3,52.6,0,0,0,0,0,0,1,1,2,2,1,0,0,0,0.0,0.0,,,0,183.0,47.0,55.3,100,0.0,100.0,Active: Nose surgery; Nose injury,0.0,True,https://github.com/salimt/football-datasets,35,3,real_wc2026_squads_transfermarkt_openfootball,2026-06-02
Trézéguet,Egypt,324,0,0,4,2,12,6,2,2,2,1,77.4,2,56.8,37.6,78.3,0,3,7,0,2,2,8,3,4,6,1,0,0,1,0.15,0.05,1.0,0.0,6,180.0,54.6,71.0,100,100.0,0.0,Available,0.0,False,https://github.com/salimt/football-datasets,95,23,real_wc2026_squads_transfermarkt_openfootball,2026-06-02
Emam Ashour,Egypt,0,0,0,1,0,2,1,0,1,1,0,78.9,1,52.0,26.1,48.4,0,1,2,0,0,0,1,1,1,2,0,0,0,0,0.05,0.0,,,0,182.0,41.0,51.8,100,100.0,0.0,Available,0.0,False,https://github.com/salimt/football-datasets,28,0,real_wc2026_squads_transfermarkt_openfootball,2026-06-02
Hamza Abdelkarim,Egypt,0,0,0,1,1,1,1,0,0,0,0,71.1,1,41.0,19.8,24.0,0,1,2,0,0,1,1,1,0,2,0,0,0,0,0.05,0.02,,,0,,9.5,36.1,100,100.0,0.0,Available,,False,,1,0,real_wc2026_squads_transfermarkt_openfootball,2026-06-02
Mohamed Salah,Egypt,3720,16,11,98,56,170,76,28,27,24,7,81.4,20,92.0,94.3,98.1,16,67,157,14,35,78,110,42,49,72,16,0,0,15,15.83,9.1,2.0,0.0,47,175.0,86.5,88.3,100,100.0,0.0,Available,0.0,False,https://github.com/salimt/football-datasets,116,67,real_wc2026_squads_transfermarkt_openfootball,2026-06-02
Mostafa Ziko,Egypt,0,0,0,1,0,1,1,0,0,0,0,75.1,1,41.0,19.8,24.0,0,1,2,0,0,0,1,1,1,2,0,0,0,0,0.05,0.0,,,0,,9.5,32.1,100,100.0,0.0,Available,,False,,1,1,real_wc2026_squads_transfermarkt_openfootball,2026-06-02
Haissem Hassan,Egypt,2024,0,3,24,21,38,32,12,6,5,4,75.2,15,74.2,59.4,45.8,0,16,37,5,17,27,25,18,12,39,4,0,0,6,0.8,2.62,1.0,0.0,38,175.0,37.4,49.7,100,100.0,0.0,Available,,False,,3,0,real_wc2026_squads_transfermarkt_openfootball,2026-06-02
Ahmed Fatouh,Egypt,0,0,0,0,0,2,1,0,1,1,0,71.1,1,41.0,19.8,54.7,0,0,0,0,1,0,1,1,2,2,0,0,0,0,0.0,0.0,,,0,178.0,9.5,53.0,100,100.0,0.0,Available,,False,,38,1,real_wc2026_squads_transfermarkt_openfootball,2026-06-02
Hamdy Fathy,Egypt,0,0,0,0,0,2,1,0,1,1,0,75.1,1,41.0,19.8,64.2,0,0,0,0,0,0,1,1,2,2,1,0,0,0,0.0,0.0,,,0,180.0,9.5,62.2,100,100.0,0.0,Available,,False,,62,3,real_wc2026_squads_transfermarkt_openfootball,2026-06-02
Karim Hafez,Egypt,0,0,0,0,0,1,1,0,1,1,0,73.3,1,57.1,23.4,32.5,0,0,0,0,1,0,1,1,1,2,0,0,0,0,0.0,0.0,,,0,175.0,27.6,44.4,100,100.0,0.0,Available,0.0,False,https://github.com/salimt/football-datasets,8,0,real_wc2026_squads_transfermarkt_openfootball,2026-06-02
El Mahdy Soliman,Egypt,0,0,0,0,0,0,0,0,1,0,0,73.1,0,41.0,19.8,19.8,0,0,0,0,0,0,0,0,1,1,1,2,0,0,0.0,0.0,,,0,,9.5,31.8,100,100.0,0.0,Available,,False,,0,0,real_wc2026_squads_transfermarkt_openfootball,2026-06-02
Mohanad Lasheen,Egypt,0,0,0,1,0,1,1,0,1,1,0,75.1,1,41.0,19.8,44.1,0,1,2,0,0,0,1,1,1,2,0,0,0,0,0.05,0.0,,,0,,9.5,43.2,100,100.0,0.0,Available,,False,,22,0,real_wc2026_squads_transfermarkt_openfootball,2026-06-02
Nabil Emad,Egypt,0,0,0,1,0,1,1,0,1,1,0,75.1,1,41.0,19.8,35.7,0,1,2,0,0,0,1,1,1,2,0,0,0,0,0.05,0.0,,,0,,9.5,38.5,100,100.0,0.0,Available,,False,,12,0,real_wc2026_squads_transfermarkt_openfootball,2026-06-02
Marwan Attia,Egypt,0,0,0,1,1,2,1,0,0,0,0,71.1,1,41.0,19.8,50.5,0,1,2,0,0,1,1,1,1,2,0,0,0,0,0.05,0.02,,,0,184.0,9.5,50.7,100,100.0,0.0,Available,,False,,33,1,real_wc2026_squads_transfermarkt_openfootball,2026-06-02
Ibrahim Adel,Egypt,27,0,0,1,1,2,1,0,0,0,0,71.1,1,41.0,26.6,53.1,0,1,2,0,1,1,1,1,1,2,0,0,0,0,0.05,0.02,0.0,0.0,1,178.0,9.5,48.1,100,100.0,0.0,Available,,False,,23,3,real_wc2026_squads_transfermarkt_openfootball,2026-06-02
Mahmoud Saber,Egypt,0,0,0,1,0,1,1,0,1,1,0,75.1,1,41.0,19.8,39.9,0,1,2,0,0,0,1,1,1,2,0,0,0,0,0.05,0.0,,,0,,9.5,40.8,100,100.0,0.0,Available,,False,,15,1,real_wc2026_squads_transfermarkt_openfootball,2026-06-02
Omar Marmoush,Egypt,1886,10,3,57,21,85,42,15,11,10,5,82.7,9,95.4,82.0,76.7,10,40,96,5,2,27,55,23,20,37,9,0,0,10,9.8,2.62,3.0,0.0,43,183.0,96.1,82.4,100,63.2,36.8,Active: Corona virus; Foot injury,0.0,True,https://github.com/salimt/football-datasets,48,11,real_wc2026_squads_transfermarkt_openfootball,2026-06-02
Mostafa Shobeir,Egypt,0,0,0,0,0,1,0,0,1,1,0,73.1,0,41.0,19.8,32.5,0,0,0,0,0,0,1,0,1,1,1,2,0,0,0.0,0.0,,,0,185.0,9.5,38.8,100,100.0,0.0,Available,,False,,8,0,real_wc2026_squads_transfermarkt_openfootball,2026-06-02
Tarek Alaa,Egypt,0,0,0,0,0,1,0,0,1,1,0,75.1,1,41.0,19.8,27.2,0,0,0,0,0,0,1,0,2,2,1,0,0,0,0.0,0.0,,,0,,9.5,33.9,100,100.0,0.0,Available,,False,,2,0,real_wc2026_squads_transfermarkt_openfootball,2026-06-02
Zizo,Egypt,0,0,0,1,1,3,2,1,1,1,0,76.9,1,70.7,29.3,64.2,0,1,2,0,1,1,2,1,1,2,0,0,0,0,0.05,0.02,,,0,180.0,57.1,63.7,100,100.0,0.0,Available,,False,,62,5,real_wc2026_squads_transfermarkt_openfootball,2026-06-02
Mohamed Alaa,Egypt,0,0,0,0,0,0,0,0,1,0,0,73.1,0,41.0,19.8,19.8,0,0,0,0,0,0,0,0,1,1,1,2,0,0,0.0,0.0,,,0,184.0,9.5,31.8,100,100.0,0.0,Available,,False,,0,0,real_wc2026_squads_transfermarkt_openfootball,2026-06-02
Alireza Beiranvand,Iran,0,0,0,0,0,2,0,0,1,1,1,76.2,0,63.0,24.9,65.3,0,0,0,0,0,0,1,0,2,1,1,2,0,1,0.0,0.0,,,0,194.0,35.0,65.9,100,100.0,0.0,Available,0.0,False,https://github.com/salimt/football-datasets,85,0,real_wc2026_squads_transfermarkt_openfootball,2026-06-02
Saleh Hardani,Iran,0,0,0,0,0,1,0,0,1,1,0,75.1,1,41.0,19.8,38.8,0,0,0,0,0,0,1,0,2,2,1,0,0,0,0.0,0.0,,,0,,9.5,38.2,100,100.0,0.0,Available,,False,,17,1,real_wc2026_squads_transfermarkt_openfootball,2026-06-02
Ehsan Hajsafi,Iran,0,0,0,0,0,2,1,0,1,1,0,72.6,1,45.4,22.3,71.6,0,0,0,0,1,0,1,1,2,2,0,0,0,0,0.0,0.0,,,0,178.0,22.1,64.8,100,100.0,0.0,Available,0.0,False,https://github.com/salimt/football-datasets,145,7,real_wc2026_squads_transfermarkt_openfootball,2026-06-02
Shojae Khalilzadeh,Iran,0,0,0,0,0,2,0,0,1,1,0,75.1,1,41.0,19.8,52.6,0,0,0,0,0,0,1,0,2,2,1,0,0,0,0.0,0.0,,,0,,9.5,45.8,100,100.0,0.0,Available,,False,,57,2,real_wc2026_squads_transfermarkt_openfootball,2026-06-02
Milad Mohammadi,Iran,0,0,0,0,0,2,1,0,1,1,0,74.3,1,60.0,25.0,61.0,0,0,0,0,1,0,1,1,2,2,0,0,0,0,0.0,0.0,,,0,178.0,35.9,61.7,100,100.0,0.0,Available,0.0,False,https://github.com/salimt/football-datasets,75,1,real_wc2026_squads_transfermarkt_openfootball,2026-06-02
Saeid Ezatolahi,Iran,0,0,0,0,0,2,1,0,1,1,1,77.8,1,48.9,24.2,63.2,0,0,0,0,0,0,1,1,2,2,1,0,0,1,0.0,0.0,,,0,190.0,31.9,64.1,100,6.0,94.0,Active: Collateral ligament injury; Groin injury,0.0,True,https://github.com/salimt/football-datasets,82,1,real_wc2026_squads_transfermarkt_openfootball,2026-06-02
Alireza Jahanbakhsh,Iran,531,0,0,6,3,19,9,3,4,3,2,76.3,4,62.0,37.0,77.1,0,4,9,1,4,3,12,5,7,10,1,0,0,2,0.2,0.08,3.0,0.0,16,183.0,47.0,70.8,100,100.0,0.0,Available,0.0,False,https://github.com/salimt/football-datasets,98,17,real_wc2026_squads_transfermarkt_openfootball,2026-06-02
Mohammad Mohebi,Iran,1771,3,3,31,20,55,30,11,10,9,6,76.7,12,55.1,65.5,61.1,3,21,50,5,15,26,36,16,18,34,4,0,0,9,3.39,2.6,5.0,0.0,31,186.0,49.7,62.5,100,100.0,0.0,Available,0.0,False,https://github.com/salimt/football-datasets,36,14,real_wc2026_squads_transfermarkt_openfootball,2026-06-02
Mehdi Taremi,Iran,1833,15,6,73,30,65,31,12,12,11,6,75.9,14,53.1,73.9,84.9,15,51,123,7,4,42,42,17,22,36,4,0,0,12,14.25,4.95,3.0,0.0,33,185.0,43.9,70.5,100,100.0,0.0,Available,0.0,False,https://github.com/salimt/football-datasets,104,60,real_wc2026_squads_transfermarkt_openfootball,2026-06-02
Mehdi Ghayedi,Iran,0,0,0,1,1,2,1,0,0,0,0,71.1,1,41.0,19.8,44.1,0,1,2,0,1,1,1,1,1,2,0,0,0,0,0.05,0.02,,,0,166.0,9.5,45.2,100,100.0,0.0,Available,,False,,29,10,real_wc2026_squads_transfermarkt_openfootball,2026-06-02
Ali Alipour,Iran,0,0,0,1,1,2,1,1,0,0,0,74.0,1,49.3,24.5,27.2,0,1,2,0,0,1,1,1,1,2,0,0,0,0,0.05,0.02,,,0,181.0,33.2,36.6,100,100.0,0.0,Available,0.0,False,https://github.com/salimt/football-datasets,13,1,real_wc2026_squads_transfermarkt_openfootball,2026-06-02
Payam Niazmand,Iran,0,0,0,0,0,1,0,0,1,1,1,75.6,0,61.1,23.8,32.5,0,0,0,0,0,0,1,0,1,1,1,2,0,1,0.0,0.0,,,0,194.0,29.6,46.8,100,100.0,0.0,Available,0.0,False,https://github.com/salimt/football-datasets,15,0,real_wc2026_squads_transfermarkt_openfootball,2026-06-02
Hossein Kanaanizadegan,Iran,0,0,0,0,0,2,0,0,1,1,0,75.1,1,41.0,19.8,54.7,0,0,0,0,0,0,1,0,2,2,1,0,0,0,0.0,0.0,,,0,,9.5,47.0,100,100.0,0.0,Available,,False,,64,6,real_wc2026_squads_transfermarkt_openfootball,2026-06-02
Saman Ghoddos,Iran,0,0,0,1,0,3,1,1,1,1,0,74.9,1,76.1,26.1,56.8,0,1,2,0,0,0,2,1,1,2,0,0,0,0,0.05,0.0,,,0,175.0,41.0,64.4,100,100.0,0.0,Available,0.0,False,https://github.com/salimt/football-datasets,67,3,real_wc2026_squads_transfermarkt_openfootball,2026-06-02
Rouzbeh Cheshmi,Iran,0,0,0,1,0,2,1,0,1,1,0,75.1,1,41.0,19.8,48.4,0,1,2,0,0,0,1,1,1,2,0,0,0,0,0.05,0.0,,,0,,9.5,51.5,100,100.0,0.0,Available,,False,,40,3,real_wc2026_squads_transfermarkt_openfootball,2026-06-02
Mehdi Torabi,Iran,0,0,0,1,1,2,1,0,1,1,0,71.1,1,41.0,19.8,50.5,0,1,2,0,1,1,1,1,1,2,0,0,0,0,0.05,0.02,,,0,184.0,9.5,48.7,100,100.0,0.0,Available,,False,,52,7,real_wc2026_squads_transfermarkt_openfootball,2026-06-02
Aria Yousefi,Iran,0,0,0,0,0,1,0,0,1,1,0,75.1,1,41.0,19.8,27.2,0,0,0,0,0,0,1,0,2,2,1,0,0,0,0.0,0.0,,,0,,9.5,31.9,100,100.0,0.0,Available,,False,,13,1,real_wc2026_squads_transfermarkt_openfootball,2026-06-02
Amirhossein Hosseinzadeh,Iran,0,0,0,1,1,2,1,1,0,0,0,73.5,1,47.8,23.6,38.8,0,1,2,0,0,1,1,1,1,2,0,0,0,0,0.05,0.02,,,0,178.0,28.9,42.1,100,100.0,0.0,Available,0.0,False,https://github.com/salimt/football-datasets,17,5,real_wc2026_squads_transfermarkt_openfootball,2026-06-02
Ali Nemati,Iran,0,0,0,0,0,1,0,0,1,1,0,75.1,1,41.0,19.8,35.7,0,0,0,0,0,0,1,0,2,2,1,0,0,0,0.0,0.0,,,0,,9.5,36.5,100,100.0,0.0,Available,,False,,16,0,real_wc2026_squads_transfermarkt_openfootball,2026-06-02
Shahriyar Moghanlou,Iran,0,0,0,1,1,2,1,1,0,0,0,73.8,1,61.9,24.2,42.0,0,1,2,0,0,1,1,1,1,2,0,0,0,0,0.05,0.02,,,0,187.0,31.9,44.5,100,100.0,0.0,Available,,False,,20,2,real_wc2026_squads_transfermarkt_openfootball,2026-06-02
Mohammad Ghorbani,Iran,0,0,0,0,0,2,1,0,1,1,1,77.7,1,48.4,24.0,32.5,0,0,0,0,0,0,1,1,2,2,1,0,0,1,0.0,0.0,,,0,190.0,30.7,47.0,100,100.0,0.0,Available,,False,,15,0,real_wc2026_squads_transfermarkt_openfootball,2026-06-02
Hossein Hosseini,Iran,0,0,0,1,1,2,1,1,0,0,0,73.5,1,47.8,23.6,27.2,0,1,2,0,0,1,1,1,1,2,0,0,0,0,0.05,0.02,,,0,178.0,28.9,35.7,100,100.0,0.0,Available,0.0,False,https://github.com/salimt/football-datasets,13,0,real_wc2026_squads_transfermarkt_openfootball,2026-06-02
Ramin Rezaeian,Iran,0,0,0,0,0,2,1,0,1,1,0,73.0,1,46.6,22.9,58.9,0,0,0,0,1,0,1,1,2,2,0,0,0,0,0.0,0.0,,,0,184.0,25.3,58.5,100,100.0,0.0,Available,,False,,73,7,real_wc2026_squads_transfermarkt_openfootball,2026-06-02
Dennis Eckert,Iran,1638,3,0,30,10,31,27,10,3,3,4,75.6,12,59.8,59.2,33.9,3,21,50,2,0,10,20,15,7,32,3,0,0,7,3.39,0.25,1.0,0.0,27,183.0,41.0,41.8,100,38.2,61.8,Active: Torn muscle fiber; muscle stiffness,0.0,True,https://github.com/salimt/football-datasets,0,0,real_wc2026_squads_transfermarkt_openfootball,2026-06-02
Danial Eiri,Iran,0,0,0,0,0,0,0,0,1,1,0,75.1,1,41.0,19.8,19.8,0,0,0,0,0,0,0,0,2,2,1,0,0,0,0.0,0.0,,,0,,9.5,27.8,100,100.0,0.0,Available,,False,,0,0,real_wc2026_squads_transfermarkt_openfootball,2026-06-02
Amirmohammad Razzaghinia,Iran,0,0,0,1,0,1,1,0,1,0,0,75.1,1,41.0,19.8,23.0,0,1,2,0,0,0,1,1,1,2,0,0,0,0,0.05,0.0,,,0,,9.5,37.6,100,100.0,0.0,Available,,False,,3,0,real_wc2026_squads_transfermarkt_openfootball,2026-06-02
Max Crocombe,New Zealand,180,0,0,0,0,3,1,0,2,1,1,73.6,1,45.2,30.4,42.9,0,0,0,0,0,0,2,1,3,3,2,5,0,1,0.0,0.0,0.0,0.0,2,194.0,21.3,48.9,100,100.0,0.0,Available,,False,,22,0,real_wc2026_squads_transfermarkt_openfootball,2026-06-02
Tim Payne,New Zealand,0,0,0,0,0,2,1,0,1,1,0,73.0,1,46.6,22.9,63.2,0,0,0,0,1,0,1,1,2,2,0,0,0,0,0.0,0.0,,,0,179.0,25.3,56.8,100,100.0,0.0,Available,0.0,False,https://github.com/salimt/football-datasets,49,3,real_wc2026_squads_transfermarkt_openfootball,2026-06-02
Francis de Vries,New Zealand,0,0,0,0,0,2,1,0,1,1,1,73.3,1,47.4,23.4,31.4,0,0,0,0,1,0,1,1,2,2,0,0,0,1,0.0,0.0,,,0,188.0,27.6,39.8,100,100.0,0.0,Available,0.0,False,https://github.com/salimt/football-datasets,18,1,real_wc2026_squads_transfermarkt_openfootball,2026-06-02
Tyler Bindon,New Zealand,34,0,0,0,0,2,1,0,1,1,1,80.5,0,74.8,32.3,45.8,0,0,0,0,0,0,1,1,2,2,1,0,0,1,0.0,0.0,0.0,0.0,1,188.0,37.4,49.7,100,100.0,0.0,Available,0.0,False,https://github.com/salimt/football-datasets,23,3,real_wc2026_squads_transfermarkt_openfootball,2026-06-02
Michael Boxall,New Zealand,0,0,0,0,0,2,0,0,1,1,1,76.4,1,51.2,21.9,67.4,0,0,0,0,0,0,1,0,2,2,1,0,0,1,0.0,0.0,,,0,188.0,20.0,58.1,100,100.0,0.0,Available,0.0,False,https://github.com/salimt/football-datasets,61,1,real_wc2026_squads_transfermarkt_openfootball,2026-06-02
Joe Bell,New Zealand,243,0,3,1,10,5,2,1,3,2,1,79.5,1,50.0,51.0,61.1,0,1,2,3,2,16,3,1,5,5,3,0,0,1,0.05,2.35,0.0,0.0,3,182.0,35.0,61.6,100,100.0,0.0,Available,,False,,31,1,real_wc2026_squads_transfermarkt_openfootball,2026-06-02
Matthew Garbett,New Zealand,67,0,0,1,0,2,1,0,1,1,0,77.1,1,46.8,30.3,63.0,0,1,2,0,0,0,1,1,1,2,0,0,0,0,0.05,0.0,1.0,0.0,1,188.0,26.0,60.9,100,100.0,0.0,Available,0.0,False,https://github.com/salimt/football-datasets,35,5,real_wc2026_squads_transfermarkt_openfootball,2026-06-02
Marko Stamenić,New Zealand,144,0,1,1,4,4,2,1,1,1,1,80.4,1,78.2,47.3,66.8,0,1,2,1,1,6,3,1,2,3,0,0,0,1,0.05,0.8,1.0,0.0,2,188.0,47.0,67.1,100,100.0,0.0,Available,0.0,False,https://github.com/salimt/football-datasets,37,3,real_wc2026_squads_transfermarkt_openfootball,2026-06-02
Chris Wood,New Zealand,1144,5,0,31,7,46,22,8,8,7,4,78.7,7,84.4,64.8,83.4,5,22,54,1,0,7,30,12,14,22,4,0,0,7,5.0,0.18,0.0,0.0,20,191.0,64.8,79.8,100,100.0,0.0,Available,0.0,False,https://github.com/salimt/football-datasets,88,45,real_wc2026_squads_transfermarkt_openfootball,2026-06-02
Sarpreet Singh,New Zealand,0,0,0,1,0,2,1,0,0,0,0,73.3,1,47.4,23.4,46.2,0,1,2,0,0,0,1,1,1,2,0,0,0,0,0.05,0.0,,,0,177.0,27.6,53.9,100,100.0,0.0,Available,0.0,False,https://github.com/salimt/football-datasets,26,3,real_wc2026_squads_transfermarkt_openfootball,2026-06-02
Elijah Just,New Zealand,2396,7,8,52,39,61,34,13,14,13,4,73.3,20,46.0,71.1,79.8,7,36,85,10,23,55,40,19,26,47,3,0,0,8,7.26,6.57,2.0,0.0,32,175.0,23.6,71.6,100,100.0,0.0,Available,,False,,42,9,real_wc2026_squads_transfermarkt_openfootball,2026-06-02
Alex Paulsen,New Zealand,0,0,0,0,0,1,0,0,1,1,0,73.1,0,41.0,19.8,21.9,0,0,0,0,0,0,1,0,1,1,1,2,0,0,0.0,0.0,,,0,184.0,9.5,34.9,100,100.0,0.0,Available,,False,,6,0,real_wc2026_squads_transfermarkt_openfootball,2026-06-02
Liberato Cacace,New Zealand,60,1,0,4,0,2,1,0,1,1,0,77.6,0,54.2,48.4,62.9,1,2,13,0,1,0,1,1,2,2,0,0,0,0,0.88,0.0,0.0,0.0,1,183.0,47.0,61.0,100,100.0,0.0,Available,0.0,False,https://github.com/salimt/football-datasets,35,1,real_wc2026_squads_transfermarkt_openfootball,2026-06-02
Alex Rufer,New Zealand,0,0,0,0,0,2,1,0,1,1,0,77.3,1,47.4,23.4,42.0,0,0,0,0,0,0,1,1,2,2,1,0,0,0,0.0,0.0,,,0,184.0,27.6,49.6,100,100.0,0.0,Available,0.0,False,https://github.com/salimt/football-datasets,24,0,real_wc2026_squads_transfermarkt_openfootball,2026-06-02
Nando Pijnaker,New Zealand,0,0,0,0,0,1,0,0,1,1,1,76.4,1,44.8,21.9,38.8,0,0,0,0,0,0,1,0,2,2,1,0,0,1,0.0,0.0,,,0,192.0,20.3,42.4,100,100.0,0.0,Available,,False,,23,0,real_wc2026_squads_transfermarkt_openfootball,2026-06-02
Finn Surman,New Zealand,0,0,0,0,0,1,1,0,1,1,1,79.7,0,54.9,24.0,29.3,0,0,0,0,0,0,1,1,2,2,1,0,0,1,0.0,0.0,,,0,190.0,30.7,39.3,100,100.0,0.0,Available,0.0,False,https://github.com/salimt/football-datasets,17,2,real_wc2026_squads_transfermarkt_openfootball,2026-06-02
Kosta Barbarouses,New Zealand,0,0,0,1,1,3,1,1,1,1,0,73.1,1,46.8,23.1,69.5,0,1,2,0,0,1,2,1,1,2,0,0,0,0,0.05,0.02,,,0,171.0,26.0,64.4,100,100.0,0.0,Available,0.0,False,https://github.com/salimt/football-datasets,74,10,real_wc2026_squads_transfermarkt_openfootball,2026-06-02
Ben Waine,New Zealand,514,3,0,16,3,13,8,3,3,2,1,73.8,4,47.0,51.9,59.1,3,11,30,1,0,3,8,4,5,10,1,0,0,2,2.89,0.08,1.0,0.0,6,179.0,26.6,58.8,100,100.0,0.0,Available,,False,,30,9,real_wc2026_squads_transfermarkt_openfootball,2026-06-02
Ben Old,New Zealand,0,0,0,0,0,2,1,0,1,1,0,73.3,1,64.9,23.4,34.6,0,0,0,0,1,0,1,1,2,2,0,0,0,0,0.0,0.0,,,0,173.0,27.6,41.6,100,100.0,0.0,Available,0.0,False,https://github.com/salimt/football-datasets,22,2,real_wc2026_squads_transfermarkt_openfootball,2026-06-02
Callum McCowatt,New Zealand,2053,9,2,52,17,56,30,12,12,10,5,75.7,14,52.0,70.6,66.1,9,34,81,4,1,21,36,16,22,38,4,0,0,9,8.72,1.82,1.0,0.0,27,179.0,41.0,67.6,100,100.0,0.0,Available,,False,,30,4,real_wc2026_squads_transfermarkt_openfootball,2026-06-02
Jesse Randall,New Zealand,0,0,0,1,1,2,1,0,0,0,0,72.8,1,46.0,22.6,26.1,0,1,2,0,1,1,1,1,1,2,0,0,0,0,0.05,0.02,,,0,176.0,23.6,42.1,100,100.0,0.0,Available,,False,,9,2,real_wc2026_squads_transfermarkt_openfootball,2026-06-02
Michael Woud,New Zealand,0,0,0,0,0,1,0,0,1,1,1,74.6,0,45.3,22.2,21.9,0,0,0,0,0,0,1,0,1,1,1,2,0,1,0.0,0.0,,,0,196.0,21.6,37.4,100,100.0,0.0,Available,0.0,False,https://github.com/salimt/football-datasets,6,0,real_wc2026_squads_transfermarkt_openfootball,2026-06-02
Ryan Thomas,New Zealand,2168,1,1,15,9,44,19,7,22,19,9,78.8,13,60.6,57.5,61.4,1,8,19,2,1,11,29,10,44,47,24,0,0,10,1.18,0.92,7.0,0.0,28,174.0,31.9,61.2,100,100.0,0.0,Available,0.0,False,https://github.com/salimt/football-datasets,25,3,real_wc2026_squads_transfermarkt_openfootball,2026-06-02
Callan Elliot,New Zealand,0,0,0,0,0,1,1,0,1,1,0,72.7,1,45.6,22.4,26.1,0,0,0,0,1,0,1,1,1,2,0,0,0,0,0.0,0.0,,,0,177.0,22.7,35.9,100,100.0,0.0,Available,,False,,9,0,real_wc2026_squads_transfermarkt_openfootball,2026-06-02
Lachlan Bayliss,New Zealand,0,0,0,1,0,1,1,0,1,0,0,76.8,1,46.0,22.6,18.7,0,1,2,0,0,0,1,1,1,2,0,0,0,0,0.05,0.0,,,0,179.0,23.6,36.0,100,100.0,0.0,Available,0.0,False,https://github.com/salimt/football-datasets,2,0,real_wc2026_squads_transfermarkt_openfootball,2026-06-02
Tommy Smith,New Zealand,22,0,0,0,0,2,0,0,1,1,1,76.4,1,44.6,28.5,72.0,0,0,0,0,0,0,1,0,2,2,1,0,0,1,0.0,0.0,0.0,0.0,1,187.0,19.6,60.5,100,100.0,0.0,Available,0.0,False,https://github.com/salimt/football-datasets,56,2,real_wc2026_squads_transfermarkt_openfootball,2026-06-02
Vozinha,Cape Verde,0,0,0,0,0,2,0,0,1,1,0,73.1,0,41.0,19.8,69.5,0,0,0,0,0,0,1,0,2,1,1,2,0,0,0.0,0.0,,,0,,9.5,61.1,100,100.0,0.0,Available,,False,,85,0,real_wc2026_squads_transfermarkt_openfootball,2026-06-02
Stopira,Cape Verde,0,0,0,0,0,2,0,0,1,1,0,75.1,1,41.0,19.8,67.4,0,0,0,0,0,0,1,0,2,2,1,0,0,0,0.0,0.0,,,0,,9.5,56.0,100,100.0,0.0,Available,,False,,60,4,real_wc2026_squads_transfermarkt_openfootball,2026-06-02
Diney,Cape Verde,0,0,0,0,0,1,0,0,1,1,0,75.1,1,41.0,19.8,50.5,0,0,0,0,0,0,1,0,2,2,1,0,0,0,0.0,0.0,,,0,,9.5,46.7,100,100.0,0.0,Available,,False,,29,2,real_wc2026_squads_transfermarkt_openfootball,2026-06-02
Roberto Lopes,Cape Verde,0,0,0,0,0,1,0,0,1,1,0,75.1,1,41.0,19.8,61.0,0,0,0,0,0,0,1,0,2,2,1,0,0,0,0.0,0.0,,,0,,9.5,52.4,100,100.0,0.0,Available,,False,,44,0,real_wc2026_squads_transfermarkt_openfootball,2026-06-02
Logan Costa,Cape Verde,28,0,0,0,0,3,1,0,1,1,1,85.2,0,87.9,40.1,55.2,0,0,0,0,0,0,2,1,2,2,1,0,0,1,0.0,0.0,0.0,0.0,2,190.0,76.6,62.7,100,100.0,0.0,Available,0.0,False,https://github.com/salimt/football-datasets,26,0,real_wc2026_squads_transfermarkt_openfootball,2026-06-02
Kevin Pina,Cape Verde,2046,2,0,18,6,56,23,8,22,18,10,81.7,10,56.8,62.3,70.2,2,10,24,1,0,6,36,13,42,45,25,0,0,11,2.06,0.15,9.0,0.0,40,181.0,54.6,70.5,100,100.0,0.0,Available,0.0,False,https://github.com/salimt/football-datasets,30,2,real_wc2026_squads_transfermarkt_openfootball,2026-06-02
Jovane Cabral,Cape Verde,1679,7,1,43,13,40,25,10,8,7,3,74.3,13,61.4,63.6,60.5,7,30,72,3,13,15,26,14,16,33,3,0,0,7,6.96,1.02,5.0,0.0,27,174.0,30.7,54.4,100,100.0,0.0,Available,0.0,False,https://github.com/salimt/football-datasets,25,2,real_wc2026_squads_transfermarkt_openfootball,2026-06-02
João Paulo,Cape Verde,0,0,0,0,0,2,1,0,1,1,0,75.1,1,41.0,19.8,58.9,0,0,0,0,0,0,1,1,2,2,1,0,0,0,0.0,0.0,,,0,180.0,9.5,55.3,100,100.0,0.0,Available,,False,,40,1,real_wc2026_squads_transfermarkt_openfootball,2026-06-02
Gilson Benchimol,Cape Verde,1366,10,1,51,11,31,21,8,6,5,5,74.0,11,47.6,64.5,57.0,10,36,88,2,1,13,20,12,11,27,2,0,0,9,9.6,0.98,3.0,0.0,24,187.0,28.4,58.0,100,40.6,59.4,Active: unknown injury; Corona virus,0.0,True,https://github.com/salimt/football-datasets,21,5,real_wc2026_squads_transfermarkt_openfootball,2026-06-02
Jamiro Monteiro,Cape Verde,1456,2,3,17,15,37,15,6,13,12,4,78.3,10,59.8,57.9,76.4,2,10,24,4,2,21,24,8,25,28,2,0,0,5,2.06,2.47,0.0,0.0,23,175.0,29.6,68.9,100,100.0,0.0,Available,0.0,False,https://github.com/salimt/football-datasets,53,5,real_wc2026_squads_transfermarkt_openfootball,2026-06-02
Garry Rodrigues,Cape Verde,0,0,0,1,1,2,1,0,1,1,0,72.8,1,55.6,22.5,65.3,0,1,2,0,1,1,1,1,1,2,0,0,0,0,0.05,0.02,,,0,173.0,23.2,55.6,100,56.2,43.8,Active: Corona virus; Contracture,0.0,True,https://github.com/salimt/football-datasets,59,9,real_wc2026_squads_transfermarkt_openfootball,2026-06-02
Márcio Rosa,Cape Verde,0,0,0,0,0,1,0,0,1,1,0,73.1,0,54.0,19.8,28.3,0,0,0,0,0,0,1,0,1,1,1,2,0,0,0.0,0.0,,,0,184.0,9.5,38.5,100,100.0,0.0,Available,,False,,10,0,real_wc2026_squads_transfermarkt_openfootball,2026-06-02
Sidny Lopes Cabral,Cape Verde,1717,6,6,30,23,23,14,5,14,11,7,73.7,11,59.0,65.1,39.5,6,17,42,6,17,35,15,8,28,35,2,0,3,9,5.53,4.77,4.0,0.0,26,176.0,23.6,47.4,100,100.0,0.0,Available,0.0,False,https://github.com/salimt/football-datasets,8,3,real_wc2026_squads_transfermarkt_openfootball,2026-06-02
Deroy Duarte,Cape Verde,0,0,0,1,0,2,1,0,1,1,0,78.0,1,61.0,24.5,53.6,0,1,2,0,0,0,1,1,1,2,0,0,0,0,0.05,0.0,,,0,177.0,33.2,57.1,100,100.0,0.0,Available,,False,,30,0,real_wc2026_squads_transfermarkt_openfootball,2026-06-02
Laros Duarte,Cape Verde,0,0,0,0,0,2,1,0,1,1,0,78.0,1,61.0,24.5,32.5,0,0,0,0,0,0,1,1,2,2,1,0,0,0,0.0,0.0,,,0,180.0,33.2,45.5,100,100.0,0.0,Available,,False,,12,0,real_wc2026_squads_transfermarkt_openfootball,2026-06-02
Yannick Semedo,Cape Verde,0,0,0,1,0,1,1,0,1,0,0,75.1,1,41.0,19.8,28.3,0,1,2,0,0,0,1,1,1,2,0,0,0,0,0.05,0.0,,,0,,9.5,38.5,100,100.0,0.0,Available,,False,,10,1,real_wc2026_squads_transfermarkt_openfootball,2026-06-02
Willy Semedo,Cape Verde,0,0,0,1,1,2,1,1,1,0,0,73.5,1,55.6,23.6,56.8,0,1,2,0,1,1,1,1,1,2,0,0,0,0,0.05,0.02,,,0,185.0,28.9,52.0,100,100.0,0.0,Available,0.0,False,https://github.com/salimt/football-datasets,36,2,real_wc2026_squads_transfermarkt_openfootball,2026-06-02
Telmo Arcanjo,Cape Verde,1388,1,0,20,8,35,23,9,6,5,3,76.3,10,67.2,54.2,48.7,1,14,33,1,10,8,23,13,11,27,3,0,0,5,1.48,0.2,0.0,0.0,32,180.0,47.0,51.2,100,100.0,0.0,Available,0.0,False,https://github.com/salimt/football-datasets,14,1,real_wc2026_squads_transfermarkt_openfootball,2026-06-02
Dailon Livramento,Cape Verde,967,0,1,12,9,23,15,6,4,4,3,74.2,8,61.4,47.4,53.2,0,8,18,2,1,11,15,8,8,19,1,0,0,4,0.4,0.92,2.0,0.0,25,185.0,30.7,56.4,100,100.0,0.0,Available,0.0,False,https://github.com/salimt/football-datasets,20,7,real_wc2026_squads_transfermarkt_openfootball,2026-06-02
Ryan Mendes,Cape Verde,0,0,0,1,1,3,1,1,1,1,0,73.5,1,57.6,23.6,71.6,0,1,2,0,1,1,2,1,1,2,0,0,0,0,0.05,0.02,,,0,178.0,28.9,60.2,100,100.0,0.0,Available,0.0,False,https://github.com/salimt/football-datasets,94,22,real_wc2026_squads_transfermarkt_openfootball,2026-06-02
Nuno da Costa,Cape Verde,1219,4,2,28,14,24,19,7,4,3,4,74.2,10,58.2,59.4,35.1,4,20,48,3,1,18,16,10,7,24,2,0,0,6,4.12,1.75,3.0,0.0,32,184.0,30.7,46.4,100,100.0,0.0,Available,0.0,False,https://github.com/salimt/football-datasets,7,1,real_wc2026_squads_transfermarkt_openfootball,2026-06-02
Steven Moreira,Cape Verde,0,0,0,0,0,2,1,0,1,1,0,74.5,1,57.3,25.3,37.8,0,0,0,0,1,0,1,1,2,2,0,0,0,0,0.0,0.0,,,0,180.0,37.4,49.3,100,100.0,0.0,Available,0.0,False,https://github.com/salimt/football-datasets,18,0,real_wc2026_squads_transfermarkt_openfootball,2026-06-02
CJ dos Santos,Cape Verde,0,0,0,0,0,1,0,0,1,0,1,75.7,0,54.9,24.0,18.7,0,0,0,0,0,0,1,0,1,1,1,2,0,1,0.0,0.0,,,0,194.0,30.7,37.4,100,100.0,0.0,Available,,False,,0,0,real_wc2026_squads_transfermarkt_openfootball,2026-06-02
Wagner Pina,Cape Verde,2444,0,7,13,28,60,29,11,20,17,11,78.7,11,69.2,72.8,51.6,0,7,16,8,23,42,39,16,41,49,8,0,5,12,0.35,5.6,4.0,0.0,31,180.0,62.2,61.8,100,100.0,0.0,Available,0.0,False,https://github.com/salimt/football-datasets,12,0,real_wc2026_squads_transfermarkt_openfootball,2026-06-02
Kelvin Pires,Cape Verde,0,0,0,0,0,1,0,0,1,1,0,75.1,1,41.0,19.8,20.9,0,0,0,0,0,0,1,0,2,2,1,0,0,0,0.0,0.0,,,0,,9.5,30.4,100,100.0,0.0,Available,,False,,4,1,real_wc2026_squads_transfermarkt_openfootball,2026-06-02
Hélio Varela,Cape Verde,0,0,0,1,1,2,1,1,0,0,0,74.2,1,57.8,24.9,39.9,0,1,2,0,1,1,1,1,1,2,0,0,0,0,0.05,0.02,,,0,176.0,35.0,43.9,100,100.0,0.0,Available,0.0,False,https://github.com/salimt/football-datasets,19,0,real_wc2026_squads_transfermarkt_openfootball,2026-06-02
Nawaf Al-Aqidi,Saudi Arabia,0,0,0,0,0,1,0,0,1,1,0,73.1,0,46.9,19.8,42.0,0,0,0,0,0,0,1,0,2,1,1,2,0,0,0.0,0.0,,,0,186.0,9.5,46.0,100,100.0,0.0,Available,,False,,22,0,real_wc2026_squads_transfermarkt_openfootball,2026-06-02
Ali Majrashi,Saudi Arabia,0,0,0,0,0,1,1,0,1,1,0,71.1,1,46.9,19.8,38.8,0,0,0,0,1,0,1,1,2,2,0,0,0,0,0.0,0.0,,,0,169.0,9.5,36.2,100,100.0,0.0,Available,,False,,20,0,real_wc2026_squads_transfermarkt_openfootball,2026-06-02
Ali Lajami,Saudi Arabia,37,0,0,0,0,1,0,0,1,1,0,75.1,1,46.9,26.8,45.9,0,0,0,0,0,0,1,0,2,2,1,0,0,0,0.0,0.0,0.0,0.0,1,178.0,9.5,46.1,100,100.0,0.0,Available,,False,,20,1,real_wc2026_squads_transfermarkt_openfootball,2026-06-02
Abdulelah Al-Amri,Saudi Arabia,0,0,0,0,0,1,0,0,1,1,0,75.1,1,46.9,19.8,52.6,0,0,0,0,0,0,1,0,2,2,1,0,0,0,0.0,0.0,,,0,183.0,9.5,49.8,100,100.0,0.0,Available,,False,,41,1,real_wc2026_squads_transfermarkt_openfootball,2026-06-02
Hassan Al-Tambakti,Saudi Arabia,0,0,0,0,0,2,0,0,1,1,0,75.1,1,46.9,19.8,58.9,0,0,0,0,0,0,1,0,2,2,1,0,0,0,0.0,0.0,,,0,183.0,9.5,53.3,100,100.0,0.0,Available,,False,,51,0,real_wc2026_squads_transfermarkt_openfootball,2026-06-02
Nasser Al-Dawsari,Saudi Arabia,189,0,0,1,1,4,2,1,2,1,1,76.2,1,46.9,28.2,63.1,0,1,2,0,0,1,3,1,3,4,0,0,0,1,0.05,0.02,0.0,0.0,2,178.0,9.5,55.6,100,100.0,0.0,Available,,False,,42,0,real_wc2026_squads_transfermarkt_openfootball,2026-06-02
Musab Al-Juwayr,Saudi Arabia,15,0,0,1,0,2,1,0,1,1,0,75.1,1,46.9,26.4,55.0,0,1,2,0,0,0,1,1,1,2,0,0,0,0,0.05,0.0,0.0,0.0,2,178.0,9.5,51.2,100,100.0,0.0,Available,,False,,33,6,real_wc2026_squads_transfermarkt_openfootball,2026-06-02
Ayman Yahya,Saudi Arabia,0,0,0,0,0,1,1,0,1,1,0,71.1,1,46.9,19.8,46.2,0,0,0,0,1,0,1,1,2,2,0,0,0,0,0.0,0.0,,,0,168.0,9.5,40.3,100,100.0,0.0,Available,,False,,25,0,real_wc2026_squads_transfermarkt_openfootball,2026-06-02
Firas Al-Buraikan,Saudi Arabia,0,0,0,1,1,2,1,0,1,1,0,71.1,1,46.9,19.8,67.4,0,1,2,0,0,1,1,1,1,2,0,0,0,0,0.05,0.02,,,0,181.0,9.5,60.0,100,100.0,0.0,Available,,False,,69,15,real_wc2026_squads_transfermarkt_openfootball,2026-06-02
Salem Al-Dawsari,Saudi Arabia,0,0,0,1,1,3,1,1,1,1,0,74.9,1,57.9,26.1,71.6,0,1,2,0,1,1,2,1,1,2,0,0,0,0,0.05,0.02,,,0,171.0,41.0,68.6,100,100.0,0.0,Available,,False,,108,26,real_wc2026_squads_transfermarkt_openfootball,2026-06-02
Saleh Al-Shehri,Saudi Arabia,0,0,0,1,1,3,1,1,1,0,0,73.4,1,53.5,23.5,63.2,0,1,2,0,0,1,2,1,1,2,0,0,0,0,0.05,0.02,,,0,184.0,28.4,61.4,100,100.0,0.0,Available,,False,,55,18,real_wc2026_squads_transfermarkt_openfootball,2026-06-02
Saud Abdulhamid,Saudi Arabia,1345,2,5,14,19,38,14,5,14,12,5,76.7,7,71.7,63.9,73.8,2,8,19,5,13,29,25,8,28,27,3,0,3,6,1.96,3.98,4.0,0.0,25,175.0,47.0,63.0,100,100.0,0.0,Available,0.0,False,https://github.com/salimt/football-datasets,53,1,real_wc2026_squads_transfermarkt_openfootball,2026-06-02
Nawaf Boushal,Saudi Arabia,0,0,0,0,0,1,1,0,1,1,0,71.1,1,46.9,19.8,44.1,0,0,0,0,1,0,1,1,2,2,0,0,0,0,0.0,0.0,,,0,178.0,9.5,39.2,100,100.0,0.0,Available,,False,,24,0,real_wc2026_squads_transfermarkt_openfootball,2026-06-02
Hassan Kadesh,Saudi Arabia,0,0,0,0,0,1,1,0,1,1,0,71.1,1,46.9,19.8,35.7,0,0,0,0,1,0,1,1,2,2,0,0,0,0,0.0,0.0,,,0,179.0,9.5,34.5,100,100.0,0.0,Available,,False,,19,2,real_wc2026_squads_transfermarkt_openfootball,2026-06-02
Abdullah Al-Khaibari,Saudi Arabia,0,0,0,0,0,2,1,0,1,1,0,75.1,1,46.9,19.8,50.5,0,0,0,0,0,0,1,1,2,2,1,0,0,0,0.0,0.0,,,0,178.0,9.5,52.7,100,100.0,0.0,Available,,False,,38,0,real_wc2026_squads_transfermarkt_openfootball,2026-06-02
Ziyad Al-Johani,Saudi Arabia,0,0,0,0,0,1,1,0,1,1,0,75.1,1,46.9,19.8,32.5,0,0,0,0,0,0,1,1,2,2,1,0,0,0,0.0,0.0,,,0,180.0,9.5,42.8,100,100.0,0.0,Available,,False,,11,0,real_wc2026_squads_transfermarkt_openfootball,2026-06-02
Khalid Al-Ghannam,Saudi Arabia,4,0,0,1,1,1,1,0,0,0,0,71.1,1,46.9,26.4,29.6,0,1,2,0,1,1,1,1,1,2,0,0,0,0,0.05,0.02,0.0,0.0,1,171.0,9.5,39.2,100,100.0,0.0,Available,,False,,5,0,real_wc2026_squads_transfermarkt_openfootball,2026-06-02
Alaa Al-Hejji,Saudi Arabia,0,0,0,1,0,1,1,0,0,0,0,75.1,1,46.9,19.8,18.7,0,1,2,0,0,0,1,1,1,2,0,0,0,0,0.05,0.0,,,0,173.0,9.5,31.2,100,100.0,0.0,Available,,False,,1,0,real_wc2026_squads_transfermarkt_openfootball,2026-06-02
Abdullah Al-Hamdan,Saudi Arabia,0,0,0,1,1,2,1,0,1,0,0,71.1,1,46.9,19.8,56.8,0,1,2,0,0,1,1,1,1,2,0,0,0,0,0.05,0.02,,,0,184.0,9.5,54.1,100,100.0,0.0,Available,,False,,48,11,real_wc2026_squads_transfermarkt_openfootball,2026-06-02
Sultan Mandash,Saudi Arabia,0,0,0,1,1,1,1,0,0,0,0,71.1,1,46.9,19.8,23.0,0,1,2,0,1,1,1,1,1,2,0,0,0,0,0.05,0.02,,,0,172.0,9.5,35.6,100,100.0,0.0,Available,,False,,5,1,real_wc2026_squads_transfermarkt_openfootball,2026-06-02
Mohammed Al-Owais,Saudi Arabia,0,0,0,0,0,2,0,0,1,1,0,73.1,0,46.9,19.8,65.3,0,0,0,0,0,0,1,0,2,1,1,2,0,0,0.0,0.0,,,0,185.0,9.5,58.8,100,100.0,0.0,Available,,False,,63,0,real_wc2026_squads_transfermarkt_openfootball,2026-06-02
Ahmed Al-Kassar,Saudi Arabia,0,0,0,0,0,1,0,0,1,1,0,73.1,0,46.9,19.8,29.3,0,0,0,0,0,0,1,0,1,1,1,2,0,0,0.0,0.0,,,0,179.0,9.5,39.0,100,100.0,0.0,Available,,False,,8,0,real_wc2026_squads_transfermarkt_openfootball,2026-06-02
Mohamed Kanno,Saudi Arabia,158,0,0,1,1,4,1,1,2,1,1,76.0,1,46.9,27.8,77.6,0,1,2,0,0,1,3,1,3,3,0,0,0,1,0.05,0.02,0.0,0.0,2,192.0,9.5,63.6,100,100.0,0.0,Available,,False,,75,8,real_wc2026_squads_transfermarkt_openfootball,2026-06-02
Moteb Al-Harbi,Saudi Arabia,171,0,0,1,0,2,1,0,1,1,1,72.1,1,46.9,27.9,40.7,0,1,2,0,1,0,1,1,3,3,0,0,0,1,0.05,0.0,0.0,0.0,2,173.0,9.5,37.3,100,100.0,0.0,Available,,False,,11,0,real_wc2026_squads_transfermarkt_openfootball,2026-06-02
Jehad Thakri,Saudi Arabia,0,0,0,0,0,1,0,0,1,1,0,75.1,1,46.9,19.8,27.2,0,0,0,0,0,0,1,0,2,2,1,0,0,0,0.0,0.0,,,0,183.0,9.5,35.9,100,100.0,0.0,Available,,False,,6,0,real_wc2026_squads_transfermarkt_openfootball,2026-06-02
Mohammed Abu Al-Shamat,Saudi Arabia,0,0,0,0,0,1,1,0,1,1,0,71.1,1,46.9,19.8,23.0,0,0,0,0,1,0,1,1,1,2,0,0,0,0,0.0,0.0,,,0,170.0,9.5,27.6,100,100.0,0.0,Available,,False,,5,0,real_wc2026_squads_transfermarkt_openfootball,2026-06-02
David Raya,Spain,4500,0,0,6,3,127,46,16,36,30,21,82.4,8,92.9,63.9,58.6,0,3,7,0,0,3,83,25,71,63,63,120,9,21,0.15,0.08,1.0,0.0,50,183.0,89.0,71.0,100,100.0,0.0,Available,0.0,False,https://github.com/salimt/football-datasets,12,0,real_wc2026_squads_transfermarkt_openfootball,2026-06-02
Marc Pubill,Spain,2775,1,1,12,7,43,23,8,22,18,18,81.6,11,79.4,65.7,40.1,1,6,14,2,1,9,28,13,47,54,33,0,6,19,1.08,0.88,7.0,0.0,36,190.0,52.4,51.5,100,100.0,0.0,Available,,False,,0,0,real_wc2026_squads_transfermarkt_openfootball,2026-06-02
Álex Grimaldo,Spain,4038,14,12,70,48,118,56,20,34,28,13,81.2,14,87.7,94.1,57.7,14,39,92,13,38,72,77,31,67,82,16,0,8,18,12.87,9.6,8.0,0.0,46,171.0,81.6,67.1,100,100.0,0.0,Available,0.0,False,https://github.com/salimt/football-datasets,12,0,real_wc2026_squads_transfermarkt_openfootball,2026-06-02
Eric García,Spain,3954,1,2,15,12,114,43,15,40,34,21,84.9,12,88.6,78.7,64.9,1,8,19,3,1,16,74,24,80,77,53,0,8,22,1.18,1.7,7.0,0.0,51,182.0,78.5,70.4,100,100.0,0.0,Available,0.0,False,https://github.com/salimt/football-datasets,19,0,real_wc2026_squads_transfermarkt_openfootball,2026-06-02
Marcos Llorente,Spain,3861,4,6,35,29,123,53,19,36,30,19,81.0,14,89.3,87.3,69.8,4,20,47,7,32,41,80,29,70,78,16,0,8,21,4.12,4.92,8.0,0.0,49,184.0,80.5,73.5,100,100.0,0.0,Available,0.0,False,https://github.com/salimt/football-datasets,23,0,real_wc2026_squads_transfermarkt_openfootball,2026-06-02
Mikel Merino,Spain,1905,6,3,34,16,73,31,11,17,14,10,85.7,7,92.0,77.1,73.6,6,20,48,4,2,22,47,17,32,37,8,0,0,12,5.68,2.5,5.0,0.0,34,189.0,86.5,76.8,100,100.0,0.0,Available,0.0,False,https://github.com/salimt/football-datasets,41,10,real_wc2026_squads_transfermarkt_openfootball,2026-06-02
Ferran Torres,Spain,2692,21,3,104,26,116,57,21,16,14,7,81.4,15,91.4,88.5,88.2,21,73,174,6,2,32,75,31,29,52,12,0,0,16,20.03,2.75,2.0,0.0,49,182.0,86.5,86.8,100,100.0,0.0,Available,0.0,False,https://github.com/salimt/football-datasets,55,23,real_wc2026_squads_transfermarkt_openfootball,2026-06-02
Fabián Ruiz,Spain,2021,4,5,28,23,80,34,12,18,15,10,86.3,7,87.1,78.3,74.3,4,17,41,6,4,33,52,19,34,39,9,0,0,12,3.97,4.08,2.0,0.0,33,189.0,91.1,78.1,100,59.2,40.8,Active: Broken toe; Ill,0.0,True,https://github.com/salimt/football-datasets,41,6,real_wc2026_squads_transfermarkt_openfootball,2026-06-02
Gavi,Spain,700,0,1,5,6,26,12,4,6,5,2,86.2,3,93.0,58.7,60.9,0,3,7,1,1,8,17,7,11,14,3,0,0,2,0.15,0.85,5.0,0.0,13,173.0,91.1,70.7,100,6.0,94.0,Active: Broken jaw; Knee injury,0.0,True,https://github.com/salimt/football-datasets,28,5,real_wc2026_squads_transfermarkt_openfootball,2026-06-02
Dani Olmo,Spain,2838,8,10,57,46,123,57,21,19,16,7,82.6,13,94.5,89.6,85.0,8,38,89,12,7,66,80,31,34,53,14,0,0,12,8.14,8.15,4.0,0.0,49,179.0,95.3,90.8,100,100.0,0.0,Available,0.0,False,https://github.com/salimt/football-datasets,48,12,real_wc2026_squads_transfermarkt_openfootball,2026-06-02
Yéremy Pino,Spain,2589,4,4,44,27,96,53,20,12,11,3,81.4,14,92.0,80.2,60.0,4,30,70,6,21,35,62,29,23,50,11,0,0,7,4.62,3.47,5.0,0.0,40,172.0,86.5,67.3,100,100.0,0.0,Available,0.0,False,https://github.com/salimt/football-datasets,21,4,real_wc2026_squads_transfermarkt_openfootball,2026-06-02
Pedro Porro,Spain,3923,2,6,28,29,129,58,21,34,29,14,82.4,12,93.6,87.8,62.7,2,16,37,7,33,41,84,32,68,79,18,0,8,16,2.36,4.92,14.0,0.0,47,173.0,91.1,71.7,100,100.0,0.0,Available,0.0,False,https://github.com/salimt/football-datasets,16,0,real_wc2026_squads_transfermarkt_openfootball,2026-06-02
Joan Garcia,Spain,4042,0,0,5,2,94,40,14,27,22,25,82.0,8,91.4,62.5,48.2,0,2,5,0,0,2,61,22,55,57,56,108,8,25,0.1,0.05,1.0,0.0,45,194.0,86.5,64.8,100,100.0,0.0,Available,0.0,False,https://github.com/salimt/football-datasets,1,0,real_wc2026_squads_transfermarkt_openfootball,2026-06-02
Aymeric Laporte,Spain,2434,0,2,7,10,82,27,9,28,24,16,84.9,7,88.6,67.5,80.0,0,4,9,2,1,14,53,15,55,47,33,0,5,16,0.2,1.65,4.0,0.0,30,191.0,78.5,78.7,100,100.0,0.0,Available,0.0,False,https://github.com/salimt/football-datasets,44,2,real_wc2026_squads_transfermarkt_openfootball,2026-06-02
Álex Baena,Spain,2305,2,3,34,23,85,48,18,10,8,4,82.0,12,93.0,75.1,51.7,2,23,54,5,19,29,55,26,18,45,10,0,0,7,2.71,2.68,9.0,0.0,46,174.0,91.1,63.7,100,100.0,0.0,Available,,False,,15,2,real_wc2026_squads_transfermarkt_openfootball,2026-06-02
Rodri,Spain,2232,2,0,19,6,94,34,12,26,23,14,87.2,6,95.9,71.9,89.2,2,11,26,1,0,6,61,19,51,49,32,0,0,15,2.11,0.15,6.0,0.0,34,191.0,97.7,91.6,100,100.0,0.0,Available,0.0,False,https://github.com/salimt/football-datasets,61,4,real_wc2026_squads_transfermarkt_openfootball,2026-06-02
Nico Williams,Spain,2101,6,7,45,34,87,45,17,11,10,6,82.6,10,94.5,82.6,69.6,6,31,73,9,20,48,57,25,21,41,10,0,0,10,6.23,5.75,2.0,0.0,32,181.0,95.3,74.3,100,100.0,0.0,Available,0.0,False,https://github.com/salimt/football-datasets,30,6,real_wc2026_squads_transfermarkt_openfootball,2026-06-02
Martín Zubimendi,Spain,4269,6,3,44,21,152,64,23,43,37,21,86.7,13,94.6,90.8,75.3,6,25,59,5,2,27,99,35,86,93,60,0,0,24,5.93,2.62,8.0,0.0,56,181.0,94.0,83.2,100,100.0,0.0,Available,0.0,False,https://github.com/salimt/football-datasets,25,3,real_wc2026_squads_transfermarkt_openfootball,2026-06-02
Lamine Yamal,Spain,3702,24,18,125,77,153,81,30,18,16,9,83.1,17,95.9,97.7,73.7,24,86,202,20,39,113,99,45,34,72,18,0,0,19,23.02,14.52,6.0,0.0,45,180.0,99.3,77.4,100,100.0,0.0,Available,0.0,False,https://github.com/salimt/football-datasets,25,6,real_wc2026_squads_transfermarkt_openfootball,2026-06-02
Pedri,Spain,3094,2,12,29,49,127,54,19,27,23,9,87.2,10,95.4,89.9,78.5,2,17,40,13,8,73,83,30,51,60,15,0,0,11,2.41,9.62,1.0,0.0,43,174.0,98.0,81.8,100,100.0,0.0,Available,0.0,False,https://github.com/salimt/football-datasets,40,5,real_wc2026_squads_transfermarkt_openfootball,2026-06-02
Mikel Oyarzabal,Spain,3195,18,4,100,32,135,66,25,19,17,8,80.9,18,90.2,90.8,89.5,18,70,165,7,3,40,88,36,34,62,13,0,0,16,17.54,3.6,5.0,0.0,40,181.0,83.0,86.8,100,100.0,0.0,Available,0.0,False,https://github.com/salimt/football-datasets,52,24,real_wc2026_squads_transfermarkt_openfootball,2026-06-02
Pau Cubarsí,Spain,3978,1,0,16,6,113,47,16,38,31,22,85.9,10,91.4,76.2,54.4,1,8,19,1,0,6,73,26,76,77,55,0,8,23,1.18,0.15,4.0,0.0,48,184.0,86.5,66.2,100,100.0,0.0,Available,0.0,False,https://github.com/salimt/football-datasets,11,0,real_wc2026_squads_transfermarkt_openfootball,2026-06-02
Unai Simón,Spain,4140,0,0,5,3,149,41,14,43,37,24,82.0,8,91.4,62.9,97.2,0,2,5,0,0,3,97,23,83,58,57,110,8,24,0.1,0.08,1.0,0.0,46,190.0,86.5,91.8,100,100.0,0.0,Available,0.0,False,https://github.com/salimt/football-datasets,57,0,real_wc2026_squads_transfermarkt_openfootball,2026-06-02
Marc Cucurella,Spain,4141,1,4,26,24,146,62,22,38,32,14,82.8,12,94.6,84.9,70.8,1,15,35,6,33,32,95,34,75,84,19,0,8,16,1.53,3.4,12.0,0.0,53,173.0,94.0,76.7,100,100.0,0.0,Available,0.0,False,https://github.com/salimt/football-datasets,23,1,real_wc2026_squads_transfermarkt_openfootball,2026-06-02
Víctor Muñoz,Spain,2766,7,5,56,32,48,42,16,8,6,4,74.6,21,72.7,74.0,44.1,7,38,89,7,23,42,31,23,16,54,5,0,0,9,7.36,4.3,3.0,0.0,36,173.0,33.2,47.9,100,100.0,0.0,Available,,False,,2,1,real_wc2026_squads_transfermarkt_openfootball,2026-06-02
Borja Iglesias,Spain,2710,18,3,94,26,69,49,19,8,7,9,77.7,18,81.1,82.1,45.9,18,66,157,6,2,32,45,27,15,53,8,0,0,17,17.34,2.75,7.0,0.0,50,187.0,57.1,57.7,100,100.0,0.0,Available,0.0,False,https://github.com/salimt/football-datasets,6,0,real_wc2026_squads_transfermarkt_openfootball,2026-06-02
Sergio Rochet,Uruguay,0,0,0,0,0,2,1,0,1,1,1,78.0,0,55.1,27.8,51.5,0,0,0,0,0,0,1,1,2,1,1,2,0,1,0.0,0.0,,,0,190.0,49.7,59.3,100,100.0,0.0,Available,0.0,False,https://github.com/salimt/football-datasets,35,0,real_wc2026_squads_transfermarkt_openfootball,2026-06-02
José María Giménez,Uruguay,1521,1,1,8,5,58,17,6,19,17,9,85.2,4,89.3,63.4,83.0,1,4,10,1,1,7,38,9,37,30,20,0,3,9,0.98,0.82,4.0,0.0,25,185.0,80.5,80.8,100,16.8,83.2,Active: Adductor pain; muscular problems,0.0,True,https://github.com/salimt/football-datasets,99,8,real_wc2026_squads_transfermarkt_openfootball,2026-06-02
Sebastián Cáceres,Uruguay,0,0,0,0,0,2,1,0,1,1,0,82.9,0,57.7,29.3,37.8,0,0,0,0,0,0,1,1,2,2,1,0,0,0,0.0,0.0,,,0,182.0,57.1,51.2,100,100.0,0.0,Available,0.0,False,https://github.com/salimt/football-datasets,24,0,real_wc2026_squads_transfermarkt_openfootball,2026-06-02
Ronald Araújo,Uruguay,1615,4,0,19,2,57,21,7,17,15,11,87.3,3,95.0,71.5,53.8,4,10,25,0,0,2,37,12,34,31,23,0,3,12,3.62,0.05,2.0,0.0,38,192.0,97.0,68.0,100,100.0,0.0,Available,0.0,False,https://github.com/salimt/football-datasets,27,1,real_wc2026_squads_transfermarkt_openfootball,2026-06-02
Manuel Ugarte,Uruguay,1005,0,0,6,3,36,14,5,11,9,5,85.8,3,92.0,46.4,66.0,0,3,7,1,0,3,23,8,21,22,14,0,0,5,0.15,0.08,1.0,0.0,24,182.0,86.5,74.6,100,100.0,0.0,Available,0.0,False,https://github.com/salimt/football-datasets,36,1,real_wc2026_squads_transfermarkt_openfootball,2026-06-02
Rodrigo Bentancur,Uruguay,2549,1,1,17,10,101,36,13,31,26,15,85.5,9,91.3,70.5,87.2,1,10,23,2,1,12,66,20,59,56,35,0,0,16,1.28,0.95,7.0,0.0,34,187.0,84.3,85.8,100,100.0,0.0,Available,0.0,False,https://github.com/salimt/football-datasets,74,3,real_wc2026_squads_transfermarkt_openfootball,2026-06-02
Nicolás de la Cruz,Uruguay,0,0,0,1,0,2,1,0,1,1,0,75.1,1,41.0,19.8,48.4,0,1,2,0,0,0,1,1,1,2,0,0,0,0,0.05,0.0,,,0,167.0,9.5,51.5,100,100.0,0.0,Available,,False,,34,5,real_wc2026_squads_transfermarkt_openfootball,2026-06-02
Federico Valverde,Uruguay,4428,9,13,63,57,198,77,28,43,37,18,87.3,15,95.9,97.6,93.4,9,38,89,15,9,83,129,42,81,86,22,0,0,23,8.92,10.52,4.0,0.0,52,182.0,99.3,94.2,100,100.0,0.0,Available,0.0,False,https://github.com/salimt/football-datasets,73,9,real_wc2026_squads_transfermarkt_openfootball,2026-06-02
Darwin Núñez,Uruguay,0,0,0,1,1,4,2,1,0,0,0,83.6,0,77.5,37.3,56.8,0,1,2,0,0,1,3,1,1,2,0,0,0,0,0.05,0.02,,,0,187.0,97.0,71.6,100,100.0,0.0,Available,0.0,False,https://github.com/salimt/football-datasets,38,13,real_wc2026_squads_transfermarkt_openfootball,2026-06-02
Giorgian de Arrascaeta,Uruguay,0,0,0,1,0,4,2,1,1,1,0,80.9,0,63.6,32.6,63.2,0,1,2,0,0,0,3,1,1,2,0,0,0,0,0.05,0.0,,,0,174.0,73.9,72.5,100,100.0,0.0,Available,0.0,False,https://github.com/salimt/football-datasets,60,13,real_wc2026_squads_transfermarkt_openfootball,2026-06-02
Facundo Pellistri,Uruguay,955,0,2,11,12,33,17,7,6,5,2,78.3,6,59.5,56.4,70.0,0,8,18,3,8,16,21,9,10,19,3,0,0,3,0.4,1.7,0.0,0.0,15,175.0,62.2,71.9,100,100.0,0.0,Available,0.0,False,https://github.com/salimt/football-datasets,39,2,real_wc2026_squads_transfermarkt_openfootball,2026-06-02
Santiago Mele,Uruguay,0,0,0,0,0,1,0,0,1,1,0,73.1,0,41.0,19.8,23.0,0,0,0,0,0,0,1,0,1,1,1,2,0,0,0.0,0.0,,,0,184.0,9.5,35.6,100,100.0,0.0,Available,,False,,8,0,real_wc2026_squads_transfermarkt_openfootball,2026-06-02
Guillermo Varela,Uruguay,0,0,0,0,0,2,1,0,1,1,0,76.9,0,52.0,26.1,43.1,0,0,0,0,1,0,1,1,2,2,0,0,0,0,0.0,0.0,,,0,173.0,41.0,46.9,100,100.0,0.0,Available,0.0,False,https://github.com/salimt/football-datasets,28,0,real_wc2026_squads_transfermarkt_openfootball,2026-06-02
Agustín Canobbio,Uruguay,21,0,0,1,1,3,2,1,0,0,0,76.9,1,57.7,36.0,40.3,0,1,2,0,1,1,2,1,1,2,0,0,0,0,0.05,0.02,0.0,0.0,1,175.0,57.1,54.6,100,100.0,0.0,Available,0.0,False,https://github.com/salimt/football-datasets,15,1,real_wc2026_squads_transfermarkt_openfootball,2026-06-02
Emiliano Martínez,Uruguay,76,0,0,0,0,2,1,0,1,1,0,84.0,0,61.0,38.6,35.6,0,0,0,0,0,0,1,1,2,2,1,0,0,0,0.0,0.0,0.0,0.0,1,185.0,66.7,53.9,100,100.0,0.0,Available,0.0,False,https://github.com/salimt/football-datasets,10,0,real_wc2026_squads_transfermarkt_openfootball,2026-06-02
Mathías Olivera,Uruguay,1827,0,2,10,11,61,24,9,18,16,9,80.5,7,84.7,63.6,66.9,0,6,14,3,15,15,40,13,36,37,7,0,4,10,0.3,1.67,3.0,0.0,33,185.0,76.6,67.1,100,100.0,0.0,Available,0.0,False,https://github.com/salimt/football-datasets,35,2,real_wc2026_squads_transfermarkt_openfootball,2026-06-02
Matías Viña,Uruguay,0,0,0,0,0,3,1,0,1,1,0,80.2,0,61.7,31.6,61.0,0,0,0,0,1,0,2,1,2,2,0,0,0,0,0.0,0.0,,,0,180.0,68.5,62.3,100,100.0,0.0,Available,0.0,False,https://github.com/salimt/football-datasets,43,1,real_wc2026_squads_transfermarkt_openfootball,2026-06-02
Brian Rodríguez,Uruguay,0,0,0,1,1,3,2,1,0,0,0,77.2,1,58.6,29.8,46.2,0,1,2,0,1,1,2,1,1,2,0,0,0,0,0.05,0.02,,,0,176.0,59.8,58.4,100,100.0,0.0,Available,0.0,False,https://github.com/salimt/football-datasets,32,4,real_wc2026_squads_transfermarkt_openfootball,2026-06-02
Rodrigo Aguirre,Uruguay,0,0,0,1,1,2,2,1,0,0,0,76.5,1,56.8,28.8,28.3,0,1,2,0,0,1,1,1,1,2,0,0,0,0,0.05,0.02,,,0,182.0,54.6,47.5,100,100.0,0.0,Available,,False,,10,3,real_wc2026_squads_transfermarkt_openfootball,2026-06-02
Maximiliano Araújo,Uruguay,3360,7,5,42,25,111,46,17,32,27,14,81.0,12,78.9,87.5,68.3,7,24,57,6,28,35,72,25,63,68,14,0,7,17,6.66,4.12,13.0,0.0,42,179.0,80.5,68.7,100,100.0,0.0,Available,0.0,False,https://github.com/salimt/football-datasets,28,3,real_wc2026_squads_transfermarkt_openfootball,2026-06-02
Federico Viñas,Uruguay,2507,9,1,61,18,59,42,16,9,7,7,75.6,19,75.4,72.8,50.9,9,43,101,4,1,20,38,23,16,49,5,0,0,12,9.17,1.15,6.0,0.0,34,182.0,41.0,57.2,100,100.0,0.0,Available,0.0,False,https://github.com/salimt/football-datasets,11,2,real_wc2026_squads_transfermarkt_openfootball,2026-06-02
Joaquín Piquerez,Uruguay,0,0,0,0,0,3,1,0,1,1,0,80.9,0,63.6,32.6,35.7,0,0,0,0,1,0,2,1,2,2,0,0,0,0,0.0,0.0,,,0,184.0,73.9,49.4,100,100.0,0.0,Available,0.0,False,https://github.com/salimt/football-datasets,19,0,real_wc2026_squads_transfermarkt_openfootball,2026-06-02
Fernando Muslera,Uruguay,0,0,0,0,0,2,0,0,1,1,1,75.6,0,48.1,23.8,71.6,0,0,0,0,0,0,1,0,2,1,1,2,0,1,0.0,0.0,,,0,190.0,29.6,66.3,100,100.0,0.0,Available,0.0,False,https://github.com/salimt/football-datasets,134,0,real_wc2026_squads_transfermarkt_openfootball,2026-06-02
Santiago Bueno,Uruguay,3003,4,2,23,11,69,30,11,27,23,19,83.6,10,85.7,77.9,46.1,4,12,29,3,1,15,45,16,56,58,39,0,6,20,3.72,1.67,6.0,0.0,34,190.0,68.5,58.1,100,100.0,0.0,Available,0.0,False,https://github.com/salimt/football-datasets,8,0,real_wc2026_squads_transfermarkt_openfootball,2026-06-02
Juan Manuel Sanabria,Uruguay,0,0,0,0,0,2,1,0,1,1,0,79.5,0,66.0,30.3,18.7,0,0,0,0,1,0,1,1,1,2,0,0,0,0,0.0,0.0,,,0,172.0,62.2,37.7,100,100.0,0.0,Available,0.0,False,https://github.com/salimt/football-datasets,5,1,real_wc2026_squads_transfermarkt_openfootball,2026-06-02
Rodrigo Zalazar,Uruguay,3202,23,8,111,41,97,59,22,13,11,8,80.5,17,78.2,91.2,47.2,23,74,175,10,6,57,63,32,25,60,13,0,0,17,21.64,6.62,7.0,0.0,45,178.0,78.5,64.7,100,100.0,0.0,Available,0.0,False,https://github.com/salimt/football-datasets,8,2,real_wc2026_squads_transfermarkt_openfootball,2026-06-02
Brice Samba,France,2880,0,0,4,2,58,23,8,20,17,15,79.7,8,79.2,53.8,47.3,0,2,5,0,0,2,38,13,41,40,37,77,6,15,0.1,0.05,5.0,0.0,32,187.0,68.5,60.7,100,100.0,0.0,Available,0.0,False,https://github.com/salimt/football-datasets,4,0,real_wc2026_squads_transfermarkt_openfootball,2026-06-02
Malo Gusto,France,3553,3,6,30,28,107,52,19,28,24,15,82.1,11,92.9,87.2,59.5,3,17,40,7,30,40,70,29,57,72,16,0,7,17,3.19,4.9,7.0,0.0,52,178.0,89.0,67.5,100,100.0,0.0,Available,0.0,False,https://github.com/salimt/football-datasets,9,0,real_wc2026_squads_transfermarkt_openfootball,2026-06-02
Lucas Digne,France,2771,0,7,15,29,92,34,12,30,26,12,79.0,12,84.4,75.6,84.5,0,8,18,8,25,43,60,19,58,56,9,0,6,13,0.4,5.62,6.0,0.0,44,178.0,64.8,76.4,100,100.0,0.0,Available,0.0,False,https://github.com/salimt/football-datasets,56,0,real_wc2026_squads_transfermarkt_openfootball,2026-06-02
Dayot Upamecano,France,3431,2,3,17,15,127,44,15,39,33,20,87.3,7,93.1,83.6,76.0,2,9,21,4,2,21,83,24,76,67,49,0,7,21,2.01,2.47,9.0,0.0,43,186.0,97.0,80.2,100,100.0,0.0,Available,0.0,False,https://github.com/salimt/football-datasets,36,2,real_wc2026_squads_transfermarkt_openfootball,2026-06-02
Jules Koundé,France,3529,3,4,30,22,138,53,19,37,32,16,82.6,11,93.6,86.3,86.8,3,17,40,5,28,30,90,29,72,71,16,0,7,18,3.19,3.35,7.0,0.0,47,180.0,92.8,83.3,100,100.0,0.0,Available,0.0,False,https://github.com/salimt/football-datasets,46,0,real_wc2026_squads_transfermarkt_openfootball,2026-06-02
Manu Koné,France,2758,2,3,27,19,93,47,17,19,16,12,86.6,10,90.8,78.6,58.9,2,16,37,5,2,25,60,26,37,54,13,0,0,14,2.36,2.58,3.0,0.0,37,185.0,94.0,72.2,100,100.0,0.0,Available,0.0,False,https://github.com/salimt/football-datasets,12,0,real_wc2026_squads_transfermarkt_openfootball,2026-06-02
Ousmane Dembélé,France,2150,20,11,94,47,100,48,18,13,12,4,83.0,10,89.8,88.2,84.6,20,66,158,12,8,69,65,26,24,42,11,0,0,12,18.9,8.88,2.0,0.0,39,178.0,98.7,85.3,100,6.0,94.0,Active: muscular problems; Hamstring injury,0.0,True,https://github.com/salimt/football-datasets,58,7,real_wc2026_squads_transfermarkt_openfootball,2026-06-02
Aurélien Tchouaméni,France,4206,2,2,30,18,170,65,23,47,40,25,87.3,12,95.6,85.3,86.8,2,17,39,4,1,22,110,36,92,92,60,0,0,27,2.41,1.85,12.0,0.0,52,188.0,98.7,90.5,100,100.0,0.0,Available,0.0,False,https://github.com/salimt/football-datasets,44,3,real_wc2026_squads_transfermarkt_openfootball,2026-06-02
Marcus Thuram,France,2881,18,9,96,46,122,63,24,15,13,12,82.5,15,91.2,92.0,70.6,18,67,159,11,6,64,79,35,27,56,14,0,0,20,17.39,7.45,3.0,0.0,44,192.0,95.3,76.9,100,100.0,0.0,Available,0.0,False,https://github.com/salimt/football-datasets,33,3,real_wc2026_squads_transfermarkt_openfootball,2026-06-02
Kylian Mbappé,France,3756,43,7,192,45,184,84,31,25,23,9,83.1,18,96.1,98.1,98.1,43,134,316,10,5,59,120,46,45,73,19,0,0,25,40.24,6.02,6.0,0.0,47,180.0,99.9,92.9,100,100.0,0.0,Available,0.0,False,https://github.com/salimt/football-datasets,96,56,real_wc2026_squads_transfermarkt_openfootball,2026-06-02
Michael Olise,France,4105,22,31,122,120,159,90,33,17,15,13,83.1,19,94.0,99.0,67.5,22,84,197,32,51,182,103,50,33,80,20,0,0,23,21.36,24.7,12.0,0.0,53,184.0,99.6,76.0,100,100.0,0.0,Available,0.0,False,https://github.com/salimt/football-datasets,15,4,real_wc2026_squads_transfermarkt_openfootball,2026-06-02
Bradley Barcola,France,2921,13,8,78,42,114,63,23,13,11,8,82.8,14,89.2,91.6,64.6,13,54,127,10,27,58,74,35,24,57,14,0,0,14,12.84,6.65,3.0,0.0,49,182.0,97.0,73.9,100,100.0,0.0,Available,0.0,False,https://github.com/salimt/football-datasets,18,3,real_wc2026_squads_transfermarkt_openfootball,2026-06-02
N'Golo Kanté,France,1310,2,0,14,4,47,17,6,16,13,4,83.8,5,72.3,61.6,82.0,2,8,19,1,0,4,31,9,30,29,17,0,0,5,1.96,0.1,3.0,0.0,16,168.0,71.1,82.3,100,100.0,0.0,Available,0.0,False,https://github.com/salimt/football-datasets,67,2,real_wc2026_squads_transfermarkt_openfootball,2026-06-02
Adrien Rabiot,France,2910,6,5,42,26,111,45,16,27,23,15,84.7,12,85.3,83.4,87.8,6,25,59,6,4,36,72,25,51,57,11,0,0,18,5.93,4.15,6.0,0.0,33,191.0,78.5,85.0,100,100.0,0.0,Available,0.0,False,https://github.com/salimt/football-datasets,57,7,real_wc2026_squads_transfermarkt_openfootball,2026-06-02
Ibrahima Konaté,France,4280,2,0,20,7,147,53,19,46,39,30,86.7,10,94.2,81.4,72.2,2,10,23,1,0,7,96,29,91,83,60,0,9,31,2.06,0.18,10.0,0.0,51,194.0,92.8,77.3,100,100.0,0.0,Available,0.0,False,https://github.com/salimt/football-datasets,27,0,real_wc2026_squads_transfermarkt_openfootball,2026-06-02
Mike Maignan,France,3656,0,0,4,2,126,37,13,36,31,21,82.5,7,89.4,62.1,78.9,0,2,5,0,0,2,82,20,69,51,51,97,7,21,0.1,0.05,4.0,0.0,41,191.0,90.0,82.4,100,100.0,0.0,Available,0.0,False,https://github.com/salimt/football-datasets,38,0,real_wc2026_squads_transfermarkt_openfootball,2026-06-02
William Saliba,France,4134,1,1,16,9,152,54,19,45,39,28,87.5,8,96.2,81.2,73.9,1,8,19,2,1,11,99,30,89,80,59,0,8,29,1.18,0.92,3.0,0.0,49,192.0,98.4,79.3,100,100.0,0.0,Available,0.0,False,https://github.com/salimt/football-datasets,31,0,real_wc2026_squads_transfermarkt_openfootball,2026-06-02
Warren Zaïre-Emery,France,3980,3,5,39,30,131,67,24,26,22,14,86.6,14,88.2,88.7,62.9,3,23,53,7,4,40,85,37,52,77,19,0,0,17,3.49,4.25,5.0,0.0,53,178.0,94.0,74.4,100,100.0,0.0,Available,0.0,False,https://github.com/salimt/football-datasets,10,1,real_wc2026_squads_transfermarkt_openfootball,2026-06-02
Théo Hernandez,France,0,0,0,0,0,4,1,0,1,1,0,83.4,0,76.9,36.9,56.8,0,0,0,0,1,0,3,1,2,2,0,0,0,0,0.0,0.0,,,0,184.0,95.3,67.3,100,100.0,0.0,Available,,False,,42,2,real_wc2026_squads_transfermarkt_openfootball,2026-06-02
Désiré Doué,France,2492,13,10,73,45,88,54,20,8,7,7,82.9,12,89.7,89.0,48.7,13,50,119,12,25,65,57,30,16,48,12,0,0,13,12.64,8.12,1.0,0.0,40,181.0,98.4,65.5,100,100.0,0.0,Available,0.0,False,https://github.com/salimt/football-datasets,6,2,real_wc2026_squads_transfermarkt_openfootball,2026-06-02
Lucas Hernandez,France,1992,0,3,11,15,70,27,10,21,18,10,80.8,7,82.7,67.4,71.0,0,6,14,4,16,21,46,15,40,40,8,0,4,11,0.3,2.47,4.0,1.0,36,184.0,78.5,71.8,100,100.0,0.0,Available,0.0,False,https://github.com/salimt/football-datasets,41,0,real_wc2026_squads_transfermarkt_openfootball,2026-06-02
Jean-Philippe Mateta,France,2718,14,0,81,17,89,59,22,7,6,11,82.0,14,93.6,87.0,43.9,14,57,135,3,0,17,58,32,14,53,12,0,0,18,13.77,0.43,3.0,0.0,38,192.0,91.1,61.4,100,100.0,0.0,Available,0.0,False,https://github.com/salimt/football-datasets,3,2,real_wc2026_squads_transfermarkt_openfootball,2026-06-02
Robin Risser,France,2970,0,1,4,5,54,24,8,19,16,18,79.7,8,79.2,66.6,41.6,0,2,5,1,1,7,35,13,40,42,38,79,6,18,0.1,0.82,2.0,0.0,33,193.0,68.5,57.6,100,100.0,0.0,Available,,False,,0,0,real_wc2026_squads_transfermarkt_openfootball,2026-06-02
Rayan Cherki,France,2883,10,16,64,65,96,58,21,10,9,6,82.5,13,94.6,91.4,49.5,10,42,99,17,11,97,62,32,21,54,14,0,0,11,9.9,12.82,2.0,0.0,53,177.0,94.0,71.0,100,100.0,0.0,Available,0.0,False,https://github.com/salimt/football-datasets,5,1,real_wc2026_squads_transfermarkt_openfootball,2026-06-02
Maghnes Akliouche,France,3245,7,10,61,50,112,69,25,11,9,9,82.2,16,87.7,91.4,55.9,7,42,98,12,30,70,73,38,22,63,15,0,0,14,7.56,8.25,3.0,0.0,41,183.0,92.8,68.3,100,100.0,0.0,Available,0.0,False,https://github.com/salimt/football-datasets,7,1,real_wc2026_squads_transfermarkt_openfootball,2026-06-02
Maxence Lacroix,France,3627,1,2,14,12,93,44,15,30,25,23,86.2,9,92.9,79.9,47.0,1,7,16,3,1,16,60,24,63,71,50,0,7,24,1.13,1.7,4.0,0.0,41,190.0,89.0,62.6,100,100.0,0.0,Available,0.0,False,https://github.com/salimt/football-datasets,2,0,real_wc2026_squads_transfermarkt_openfootball,2026-06-02
Fahad Talib,Iraq,0,0,0,0,0,1,0,0,1,1,1,73.1,0,41.0,19.8,42.0,0,0,0,0,0,0,1,0,2,1,1,2,0,1,0.0,0.0,,,0,193.0,9.5,46.0,100,100.0,0.0,Available,,False,,21,0,real_wc2026_squads_transfermarkt_openfootball,2026-06-02
Rebin Sulaka,Iraq,0,0,0,0,0,2,0,0,1,1,1,76.4,1,44.6,21.8,63.2,0,0,0,0,0,0,1,0,2,2,1,0,0,1,0.0,0.0,,,0,192.0,19.6,55.7,100,100.0,0.0,Available,0.0,False,https://github.com/salimt/football-datasets,54,1,real_wc2026_squads_transfermarkt_openfootball,2026-06-02
Hussein Ali,Iraq,0,0,0,1,1,2,1,0,0,0,0,71.1,1,41.0,19.8,47.3,0,1,2,0,1,1,1,1,1,2,0,0,0,0,0.05,0.02,,,0,163.0,9.5,44.9,100,100.0,0.0,Available,,False,,25,1,real_wc2026_squads_transfermarkt_openfootball,2026-06-02
Zaid Tahseen,Iraq,0,0,0,0,0,1,0,0,1,1,1,75.1,1,41.0,19.8,51.5,0,0,0,0,0,0,1,0,2,2,1,0,0,1,0.0,0.0,,,0,187.0,9.5,47.2,100,100.0,0.0,Available,,False,,26,1,real_wc2026_squads_transfermarkt_openfootball,2026-06-02
Akam Hashim,Iraq,0,0,0,0,0,1,0,0,1,1,1,75.1,1,41.0,19.8,31.4,0,0,0,0,0,0,1,0,2,2,1,0,0,1,0.0,0.0,,,0,186.0,9.5,36.2,100,100.0,0.0,Available,,False,,12,1,real_wc2026_squads_transfermarkt_openfootball,2026-06-02
Manaf Younis,Iraq,0,0,0,0,0,1,0,0,1,1,1,75.1,1,41.0,19.8,56.8,0,0,0,0,0,0,1,0,2,2,1,0,0,1,0.0,0.0,,,0,190.0,9.5,50.1,100,100.0,0.0,Available,,False,,32,1,real_wc2026_squads_transfermarkt_openfootball,2026-06-02
Youssef Amyn,Iraq,25,0,0,1,1,2,1,1,0,0,0,73.3,1,47.4,30.2,54.1,0,1,2,0,1,1,1,1,1,2,0,0,0,0,0.05,0.02,0.0,0.0,2,175.0,27.6,52.3,100,100.0,0.0,Available,0.0,False,https://github.com/salimt/football-datasets,25,2,real_wc2026_squads_transfermarkt_openfootball,2026-06-02
Ibrahim Bayesh,Iraq,0,0,0,1,0,2,1,0,1,1,0,71.1,1,41.0,19.8,67.4,0,1,2,0,0,0,1,1,1,2,0,0,0,0,0.05,0.0,,,0,177.0,9.5,64.0,100,100.0,0.0,Available,,False,,74,8,real_wc2026_squads_transfermarkt_openfootball,2026-06-02
Ali Al-Hamadi,Iraq,118,0,0,1,1,3,2,1,0,0,0,75.4,1,76.1,33.8,45.5,0,1,2,0,0,1,2,1,1,2,0,0,0,0,0.05,0.02,0.0,0.0,2,187.0,41.0,52.2,100,100.0,0.0,Available,0.0,False,https://github.com/salimt/football-datasets,18,5,real_wc2026_squads_transfermarkt_openfootball,2026-06-02
Mohanad Ali,Iraq,0,0,0,1,1,3,1,1,1,1,0,72.8,1,46.0,22.6,65.3,0,1,2,0,0,1,2,1,1,2,0,0,0,0,0.05,0.02,,,0,183.0,23.6,59.6,100,100.0,0.0,Available,0.0,False,https://github.com/salimt/football-datasets,71,27,real_wc2026_squads_transfermarkt_openfootball,2026-06-02
Ahmed Qasem,Iraq,0,0,0,1,1,2,2,1,0,0,0,76.0,1,61.6,27.8,18.7,0,1,2,0,1,1,1,1,0,2,0,0,0,0,0.05,0.02,,,0,183.0,49.7,37.2,100,100.0,0.0,Available,,False,,1,0,real_wc2026_squads_transfermarkt_openfootball,2026-06-02
Jalal Hassan,Iraq,0,0,0,0,0,2,0,0,1,1,0,73.1,0,41.0,19.8,71.6,0,0,0,0,0,0,1,0,2,1,1,2,0,0,0.0,0.0,,,0,184.0,9.5,62.3,100,100.0,0.0,Available,,False,,100,0,real_wc2026_squads_transfermarkt_openfootball,2026-06-02
Ali Yousif,Iraq,0,0,0,1,1,1,1,0,0,0,0,71.1,1,41.0,19.8,24.0,0,1,2,0,0,1,1,1,1,2,0,0,0,0,0.05,0.02,,,0,192.0,9.5,34.1,100,100.0,0.0,Available,,False,,6,1,real_wc2026_squads_transfermarkt_openfootball,2026-06-02
Zidane Iqbal,Iraq,358,0,0,3,1,9,4,2,3,2,1,80.6,2,65.8,36.2,53.1,0,2,5,0,0,1,6,2,5,7,1,0,0,1,0.1,0.02,1.0,0.0,7,181.0,47.0,59.6,100,100.0,0.0,Available,0.0,False,https://github.com/salimt/football-datasets,23,2,real_wc2026_squads_transfermarkt_openfootball,2026-06-02
Ahmed Yahya,Iraq,0,0,0,0,0,1,1,0,1,1,0,71.1,1,41.0,19.8,39.9,0,0,0,0,1,0,1,1,2,2,0,0,0,0,0.0,0.0,,,0,187.0,9.5,44.8,100,100.0,0.0,Available,,False,,19,0,real_wc2026_squads_transfermarkt_openfootball,2026-06-02
Amir Al-Ammari,Iraq,0,0,0,0,0,2,1,0,1,1,0,77.3,1,47.4,23.4,61.0,0,0,0,0,0,0,1,1,2,2,1,0,0,0,0.0,0.0,,,0,184.0,27.6,62.1,100,100.0,0.0,Available,,False,,49,3,real_wc2026_squads_transfermarkt_openfootball,2026-06-02
Ali Jasim,Iraq,0,0,0,1,1,2,1,1,1,0,0,73.2,1,52.9,23.2,58.9,0,1,2,0,1,1,1,1,1,2,0,0,0,0,0.05,0.02,,,0,178.0,26.6,54.7,100,100.0,0.0,Available,,False,,35,2,real_wc2026_squads_transfermarkt_openfootball,2026-06-02
Aymen Hussein,Iraq,0,0,0,1,1,2,1,0,1,1,0,71.1,1,41.0,19.8,69.5,0,1,2,0,0,1,1,1,1,2,0,0,0,0,0.05,0.02,,,0,189.0,9.5,59.1,100,100.0,0.0,Available,,False,,93,33,real_wc2026_squads_transfermarkt_openfootball,2026-06-02
Kevin Yakob,Iraq,1249,3,3,19,14,19,13,5,8,6,5,78.2,8,47.4,58.5,39.5,3,11,27,4,2,20,12,7,16,24,2,0,0,6,2.89,2.45,1.0,0.0,23,184.0,27.6,48.2,100,100.0,0.0,Available,,False,,7,0,real_wc2026_squads_transfermarkt_openfootball,2026-06-02
Aimar Sher,Iraq,0,0,0,1,0,1,1,0,1,0,0,77.6,1,48.1,23.8,24.0,0,1,2,0,0,0,1,1,1,2,0,0,0,0,0.05,0.0,,,0,180.0,29.6,40.1,100,0.0,100.0,Active: Broken arm; surgery,0.0,True,https://github.com/salimt/football-datasets,6,0,real_wc2026_squads_transfermarkt_openfootball,2026-06-02
Marko Farji,Iraq,0,0,0,1,1,2,1,1,0,0,0,75.1,1,72.8,26.4,29.3,0,1,2,0,1,1,1,1,1,2,0,0,0,0,0.05,0.02,,,0,184.0,42.6,41.6,100,100.0,0.0,Available,,False,,10,0,real_wc2026_squads_transfermarkt_openfootball,2026-06-02
Ahmed Basil,Iraq,0,0,0,0,0,1,0,0,1,1,0,73.1,0,41.0,19.8,33.5,0,0,0,0,0,0,1,0,1,1,1,2,0,0,0.0,0.0,,,0,186.0,9.5,41.3,100,100.0,0.0,Available,,False,,14,0,real_wc2026_squads_transfermarkt_openfootball,2026-06-02
Merchas Doski,Iraq,619,0,3,3,11,10,4,2,6,5,2,72.0,4,41.0,47.5,64.9,0,2,5,3,7,17,6,2,12,13,0,0,1,2,0.1,2.37,3.0,0.0,9,173.0,9.5,58.6,100,100.0,0.0,Available,,False,,30,0,real_wc2026_squads_transfermarkt_openfootball,2026-06-02
Zaid Ismail,Iraq,0,0,0,0,0,1,1,0,1,1,0,75.1,1,41.0,19.8,20.9,0,0,0,0,0,0,1,1,2,2,1,0,0,0,0.0,0.0,,,0,185.0,9.5,36.4,100,100.0,0.0,Available,,False,,5,0,real_wc2026_squads_transfermarkt_openfootball,2026-06-02
Mustafa Saadoon,Iraq,0,0,0,0,0,1,1,0,1,1,0,71.1,1,41.0,19.8,35.7,0,0,0,0,1,0,1,1,2,2,0,0,0,0,0.0,0.0,,,0,182.0,9.5,42.5,100,100.0,0.0,Available,,False,,15,0,real_wc2026_squads_transfermarkt_openfootball,2026-06-02
Frans Putros,Iraq,0,0,0,0,0,2,1,0,1,1,0,78.9,0,46.3,22.8,51.5,0,0,0,0,0,0,1,1,2,2,1,0,0,0,0.0,0.0,,,0,181.0,24.5,50.2,100,100.0,0.0,Available,0.0,False,https://github.com/salimt/football-datasets,26,0,real_wc2026_squads_transfermarkt_openfootball,2026-06-02
Ørjan Nyland,Norway,630,0,0,1,0,15,3,1,7,6,4,75.0,3,72.3,34.4,79.7,0,0,0,0,0,0,10,2,13,9,7,17,1,4,0.0,0.0,1.0,0.0,7,192.0,31.9,71.2,100,100.0,0.0,Available,0.0,False,https://github.com/salimt/football-datasets,69,0,real_wc2026_squads_transfermarkt_openfootball,2026-06-02
Morten Thorsby,Norway,1398,3,2,20,11,37,17,6,11,10,7,80.6,8,74.3,61.7,61.4,3,12,29,3,1,15,24,9,22,27,3,0,0,8,2.94,1.67,4.0,0.0,25,188.0,47.0,64.2,100,100.0,0.0,Available,0.0,False,https://github.com/salimt/football-datasets,30,0,real_wc2026_squads_transfermarkt_openfootball,2026-06-02
Kristoffer Ajer,Norway,2138,0,2,7,9,72,23,8,25,22,16,84.4,7,88.0,65.0,80.3,0,4,9,2,1,13,47,13,49,42,28,0,4,16,0.2,1.62,4.0,0.0,31,198.0,75.0,76.2,100,100.0,0.0,Available,0.0,False,https://github.com/salimt/football-datasets,50,2,real_wc2026_squads_transfermarkt_openfootball,2026-06-02
Leo Østigård,Norway,2644,5,1,25,7,79,26,9,30,25,14,83.6,9,81.8,75.6,75.2,5,13,31,2,1,9,51,14,58,51,34,0,5,16,4.55,0.88,7.0,0.0,31,183.0,68.5,72.1,100,100.0,0.0,Available,0.0,False,https://github.com/salimt/football-datasets,36,1,real_wc2026_squads_transfermarkt_openfootball,2026-06-02
David Møller Wolfe,Norway,1320,2,3,14,13,33,15,5,12,10,7,77.7,6,80.9,62.3,53.5,2,8,19,3,12,19,21,8,24,27,4,0,3,8,1.96,2.42,1.0,0.0,26,187.0,54.6,59.3,100,100.0,0.0,Available,,False,,20,1,real_wc2026_squads_transfermarkt_openfootball,2026-06-02
Patrick Berg,Norway,1290,0,2,7,10,37,14,5,14,12,6,81.7,6,56.8,56.3,70.3,0,4,9,2,1,14,24,8,28,28,16,0,0,6,0.2,1.65,3.0,0.0,14,177.0,54.6,72.6,100,100.0,0.0,Available,0.0,False,https://github.com/salimt/football-datasets,41,0,real_wc2026_squads_transfermarkt_openfootball,2026-06-02
Alexander Sørloth,Norway,2816,20,1,102,20,120,57,21,18,16,13,80.4,16,88.6,87.4,93.4,20,71,168,4,1,22,78,31,32,55,11,0,0,22,19.15,1.2,5.0,0.0,54,195.0,78.5,88.1,100,100.0,0.0,Available,0.0,False,https://github.com/salimt/football-datasets,70,26,real_wc2026_squads_transfermarkt_openfootball,2026-06-02
Sander Berge,Norway,3014,0,1,17,11,116,42,15,36,31,21,85.4,10,90.8,69.9,88.5,0,10,23,2,1,13,75,23,69,66,41,0,0,22,0.5,0.98,5.0,0.0,39,195.0,83.0,88.3,100,100.0,0.0,Available,0.0,False,https://github.com/salimt/football-datasets,64,1,real_wc2026_squads_transfermarkt_openfootball,2026-06-02
Erling Haaland,Norway,4235,39,9,184,54,195,95,35,25,22,19,83.1,20,96.8,99.4,88.9,39,129,303,13,6,72,127,52,44,82,21,0,0,34,36.87,7.65,2.0,0.0,53,195.0,100.0,89.9,100,100.0,0.0,Available,0.0,False,https://github.com/salimt/football-datasets,49,55,real_wc2026_squads_transfermarkt_openfootball,2026-06-02
Martin Ødegaard,Norway,1918,1,8,23,35,88,39,14,14,12,5,83.0,8,95.9,78.4,83.2,1,15,35,9,6,51,57,21,25,36,9,0,0,7,1.53,6.48,0.0,0.0,35,178.0,97.7,88.3,100,100.0,0.0,Available,0.0,False,https://github.com/salimt/football-datasets,67,4,real_wc2026_squads_transfermarkt_openfootball,2026-06-02
Jørgen Strand Larsen,Norway,2496,9,2,61,21,99,54,20,12,10,10,82.0,13,93.6,83.4,65.7,9,43,101,5,1,25,64,30,21,49,11,0,0,15,9.17,1.92,4.0,0.0,40,193.0,91.1,75.4,100,100.0,0.0,Available,0.0,False,https://github.com/salimt/football-datasets,26,4,real_wc2026_squads_transfermarkt_openfootball,2026-06-02
Sander Tangvik,Norway,630,0,0,1,0,8,4,1,4,3,4,77.4,2,76.5,38.0,28.9,0,0,0,0,0,0,5,2,8,9,8,17,1,4,0.0,0.0,0.0,0.0,7,193.0,49.7,46.8,100,100.0,0.0,Available,,False,,0,0,real_wc2026_squads_transfermarkt_openfootball,2026-06-02
Egil Selvik,Norway,90,0,0,0,0,1,0,0,1,1,1,76.3,0,74.3,32.6,33.7,0,0,0,0,0,0,1,0,1,1,1,2,0,1,0.0,0.0,0.0,0.0,1,193.0,35.9,46.7,100,100.0,0.0,Available,,False,,6,0,real_wc2026_squads_transfermarkt_openfootball,2026-06-02
Fredrik Aursnes,Norway,3768,4,7,41,36,118,57,21,28,24,15,84.2,17,77.1,86.7,67.5,4,25,58,9,5,50,77,31,55,73,14,0,0,18,4.37,5.8,3.0,0.0,45,181.0,75.5,73.2,100,100.0,0.0,Available,0.0,False,https://github.com/salimt/football-datasets,20,1,real_wc2026_squads_transfermarkt_openfootball,2026-06-02
Fredrik André Bjørkan,Norway,1092,0,3,6,12,22,10,4,10,8,5,75.7,6,51.4,54.9,49.4,0,3,7,3,10,18,14,6,19,22,2,0,2,5,0.15,2.4,1.0,0.0,12,180.0,39.1,54.0,100,42.4,57.6,Active: Corona virus; Ankle injury,0.0,True,https://github.com/salimt/football-datasets,19,1,real_wc2026_squads_transfermarkt_openfootball,2026-06-02
Marcus Holmgren Pedersen,Norway,2338,1,4,16,19,61,25,9,23,20,12,77.0,12,75.2,66.7,68.8,1,9,21,5,20,27,40,14,45,47,6,0,5,13,1.23,3.28,3.0,0.0,32,184.0,49.7,66.8,100,100.0,0.0,Available,0.0,False,https://github.com/salimt/football-datasets,31,0,real_wc2026_squads_transfermarkt_openfootball,2026-06-02
Torbjørn Heggem,Norway,2871,0,0,9,4,47,19,7,28,23,19,79.3,14,70.1,47.0,53.6,0,5,12,1,0,4,31,10,56,56,32,0,6,20,0.25,0.1,2.0,0.0,38,192.0,35.0,53.5,100,100.0,0.0,Available,,False,,13,0,real_wc2026_squads_transfermarkt_openfootball,2026-06-02
Kristian Thorstvedt,Norway,2479,4,4,32,21,79,35,13,21,18,12,82.9,12,80.5,75.1,71.9,4,19,45,5,3,29,51,19,40,48,8,0,0,14,4.07,3.32,9.0,0.0,33,189.0,64.8,73.5,100,100.0,0.0,Available,0.0,False,https://github.com/salimt/football-datasets,35,4,real_wc2026_squads_transfermarkt_openfootball,2026-06-02
Thelo Aasgaard,Norway,2061,6,5,42,26,42,30,12,8,6,8,75.7,14,52.0,70.1,42.8,6,28,66,6,4,36,27,16,15,38,4,0,0,11,6.08,4.15,5.0,0.0,40,188.0,41.0,54.7,100,100.0,0.0,Available,0.0,False,https://github.com/salimt/football-datasets,6,5,real_wc2026_squads_transfermarkt_openfootball,2026-06-02
Antonio Nusa,Norway,2325,5,4,44,26,88,48,18,11,10,7,81.6,12,89.9,79.5,62.3,5,30,71,6,20,34,57,26,21,45,10,0,0,11,5.4,3.45,0.0,0.0,35,183.0,87.8,70.8,100,100.0,0.0,Available,0.0,False,https://github.com/salimt/football-datasets,22,7,real_wc2026_squads_transfermarkt_openfootball,2026-06-02
Andreas Schjelderup,Norway,2362,10,7,61,35,72,45,17,9,8,5,79.7,14,76.1,81.7,47.9,10,42,100,9,22,49,47,25,17,46,9,0,0,10,9.9,5.78,3.0,0.0,39,176.0,72.7,59.9,100,100.0,0.0,Available,0.0,False,https://github.com/salimt/football-datasets,10,1,real_wc2026_squads_transfermarkt_openfootball,2026-06-02
Oscar Bobb,Norway,1485,0,1,17,12,53,30,11,7,6,3,81.0,8,90.8,60.0,49.1,0,12,28,2,11,14,34,16,12,29,6,0,0,4,0.6,1.0,1.0,0.0,31,175.0,83.0,62.6,100,100.0,0.0,Available,0.0,False,https://github.com/salimt/football-datasets,18,2,real_wc2026_squads_transfermarkt_openfootball,2026-06-02
Jens Petter Hauge,Norway,1118,6,6,33,25,28,18,7,5,4,3,76.0,8,53.1,66.4,45.2,6,23,57,7,12,37,18,10,9,22,2,0,0,6,5.83,4.82,0.0,0.0,14,184.0,43.9,52.6,100,100.0,0.0,Available,0.0,False,https://github.com/salimt/football-datasets,14,1,real_wc2026_squads_transfermarkt_openfootball,2026-06-02
Sondre Langås,Norway,90,0,0,0,0,1,1,0,1,1,1,82.0,0,55.1,35.4,30.5,0,0,0,0,0,0,1,1,2,2,1,0,0,1,0.0,0.0,0.0,0.0,1,190.0,49.7,43.7,100,0.0,100.0,Active: Knee surgery,0.0,True,https://github.com/salimt/football-datasets,2,0,real_wc2026_squads_transfermarkt_openfootball,2026-06-02
Henrik Falchener,Norway,258,0,0,1,0,4,2,1,2,2,2,80.6,1,53.1,35.3,29.5,0,1,2,0,0,0,3,1,4,5,3,0,1,2,0.05,0.0,1.0,0.0,3,194.0,43.9,42.0,100,100.0,0.0,Available,,False,,1,0,real_wc2026_squads_transfermarkt_openfootball,2026-06-02
Julian Ryerson,Norway,3247,0,18,18,65,114,44,16,33,29,16,80.8,12,86.6,88.3,82.4,0,10,23,18,36,101,74,24,65,66,13,0,6,17,0.5,14.22,10.0,0.0,44,183.0,78.5,80.0,100,100.0,0.0,Available,0.0,False,https://github.com/salimt/football-datasets,41,1,real_wc2026_squads_transfermarkt_openfootball,2026-06-02
Yehvann Diouf,Senegal,3060,0,0,4,2,56,24,8,21,17,17,79.2,9,77.9,54.4,44.4,0,2,5,0,0,2,36,13,43,43,39,82,6,17,0.1,0.05,1.0,0.0,34,188.0,64.8,58.4,100,100.0,0.0,Available,,False,,2,0,real_wc2026_squads_transfermarkt_openfootball,2026-06-02
Mamadou Sarr,Senegal,1980,0,0,6,3,52,23,8,18,15,14,85.5,5,90.8,50.6,45.5,0,3,7,1,0,3,34,13,36,38,27,0,4,14,0.15,0.08,6.0,0.0,26,194.0,83.0,58.6,100,100.0,0.0,Available,0.0,False,https://github.com/salimt/football-datasets,7,0,real_wc2026_squads_transfermarkt_openfootball,2026-06-02
Kalidou Koulibaly,Senegal,574,1,1,5,4,21,6,2,7,6,3,83.9,2,68.4,58.0,77.4,1,3,8,1,1,6,14,3,14,11,7,0,1,3,0.93,0.8,3.0,1.0,7,186.0,71.1,73.8,100,100.0,0.0,Available,0.0,False,https://github.com/salimt/football-datasets,102,2,real_wc2026_squads_transfermarkt_openfootball,2026-06-02
Abdoulaye Seck,Senegal,360,1,0,4,1,7,2,1,4,3,2,79.5,2,50.8,48.3,50.0,1,2,7,0,0,1,5,1,7,7,4,0,1,2,0.88,0.02,1.0,0.0,4,191.0,37.4,52.0,100,100.0,0.0,Available,0.0,False,https://github.com/salimt/football-datasets,22,4,real_wc2026_squads_transfermarkt_openfootball,2026-06-02
Idrissa Gueye,Senegal,2762,2,3,22,17,79,25,9,35,30,11,78.9,16,73.4,66.5,92.7,2,12,28,4,2,23,51,14,66,60,31,0,0,12,2.16,2.52,1.0,0.0,32,174.0,33.2,82.6,100,100.0,0.0,Available,0.0,False,https://github.com/salimt/football-datasets,130,7,real_wc2026_squads_transfermarkt_openfootball,2026-06-02
Pathé Ciss,Senegal,2215,2,2,23,14,55,26,10,18,15,10,79.9,13,75.4,63.3,62.6,2,14,33,3,1,18,36,14,35,43,5,0,0,12,2.26,1.75,9.0,0.0,36,186.0,41.0,57.6,100,100.0,0.0,Available,0.0,False,https://github.com/salimt/football-datasets,29,0,real_wc2026_squads_transfermarkt_openfootball,2026-06-02
Assane Diao,Senegal,1157,2,1,20,10,33,22,8,4,3,4,79.4,7,82.7,62.6,35.9,2,14,33,2,9,12,21,12,7,22,4,0,0,6,2.26,0.95,2.0,0.0,20,185.0,71.1,49.0,100,50.6,49.4,Active: Foot injury; Broken foot,0.0,True,https://github.com/salimt/football-datasets,5,0,real_wc2026_squads_transfermarkt_openfootball,2026-06-02
Lamine Camara,Senegal,2609,3,4,29,22,96,42,15,22,18,7,85.7,10,85.5,79.4,71.7,3,17,40,5,3,30,62,23,41,51,11,0,0,9,3.19,3.35,10.0,0.0,37,173.0,86.5,71.7,100,100.0,0.0,Available,0.0,False,https://github.com/salimt/football-datasets,32,7,real_wc2026_squads_transfermarkt_openfootball,2026-06-02
Bamba Dieng,Senegal,1219,10,1,49,11,36,22,8,5,5,2,77.0,9,73.6,68.6,53.1,10,34,84,2,1,13,23,12,10,24,3,0,0,6,9.5,0.98,2.0,0.0,22,178.0,52.4,60.7,100,100.0,0.0,Available,0.0,False,https://github.com/salimt/football-datasets,22,2,real_wc2026_squads_transfermarkt_openfootball,2026-06-02
Sadio Mané,Senegal,646,2,2,14,10,29,13,5,5,4,1,80.8,4,72.6,64.5,79.8,2,10,25,2,6,14,19,7,9,13,3,0,0,2,2.06,1.65,0.0,0.0,7,174.0,83.0,75.5,100,100.0,0.0,Available,0.0,False,https://github.com/salimt/football-datasets,127,55,real_wc2026_squads_transfermarkt_openfootball,2026-06-02
Nicolas Jackson,Senegal,1737,13,5,65,26,72,38,14,9,8,6,82.2,9,91.6,82.2,66.2,13,46,111,6,4,36,47,21,16,34,8,0,0,12,12.44,4.15,3.0,0.0,40,187.0,92.8,76.0,100,100.0,0.0,Available,0.0,False,https://github.com/salimt/football-datasets,32,8,real_wc2026_squads_transfermarkt_openfootball,2026-06-02
Cherif Ndiaye,Senegal,1856,11,5,60,27,51,32,12,7,7,7,76.7,13,64.8,73.8,49.1,11,42,101,7,4,37,33,18,14,36,5,0,0,12,10.68,4.18,2.0,0.0,33,190.0,49.7,57.9,100,100.0,0.0,Available,0.0,False,https://github.com/salimt/football-datasets,18,4,real_wc2026_squads_transfermarkt_openfootball,2026-06-02
Iliman Ndiaye,Senegal,3273,7,3,62,28,139,69,26,19,17,8,82.3,16,94.2,88.2,80.5,7,43,100,6,26,34,90,38,35,64,15,0,0,13,7.61,2.8,2.0,0.0,40,180.0,92.8,77.8,100,100.0,0.0,Available,0.0,False,https://github.com/salimt/football-datasets,39,4,real_wc2026_squads_transfermarkt_openfootball,2026-06-02
Ismail Jakobs,Senegal,2418,0,2,13,13,68,28,10,23,20,12,78.4,11,68.4,63.7,64.0,0,7,16,3,19,17,44,15,46,49,7,0,5,13,0.35,1.72,4.0,0.0,41,184.0,59.8,70.2,100,100.0,0.0,Available,0.0,False,https://github.com/salimt/football-datasets,29,0,real_wc2026_squads_transfermarkt_openfootball,2026-06-02
Krépin Diatta,Senegal,1730,0,3,20,19,63,31,12,11,10,3,78.0,11,76.2,62.0,77.7,0,14,32,5,15,25,41,17,21,34,5,0,0,5,0.7,2.58,4.0,0.0,27,175.0,59.8,69.7,100,100.0,0.0,Available,0.0,False,https://github.com/salimt/football-datasets,60,2,real_wc2026_squads_transfermarkt_openfootball,2026-06-02
Édouard Mendy,Senegal,660,0,0,1,0,21,5,2,7,6,4,79.7,2,67.5,41.8,71.3,0,0,0,0,0,0,14,3,13,9,8,18,1,4,0.0,0.0,1.0,0.0,7,194.0,68.5,73.9,100,100.0,0.0,Available,0.0,False,https://github.com/salimt/football-datasets,56,0,real_wc2026_squads_transfermarkt_openfootball,2026-06-02
Pape Matar Sarr,Senegal,2293,2,4,24,21,89,38,14,20,17,10,86.0,9,92.9,76.2,73.8,2,14,33,5,3,29,58,21,38,45,10,0,0,12,2.26,3.32,3.0,0.0,38,184.0,89.0,73.4,100,100.0,0.0,Available,0.0,False,https://github.com/salimt/football-datasets,39,4,real_wc2026_squads_transfermarkt_openfootball,2026-06-02
Ismaïla Sarr,Senegal,2778,12,3,73,25,126,58,21,19,17,9,81.8,14,92.9,87.3,86.7,12,50,118,6,22,31,82,32,35,54,12,0,0,15,11.86,2.72,3.0,0.0,37,185.0,89.0,80.5,100,20.6,79.4,Active: unknown injury; Tendon rupture,0.0,True,https://github.com/salimt/football-datasets,82,19,real_wc2026_squads_transfermarkt_openfootball,2026-06-02
Moussa Niakhaté,Senegal,4067,1,2,16,12,124,43,15,44,38,26,84.5,12,81.5,78.4,75.8,1,8,19,3,1,16,81,24,88,79,54,0,8,27,1.18,1.7,4.0,0.0,47,190.0,75.0,73.7,100,100.0,0.0,Available,0.0,False,https://github.com/salimt/football-datasets,30,0,real_wc2026_squads_transfermarkt_openfootball,2026-06-02
Ibrahim Mbaye,Senegal,1290,4,4,29,20,43,26,10,5,4,2,81.0,7,84.3,71.9,43.9,4,20,48,5,12,28,28,14,9,25,5,0,0,4,4.12,3.3,1.0,0.0,35,175.0,83.0,55.7,100,100.0,0.0,Available,0.0,False,https://github.com/salimt/football-datasets,10,3,real_wc2026_squads_transfermarkt_openfootball,2026-06-02
Habib Diarra,Senegal,1788,3,3,23,16,61,29,11,13,11,6,85.8,7,92.5,73.3,52.8,3,14,33,4,2,22,40,16,26,35,8,0,0,8,3.04,2.5,8.0,0.0,26,178.0,87.8,61.6,100,100.0,0.0,Available,0.0,False,https://github.com/salimt/football-datasets,20,4,real_wc2026_squads_transfermarkt_openfootball,2026-06-02
Bara Sapoko Ndiaye,Senegal,142,0,0,1,1,1,1,0,1,1,1,75.9,1,62.5,27.6,26.6,0,1,2,0,0,1,1,1,2,3,0,0,0,1,0.05,0.02,0.0,0.0,4,180.0,9.5,31.5,100,100.0,0.0,Available,,False,,1,0,real_wc2026_squads_transfermarkt_openfootball,2026-06-02
Mory Diaw,Senegal,2655,0,1,3,5,35,14,5,19,16,18,75.9,11,68.9,58.4,44.6,0,1,2,1,1,7,23,8,39,37,30,71,5,18,0.05,0.82,1.0,0.0,30,197.0,39.1,53.4,100,100.0,0.0,Available,0.0,False,https://github.com/salimt/football-datasets,5,0,real_wc2026_squads_transfermarkt_openfootball,2026-06-02
Antoine Mendy,Senegal,2768,1,1,12,7,50,23,8,25,20,17,81.6,11,73.6,65.6,48.5,1,6,14,2,1,9,32,13,50,54,33,0,6,18,1.08,0.88,9.0,0.0,35,187.0,52.4,54.2,100,100.0,0.0,Available,0.0,False,https://github.com/salimt/football-datasets,6,0,real_wc2026_squads_transfermarkt_openfootball,2026-06-02
El Hadji Malick Diouf,Senegal,3318,0,5,18,25,99,44,16,30,25,16,80.5,13,88.6,78.5,60.6,0,10,23,6,27,35,64,24,59,67,13,0,7,17,0.5,4.12,7.0,0.0,39,183.0,76.6,71.6,100,100.0,0.0,Available,0.0,False,https://github.com/salimt/football-datasets,19,1,real_wc2026_squads_transfermarkt_openfootball,2026-06-02
Pape Gueye,Senegal,3343,7,2,48,18,106,45,17,29,25,17,82.3,17,82.0,81.3,84.1,7,29,68,4,1,22,69,25,56,65,10,0,0,20,6.91,1.85,14.0,0.0,45,189.0,59.8,73.2,100,100.0,0.0,Available,,False,,41,5,real_wc2026_squads_transfermarkt_openfootball,2026-06-02
Melvin Mastil,Algeria,0,0,0,0,0,0,0,0,1,0,0,73.1,0,41.0,19.8,19.8,0,0,0,0,0,0,0,0,1,1,1,2,0,0,0.0,0.0,,,0,,9.5,33.8,100,100.0,0.0,Available,,False,,1,0,real_wc2026_squads_transfermarkt_openfootball,2026-06-02
Aïssa Mandi,Algeria,3698,1,0,15,6,104,26,9,48,41,22,79.8,18,68.9,65.9,98.0,1,8,19,1,0,6,68,14,92,72,42,0,7,23,1.18,0.15,10.0,0.0,45,186.0,39.1,76.7,100,100.0,0.0,Available,0.0,False,https://github.com/salimt/football-datasets,116,7,real_wc2026_squads_transfermarkt_openfootball,2026-06-02
Achref Abada,Algeria,0,0,0,0,0,1,0,0,1,1,1,75.1,1,41.0,19.8,32.5,0,0,0,0,0,0,1,0,2,2,1,0,0,1,0.0,0.0,,,0,187.0,9.5,34.8,100,100.0,0.0,Available,,False,,6,1,real_wc2026_squads_transfermarkt_openfootball,2026-06-02
Mohamed Amine Tougai,Algeria,0,0,0,0,0,1,0,0,1,1,1,75.1,1,41.0,19.8,55.8,0,0,0,0,0,0,1,0,2,2,1,0,0,1,0.0,0.0,,,0,191.0,9.5,47.6,100,100.0,0.0,Available,,False,,28,2,real_wc2026_squads_transfermarkt_openfootball,2026-06-02
Zineddine Belaïd,Algeria,169,1,0,4,0,3,1,0,2,1,1,79.1,1,50.0,46.9,43.8,1,2,9,0,0,0,2,1,3,3,2,0,0,1,0.88,0.0,0.0,0.0,3,187.0,35.0,46.1,100,100.0,0.0,Available,,False,,9,1,real_wc2026_squads_transfermarkt_openfootball,2026-06-02
Ramiz Zerrouki,Algeria,3100,3,6,27,27,103,38,14,36,30,16,83.3,13,72.7,80.6,87.0,3,15,35,7,4,39,67,21,69,68,40,0,0,18,3.09,4.87,4.0,0.0,39,183.0,66.7,84.2,100,100.0,0.0,Available,,False,,51,3,real_wc2026_squads_transfermarkt_openfootball,2026-06-02
Riyad Mahrez,Algeria,269,3,0,13,2,12,5,2,2,2,1,79.9,2,70.4,60.9,78.2,3,9,29,0,2,2,8,3,4,5,1,0,0,2,2.79,0.05,0.0,0.0,4,179.0,76.6,77.3,100,100.0,0.0,Available,0.0,False,https://github.com/salimt/football-datasets,113,38,real_wc2026_squads_transfermarkt_openfootball,2026-06-02
Houssem Aouar,Algeria,0,0,0,1,0,3,2,1,0,0,0,78.2,1,67.5,31.6,48.4,0,1,2,0,0,0,2,1,1,2,0,0,0,0,0.05,0.0,,,0,175.0,68.5,61.3,100,100.0,0.0,Available,0.0,False,https://github.com/salimt/football-datasets,19,6,real_wc2026_squads_transfermarkt_openfootball,2026-06-02
Amine Gouiri,Algeria,1563,8,3,46,19,58,33,12,7,6,4,81.2,9,85.0,76.3,64.2,8,32,77,4,2,25,38,18,12,30,7,0,0,8,7.84,2.58,2.0,0.0,26,181.0,85.0,73.3,100,100.0,0.0,Available,0.0,False,https://github.com/salimt/football-datasets,21,8,real_wc2026_squads_transfermarkt_openfootball,2026-06-02
Farès Chaïbi,Algeria,2850,4,10,43,46,99,51,19,16,14,9,79.9,16,85.0,83.6,77.8,4,28,65,12,7,66,64,28,30,53,11,0,0,12,4.52,8.15,3.0,0.0,43,183.0,73.9,78.6,100,100.0,0.0,Available,0.0,False,https://github.com/salimt/football-datasets,28,3,real_wc2026_squads_transfermarkt_openfootball,2026-06-02
Anis Hadj Moussa,Algeria,3536,14,9,89,48,83,56,22,14,12,7,75.6,26,63.8,84.0,67.8,14,61,143,12,32,66,54,31,27,69,7,0,0,14,13.97,7.5,10.0,0.0,44,176.0,41.0,64.5,100,100.0,0.0,Available,0.0,False,https://github.com/salimt/football-datasets,13,0,real_wc2026_squads_transfermarkt_openfootball,2026-06-02
Nadhir Benbouali,Algeria,0,0,0,1,1,1,1,1,0,0,0,73.3,1,55.2,23.4,24.0,0,1,2,0,0,1,1,1,0,2,0,0,0,0,0.05,0.02,,,0,190.0,27.6,39.7,100,100.0,0.0,Available,,False,,2,1,real_wc2026_squads_transfermarkt_openfootball,2026-06-02
Jaouen Hadjam,Algeria,762,0,0,4,2,15,7,3,7,6,4,76.0,4,52.0,36.8,56.9,0,2,5,0,6,2,10,4,13,15,2,0,2,4,0.1,0.05,4.0,0.0,10,185.0,41.0,60.5,100,100.0,0.0,Available,0.0,False,https://github.com/salimt/football-datasets,16,3,real_wc2026_squads_transfermarkt_openfootball,2026-06-02
Hicham Boudaoui,Algeria,2264,1,3,20,18,75,33,12,19,16,7,83.7,10,80.1,69.3,76.7,1,12,28,4,2,24,49,18,36,44,8,0,0,8,1.38,2.55,6.0,0.0,33,175.0,71.1,79.4,100,100.0,0.0,Available,0.0,False,https://github.com/salimt/football-datasets,32,0,real_wc2026_squads_transfermarkt_openfootball,2026-06-02
Rayan Aït-Nouri,Algeria,2081,0,6,11,24,74,31,11,20,17,9,82.4,6,93.6,74.9,69.5,0,6,14,6,19,36,48,17,39,42,9,0,4,10,0.3,4.8,5.0,0.0,34,180.0,91.1,77.4,100,100.0,0.0,Available,0.0,False,https://github.com/salimt/football-datasets,27,0,real_wc2026_squads_transfermarkt_openfootball,2026-06-02
Oussama Benbot,Algeria,0,0,0,0,0,0,0,0,1,1,1,73.1,0,41.0,19.8,24.0,0,0,0,0,0,0,0,0,1,1,1,2,0,1,0.0,0.0,,,0,190.0,9.5,36.1,100,100.0,0.0,Available,,False,,2,0,real_wc2026_squads_transfermarkt_openfootball,2026-06-02
Rafik Belghali,Algeria,2543,2,0,21,7,61,30,11,21,18,11,78.7,11,79.6,67.0,59.7,2,12,28,1,18,7,40,16,42,51,8,0,5,12,2.16,0.18,8.0,0.0,34,180.0,62.2,66.3,100,100.0,0.0,Available,,False,,11,1,real_wc2026_squads_transfermarkt_openfootball,2026-06-02
Mohamed Amoura,Algeria,2389,8,5,56,30,101,51,19,13,12,2,81.6,13,89.9,83.0,79.7,8,39,92,7,4,40,66,28,24,46,10,0,0,7,8.19,4.25,5.0,0.0,35,170.0,87.8,82.4,100,100.0,0.0,Available,0.0,False,https://github.com/salimt/football-datasets,44,19,real_wc2026_squads_transfermarkt_openfootball,2026-06-02
Nabil Bentaleb,Algeria,1826,2,2,17,11,58,21,8,21,18,11,82.0,9,75.2,64.4,80.6,2,10,24,3,1,15,38,12,41,40,22,0,0,12,2.06,1.67,3.0,0.0,35,187.0,57.1,78.8,100,100.0,0.0,Available,0.0,False,https://github.com/salimt/football-datasets,58,6,real_wc2026_squads_transfermarkt_openfootball,2026-06-02
Adil Boulbina,Algeria,0,0,0,1,1,1,1,0,0,0,0,71.1,1,41.0,19.8,37.8,0,1,2,0,1,1,1,1,1,2,0,0,0,0,0.05,0.02,,,0,179.0,9.5,41.7,100,100.0,0.0,Available,,False,,10,6,real_wc2026_squads_transfermarkt_openfootball,2026-06-02
Ramy Bensebaini,Algeria,2966,7,3,33,14,98,28,10,37,32,18,82.8,11,80.9,80.2,90.3,7,17,41,4,2,20,64,15,72,58,37,0,6,20,6.31,2.45,8.0,0.0,38,187.0,62.2,77.1,100,100.0,0.0,Available,0.0,False,https://github.com/salimt/football-datasets,81,7,real_wc2026_squads_transfermarkt_openfootball,2026-06-02
Ibrahim Maza,Algeria,2944,5,7,48,37,59,39,15,14,12,8,74.0,22,68.8,74.2,66.9,5,32,75,9,5,51,38,21,26,55,4,0,0,12,5.5,5.82,3.0,0.0,44,180.0,27.6,63.3,100,100.0,0.0,Available,0.0,False,https://github.com/salimt/football-datasets,15,2,real_wc2026_squads_transfermarkt_openfootball,2026-06-02
Luca Zidane,Algeria,90,0,0,0,0,1,0,0,1,1,0,76.9,0,75.4,33.6,40.1,0,0,0,0,0,0,1,0,1,1,1,2,0,0,0.0,0.0,0.0,0.0,1,183.0,41.0,51.3,100,100.0,0.0,Available,0.0,False,https://github.com/salimt/football-datasets,6,0,real_wc2026_squads_transfermarkt_openfootball,2026-06-02
Yacine Titraoui,Algeria,2577,4,0,32,9,56,34,13,15,13,6,81.9,14,65.5,69.6,49.3,4,19,45,2,0,9,36,19,31,50,7,0,0,8,4.07,0.22,8.0,0.0,30,170.0,57.1,61.5,100,100.0,0.0,Available,,False,,5,0,real_wc2026_squads_transfermarkt_openfootball,2026-06-02
Farès Ghedjemis,Algeria,0,0,0,1,1,1,1,1,0,0,0,73.3,1,67.5,23.4,19.8,0,1,2,0,1,1,1,1,0,2,0,0,0,0,0.05,0.02,,,0,183.0,27.6,35.4,100,100.0,0.0,Available,0.0,False,https://github.com/salimt/football-datasets,1,1,real_wc2026_squads_transfermarkt_openfootball,2026-06-02
Samir Chergui,Algeria,1155,1,0,7,2,13,7,3,10,8,7,78.5,6,65.4,49.4,39.0,1,4,10,0,0,2,8,4,20,22,13,0,2,7,0.98,0.05,1.0,0.0,15,185.0,28.9,42.2,100,100.0,0.0,Available,0.0,False,https://github.com/salimt/football-datasets,4,0,real_wc2026_squads_transfermarkt_openfootball,2026-06-02
Juan Musso,Argentina,1650,0,0,2,1,28,11,4,11,9,10,78.3,5,81.1,43.4,36.0,0,1,2,0,0,1,18,6,23,23,20,44,3,10,0.05,0.02,3.0,0.0,18,191.0,57.1,52.2,100,100.0,0.0,Available,0.0,False,https://github.com/salimt/football-datasets,3,0,real_wc2026_squads_transfermarkt_openfootball,2026-06-02
Leonardo Balerdi,Argentina,2583,0,1,8,7,68,28,10,24,20,15,84.9,8,82.7,65.8,52.6,0,4,9,2,1,9,44,15,49,50,35,0,5,15,0.2,0.88,7.0,0.0,33,187.0,78.5,61.6,100,100.0,0.0,Available,0.0,False,https://github.com/salimt/football-datasets,11,0,real_wc2026_squads_transfermarkt_openfootball,2026-06-02
Nicolás Tagliafico,Argentina,1870,0,3,10,14,65,23,8,21,18,6,79.0,8,77.9,63.9,77.7,0,6,14,4,16,20,42,13,40,38,6,0,4,7,0.3,2.45,6.0,0.0,28,171.0,64.8,76.7,100,100.0,0.0,Available,0.0,False,https://github.com/salimt/football-datasets,75,1,real_wc2026_squads_transfermarkt_openfootball,2026-06-02
Gonzalo Montiel,Argentina,0,0,0,0,0,3,1,0,1,1,0,78.5,0,56.8,28.8,41.0,0,0,0,0,1,0,2,1,2,2,0,0,0,0,0.0,0.0,,,0,175.0,54.6,54.5,100,100.0,0.0,Available,0.0,False,https://github.com/salimt/football-datasets,38,2,real_wc2026_squads_transfermarkt_openfootball,2026-06-02
Leandro Paredes,Argentina,0,0,0,0,0,3,1,0,1,1,0,82.9,0,57.7,29.3,65.3,0,0,0,0,0,0,2,1,2,2,1,0,0,0,0.0,0.0,,,0,180.0,57.1,72.3,100,100.0,0.0,Available,0.0,False,https://github.com/salimt/football-datasets,77,5,real_wc2026_squads_transfermarkt_openfootball,2026-06-02
Lisandro Martínez,Argentina,1310,0,0,4,2,45,16,6,14,12,6,86.9,3,94.6,49.2,50.3,0,2,5,0,0,2,29,9,28,25,19,0,3,6,0.1,0.05,0.0,0.0,19,175.0,94.0,63.5,100,100.0,0.0,Available,0.0,False,https://github.com/salimt/football-datasets,26,1,real_wc2026_squads_transfermarkt_openfootball,2026-06-02
Rodrigo De Paul,Argentina,0,0,0,1,0,4,1,0,1,1,0,84.9,0,70.1,32.6,67.4,0,1,2,0,0,0,3,1,2,2,0,0,0,0,0.05,0.0,,,0,180.0,73.9,68.9,100,100.0,0.0,Available,0.0,False,https://github.com/salimt/football-datasets,85,2,real_wc2026_squads_transfermarkt_openfootball,2026-06-02
Valentín Barco,Argentina,2349,2,4,24,21,57,35,13,13,11,5,83.8,11,80.6,73.3,37.2,2,14,33,5,3,29,37,19,27,46,8,0,0,7,2.26,3.32,5.0,0.0,29,170.0,72.3,51.9,100,100.0,0.0,Available,0.0,False,https://github.com/salimt/football-datasets,2,1,real_wc2026_squads_transfermarkt_openfootball,2026-06-02
Julián Alvarez,Argentina,3549,20,9,111,50,163,79,29,21,19,3,83.0,17,95.6,96.7,78.5,20,78,183,12,6,68,106,43,38,69,18,0,0,12,19.5,7.55,2.0,0.0,49,170.0,98.7,83.9,100,100.0,0.0,Available,0.0,False,https://github.com/salimt/football-datasets,51,14,real_wc2026_squads_transfermarkt_openfootball,2026-06-02
Lionel Messi,Argentina,0,0,0,1,1,4,2,1,1,1,0,82.7,0,75.4,35.7,71.6,0,1,2,0,1,1,3,1,1,2,0,0,0,0,0.05,0.02,,,0,170.0,89.0,76.2,100,100.0,0.0,Available,0.0,False,https://github.com/salimt/football-datasets,198,116,real_wc2026_squads_transfermarkt_openfootball,2026-06-02
Giovani Lo Celso,Argentina,1777,3,3,29,19,71,32,12,13,11,4,80.0,10,87.4,70.6,73.8,3,19,45,4,2,25,46,18,23,33,7,0,0,6,3.29,2.58,4.0,0.0,32,177.0,75.0,78.6,100,100.0,0.0,Available,0.0,False,https://github.com/salimt/football-datasets,65,4,real_wc2026_squads_transfermarkt_openfootball,2026-06-02
Gerónimo Rulli,Argentina,3420,0,0,4,2,71,27,9,25,21,19,79.5,10,78.6,56.6,51.5,0,2,5,0,0,2,46,15,51,48,44,91,7,19,0.1,0.05,2.0,0.0,38,189.0,66.7,62.7,100,100.0,0.0,Available,0.0,False,https://github.com/salimt/football-datasets,7,0,real_wc2026_squads_transfermarkt_openfootball,2026-06-02
Cristian Romero,Argentina,2657,6,4,29,16,102,34,12,31,27,15,87.0,6,95.1,84.3,68.9,6,15,36,4,3,24,66,19,61,52,38,0,5,17,5.43,3.2,11.0,0.0,32,185.0,95.3,74.0,100,100.0,0.0,Available,0.0,False,https://github.com/salimt/football-datasets,49,3,real_wc2026_squads_transfermarkt_openfootball,2026-06-02
Exequiel Palacios,Argentina,1580,0,1,12,9,60,26,9,14,12,5,85.7,6,89.4,61.2,54.8,0,7,16,2,1,11,39,14,26,31,7,0,0,6,0.35,0.92,5.0,0.0,25,178.0,86.5,64.4,100,100.0,0.0,Available,0.0,False,https://github.com/salimt/football-datasets,38,0,real_wc2026_squads_transfermarkt_openfootball,2026-06-02
Nicolás González,Argentina,1962,5,0,40,11,84,41,15,12,11,5,81.8,10,92.2,73.9,66.5,5,28,66,2,14,11,55,23,22,38,9,0,0,8,5.3,0.28,4.0,0.0,40,180.0,89.0,73.4,100,100.0,0.0,Available,0.0,False,https://github.com/salimt/football-datasets,50,6,real_wc2026_squads_transfermarkt_openfootball,2026-06-02
Thiago Almada,Argentina,1704,4,2,33,16,57,34,13,7,6,2,80.4,10,88.6,71.1,49.9,4,23,55,4,14,20,37,19,13,33,7,0,0,5,4.27,1.8,4.0,0.0,40,171.0,78.5,62.1,100,100.0,0.0,Available,0.0,False,https://github.com/salimt/football-datasets,14,4,real_wc2026_squads_transfermarkt_openfootball,2026-06-02
Giuliano Simeone,Argentina,3803,7,8,68,47,135,80,30,15,13,6,82.0,19,93.0,92.5,59.2,7,47,109,11,33,63,88,44,28,74,17,0,0,12,7.81,6.78,5.0,0.0,53,173.0,91.1,69.8,100,100.0,0.0,Available,0.0,False,https://github.com/salimt/football-datasets,11,1,real_wc2026_squads_transfermarkt_openfootball,2026-06-02
Nico Paz,Argentina,3291,13,8,78,42,115,67,25,13,11,12,82.7,15,91.5,93.7,54.2,13,52,122,10,6,58,75,37,25,61,16,0,0,18,12.74,6.65,6.0,0.0,40,186.0,96.1,72.0,100,100.0,0.0,Available,,False,,8,1,real_wc2026_squads_transfermarkt_openfootball,2026-06-02
Nicolás Otamendi,Argentina,4134,3,4,23,19,111,27,10,53,46,22,79.1,21,62.3,76.2,97.2,3,12,28,5,3,27,72,15,103,80,46,0,8,23,2.94,3.28,11.0,0.0,47,183.0,33.2,77.1,100,100.0,0.0,Available,0.0,False,https://github.com/salimt/football-datasets,130,8,real_wc2026_squads_transfermarkt_openfootball,2026-06-02
Alexis Mac Allister,Argentina,3885,5,7,45,36,162,67,24,34,30,12,87.2,13,96.1,92.4,73.2,5,27,63,9,5,50,105,37,65,76,19,0,0,15,5.25,5.8,10.0,0.0,55,176.0,98.2,76.9,100,100.0,0.0,Available,0.0,False,https://github.com/salimt/football-datasets,44,6,real_wc2026_squads_transfermarkt_openfootball,2026-06-02
José Manuel López,Argentina,14,0,0,1,1,3,2,1,0,0,0,78.5,1,62.6,38.7,28.6,0,1,2,0,0,1,2,1,0,2,0,0,0,0,0.05,0.02,0.0,0.0,1,190.0,71.1,51.0,100,100.0,0.0,Available,,False,,3,0,real_wc2026_squads_transfermarkt_openfootball,2026-06-02
Lautaro Martínez,Argentina,2767,22,6,109,36,132,62,23,18,16,4,82.9,14,92.2,91.9,83.3,22,76,181,8,4,48,86,34,32,54,14,0,0,13,20.96,5.1,6.0,0.0,41,174.0,98.2,86.5,100,100.0,0.0,Available,0.0,False,https://github.com/salimt/football-datasets,75,36,real_wc2026_squads_transfermarkt_openfootball,2026-06-02
Emiliano Martínez,Argentina,3870,0,1,5,5,128,33,11,41,35,25,80.4,10,87.6,71.7,83.7,0,2,5,1,1,7,83,18,78,54,51,103,8,25,0.1,0.82,3.0,0.0,44,195.0,73.9,81.8,100,100.0,0.0,Available,0.0,False,https://github.com/salimt/football-datasets,59,0,real_wc2026_squads_transfermarkt_openfootball,2026-06-02
Enzo Fernández,Argentina,4616,15,8,85,42,189,80,29,40,34,16,87.2,15,96.1,98.0,72.4,15,51,120,10,6,58,123,44,77,90,23,0,0,22,14.25,6.65,14.0,0.0,57,178.0,98.2,76.5,100,100.0,0.0,Available,0.0,False,https://github.com/salimt/football-datasets,40,6,real_wc2026_squads_transfermarkt_openfootball,2026-06-02
Facundo Medina,Argentina,1762,0,1,5,6,44,19,7,16,13,10,84.9,5,82.7,60.5,40.9,0,3,7,1,1,8,29,10,32,34,24,0,4,10,0.15,0.85,9.0,0.0,22,184.0,78.5,55.2,100,100.0,0.0,Available,0.0,False,https://github.com/salimt/football-datasets,7,0,real_wc2026_squads_transfermarkt_openfootball,2026-06-02
Nahuel Molina,Argentina,2400,2,4,20,19,86,31,11,26,23,9,80.2,9,87.0,73.9,73.5,2,11,26,5,20,27,56,17,50,49,9,0,5,10,2.11,3.28,5.0,0.0,46,175.0,73.9,76.2,100,100.0,0.0,Available,0.0,False,https://github.com/salimt/football-datasets,58,1,real_wc2026_squads_transfermarkt_openfootball,2026-06-02
Alexander Schlager,Austria,990,0,0,1,1,20,6,2,9,8,5,76.5,4,53.1,37.9,49.0,0,0,0,0,0,1,13,3,17,14,12,26,2,5,0.0,0.02,0.0,0.0,11,184.0,43.9,56.7,100,100.0,0.0,Available,0.0,False,https://github.com/salimt/football-datasets,25,0,real_wc2026_squads_transfermarkt_openfootball,2026-06-02
David Affengruber,Austria,3096,1,2,13,11,53,27,10,25,21,18,82.2,12,81.1,71.1,43.6,1,7,16,3,1,15,34,15,53,60,38,0,6,19,1.13,1.67,7.0,0.0,39,185.0,57.1,48.4,100,100.0,0.0,Available,0.0,False,https://github.com/salimt/football-datasets,1,0,real_wc2026_squads_transfermarkt_openfootball,2026-06-02
Kevin Danso,Austria,2328,0,0,7,4,75,26,9,26,22,15,85.1,7,89.9,52.2,62.3,0,4,9,1,0,4,49,14,50,45,31,0,5,15,0.2,0.1,10.0,0.0,36,190.0,80.5,63.4,100,100.0,0.0,Available,0.0,False,https://github.com/salimt/football-datasets,31,0,real_wc2026_squads_transfermarkt_openfootball,2026-06-02
Xaver Schlager,Austria,2067,3,1,25,11,81,33,12,19,16,6,85.5,8,88.9,71.7,71.4,3,15,36,2,1,13,53,18,36,40,9,0,0,8,3.09,0.98,6.0,0.0,30,174.0,85.0,73.3,100,100.0,0.0,Available,0.0,False,https://github.com/salimt/football-datasets,50,4,real_wc2026_squads_transfermarkt_openfootball,2026-06-02
Stefan Posch,Austria,1824,1,0,9,3,60,19,7,22,18,12,84.1,6,84.6,61.6,72.1,1,5,12,1,0,3,39,10,42,35,24,0,4,13,1.03,0.08,5.0,0.0,31,190.0,72.7,67.2,100,100.0,0.0,Available,0.0,False,https://github.com/salimt/football-datasets,51,5,real_wc2026_squads_transfermarkt_openfootball,2026-06-02
Nicolas Seiwald,Austria,3046,0,2,17,15,106,40,14,34,29,15,84.3,12,85.4,71.4,76.1,0,10,23,3,1,19,69,22,67,66,40,0,0,16,0.5,1.78,3.0,0.0,37,180.0,75.0,79.9,100,100.0,0.0,Available,0.0,False,https://github.com/salimt/football-datasets,46,1,real_wc2026_squads_transfermarkt_openfootball,2026-06-02
Marko Arnautović,Austria,728,2,1,16,8,26,12,5,5,5,3,76.0,5,53.1,55.7,82.1,2,11,27,2,1,10,17,7,9,14,2,0,0,4,2.11,0.9,2.0,0.0,13,192.0,43.9,74.9,100,100.0,0.0,Available,0.0,False,https://github.com/salimt/football-datasets,132,47,real_wc2026_squads_transfermarkt_openfootball,2026-06-02
David Alaba,Austria,575,0,0,2,1,22,6,2,7,6,3,84.8,2,88.6,43.6,79.5,0,1,2,0,0,1,14,3,14,11,8,0,1,3,0.05,0.02,1.0,0.0,16,180.0,78.5,72.4,100,100.0,0.0,Available,0.0,False,https://github.com/salimt/football-datasets,112,15,real_wc2026_squads_transfermarkt_openfootball,2026-06-02
Marcel Sabitzer,Austria,2473,1,4,22,21,90,34,13,25,21,9,82.6,12,80.9,70.1,86.7,1,13,30,5,3,29,58,19,46,48,8,0,0,11,1.43,3.32,3.0,0.0,36,178.0,62.2,77.1,100,100.0,0.0,Available,0.0,False,https://github.com/salimt/football-datasets,97,25,real_wc2026_squads_transfermarkt_openfootball,2026-06-02
Florian Grillitsch,Austria,1984,3,2,21,12,55,19,7,23,20,11,79.9,11,65.0,63.7,78.3,3,12,29,3,1,16,36,10,45,43,23,0,0,12,2.94,1.7,6.0,0.0,33,187.0,41.0,74.3,100,100.0,0.0,Available,0.0,False,https://github.com/salimt/football-datasets,58,1,real_wc2026_squads_transfermarkt_openfootball,2026-06-02
Michael Gregoritsch,Austria,1343,9,4,47,21,44,22,8,9,8,6,75.1,10,72.2,67.1,78.0,9,33,81,5,3,29,29,12,16,26,3,0,0,10,8.67,3.32,5.0,0.0,31,193.0,37.4,71.4,100,100.0,0.0,Available,0.0,False,https://github.com/salimt/football-datasets,74,24,real_wc2026_squads_transfermarkt_openfootball,2026-06-02
Florian Wiegele,Austria,750,0,0,1,0,3,2,1,5,4,5,72.2,4,41.0,30.4,30.4,0,0,0,0,0,0,2,1,10,10,7,20,2,5,0.0,0.0,1.0,0.0,8,205.0,9.5,39.6,100,100.0,0.0,Available,,False,,1,0,real_wc2026_squads_transfermarkt_openfootball,2026-06-02
Patrick Pentz,Austria,2535,0,0,3,2,46,14,5,21,18,12,76.4,10,52.6,46.1,52.2,0,1,2,0,0,2,30,8,42,35,29,68,5,12,0.05,0.05,0.0,0.0,28,183.0,42.6,58.2,100,100.0,0.0,Available,0.0,False,https://github.com/salimt/football-datasets,18,0,real_wc2026_squads_transfermarkt_openfootball,2026-06-02
Saša Kalajdžić,Austria,23,0,0,1,1,2,1,1,0,0,0,74.9,1,52.0,32.8,42.4,0,1,2,0,0,1,1,1,1,2,0,0,0,0,0.05,0.02,0.0,0.0,2,200.0,41.0,52.5,100,100.0,0.0,Available,0.0,False,https://github.com/salimt/football-datasets,21,4,real_wc2026_squads_transfermarkt_openfootball,2026-06-02
Philipp Lienhart,Austria,2450,2,0,14,4,77,25,9,28,24,15,83.9,8,84.0,68.2,69.6,2,7,17,1,0,4,50,14,55,48,32,0,5,16,1.91,0.1,6.0,0.0,34,189.0,71.1,65.5,100,100.0,0.0,Available,0.0,False,https://github.com/salimt/football-datasets,40,3,real_wc2026_squads_transfermarkt_openfootball,2026-06-02
Phillipp Mwene,Austria,2303,1,5,16,22,52,22,8,22,19,7,75.5,13,72.2,65.6,58.0,1,9,21,6,20,32,34,12,44,47,4,0,5,8,1.23,4.05,4.0,0.0,32,170.0,37.4,62.4,100,100.0,0.0,Available,0.0,False,https://github.com/salimt/football-datasets,29,0,real_wc2026_squads_transfermarkt_openfootball,2026-06-02
Carney Chukwuemeka,Austria,1233,3,2,19,11,33,19,7,7,6,6,85.2,5,88.2,68.1,36.2,3,11,27,3,1,15,21,10,14,24,5,0,0,7,2.89,1.67,2.0,0.0,39,188.0,83.0,53.5,100,100.0,0.0,Available,0.0,False,https://github.com/salimt/football-datasets,2,1,real_wc2026_squads_transfermarkt_openfootball,2026-06-02
Romano Schmid,Austria,3083,4,8,46,41,112,56,21,18,16,4,80.1,17,85.6,84.4,70.0,4,30,70,10,6,57,73,31,34,58,12,0,0,8,4.62,6.62,4.0,0.0,35,168.0,75.5,76.6,100,100.0,0.0,Available,0.0,False,https://github.com/salimt/football-datasets,33,3,real_wc2026_squads_transfermarkt_openfootball,2026-06-02
Christoph Baumgartner,Austria,3019,17,9,89,44,120,55,21,21,18,8,80.2,16,86.0,89.1,85.4,17,59,140,11,6,62,78,30,38,56,12,0,0,15,16.21,7.4,11.0,0.0,37,180.0,76.6,85.3,100,100.0,0.0,Available,0.0,False,https://github.com/salimt/football-datasets,58,19,real_wc2026_squads_transfermarkt_openfootball,2026-06-02
Konrad Laimer,Austria,3387,3,13,29,50,132,49,18,37,32,15,81.9,11,89.9,90.5,84.2,3,16,37,13,34,76,86,27,71,68,15,0,7,17,3.14,10.35,15.0,0.0,48,180.0,87.8,86.9,100,100.0,0.0,Available,0.0,False,https://github.com/salimt/football-datasets,56,7,real_wc2026_squads_transfermarkt_openfootball,2026-06-02
Patrick Wimmer,Austria,1769,4,6,34,29,64,34,13,9,8,5,79.8,10,85.0,74.0,56.8,4,23,55,7,17,41,42,19,17,34,7,0,0,8,4.27,4.92,5.0,0.0,27,182.0,73.9,69.0,100,100.0,0.0,Available,0.0,False,https://github.com/salimt/football-datasets,30,1,real_wc2026_squads_transfermarkt_openfootball,2026-06-02
Alexander Prass,Austria,1417,3,2,27,14,41,25,9,6,5,4,77.7,9,79.1,63.8,45.6,3,19,45,3,12,18,27,14,12,28,4,0,0,6,3.29,1.75,4.0,0.0,34,182.0,57.1,59.5,100,100.0,0.0,Available,0.0,False,https://github.com/salimt/football-datasets,18,0,real_wc2026_squads_transfermarkt_openfootball,2026-06-02
Marco Friedl,Austria,2639,1,0,11,4,64,27,10,25,20,16,83.9,9,84.0,66.4,49.7,1,6,14,1,0,4,42,15,50,51,34,0,5,17,1.08,0.1,10.0,0.0,31,187.0,71.1,54.6,100,60.0,40.0,Active: Corona virus; Pelvic contusion,0.0,True,https://github.com/salimt/football-datasets,10,0,real_wc2026_squads_transfermarkt_openfootball,2026-06-02
Paul Wanner,Austria,2257,5,4,34,21,55,33,12,13,10,10,83.9,10,74.8,76.1,41.8,5,20,48,5,3,29,36,18,26,44,8,0,0,12,4.9,3.32,6.0,0.0,32,185.0,72.7,54.5,100,100.0,0.0,Available,0.0,False,https://github.com/salimt/football-datasets,2,0,real_wc2026_squads_transfermarkt_openfootball,2026-06-02
Michael Svoboda,Austria,0,0,0,0,0,1,1,0,1,1,1,79.8,0,69.0,24.2,27.2,0,0,0,0,0,0,1,1,2,2,1,0,0,1,0.0,0.0,,,0,195.0,31.9,34.3,100,100.0,0.0,Available,0.0,False,https://github.com/salimt/football-datasets,4,0,real_wc2026_squads_transfermarkt_openfootball,2026-06-02
Alessandro Schöpf,Austria,401,0,0,3,1,10,5,2,3,3,1,79.8,2,51.4,34.9,57.6,0,2,5,0,0,1,6,3,6,8,1,0,0,1,0.1,0.02,1.0,0.0,4,178.0,39.1,56.5,100,100.0,0.0,Available,0.0,False,https://github.com/salimt/football-datasets,35,6,real_wc2026_squads_transfermarkt_openfootball,2026-06-02
Yazeed Abulaila,Jordan,0,0,0,0,0,2,0,0,1,1,0,73.1,0,41.0,19.8,63.2,0,0,0,0,0,0,1,0,2,1,1,2,0,0,0.0,0.0,,,0,189.0,9.5,57.7,100,100.0,0.0,Available,,False,,75,0,real_wc2026_squads_transfermarkt_openfootball,2026-06-02
Mohammad Abu Hashish,Jordan,0,0,0,0,0,2,1,0,1,1,0,71.1,1,41.0,19.8,50.5,0,0,0,0,1,0,1,1,2,2,0,0,0,0,0.0,0.0,,,0,178.0,9.5,50.7,100,100.0,0.0,Available,,False,,55,1,real_wc2026_squads_transfermarkt_openfootball,2026-06-02
Abdallah Nasib,Jordan,0,0,0,0,0,2,0,0,1,1,0,75.1,1,41.0,19.8,54.7,0,0,0,0,0,0,1,0,2,2,1,0,0,0,0.0,0.0,,,0,183.0,9.5,43.2,100,100.0,0.0,Available,,False,,64,3,real_wc2026_squads_transfermarkt_openfootball,2026-06-02
Husam Abu Dahab,Jordan,0,0,0,0,0,1,0,0,1,1,1,75.1,1,41.0,19.8,36.7,0,0,0,0,0,0,1,0,2,2,1,0,0,1,0.0,0.0,,,0,186.0,9.5,33.3,100,100.0,0.0,Available,,False,,17,0,real_wc2026_squads_transfermarkt_openfootball,2026-06-02
Yazan Al-Arab,Jordan,0,0,0,0,0,2,0,0,1,1,1,75.1,1,41.0,19.8,65.3,0,0,0,0,0,0,1,0,2,2,1,0,0,1,0.0,0.0,,,0,187.0,9.5,49.1,100,100.0,0.0,Available,,False,,79,3,real_wc2026_squads_transfermarkt_openfootball,2026-06-02
Amer Jamous,Jordan,0,0,0,1,0,1,1,0,1,1,0,75.1,1,41.0,19.8,39.9,0,1,2,0,0,0,1,1,1,2,0,0,0,0,0.05,0.0,,,0,174.0,9.5,40.8,100,100.0,0.0,Available,,False,,18,1,real_wc2026_squads_transfermarkt_openfootball,2026-06-02
Mohammad Abu Zrayq,Jordan,0,0,0,0,0,2,0,0,1,1,1,76.4,1,44.8,21.9,46.2,0,0,0,0,0,0,1,0,2,2,1,0,0,1,0.0,0.0,,,0,186.0,20.3,40.7,100,100.0,0.0,Available,,False,,40,5,real_wc2026_squads_transfermarkt_openfootball,2026-06-02
Noor Al-Rawabdeh,Jordan,0,0,0,1,0,2,1,0,1,1,0,75.1,1,41.0,19.8,58.9,0,1,2,0,0,0,1,1,2,2,0,0,0,0,0.05,0.0,,,0,183.0,9.5,51.3,100,100.0,0.0,Available,,False,,67,3,real_wc2026_squads_transfermarkt_openfootball,2026-06-02
Ali Olwan,Jordan,0,0,0,1,1,2,1,0,1,1,0,71.1,1,41.0,19.8,56.8,0,1,2,0,0,1,1,1,1,2,0,0,0,0,0.05,0.02,,,0,182.0,9.5,56.1,100,100.0,0.0,Available,,False,,65,29,real_wc2026_squads_transfermarkt_openfootball,2026-06-02
Musa Al-Taamari,Jordan,2228,6,9,46,41,86,40,15,16,14,5,78.0,14,76.2,76.9,88.1,6,32,76,10,22,59,56,22,29,43,7,0,0,9,6.28,7.32,4.0,0.0,33,178.0,59.8,79.4,100,100.0,0.0,Available,0.0,False,https://github.com/salimt/football-datasets,91,24,real_wc2026_squads_transfermarkt_openfootball,2026-06-02
Odeh Al-Fakhouri,Jordan,0,0,0,1,1,1,1,0,0,0,0,71.1,1,41.0,19.8,26.1,0,1,2,0,1,1,1,1,1,2,0,0,0,0,0.05,0.02,,,0,180.0,9.5,35.3,100,100.0,0.0,Available,,False,,9,1,real_wc2026_squads_transfermarkt_openfootball,2026-06-02
Nour Bani Attiah,Jordan,0,0,0,0,0,0,0,0,1,1,0,73.1,0,41.0,19.8,23.0,0,0,0,0,0,0,0,0,1,1,1,2,0,0,0.0,0.0,,,0,179.0,9.5,35.6,100,100.0,0.0,Available,,False,,4,0,real_wc2026_squads_transfermarkt_openfootball,2026-06-02
Mahmoud Al-Mardi,Jordan,0,0,0,1,1,2,1,0,1,1,0,71.1,1,41.0,19.8,67.4,0,1,2,0,1,1,1,1,1,2,0,0,0,0,0.05,0.02,,,0,178.0,9.5,58.0,100,100.0,0.0,Available,,False,,88,9,real_wc2026_squads_transfermarkt_openfootball,2026-06-02
Rajaei Ayed,Jordan,0,0,0,1,0,2,1,0,1,1,0,76.8,1,46.0,22.6,61.0,0,1,2,0,0,0,1,1,2,2,0,0,0,0,0.05,0.0,,,0,180.0,23.6,55.3,100,100.0,0.0,Available,,False,,72,0,real_wc2026_squads_transfermarkt_openfootball,2026-06-02
Ibrahim Sadeh,Jordan,0,0,0,1,0,2,1,0,1,1,0,75.1,1,41.0,19.8,52.6,0,1,2,0,0,0,1,1,2,2,0,0,0,0,0.05,0.0,,,0,181.0,9.5,47.8,100,100.0,0.0,Available,,False,,56,3,real_wc2026_squads_transfermarkt_openfootball,2026-06-02
Mo Abualnadi,Jordan,0,0,0,0,0,1,0,0,1,1,1,76.4,1,44.8,21.9,36.7,0,0,0,0,0,0,1,0,2,2,1,0,0,1,0.0,0.0,,,0,186.0,20.3,35.5,100,100.0,0.0,Available,,False,,17,0,real_wc2026_squads_transfermarkt_openfootball,2026-06-02
Salim Obaid,Jordan,0,0,0,0,0,1,0,0,1,1,1,75.1,1,41.0,19.8,29.3,0,0,0,0,0,0,1,0,2,2,1,0,0,1,0.0,0.0,,,0,185.0,9.5,29.3,100,100.0,0.0,Available,,False,,10,0,real_wc2026_squads_transfermarkt_openfootball,2026-06-02
Ibrahim Sabra,Jordan,84,1,0,4,1,2,1,1,0,0,0,72.6,1,45.4,43.7,33.6,1,3,15,0,0,1,1,1,1,2,0,0,0,0,0.93,0.02,1.0,0.0,9,184.0,22.1,45.9,100,100.0,0.0,Available,,False,,9,1,real_wc2026_squads_transfermarkt_openfootball,2026-06-02
Saed Al-Rosan,Jordan,0,0,0,0,0,1,0,0,1,1,1,75.1,1,41.0,19.8,42.0,0,0,0,0,0,0,1,0,2,2,1,0,0,1,0.0,0.0,,,0,188.0,9.5,36.2,100,100.0,0.0,Available,,False,,20,2,real_wc2026_squads_transfermarkt_openfootball,2026-06-02
Mohannad Abu Taha,Jordan,0,0,0,0,0,1,1,0,1,1,0,71.1,1,41.0,19.8,44.1,0,0,0,0,1,0,1,1,2,2,0,0,0,0,0.0,0.0,,,0,177.0,9.5,47.2,100,100.0,0.0,Available,,False,,28,1,real_wc2026_squads_transfermarkt_openfootball,2026-06-02
Nizar Al-Rashdan,Jordan,0,0,0,0,0,2,1,0,1,1,0,75.1,1,41.0,19.8,48.4,0,0,0,0,0,0,1,1,2,2,1,0,0,0,0.0,0.0,,,0,185.0,9.5,53.5,100,100.0,0.0,Available,,False,,46,4,real_wc2026_squads_transfermarkt_openfootball,2026-06-02
Abdallah Al-Fakhouri,Jordan,0,0,0,0,0,1,0,0,1,1,0,73.1,0,41.0,19.8,31.4,0,0,0,0,0,0,1,0,1,1,1,2,0,0,0.0,0.0,,,0,187.0,9.5,40.2,100,100.0,0.0,Available,,False,,11,0,real_wc2026_squads_transfermarkt_openfootball,2026-06-02
Ihsan Haddad,Jordan,0,0,0,0,0,2,1,0,1,1,0,71.1,1,41.0,19.8,70.6,0,0,0,0,1,0,1,1,2,2,0,0,0,0,0.0,0.0,,,0,181.0,9.5,61.7,100,100.0,0.0,Available,,False,,91,2,real_wc2026_squads_transfermarkt_openfootball,2026-06-02
Ali Azaizeh,Jordan,0,0,0,1,1,1,1,0,0,0,0,71.1,1,46.9,19.8,20.9,0,1,2,0,1,1,1,1,1,2,0,0,0,0,0.05,0.02,,,0,179.0,9.5,32.4,100,100.0,0.0,Available,,False,,3,0,real_wc2026_squads_transfermarkt_openfootball,2026-06-02
Mohammad Al-Dawoud,Jordan,0,0,0,1,0,1,1,0,1,1,0,75.1,1,41.0,19.8,33.5,0,1,2,0,0,0,1,1,1,2,0,0,0,0,0.05,0.0,,,0,177.0,9.5,37.3,100,100.0,0.0,Available,,False,,12,1,real_wc2026_squads_transfermarkt_openfootball,2026-06-02
Anas Badawi,Jordan,0,0,0,0,0,0,0,0,1,1,0,75.1,1,41.0,19.8,18.7,0,0,0,0,0,0,0,0,2,2,1,0,0,0,0.0,0.0,,,0,,9.5,23.4,100,100.0,0.0,Available,,False,,1,0,real_wc2026_squads_transfermarkt_openfootball,2026-06-02
David Ospina,Colombia,0,0,0,0,0,3,1,0,1,1,0,77.6,0,54.2,27.3,71.6,0,0,0,0,0,0,2,1,2,1,1,2,0,0,0.0,0.0,,,0,183.0,47.0,69.8,100,100.0,0.0,Available,0.0,False,https://github.com/salimt/football-datasets,129,0,real_wc2026_squads_transfermarkt_openfootball,2026-06-02
Daniel Muñoz,Colombia,2838,4,3,29,17,105,40,14,30,25,13,81.5,10,91.3,80.9,76.6,4,16,38,4,23,23,68,22,57,57,12,0,6,15,3.92,2.52,7.0,0.0,34,181.0,84.3,78.0,100,100.0,0.0,Available,0.0,False,https://github.com/salimt/football-datasets,44,3,real_wc2026_squads_transfermarkt_openfootball,2026-06-02
Jhon Lucumí,Colombia,3567,1,1,14,9,113,38,13,40,34,21,84.5,11,84.3,74.9,72.2,1,7,16,2,1,11,73,21,78,69,47,0,7,22,1.13,0.92,8.0,0.0,43,187.0,75.5,73.8,100,100.0,0.0,Available,0.0,False,https://github.com/salimt/football-datasets,35,1,real_wc2026_squads_transfermarkt_openfootball,2026-06-02
Santiago Arias,Colombia,0,0,0,0,0,3,1,0,1,1,0,77.3,0,53.1,26.6,63.2,0,0,0,0,1,0,2,1,2,2,0,0,0,0,0.0,0.0,,,0,178.0,43.9,62.5,100,100.0,0.0,Available,0.0,False,https://github.com/salimt/football-datasets,66,0,real_wc2026_squads_transfermarkt_openfootball,2026-06-02
Kevin Castaño,Colombia,0,0,0,0,0,2,1,0,1,1,0,82.9,0,57.7,29.3,42.0,0,0,0,0,0,0,1,1,2,2,1,0,0,0,0.0,0.0,,,0,177.0,57.1,55.5,100,100.0,0.0,Available,,False,,24,0,real_wc2026_squads_transfermarkt_openfootball,2026-06-02
Richard Ríos,Colombia,3544,6,7,40,31,114,47,17,37,32,21,84.3,14,77.0,87.4,70.0,6,22,52,8,5,45,74,26,73,77,47,0,0,24,5.78,5.68,15.0,0.0,43,187.0,75.0,74.5,100,100.0,0.0,Available,0.0,False,https://github.com/salimt/football-datasets,30,2,real_wc2026_squads_transfermarkt_openfootball,2026-06-02
Luis Díaz,Colombia,4060,26,23,136,95,190,88,32,28,25,10,82.8,19,93.1,98.3,92.7,26,94,221,25,45,141,124,48,50,79,20,0,0,21,24.98,18.47,8.0,0.0,51,180.0,97.0,89.4,100,100.0,0.0,Available,0.0,False,https://github.com/salimt/football-datasets,72,21,real_wc2026_squads_transfermarkt_openfootball,2026-06-02
Jorge Carrascal,Colombia,0,0,0,1,0,3,2,1,0,0,0,78.0,1,61.0,31.2,39.9,0,1,2,0,0,0,2,1,1,2,0,0,0,0,0.05,0.0,,,0,180.0,66.7,56.3,100,100.0,0.0,Available,0.0,False,https://github.com/salimt/football-datasets,22,2,real_wc2026_squads_transfermarkt_openfootball,2026-06-02
Jhon Córdoba,Colombia,3241,22,10,114,51,107,63,24,14,12,11,79.1,20,61.7,89.4,62.2,22,80,189,13,7,71,70,35,26,63,11,0,0,21,21.16,8.28,6.0,0.0,41,188.0,68.5,68.9,100,100.0,0.0,Available,0.0,False,https://github.com/salimt/football-datasets,21,6,real_wc2026_squads_transfermarkt_openfootball,2026-06-02
James Rodríguez,Colombia,0,0,0,1,0,3,1,1,1,1,0,77.2,1,65.1,29.8,69.5,0,1,2,0,0,0,2,1,1,2,0,0,0,0,0.05,0.0,,,0,180.0,59.8,71.2,100,100.0,0.0,Available,0.0,False,https://github.com/salimt/football-datasets,124,31,real_wc2026_squads_transfermarkt_openfootball,2026-06-02
Jhon Arias,Colombia,1559,2,1,25,12,59,30,11,9,8,2,80.0,9,64.1,65.3,62.1,2,17,40,3,12,14,38,16,16,30,6,0,0,4,2.41,1.0,1.0,0.0,28,168.0,75.5,68.3,100,100.0,0.0,Available,,False,,36,4,real_wc2026_squads_transfermarkt_openfootball,2026-06-02
Camilo Vargas,Colombia,0,0,0,0,0,2,0,0,1,1,0,75.3,0,47.4,23.4,50.5,0,0,0,0,0,0,1,0,2,1,1,2,0,0,0.0,0.0,,,0,183.0,27.6,54.3,100,100.0,0.0,Available,,False,,40,0,real_wc2026_squads_transfermarkt_openfootball,2026-06-02
Yerry Mina,Colombia,2243,2,0,14,3,60,18,6,27,23,16,80.8,10,74.3,61.9,76.6,2,7,17,1,0,3,39,10,52,44,26,0,4,17,1.91,0.08,3.0,0.0,27,195.0,47.0,70.5,100,100.0,0.0,Available,0.0,False,https://github.com/salimt/football-datasets,52,8,real_wc2026_squads_transfermarkt_openfootball,2026-06-02
Gustavo Puerta,Colombia,45,0,0,1,0,2,1,0,1,0,0,79.6,1,54.2,34.4,28.0,0,1,2,0,0,0,1,1,1,2,0,0,0,0,0.05,0.0,1.0,0.0,1,173.0,47.0,47.8,100,100.0,0.0,Available,,False,,4,1,real_wc2026_squads_transfermarkt_openfootball,2026-06-02
Juan Portilla,Colombia,0,0,0,1,0,2,1,0,1,0,0,80.0,1,55.1,27.8,27.2,0,1,2,0,0,0,1,1,1,2,0,0,0,0,0.05,0.0,,,0,183.0,49.7,47.9,100,100.0,0.0,Available,0.0,False,https://github.com/salimt/football-datasets,8,0,real_wc2026_squads_transfermarkt_openfootball,2026-06-02
Jefferson Lerma,Colombia,2034,0,6,11,24,69,25,9,24,21,9,83.0,9,84.4,69.2,77.6,0,6,14,6,4,36,45,14,47,44,26,0,0,10,0.3,4.8,7.0,0.0,37,179.0,64.8,76.6,100,100.0,0.0,Available,0.0,False,https://github.com/salimt/football-datasets,64,5,real_wc2026_squads_transfermarkt_openfootball,2026-06-02
Johan Mojica,Colombia,2726,0,4,15,20,69,26,10,28,24,14,75.7,15,74.8,65.9,73.6,0,8,18,5,22,28,45,14,55,55,5,0,5,15,0.4,3.3,6.0,0.0,35,185.0,39.1,67.3,100,100.0,0.0,Available,0.0,False,https://github.com/salimt/football-datasets,43,1,real_wc2026_squads_transfermarkt_openfootball,2026-06-02
Willer Ditta,Colombia,0,0,0,0,0,2,1,0,1,1,0,82.9,0,57.7,29.3,18.7,0,0,0,0,0,0,1,1,2,2,1,0,0,0,0.0,0.0,,,0,180.0,57.1,40.7,100,100.0,0.0,Available,,False,,3,0,real_wc2026_squads_transfermarkt_openfootball,2026-06-02
Cucho Hernández,Colombia,3130,15,3,89,28,97,63,24,9,8,5,80.1,19,87.9,88.4,49.1,15,62,146,6,2,34,63,35,18,61,12,0,0,12,14.8,2.8,6.0,0.0,40,176.0,76.6,63.3,100,100.0,0.0,Available,0.0,False,https://github.com/salimt/football-datasets,7,2,real_wc2026_squads_transfermarkt_openfootball,2026-06-02
Juan Fernando Quintero,Colombia,0,0,0,1,0,3,1,1,1,1,0,75.3,1,53.1,26.6,56.8,0,1,2,0,0,0,2,1,1,2,0,0,0,0,0.05,0.0,,,0,168.0,43.9,61.0,100,100.0,0.0,Available,,False,,47,6,real_wc2026_squads_transfermarkt_openfootball,2026-06-02
Jaminton Campaz,Colombia,0,0,0,1,1,2,2,1,0,0,0,77.2,1,58.6,29.8,29.3,0,1,2,0,1,1,1,1,1,2,0,0,0,0,0.05,0.02,,,0,165.0,59.8,47.1,100,100.0,0.0,Available,0.0,False,https://github.com/salimt/football-datasets,9,1,real_wc2026_squads_transfermarkt_openfootball,2026-06-02
Deiver Machado,Colombia,1186,0,1,7,6,27,13,5,10,8,5,77.4,6,73.6,52.5,47.7,0,4,9,1,9,8,18,7,20,24,3,0,2,5,0.2,0.85,3.0,0.0,19,180.0,52.4,55.7,100,100.0,0.0,Available,0.0,False,https://github.com/salimt/football-datasets,14,0,real_wc2026_squads_transfermarkt_openfootball,2026-06-02
Davinson Sánchez,Colombia,3445,2,0,17,5,125,37,13,43,37,21,84.7,10,74.3,75.7,92.9,2,9,21,1,0,5,81,20,83,67,46,0,7,22,2.01,0.12,9.0,0.0,41,187.0,76.6,85.4,100,100.0,0.0,Available,0.0,False,https://github.com/salimt/football-datasets,77,3,real_wc2026_squads_transfermarkt_openfootball,2026-06-02
Álvaro Montero,Colombia,0,0,0,0,0,1,0,0,1,1,1,73.1,0,41.0,19.8,33.5,0,0,0,0,0,0,1,0,1,1,1,2,0,1,0.0,0.0,,,0,199.0,9.5,41.3,100,100.0,0.0,Available,,False,,11,0,real_wc2026_squads_transfermarkt_openfootball,2026-06-02
Luis Suárez,Colombia,3767,34,9,162,51,95,66,25,12,11,9,76.7,27,68.1,87.9,58.0,34,113,266,12,6,69,62,36,24,73,9,0,0,23,32.17,7.58,10.0,0.0,46,181.0,49.7,62.8,100,100.0,0.0,Available,0.0,False,https://github.com/salimt/football-datasets,10,4,real_wc2026_squads_transfermarkt_openfootball,2026-06-02
Andrés Gómez,Colombia,0,0,0,1,1,2,2,1,0,0,0,76.9,1,57.7,29.3,23.0,0,1,2,0,1,1,1,1,1,2,0,0,0,0,0.05,0.02,,,0,171.0,57.1,43.1,100,100.0,0.0,Available,,False,,6,2,real_wc2026_squads_transfermarkt_openfootball,2026-06-02
Lionel Mpasi,DR Congo,315,0,0,0,0,5,1,0,3,2,1,74.9,1,65.4,32.4,56.1,0,0,0,0,0,0,3,1,6,4,3,8,1,1,0.0,0.0,1.0,0.0,4,182.0,28.9,57.6,100,100.0,0.0,Available,0.0,False,https://github.com/salimt/football-datasets,27,0,real_wc2026_squads_transfermarkt_openfootball,2026-06-02
Aaron Wan-Bissaka,DR Congo,2504,0,3,14,16,71,34,12,20,17,12,81.0,9,89.9,71.0,46.7,0,8,18,4,20,22,46,19,41,51,10,0,5,13,0.4,2.5,5.0,0.0,30,183.0,80.5,60.8,100,100.0,0.0,Available,0.0,False,https://github.com/salimt/football-datasets,10,0,real_wc2026_squads_transfermarkt_openfootball,2026-06-02
Steve Kapuadi,DR Congo,750,0,0,2,1,12,6,2,6,5,5,80.9,3,54.2,37.9,32.5,0,1,2,0,0,1,8,3,13,15,9,0,2,5,0.05,0.02,0.0,0.0,8,196.0,47.0,46.3,100,100.0,0.0,Available,,False,,3,0,real_wc2026_squads_transfermarkt_openfootball,2026-06-02
Axel Tuanzebe,DR Congo,1637,1,0,8,3,35,14,5,16,13,9,82.2,6,81.7,57.3,44.4,1,4,10,0,0,3,23,8,31,32,20,0,3,9,0.98,0.08,1.0,0.0,19,185.0,57.1,54.8,100,100.0,0.0,Available,0.0,False,https://github.com/salimt/football-datasets,12,1,real_wc2026_squads_transfermarkt_openfootball,2026-06-02
Dylan Batubinsika,DR Congo,720,0,0,2,1,11,4,2,7,6,4,78.5,4,47.8,34.1,45.1,0,1,2,0,0,1,7,2,14,14,8,0,1,4,0.05,0.02,2.0,0.0,8,188.0,28.9,49.6,100,100.0,0.0,Available,0.0,False,https://github.com/salimt/football-datasets,14,1,real_wc2026_squads_transfermarkt_openfootball,2026-06-02
Ngal'ayel Mukau,DR Congo,2520,2,0,21,7,67,32,12,23,19,14,83.8,10,80.1,68.6,49.9,2,12,28,1,0,7,44,18,46,55,33,0,0,15,2.16,0.18,4.0,0.0,45,186.0,71.1,62.7,100,54.4,45.6,Active: ankle sprain; Ill,0.0,True,https://github.com/salimt/football-datasets,12,0,real_wc2026_squads_transfermarkt_openfootball,2026-06-02
Nathanaël Mbuku,DR Congo,0,0,0,1,1,2,1,1,0,0,0,74.9,1,52.0,26.1,39.9,0,1,2,0,1,1,1,1,1,2,0,0,0,0,0.05,0.02,,,0,170.0,41.0,53.1,100,100.0,0.0,Available,0.0,False,https://github.com/salimt/football-datasets,17,2,real_wc2026_squads_transfermarkt_openfootball,2026-06-02
Samuel Moutoussamy,DR Congo,2167,3,0,26,8,59,24,9,20,17,7,79.0,14,50.0,61.2,82.5,3,16,38,1,0,8,38,13,38,42,4,0,0,9,3.14,0.2,5.0,0.0,27,176.0,35.0,73.4,100,100.0,0.0,Available,0.0,False,https://github.com/salimt/football-datasets,56,0,real_wc2026_squads_transfermarkt_openfootball,2026-06-02
Brian Cipenga,DR Congo,0,0,0,1,1,1,1,0,0,0,0,71.1,1,41.0,19.8,25.1,0,1,2,0,0,1,1,1,1,2,0,0,0,0,0.05,0.02,,,0,,9.5,32.7,100,100.0,0.0,Available,,False,,7,0,real_wc2026_squads_transfermarkt_openfootball,2026-06-02
Théo Bongonda,DR Congo,364,1,2,8,8,12,6,2,2,2,1,77.9,2,57.7,56.4,67.0,1,6,16,2,4,12,8,3,4,7,1,0,0,2,1.08,1.6,0.0,0.0,10,175.0,57.1,71.3,100,100.0,0.0,Available,0.0,False,https://github.com/salimt/football-datasets,37,7,real_wc2026_squads_transfermarkt_openfootball,2026-06-02
Gaël Kakuta,DR Congo,275,0,1,3,5,7,4,2,2,1,0,75.4,2,51.4,46.6,59.2,0,2,5,1,1,7,5,2,3,5,1,0,0,0,0.1,0.82,0.0,0.0,5,173.0,39.1,63.4,100,100.0,0.0,Available,0.0,False,https://github.com/salimt/football-datasets,30,5,real_wc2026_squads_transfermarkt_openfootball,2026-06-02
Joris Kayembe,DR Congo,2686,0,1,15,10,62,27,10,25,21,12,76.3,14,60.9,59.6,64.9,0,8,18,2,20,12,40,15,49,54,6,0,5,13,0.4,0.95,5.0,0.0,35,181.0,43.9,63.5,100,100.0,0.0,Available,0.0,False,https://github.com/salimt/football-datasets,24,0,real_wc2026_squads_transfermarkt_openfootball,2026-06-02
Meschak Elia,DR Congo,1041,3,0,21,5,36,17,6,7,7,2,77.1,7,65.8,58.9,79.9,3,14,34,1,0,5,23,9,14,19,3,0,0,4,3.04,0.12,1.0,0.0,26,173.0,52.4,77.4,100,100.0,0.0,Available,0.0,False,https://github.com/salimt/football-datasets,68,12,real_wc2026_squads_transfermarkt_openfootball,2026-06-02
Noah Sadiki,DR Congo,3308,0,1,24,15,86,44,16,24,20,9,81.9,17,81.7,66.4,66.9,0,14,32,3,1,17,56,24,47,64,9,0,0,11,0.7,1.08,11.0,0.0,39,173.0,57.1,69.2,100,100.0,0.0,Available,,False,,18,0,real_wc2026_squads_transfermarkt_openfootball,2026-06-02
Aaron Tshibola,DR Congo,1209,0,0,9,4,21,12,5,9,7,6,77.8,8,46.6,35.0,49.8,0,5,12,1,0,4,14,7,17,24,2,0,0,7,0.25,0.1,4.0,0.0,24,190.0,25.3,53.4,100,100.0,0.0,Available,0.0,False,https://github.com/salimt/football-datasets,16,1,real_wc2026_squads_transfermarkt_openfootball,2026-06-02
Timothy Fayulu,DR Congo,0,0,0,0,0,1,0,0,1,1,1,76.4,0,50.4,25.1,21.9,0,0,0,0,0,0,1,0,1,1,1,2,0,1,0.0,0.0,,,0,192.0,36.3,40.3,100,100.0,0.0,Available,0.0,False,https://github.com/salimt/football-datasets,3,0,real_wc2026_squads_transfermarkt_openfootball,2026-06-02
Cédric Bakambu,DR Congo,1413,5,3,34,18,45,23,9,9,8,4,75.0,11,73.8,63.3,81.5,5,24,58,4,2,24,29,13,16,27,3,0,0,7,5.1,2.55,5.0,0.0,30,182.0,36.3,69.1,100,100.0,0.0,Available,0.0,False,https://github.com/salimt/football-datasets,68,21,real_wc2026_squads_transfermarkt_openfootball,2026-06-02
Charles Pickel,DR Congo,856,1,0,8,2,22,9,3,9,8,5,81.0,4,78.0,52.3,63.4,1,4,10,0,0,2,14,5,18,19,10,0,0,5,0.98,0.05,3.0,0.0,26,187.0,48.4,65.6,100,100.0,0.0,Available,0.0,False,https://github.com/salimt/football-datasets,33,1,real_wc2026_squads_transfermarkt_openfootball,2026-06-02
Fiston Mayele,DR Congo,0,0,0,1,1,2,1,0,0,0,0,71.1,1,41.0,19.8,57.9,0,1,2,0,0,1,1,1,1,2,0,0,0,0,0.05,0.02,,,0,,9.5,50.7,100,100.0,0.0,Available,,False,,37,6,real_wc2026_squads_transfermarkt_openfootball,2026-06-02
Yoane Wissa,DR Congo,904,3,2,21,12,37,19,7,5,4,2,81.2,5,91.5,67.2,65.7,3,15,37,3,1,16,24,10,9,18,4,0,0,4,3.09,1.7,4.0,0.0,28,176.0,85.0,70.1,100,100.0,0.0,Available,0.0,False,https://github.com/salimt/football-datasets,36,9,real_wc2026_squads_transfermarkt_openfootball,2026-06-02
Matthieu Epolo,DR Congo,1890,0,0,2,1,17,8,3,12,10,10,74.8,9,56.2,39.7,34.4,0,1,2,0,0,1,11,4,26,26,21,50,4,10,0.05,0.02,1.0,0.0,21,189.0,30.7,46.1,100,100.0,0.0,Available,0.0,False,https://github.com/salimt/football-datasets,1,0,real_wc2026_squads_transfermarkt_openfootball,2026-06-02
Chancel Mbemba,DR Congo,2047,0,1,6,6,60,15,6,26,23,11,80.5,9,70.6,55.5,88.3,0,3,7,1,1,8,39,8,51,40,24,0,4,11,0.15,0.85,4.0,0.0,25,182.0,43.9,76.3,100,100.0,0.0,Available,0.0,False,https://github.com/salimt/football-datasets,107,7,real_wc2026_squads_transfermarkt_openfootball,2026-06-02
Simon Banza,DR Congo,0,0,0,1,1,3,2,1,0,0,0,78.4,1,75.2,31.8,34.6,0,1,2,0,0,1,2,1,1,2,0,0,0,0,0.05,0.02,,,0,189.0,69.9,50.0,100,100.0,0.0,Available,0.0,False,https://github.com/salimt/football-datasets,14,2,real_wc2026_squads_transfermarkt_openfootball,2026-06-02
Gédéon Kalulu,DR Congo,0,0,0,0,0,2,1,0,1,1,0,78.0,0,72.6,27.8,47.3,0,0,0,0,1,0,1,1,2,2,0,0,0,0,0.0,0.0,,,0,179.0,49.7,55.0,100,100.0,0.0,Available,0.0,False,https://github.com/salimt/football-datasets,27,0,real_wc2026_squads_transfermarkt_openfootball,2026-06-02
Edo Kayembe,DR Congo,0,0,0,0,0,3,1,0,1,1,0,82.3,0,80.1,28.3,61.0,0,0,0,0,0,0,2,1,2,2,1,0,0,0,0.0,0.0,,,0,183.0,52.4,65.0,100,100.0,0.0,Available,0.0,False,https://github.com/salimt/football-datasets,41,2,real_wc2026_squads_transfermarkt_openfootball,2026-06-02
Arthur Masuaku,DR Congo,587,0,1,3,5,16,6,2,6,5,3,76.3,3,70.6,48.9,73.2,0,2,5,1,5,7,10,3,12,12,1,0,1,3,0.1,0.82,3.0,0.0,10,179.0,43.9,68.0,100,100.0,0.0,Available,0.0,False,https://github.com/salimt/football-datasets,44,4,real_wc2026_squads_transfermarkt_openfootball,2026-06-02
Diogo Costa,Portugal,3987,0,0,5,2,141,41,14,40,34,20,82.6,7,82.6,63.3,77.7,0,2,5,0,0,2,92,23,77,56,56,106,8,20,0.1,0.05,3.0,0.0,45,186.0,91.1,82.0,100,100.0,0.0,Available,0.0,False,https://github.com/salimt/football-datasets,42,0,real_wc2026_squads_transfermarkt_openfootball,2026-06-02
Nélson Semedo,Portugal,2903,1,3,19,17,93,35,13,31,26,12,78.8,13,69.6,72.4,79.2,1,11,26,4,23,23,60,19,59,59,9,0,6,13,1.33,2.52,10.0,0.0,39,177.0,63.4,73.2,100,100.0,0.0,Available,0.0,False,https://github.com/salimt/football-datasets,48,0,real_wc2026_squads_transfermarkt_openfootball,2026-06-02
Rúben Dias,Portugal,2766,2,0,15,4,113,35,12,34,30,17,87.1,6,95.1,75.0,86.4,2,8,19,1,0,4,73,19,67,54,39,0,6,18,1.96,0.1,4.0,0.0,34,187.0,95.3,85.6,100,100.0,0.0,Available,0.0,False,https://github.com/salimt/football-datasets,74,3,real_wc2026_squads_transfermarkt_openfootball,2026-06-02
Tomás Araújo,Portugal,2435,1,2,11,10,61,28,10,21,17,15,85.8,6,80.4,71.9,39.8,1,6,14,2,1,14,40,15,43,47,33,0,5,16,1.08,1.65,3.0,0.0,34,187.0,85.0,57.9,100,100.0,0.0,Available,0.0,False,https://github.com/salimt/football-datasets,3,0,real_wc2026_squads_transfermarkt_openfootball,2026-06-02
Diogo Dalot,Portugal,2796,1,3,19,17,99,39,14,28,24,14,81.6,9,91.5,75.9,66.8,1,11,26,4,22,23,64,21,54,57,12,0,6,15,1.33,2.52,5.0,0.0,36,183.0,85.0,70.7,100,100.0,0.0,Available,0.0,False,https://github.com/salimt/football-datasets,33,3,real_wc2026_squads_transfermarkt_openfootball,2026-06-02
Matheus Nunes,Portugal,4068,1,9,26,39,136,59,21,36,31,20,82.2,13,93.2,89.3,61.0,1,15,35,10,36,57,88,32,72,82,18,0,8,22,1.53,7.28,9.0,0.0,50,183.0,90.0,68.6,100,100.0,0.0,Available,0.0,False,https://github.com/salimt/football-datasets,19,2,real_wc2026_squads_transfermarkt_openfootball,2026-06-02
Cristiano Ronaldo,Portugal,0,0,0,1,1,4,2,1,1,1,0,78.9,1,69.4,32.6,71.6,0,1,2,0,0,1,3,1,1,2,0,0,0,0,0.05,0.02,,,0,188.0,73.9,75.2,100,100.0,0.0,Available,0.0,False,https://github.com/salimt/football-datasets,226,143,real_wc2026_squads_transfermarkt_openfootball,2026-06-02
Bruno Fernandes,Portugal,3203,9,22,64,85,145,63,23,24,21,8,82.1,15,93.6,93.5,91.7,9,42,99,23,15,129,94,35,44,60,15,0,0,13,9.12,17.52,5.0,0.0,37,179.0,91.1,89.7,100,100.0,0.0,Available,0.0,False,https://github.com/salimt/football-datasets,87,28,real_wc2026_squads_transfermarkt_openfootball,2026-06-02
Gonçalo Ramos,Portugal,1542,11,1,56,13,60,33,12,7,6,5,81.7,8,86.4,78.1,55.7,11,39,95,3,1,15,39,18,13,30,7,0,0,10,10.53,1.02,2.0,0.0,44,185.0,89.0,69.4,100,100.0,0.0,Available,0.0,False,https://github.com/salimt/football-datasets,24,10,real_wc2026_squads_transfermarkt_openfootball,2026-06-02
Bernardo Silva,Portugal,3974,4,5,55,36,176,76,28,30,27,7,81.2,20,91.3,87.6,96.6,4,36,84,8,4,46,114,42,55,74,17,0,0,11,4.92,4.4,14.0,0.0,54,173.0,84.3,91.0,100,100.0,0.0,Available,0.0,False,https://github.com/salimt/football-datasets,107,14,real_wc2026_squads_transfermarkt_openfootball,2026-06-02
João Félix,Portugal,0,0,0,1,1,4,2,1,1,0,0,80.0,1,72.6,34.5,58.9,0,1,2,0,0,1,3,1,1,2,0,0,0,0,0.05,0.02,,,0,181.0,83.0,70.0,100,100.0,0.0,Available,0.0,False,https://github.com/salimt/football-datasets,52,12,real_wc2026_squads_transfermarkt_openfootball,2026-06-02
José Sá,Portugal,2160,0,0,3,1,37,15,5,15,13,13,78.3,7,81.7,46.5,41.3,0,1,2,0,0,1,24,8,31,30,27,58,4,13,0.05,0.02,2.0,0.0,24,192.0,57.1,55.1,100,100.0,0.0,Available,0.0,False,https://github.com/salimt/football-datasets,4,0,real_wc2026_squads_transfermarkt_openfootball,2026-06-02
Renato Veiga,Portugal,3352,1,0,14,5,92,38,13,32,26,21,85.5,9,90.2,73.6,52.4,1,7,16,1,0,5,60,21,64,65,46,0,7,22,1.13,0.12,7.0,0.0,42,190.0,83.0,64.4,100,100.0,0.0,Available,0.0,False,https://github.com/salimt/football-datasets,11,1,real_wc2026_squads_transfermarkt_openfootball,2026-06-02
Gonçalo Inácio,Portugal,3552,3,3,21,15,116,44,15,36,31,21,86.7,8,83.2,85.2,61.6,3,11,26,4,2,21,75,24,72,69,50,0,7,22,2.89,2.47,4.0,0.0,41,186.0,92.8,71.4,100,100.0,0.0,Available,0.0,False,https://github.com/salimt/football-datasets,20,2,real_wc2026_squads_transfermarkt_openfootball,2026-06-02
João Neves,Portugal,2665,7,5,43,25,100,46,17,20,17,8,87.3,9,89.9,86.7,58.4,7,26,62,6,4,35,65,25,39,52,13,0,0,11,6.76,4.12,1.0,1.0,38,174.0,99.0,76.9,100,100.0,0.0,Available,,False,,21,3,real_wc2026_squads_transfermarkt_openfootball,2026-06-02
Francisco Trincão,Portugal,3994,11,17,79,73,143,78,29,19,16,13,81.8,19,81.8,95.6,58.7,11,52,122,19,12,107,93,43,36,75,18,0,0,19,11.18,13.72,1.0,0.0,47,184.0,89.0,71.1,100,100.0,0.0,Available,0.0,False,https://github.com/salimt/football-datasets,17,3,real_wc2026_squads_transfermarkt_openfootball,2026-06-02
Rafael Leão,Portugal,1968,10,3,57,21,87,43,16,12,10,7,83.0,9,92.3,82.8,69.7,10,39,93,5,16,27,57,24,22,38,10,0,0,12,9.75,2.62,5.0,0.0,31,188.0,98.4,77.0,100,100.0,0.0,Available,0.0,False,https://github.com/salimt/football-datasets,43,5,real_wc2026_squads_transfermarkt_openfootball,2026-06-02
Pedro Neto,Portugal,3999,10,10,80,54,159,86,32,19,17,7,82.6,19,95.1,95.6,67.2,10,55,128,13,36,74,103,47,36,78,19,0,0,14,10.55,8.35,7.0,0.0,55,174.0,95.3,75.0,100,100.0,0.0,Available,0.0,False,https://github.com/salimt/football-datasets,23,2,real_wc2026_squads_transfermarkt_openfootball,2026-06-02
Gonçalo Guedes,Portugal,2329,9,8,58,38,77,42,16,13,11,5,78.0,15,82.0,78.7,63.4,9,40,95,10,22,54,50,23,24,45,7,0,0,10,9.02,6.55,5.0,0.0,39,179.0,59.8,65.8,100,100.0,0.0,Available,0.0,False,https://github.com/salimt/football-datasets,33,7,real_wc2026_squads_transfermarkt_openfootball,2026-06-02
João Cancelo,Portugal,1610,2,5,16,20,62,22,8,18,15,8,81.3,6,90.2,72.2,77.0,2,9,22,5,15,30,40,12,34,33,7,0,3,9,2.01,4.0,4.0,0.0,25,182.0,83.0,76.0,100,100.0,0.0,Available,0.0,False,https://github.com/salimt/football-datasets,66,12,real_wc2026_squads_transfermarkt_openfootball,2026-06-02
Rúben Neves,Portugal,210,0,1,1,4,9,3,1,2,2,1,86.1,1,75.4,56.7,69.5,0,1,2,1,1,6,6,2,5,5,3,0,0,1,0.05,0.8,1.0,0.0,2,180.0,91.1,77.4,100,100.0,0.0,Available,0.0,False,https://github.com/salimt/football-datasets,65,1,real_wc2026_squads_transfermarkt_openfootball,2026-06-02
Rui Silva,Portugal,4080,0,0,5,2,74,32,11,28,23,24,79.2,12,73.4,58.3,46.2,0,2,5,0,0,2,48,18,57,57,52,109,8,24,0.1,0.05,4.0,0.0,45,191.0,64.8,59.4,100,100.0,0.0,Available,0.0,False,https://github.com/salimt/football-datasets,2,0,real_wc2026_squads_transfermarkt_openfootball,2026-06-02
Vitinha,Portugal,4011,7,10,46,42,158,62,22,44,37,15,87.4,11,89.9,95.4,75.7,7,26,61,11,7,62,103,34,86,87,58,0,0,18,6.76,8.05,2.0,0.0,50,172.0,99.0,82.4,100,100.0,0.0,Available,0.0,False,https://github.com/salimt/football-datasets,37,0,real_wc2026_squads_transfermarkt_openfootball,2026-06-02
Samú Costa,Portugal,2810,7,2,39,14,68,37,13,23,19,15,84.2,11,87.0,80.7,45.8,7,22,52,3,1,18,44,20,47,61,37,0,0,18,6.56,1.75,11.0,0.0,36,185.0,73.9,61.0,100,100.0,0.0,Available,0.0,False,https://github.com/salimt/football-datasets,4,0,real_wc2026_squads_transfermarkt_openfootball,2026-06-02
Nuno Mendes,Portugal,2972,6,7,37,30,119,46,16,31,26,13,83.2,8,89.4,89.0,76.6,6,21,50,8,26,44,77,25,60,60,15,0,6,16,5.73,5.65,5.0,0.0,41,180.0,97.7,78.7,100,100.0,0.0,Available,0.0,False,https://github.com/salimt/football-datasets,43,1,real_wc2026_squads_transfermarkt_openfootball,2026-06-02
Francisco Conceição,Portugal,2753,4,5,46,31,98,57,21,12,10,3,81.5,14,88.1,82.0,50.4,4,32,75,7,23,41,64,31,22,54,12,0,0,7,4.72,4.28,4.0,0.0,43,170.0,86.5,64.0,100,60.3,39.7,Active: Shoulder injury; Muscle injury,0.0,True,https://github.com/salimt/football-datasets,15,3,real_wc2026_squads_transfermarkt_openfootball,2026-06-02
Utkir Yusupov,Uzbekistan,0,0,0,0,0,1,0,0,1,1,0,73.1,0,41.0,19.8,52.6,0,0,0,0,0,0,1,0,2,1,1,2,0,0,0.0,0.0,,,0,185.0,9.5,51.8,100,100.0,0.0,Available,,False,,39,0,real_wc2026_squads_transfermarkt_openfootball,2026-06-02
Abdukodir Khusanov,Uzbekistan,2817,0,0,9,4,92,34,12,30,25,16,86.2,7,92.9,57.5,61.7,0,5,12,1,0,4,60,19,59,55,39,0,6,17,0.25,0.1,6.0,0.0,37,186.0,89.0,64.7,100,100.0,0.0,Available,,False,,25,0,real_wc2026_squads_transfermarkt_openfootball,2026-06-02
Khojiakbar Alijonov,Uzbekistan,0,0,0,0,0,2,1,0,1,1,0,71.1,1,41.0,19.8,55.8,0,0,0,0,1,0,1,1,2,2,0,0,0,0,0.0,0.0,,,0,180.0,9.5,53.6,100,100.0,0.0,Available,,False,,40,2,real_wc2026_squads_transfermarkt_openfootball,2026-06-02
Farrukh Sayfiev,Uzbekistan,0,0,0,0,0,2,1,0,1,1,0,71.1,1,41.0,19.8,58.9,0,0,0,0,1,0,1,1,2,2,0,0,0,0,0.0,0.0,,,0,183.0,9.5,55.3,100,100.0,0.0,Available,,False,,44,1,real_wc2026_squads_transfermarkt_openfootball,2026-06-02
Rustam Ashurmatov,Uzbekistan,0,0,0,0,0,2,1,0,1,1,1,79.7,0,48.4,24.0,61.0,0,0,0,0,0,0,1,1,2,2,1,0,0,1,0.0,0.0,,,0,186.0,30.7,52.7,100,100.0,0.0,Available,,False,,47,1,real_wc2026_squads_transfermarkt_openfootball,2026-06-02
Akmal Mozgovoy,Uzbekistan,0,0,0,1,0,1,1,0,1,1,0,75.1,1,41.0,19.8,37.8,0,1,2,0,0,0,1,1,1,2,0,0,0,0,0.05,0.0,,,0,180.0,9.5,41.7,100,100.0,0.0,Available,,False,,23,1,real_wc2026_squads_transfermarkt_openfootball,2026-06-02
Otabek Shukurov,Uzbekistan,0,0,0,1,0,3,1,0,1,1,0,78.6,1,51.1,25.5,69.5,0,1,2,0,0,0,2,1,2,2,0,0,0,0,0.05,0.0,,,0,183.0,38.3,64.9,100,100.0,0.0,Available,0.0,False,https://github.com/salimt/football-datasets,82,9,real_wc2026_squads_transfermarkt_openfootball,2026-06-02
Jamshid Iskanderov,Uzbekistan,0,0,0,1,0,2,1,0,1,0,0,71.1,1,41.0,19.8,50.5,0,1,2,0,0,0,1,1,1,2,0,0,0,0,0.05,0.0,,,0,171.0,9.5,54.7,100,100.0,0.0,Available,,False,,37,4,real_wc2026_squads_transfermarkt_openfootball,2026-06-02
Odiljon Hamrobekov,Uzbekistan,0,0,0,0,0,2,1,0,1,1,0,75.1,1,41.0,19.8,63.2,0,0,0,0,0,0,1,1,2,2,1,0,0,0,0.0,0.0,,,0,180.0,9.5,59.7,100,100.0,0.0,Available,,False,,71,1,real_wc2026_squads_transfermarkt_openfootball,2026-06-02
Jaloliddin Masharipov,Uzbekistan,0,0,0,1,1,3,1,1,1,1,0,74.6,1,51.2,25.6,65.3,0,1,2,0,1,1,2,1,1,2,0,0,0,0,0.05,0.02,,,0,172.0,38.5,62.6,100,100.0,0.0,Available,0.0,False,https://github.com/salimt/football-datasets,74,12,real_wc2026_squads_transfermarkt_openfootball,2026-06-02
Oston Urunov,Uzbekistan,0,0,0,1,1,2,1,1,1,0,0,74.0,1,49.3,24.5,55.8,0,1,2,0,1,1,1,1,1,2,0,0,0,0,0.05,0.02,,,0,181.0,33.2,56.3,100,100.0,0.0,Available,,False,,40,10,real_wc2026_squads_transfermarkt_openfootball,2026-06-02
Abduvohid Nematov,Uzbekistan,0,0,0,0,0,1,0,0,1,1,0,73.1,0,41.0,19.8,29.3,0,0,0,0,0,0,1,0,1,1,1,2,0,0,0.0,0.0,,,0,182.0,9.5,39.0,100,100.0,0.0,Available,,False,,7,0,real_wc2026_squads_transfermarkt_openfootball,2026-06-02
Sherzod Nasrullaev,Uzbekistan,0,0,0,0,0,1,1,0,1,1,0,71.1,1,41.0,19.8,43.1,0,0,0,0,1,0,1,1,2,2,0,0,0,0,0.0,0.0,,,0,183.0,9.5,46.6,100,100.0,0.0,Available,,False,,29,2,real_wc2026_squads_transfermarkt_openfootball,2026-06-02
Eldor Shomurodov,Uzbekistan,3272,22,6,115,39,125,60,23,22,20,12,77.6,22,67.4,87.2,96.4,22,80,189,9,4,51,81,33,39,64,9,0,0,22,21.16,5.17,1.0,0.0,40,190.0,57.1,87.4,100,100.0,0.0,Available,0.0,False,https://github.com/salimt/football-datasets,90,44,real_wc2026_squads_transfermarkt_openfootball,2026-06-02
Umar Eshmurodov,Uzbekistan,0,0,0,0,0,1,0,0,1,1,1,75.1,1,41.0,19.8,43.1,0,0,0,0,0,0,1,0,2,2,1,0,0,1,0.0,0.0,,,0,185.0,9.5,38.6,100,100.0,0.0,Available,,False,,29,0,real_wc2026_squads_transfermarkt_openfootball,2026-06-02
Botirali Ergashev,Uzbekistan,0,0,0,0,0,0,0,0,1,1,1,73.1,0,41.0,19.8,25.1,0,0,0,0,0,0,0,0,1,1,1,2,0,1,0.0,0.0,,,0,192.0,9.5,36.7,100,100.0,0.0,Available,,False,,2,0,real_wc2026_squads_transfermarkt_openfootball,2026-06-02
Dostonbek Khamdamov,Uzbekistan,0,0,0,1,1,2,1,1,0,0,0,73.6,1,48.1,23.8,48.4,0,1,2,0,1,1,1,1,1,2,0,0,0,0,0.05,0.02,,,0,180.0,29.6,51.5,100,100.0,0.0,Available,,False,,33,5,real_wc2026_squads_transfermarkt_openfootball,2026-06-02
Abdulla Abdullaev,Uzbekistan,0,0,0,0,0,1,1,0,1,1,0,75.1,1,41.0,19.8,33.5,0,0,0,0,0,0,1,1,2,2,1,0,0,0,0.0,0.0,,,0,181.0,9.5,43.3,100,100.0,0.0,Available,,False,,16,0,real_wc2026_squads_transfermarkt_openfootball,2026-06-02
Azizjon Ganiev,Uzbekistan,0,0,0,1,0,1,1,0,1,1,0,75.1,1,41.0,19.8,35.7,0,1,2,0,0,0,1,1,1,2,0,0,0,0,0.05,0.0,,,0,180.0,9.5,40.5,100,100.0,0.0,Available,,False,,18,0,real_wc2026_squads_transfermarkt_openfootball,2026-06-02
Azizbek Amonov,Uzbekistan,0,0,0,0,0,1,0,0,1,1,0,75.1,1,41.0,19.8,31.4,0,0,0,0,0,0,1,0,2,2,1,0,0,0,0.0,0.0,,,0,,9.5,32.2,100,100.0,0.0,Available,,False,,11,2,real_wc2026_squads_transfermarkt_openfootball,2026-06-02
Igor Sergeev,Uzbekistan,0,0,0,1,1,2,1,0,1,1,0,71.1,1,41.0,19.8,67.4,0,1,2,0,0,1,1,1,1,2,0,0,0,0,0.05,0.02,,,0,186.0,9.5,62.0,100,100.0,0.0,Available,,False,,81,24,real_wc2026_squads_transfermarkt_openfootball,2026-06-02
Abbosbek Fayzullaev,Uzbekistan,1161,3,5,24,22,39,21,8,6,5,1,78.4,7,69.2,67.0,58.1,3,16,39,6,12,32,25,12,11,23,4,0,0,3,3.14,4.05,4.0,0.0,23,170.0,62.2,63.4,100,100.0,0.0,Available,,False,,30,8,real_wc2026_squads_transfermarkt_openfootball,2026-06-02
Sherzod Esanov,Uzbekistan,0,0,0,1,0,1,1,0,0,0,0,75.1,1,41.0,19.8,19.8,0,1,2,0,0,0,1,1,1,2,0,0,0,0,0.05,0.0,,,0,190.0,9.5,31.8,100,100.0,0.0,Available,,False,,0,0,real_wc2026_squads_transfermarkt_openfootball,2026-06-02
Bekhruz Karimov,Uzbekistan,0,0,0,0,0,1,0,0,1,1,0,75.1,1,41.0,19.8,25.1,0,0,0,0,0,0,1,0,2,2,1,0,0,0,0.0,0.0,,,0,,9.5,28.7,100,100.0,0.0,Available,,False,,2,0,real_wc2026_squads_transfermarkt_openfootball,2026-06-02
Avazbek Ulmasaliev,Uzbekistan,0,0,0,0,0,0,0,0,1,1,1,75.1,1,41.0,19.8,19.8,0,0,0,0,0,0,0,0,2,2,1,0,0,1,0.0,0.0,,,0,187.0,9.5,25.8,100,100.0,0.0,Available,,False,,0,0,real_wc2026_squads_transfermarkt_openfootball,2026-06-02
Jakhongir Urozov,Uzbekistan,0,0,0,0,0,1,0,0,1,1,1,75.1,1,41.0,19.8,25.1,0,0,0,0,0,0,1,0,2,2,1,0,0,1,0.0,0.0,,,0,190.0,9.5,28.7,100,100.0,0.0,Available,,False,,2,0,real_wc2026_squads_transfermarkt_openfootball,2026-06-02
Dominik Livaković,Croatia,390,0,0,0,0,13,3,1,4,4,2,79.9,1,62.2,41.0,70.2,0,0,0,0,0,0,8,2,8,5,5,10,1,2,0.0,0.0,0.0,0.0,4,188.0,69.9,73.6,100,100.0,0.0,Available,0.0,False,https://github.com/salimt/football-datasets,73,0,real_wc2026_squads_transfermarkt_openfootball,2026-06-02
Josip Stanišić,Croatia,3186,3,7,28,30,112,46,16,31,26,17,82.0,10,89.9,86.0,72.5,3,16,37,8,28,44,73,25,60,64,14,0,6,19,3.14,5.65,4.0,0.0,44,187.0,87.8,82.4,100,100.0,0.0,Available,0.0,False,https://github.com/salimt/football-datasets,29,0,real_wc2026_squads_transfermarkt_openfootball,2026-06-02
Marin Pongračić,Croatia,3039,0,0,9,5,75,29,10,30,26,21,83.0,11,80.0,54.0,67.6,0,5,12,1,0,5,49,16,61,59,38,0,6,22,0.25,0.12,12.0,0.0,38,193.0,63.4,64.9,100,100.0,0.0,Available,0.0,False,https://github.com/salimt/football-datasets,18,0,real_wc2026_squads_transfermarkt_openfootball,2026-06-02
Joško Gvardiol,Croatia,1919,2,5,13,18,74,25,9,22,19,11,87.3,4,95.7,77.0,72.7,2,7,17,5,4,28,48,14,44,37,27,0,4,12,1.91,3.95,3.0,0.0,26,185.0,97.0,74.4,100,100.0,0.0,Available,0.0,False,https://github.com/salimt/football-datasets,46,4,real_wc2026_squads_transfermarkt_openfootball,2026-06-02
Duje Ćaleta-Car,Croatia,2629,1,0,11,4,76,25,9,30,25,18,82.8,10,82.9,64.5,75.0,1,6,14,1,0,4,49,14,58,51,33,0,5,19,1.08,0.1,8.0,0.0,32,193.0,62.2,68.7,100,100.0,0.0,Available,0.0,False,https://github.com/salimt/football-datasets,38,1,real_wc2026_squads_transfermarkt_openfootball,2026-06-02
Josip Šutalo,Croatia,2288,0,0,7,3,71,24,9,25,21,15,84.5,7,75.8,50.9,68.4,0,4,9,1,0,3,46,13,50,44,30,0,5,15,0.2,0.08,1.0,0.0,31,190.0,75.5,67.7,100,100.0,0.0,Available,0.0,False,https://github.com/salimt/football-datasets,31,0,real_wc2026_squads_transfermarkt_openfootball,2026-06-02
Nikola Moro,Croatia,2728,2,1,22,11,63,32,12,24,20,15,82.5,12,79.2,69.7,50.3,2,12,28,2,1,13,41,18,49,59,34,0,0,16,2.16,0.98,1.0,0.0,44,184.0,61.0,62.9,100,100.0,0.0,Available,0.0,False,https://github.com/salimt/football-datasets,9,0,real_wc2026_squads_transfermarkt_openfootball,2026-06-02
Mateo Kovačić,Croatia,242,0,1,2,4,10,4,1,2,2,1,84.1,1,87.6,53.4,73.8,0,1,2,1,1,6,6,2,5,5,1,0,0,1,0.05,0.8,0.0,0.0,9,177.0,73.9,72.4,100,100.0,0.0,Available,0.0,False,https://github.com/salimt/football-datasets,111,5,real_wc2026_squads_transfermarkt_openfootball,2026-06-02
Andrej Kramarić,Croatia,2422,15,8,76,37,85,37,14,19,17,5,76.4,16,75.6,78.4,86.3,15,50,119,9,6,53,55,20,34,45,6,0,0,11,14.2,6.52,3.0,0.0,36,177.0,47.0,75.9,100,100.0,0.0,Available,0.0,False,https://github.com/salimt/football-datasets,114,36,real_wc2026_squads_transfermarkt_openfootball,2026-06-02
Luka Modrić,Croatia,2925,2,3,28,20,102,37,14,30,26,8,81.3,16,76.2,71.9,94.3,2,17,40,5,2,26,66,20,56,57,8,0,0,10,2.41,2.6,4.0,0.0,40,172.0,52.4,79.3,100,100.0,0.0,Available,0.0,False,https://github.com/salimt/football-datasets,196,28,real_wc2026_squads_transfermarkt_openfootball,2026-06-02
Ante Budimir,Croatia,3013,19,0,101,18,93,52,20,16,14,11,76.3,22,77.6,82.1,75.8,19,71,168,3,0,18,60,29,29,59,7,0,0,20,18.37,0.45,4.0,0.0,40,190.0,47.0,72.1,100,100.0,0.0,Available,0.0,False,https://github.com/salimt/football-datasets,36,6,real_wc2026_squads_transfermarkt_openfootball,2026-06-02
Ivor Pandur,Croatia,0,0,0,0,0,1,0,0,1,0,0,76.9,0,76.1,26.1,18.7,0,0,0,0,0,0,1,0,1,1,1,2,0,0,0.0,0.0,,,0,187.0,41.0,39.5,100,100.0,0.0,Available,0.0,False,https://github.com/salimt/football-datasets,0,0,real_wc2026_squads_transfermarkt_openfootball,2026-06-02
Nikola Vlašić,Croatia,3350,9,5,65,33,128,59,22,23,21,8,79.2,19,81.8,86.3,84.1,9,43,101,8,4,43,83,32,43,63,11,0,0,13,9.17,4.32,7.0,0.0,41,179.0,68.5,79.0,100,100.0,0.0,Available,0.0,False,https://github.com/salimt/football-datasets,61,10,real_wc2026_squads_transfermarkt_openfootball,2026-06-02
Ivan Perišić,Croatia,3060,10,16,70,67,102,47,18,23,20,10,75.0,23,62.0,81.0,93.1,10,48,113,18,33,99,66,26,41,59,5,0,0,16,10.2,12.88,7.0,0.0,43,186.0,35.9,81.4,100,100.0,0.0,Available,0.0,False,https://github.com/salimt/football-datasets,152,38,real_wc2026_squads_transfermarkt_openfootball,2026-06-02
Mario Pašalić,Croatia,2771,10,7,54,32,100,38,14,27,24,13,82.6,14,79.6,82.3,84.5,10,32,76,8,5,46,65,21,51,54,9,0,0,17,9.4,5.7,4.0,0.0,46,188.0,62.2,75.9,100,100.0,0.0,Available,0.0,False,https://github.com/salimt/football-datasets,83,11,real_wc2026_squads_transfermarkt_openfootball,2026-06-02
Martin Baturina,Croatia,1835,8,4,46,22,62,34,13,9,8,3,80.8,9,86.0,77.9,57.5,8,30,72,5,3,30,40,19,17,34,7,0,0,7,7.74,3.35,1.0,0.0,34,172.0,80.5,66.7,100,100.0,0.0,Available,0.0,False,https://github.com/salimt/football-datasets,17,1,real_wc2026_squads_transfermarkt_openfootball,2026-06-02
Petar Sučić,Croatia,2549,4,4,32,22,83,41,15,18,15,11,85.7,10,88.1,79.9,57.6,4,19,45,5,3,30,54,23,35,50,11,0,0,13,4.07,3.35,6.0,0.0,50,183.0,86.5,66.0,100,100.0,0.0,Available,0.0,False,https://github.com/salimt/football-datasets,15,1,real_wc2026_squads_transfermarkt_openfootball,2026-06-02
Kristijan Jakić,Croatia,1834,2,1,17,8,46,21,8,17,15,10,82.4,8,80.1,63.9,55.3,2,10,24,2,1,10,30,12,35,40,23,0,0,11,2.06,0.9,6.0,0.0,28,184.0,59.8,65.4,100,100.0,0.0,Available,0.0,False,https://github.com/salimt/football-datasets,16,2,real_wc2026_squads_transfermarkt_openfootball,2026-06-02
Toni Fruk,Croatia,439,1,0,8,2,12,8,3,2,1,1,79.0,3,61.7,54.9,34.5,1,5,13,0,0,2,8,4,3,8,2,0,0,2,1.03,0.05,0.0,0.0,5,178.0,68.5,51.7,100,100.0,0.0,Available,0.0,False,https://github.com/salimt/football-datasets,7,1,real_wc2026_squads_transfermarkt_openfootball,2026-06-02
Igor Matanović,Croatia,2636,15,4,83,29,73,49,19,8,7,11,78.3,17,80.9,82.1,47.6,15,58,137,7,3,37,47,27,16,51,8,0,0,18,14.6,3.52,4.0,0.0,50,194.0,62.2,59.6,100,100.0,0.0,Available,0.0,False,https://github.com/salimt/football-datasets,8,2,real_wc2026_squads_transfermarkt_openfootball,2026-06-02
Luka Sučić,Croatia,1351,4,3,24,14,39,19,7,10,8,6,83.4,6,85.1,68.6,59.1,4,14,34,4,2,20,25,10,19,26,5,0,0,8,3.82,2.45,1.0,0.0,28,185.0,68.5,63.2,100,100.0,0.0,Available,0.0,False,https://github.com/salimt/football-datasets,19,1,real_wc2026_squads_transfermarkt_openfootball,2026-06-02
Luka Vušković,Croatia,2652,6,1,29,7,72,32,11,23,19,18,86.5,6,91.0,81.2,43.5,6,15,36,2,1,9,47,18,47,52,37,0,5,20,5.43,0.88,6.0,0.0,30,193.0,91.1,57.1,100,100.0,0.0,Available,0.0,False,https://github.com/salimt/football-datasets,4,1,real_wc2026_squads_transfermarkt_openfootball,2026-06-02
Dominik Kotarski,Croatia,3780,0,0,5,2,66,27,9,26,22,22,78.6,12,58.6,56.5,47.5,0,2,5,0,0,2,43,15,54,53,47,101,8,22,0.1,0.05,1.0,0.0,42,190.0,59.8,59.1,100,100.0,0.0,Available,0.0,False,https://github.com/salimt/football-datasets,3,0,real_wc2026_squads_transfermarkt_openfootball,2026-06-02
Marco Pašalić,Croatia,0,0,0,1,1,2,1,0,0,0,0,72.8,1,52.5,22.6,35.7,0,1,2,0,1,1,1,1,1,2,0,0,0,0,0.05,0.02,,,0,177.0,23.6,47.4,100,100.0,0.0,Available,0.0,False,https://github.com/salimt/football-datasets,13,1,real_wc2026_squads_transfermarkt_openfootball,2026-06-02
Martin Erlić,Croatia,2241,5,1,24,7,45,19,7,21,18,15,81.6,9,56.0,69.5,51.1,5,12,29,2,1,9,29,10,43,44,27,0,4,16,4.5,0.88,8.0,0.0,27,192.0,52.4,53.6,100,100.0,0.0,Available,0.0,False,https://github.com/salimt/football-datasets,12,1,real_wc2026_squads_transfermarkt_openfootball,2026-06-02
Petar Musa,Croatia,0,0,0,1,1,3,2,1,0,0,0,77.8,1,66.9,30.8,31.4,0,1,2,0,0,1,2,1,1,2,0,0,0,0,0.05,0.02,,,0,188.0,64.8,51.2,100,100.0,0.0,Available,0.0,False,https://github.com/salimt/football-datasets,10,1,real_wc2026_squads_transfermarkt_openfootball,2026-06-02
Jordan Pickford,England,3540,0,0,4,2,123,31,10,39,34,18,80.4,9,87.6,58.5,91.1,0,2,5,0,0,2,80,17,74,50,47,94,7,18,0.1,0.05,4.0,0.0,39,185.0,73.9,85.9,100,100.0,0.0,Available,0.0,False,https://github.com/salimt/football-datasets,82,0,real_wc2026_squads_transfermarkt_openfootball,2026-06-02
Ezri Konsa,England,4170,2,1,20,9,130,50,18,42,35,23,86.2,10,92.9,82.1,76.2,2,10,23,2,1,11,84,28,84,81,58,0,8,24,2.06,0.92,1.0,0.0,48,183.0,89.0,76.7,100,100.0,0.0,Available,0.0,False,https://github.com/salimt/football-datasets,18,1,real_wc2026_squads_transfermarkt_openfootball,2026-06-02
Nico O'Reilly,England,4044,9,6,53,30,114,60,21,30,24,25,82.4,13,93.6,93.4,50.4,9,30,71,7,33,42,74,33,61,82,18,0,8,29,8.52,4.95,8.0,0.0,53,193.0,91.1,64.9,100,100.0,0.0,Available,0.0,False,https://github.com/salimt/football-datasets,3,0,real_wc2026_squads_transfermarkt_openfootball,2026-06-02
Declan Rice,England,4336,5,11,49,50,193,76,27,42,36,21,87.3,14,96.5,95.7,91.2,5,29,68,13,8,72,125,42,79,84,22,0,0,24,5.35,8.95,6.0,0.0,54,188.0,99.3,91.0,100,100.0,0.0,Available,0.0,False,https://github.com/salimt/football-datasets,72,6,real_wc2026_squads_transfermarkt_openfootball,2026-06-02
John Stones,England,1144,0,0,3,2,42,12,4,14,12,7,84.7,3,88.6,45.0,79.2,0,2,5,0,0,2,27,7,28,22,15,0,2,7,0.1,0.05,0.0,0.0,18,188.0,76.6,75.9,100,100.0,0.0,Available,0.0,False,https://github.com/salimt/football-datasets,87,3,real_wc2026_squads_transfermarkt_openfootball,2026-06-02
Marc Guéhi,England,4091,5,4,30,19,142,52,18,44,37,22,87.0,9,94.9,90.3,82.2,5,15,35,5,3,27,92,29,87,80,58,0,8,24,4.65,3.28,7.0,0.0,47,182.0,94.7,81.2,100,100.0,0.0,Available,0.0,False,https://github.com/salimt/football-datasets,27,1,real_wc2026_squads_transfermarkt_openfootball,2026-06-02
Bukayo Saka,England,3173,11,9,74,46,144,69,26,20,17,7,83.1,15,96.6,93.3,83.0,11,51,120,11,29,64,94,38,36,62,16,0,0,13,11.13,7.45,2.0,0.0,48,178.0,99.6,84.6,100,17.4,82.6,Active: Hamstring injury; Knee injury,0.0,True,https://github.com/salimt/football-datasets,48,14,real_wc2026_squads_transfermarkt_openfootball,2026-06-02
Elliot Anderson,England,4168,4,5,44,31,134,71,26,26,22,15,86.8,15,95.1,90.5,62.4,4,26,60,7,4,41,87,39,52,81,20,0,0,18,4.42,4.28,11.0,0.0,50,179.0,95.3,74.4,100,100.0,0.0,Available,0.0,False,https://github.com/salimt/football-datasets,7,0,real_wc2026_squads_transfermarkt_openfootball,2026-06-02
Harry Kane,England,4140,61,7,258,47,201,92,34,28,25,14,82.6,21,92.8,98.6,99.3,61,181,427,11,5,61,131,51,51,80,20,0,0,36,56.63,6.07,3.0,0.0,52,188.0,96.1,94.8,100,100.0,0.0,Available,0.0,False,https://github.com/salimt/football-datasets,112,78,real_wc2026_squads_transfermarkt_openfootball,2026-06-02
Jude Bellingham,England,2939,8,5,58,31,130,61,22,19,17,10,83.2,12,96.0,89.5,79.6,8,38,89,7,4,41,84,34,35,55,15,0,0,15,8.14,4.28,7.0,0.0,43,186.0,99.8,84.7,100,32.0,68.0,Active: Knee problems; Knock,0.0,True,https://github.com/salimt/football-datasets,46,6,real_wc2026_squads_transfermarkt_openfootball,2026-06-02
Marcus Rashford,England,2622,14,14,78,59,119,55,20,18,16,8,82.0,13,93.0,89.2,81.3,14,54,128,15,29,87,77,30,32,51,12,0,0,14,13.62,11.27,3.0,0.0,49,185.0,91.1,81.9,100,100.0,0.0,Available,0.0,False,https://github.com/salimt/football-datasets,70,18,real_wc2026_squads_transfermarkt_openfootball,2026-06-02
Tino Livramento,England,1810,0,1,10,8,53,27,10,14,11,9,82.3,6,93.6,63.6,44.6,0,6,14,2,14,10,34,15,28,37,8,0,4,10,0.3,0.9,1.0,0.0,26,182.0,91.1,61.8,100,100.0,0.0,Available,0.0,False,https://github.com/salimt/football-datasets,5,0,real_wc2026_squads_transfermarkt_openfootball,2026-06-02
Dean Henderson,England,3600,0,0,4,2,87,35,12,25,21,19,81.8,7,91.5,60.9,52.2,0,2,5,0,0,2,57,19,52,50,49,96,7,19,0.1,0.05,5.0,0.0,40,188.0,85.0,66.7,100,100.0,0.0,Available,0.0,False,https://github.com/salimt/football-datasets,4,0,real_wc2026_squads_transfermarkt_openfootball,2026-06-02
Jordan Henderson,England,2086,1,3,15,15,62,20,8,26,22,11,80.0,11,76.1,62.5,86.5,1,8,19,4,2,21,40,11,49,45,24,0,0,12,1.18,2.47,6.0,0.0,34,182.0,41.0,80.8,100,100.0,0.0,Available,0.0,False,https://github.com/salimt/football-datasets,89,3,real_wc2026_squads_transfermarkt_openfootball,2026-06-02
Dan Burn,England,3461,2,6,17,24,67,31,11,31,25,27,82.1,14,81.7,79.5,57.0,2,9,21,6,4,36,44,17,63,67,43,0,7,28,2.01,4.8,11.0,0.0,44,201.0,57.1,59.8,100,100.0,0.0,Available,0.0,False,https://github.com/salimt/football-datasets,6,0,real_wc2026_squads_transfermarkt_openfootball,2026-06-02
Kobbie Mainoo,England,1806,1,3,17,16,59,30,11,12,10,8,86.2,7,93.6,70.7,55.1,1,10,23,4,2,22,38,16,24,35,8,0,0,9,1.28,2.5,3.0,0.0,30,184.0,91.1,69.5,100,100.0,0.0,Available,0.0,False,https://github.com/salimt/football-datasets,12,0,real_wc2026_squads_transfermarkt_openfootball,2026-06-02
Morgan Rogers,England,4564,14,12,95,61,168,93,34,20,17,17,82.8,20,95.7,98.1,70.3,14,63,147,15,8,85,109,51,39,85,22,0,0,25,14.07,9.92,9.0,0.0,55,187.0,97.0,79.1,100,100.0,0.0,Available,0.0,False,https://github.com/salimt/football-datasets,13,1,real_wc2026_squads_transfermarkt_openfootball,2026-06-02
Anthony Gordon,England,2869,17,5,91,32,110,61,23,12,11,8,82.6,14,95.1,91.2,68.4,17,63,149,8,24,42,72,34,24,56,14,0,0,16,16.41,4.3,4.0,0.0,46,183.0,95.3,75.7,100,100.0,0.0,Available,0.0,False,https://github.com/salimt/football-datasets,17,2,real_wc2026_squads_transfermarkt_openfootball,2026-06-02
Ollie Watkins,England,3839,21,5,118,39,143,81,30,16,14,9,81.4,21,92.0,94.6,77.2,21,83,195,9,4,49,93,45,30,75,17,0,0,19,20.53,4.47,4.0,0.0,55,180.0,86.5,80.8,100,100.0,0.0,Available,0.0,False,https://github.com/salimt/football-datasets,20,6,real_wc2026_squads_transfermarkt_openfootball,2026-06-02
Noni Madueke,England,2278,8,4,54,26,82,48,18,8,7,6,82.4,11,94.6,83.0,55.6,8,37,88,6,19,34,53,26,16,44,11,0,0,10,8.09,3.45,1.0,0.0,44,182.0,94.0,68.4,100,100.0,0.0,Available,0.0,False,https://github.com/salimt/football-datasets,10,1,real_wc2026_squads_transfermarkt_openfootball,2026-06-02
Eberechi Eze,England,3261,10,6,68,36,122,66,24,15,13,8,82.8,14,95.4,92.1,68.8,10,45,106,8,4,48,79,36,29,61,16,0,0,13,10.05,5.1,2.0,0.0,53,178.0,96.1,78.1,100,100.0,0.0,Available,0.0,False,https://github.com/salimt/football-datasets,16,3,real_wc2026_squads_transfermarkt_openfootball,2026-06-02
Ivan Toney,England,0,0,0,1,1,3,2,1,0,0,0,83.3,0,76.4,36.7,34.6,0,1,2,0,0,1,2,1,1,2,0,0,0,0,0.05,0.02,,,0,185.0,94.0,58.8,100,100.0,0.0,Available,0.0,False,https://github.com/salimt/football-datasets,7,1,real_wc2026_squads_transfermarkt_openfootball,2026-06-02
James Trafford,England,1530,0,0,2,1,32,14,5,10,8,9,80.7,4,88.6,46.7,33.3,0,1,2,0,0,1,21,8,21,21,20,41,3,9,0.05,0.02,0.0,0.0,17,192.0,76.6,54.6,100,100.0,0.0,Available,,False,,1,0,real_wc2026_squads_transfermarkt_openfootball,2026-06-02
Reece James,England,2766,2,7,22,29,97,42,15,25,21,12,82.8,8,94.6,83.1,73.7,2,12,28,8,25,43,63,23,50,56,13,0,6,13,2.16,5.62,5.0,0.0,41,180.0,94.0,78.3,100,100.0,0.0,Available,0.0,False,https://github.com/salimt/football-datasets,22,1,real_wc2026_squads_transfermarkt_openfootball,2026-06-02
Djed Spence,England,3024,0,0,17,8,67,37,13,23,19,15,79.0,13,84.4,54.2,49.5,0,10,23,2,22,8,44,20,46,61,10,0,6,16,0.5,0.2,5.0,0.0,44,184.0,64.8,59.2,100,100.0,0.0,Available,0.0,False,https://github.com/salimt/football-datasets,4,0,real_wc2026_squads_transfermarkt_openfootball,2026-06-02
Jarell Quansah,England,3706,5,0,28,6,95,45,16,30,25,24,86.5,9,91.0,84.7,46.2,5,14,33,1,0,6,62,25,63,72,52,0,7,26,4.6,0.15,9.0,0.0,44,190.0,91.1,60.6,100,100.0,0.0,Available,,False,,1,0,real_wc2026_squads_transfermarkt_openfootball,2026-06-02
Lawrence Ati-Zigi,Ghana,0,0,0,0,0,2,0,0,1,1,0,76.2,0,50.0,24.9,61.0,0,0,0,0,0,0,1,0,2,1,1,2,0,0,0.0,0.0,,,0,188.0,35.0,63.6,100,100.0,0.0,Available,0.0,False,https://github.com/salimt/football-datasets,28,0,real_wc2026_squads_transfermarkt_openfootball,2026-06-02
Alidu Seidu,Ghana,1185,0,1,4,5,30,11,4,12,10,5,82.6,4,76.2,54.0,64.6,0,2,5,1,1,7,20,6,25,23,15,0,2,5,0.1,0.82,1.0,0.0,21,173.0,59.8,62.5,100,100.0,0.0,Available,0.0,False,https://github.com/salimt/football-datasets,23,1,real_wc2026_squads_transfermarkt_openfootball,2026-06-02
Caleb Yirenkyi,Ghana,2189,2,5,23,24,39,24,9,14,12,9,78.8,14,49.3,65.7,61.4,2,14,33,6,4,34,25,13,29,43,4,0,0,11,2.26,4.1,8.0,0.0,25,182.0,33.2,63.4,100,100.0,0.0,Available,,False,,10,0,real_wc2026_squads_transfermarkt_openfootball,2026-06-02
Jonas Adjetey,Ghana,752,0,0,2,1,17,7,3,7,6,5,83.1,3,81.8,41.5,50.6,0,1,2,0,0,1,11,4,14,15,10,0,2,5,0.05,0.02,2.0,0.0,11,188.0,64.8,55.8,100,100.0,0.0,Available,0.0,False,https://github.com/salimt/football-datasets,9,0,real_wc2026_squads_transfermarkt_openfootball,2026-06-02
Thomas Partey,Ghana,1325,0,0,7,4,42,15,6,15,13,7,82.0,6,81.1,41.9,82.1,0,4,9,1,0,4,27,8,30,29,16,0,0,7,0.2,0.1,2.0,0.0,32,185.0,57.1,79.6,100,100.0,0.0,Available,0.0,False,https://github.com/salimt/football-datasets,56,15,real_wc2026_squads_transfermarkt_openfootball,2026-06-02
Abdul Mumin,Ghana,78,0,0,0,0,1,1,0,1,1,1,81.3,0,76.5,34.0,36.7,0,0,0,0,0,0,1,1,2,2,1,0,0,1,0.0,0.0,0.0,0.0,3,188.0,43.9,44.0,100,100.0,0.0,Available,0.0,False,https://github.com/salimt/football-datasets,4,0,real_wc2026_squads_transfermarkt_openfootball,2026-06-02
Abdul Fatawu,Ghana,0,0,0,1,1,3,2,1,0,0,0,79.4,1,89.2,33.6,57.9,0,1,2,0,1,1,2,1,1,2,0,0,0,0,0.05,0.02,,,0,177.0,78.5,60.5,100,100.0,0.0,Available,0.0,False,https://github.com/salimt/football-datasets,27,3,real_wc2026_squads_transfermarkt_openfootball,2026-06-02
Kwasi Sibo,Ghana,1806,0,0,13,7,25,18,7,11,9,8,77.5,12,69.0,37.6,49.8,0,8,18,1,0,7,16,10,23,35,2,0,0,9,0.4,0.18,3.0,0.0,27,183.0,22.7,54.9,100,100.0,0.0,Available,,False,,7,0,real_wc2026_squads_transfermarkt_openfootball,2026-06-02
Jordan Ayew,Ghana,0,0,0,1,1,3,1,1,1,1,0,74.7,1,75.4,25.7,71.6,0,1,2,0,0,1,2,1,1,2,0,0,0,0,0.05,0.02,,,0,182.0,39.1,68.2,100,100.0,0.0,Available,0.0,False,https://github.com/salimt/football-datasets,117,33,real_wc2026_squads_transfermarkt_openfootball,2026-06-02
Brandon Thomas-Asante,Ghana,0,0,0,1,1,1,1,0,0,0,0,71.1,1,41.0,19.8,34.6,0,1,2,0,0,1,1,1,1,2,0,0,0,0,0.05,0.02,,,0,,9.5,41.9,100,100.0,0.0,Available,,False,,7,1,real_wc2026_squads_transfermarkt_openfootball,2026-06-02
Antoine Semenyo,Ghana,3870,21,6,116,41,164,83,31,21,19,12,82.6,19,95.4,96.9,90.0,21,80,188,9,32,53,107,46,40,75,19,0,0,22,20.38,5.22,7.0,0.0,48,185.0,96.1,81.7,100,100.0,0.0,Available,,False,,34,3,real_wc2026_squads_transfermarkt_openfootball,2026-06-02
Joseph Anang,Ghana,570,0,0,1,0,4,2,1,4,3,3,73.8,3,45.6,32.3,32.9,0,0,0,0,0,0,3,1,8,8,6,15,1,3,0.0,0.0,0.0,0.0,6,190.0,22.7,45.6,100,100.0,0.0,Available,0.0,False,https://github.com/salimt/football-datasets,1,0,real_wc2026_squads_transfermarkt_openfootball,2026-06-02
Christopher Bonsu Baah,Ghana,0,0,0,1,1,2,2,1,0,0,0,76.0,1,60.9,27.8,37.8,0,1,2,0,1,1,1,1,1,2,0,0,0,0,0.05,0.02,,,0,172.0,49.7,43.7,100,100.0,0.0,Available,,False,,8,0,real_wc2026_squads_transfermarkt_openfootball,2026-06-02
Gideon Mensah,Ghana,2334,0,1,13,10,64,25,9,24,20,10,77.0,12,72.6,58.3,83.6,0,7,16,2,18,12,42,14,46,47,6,0,5,11,0.35,0.95,8.0,0.0,30,178.0,49.7,74.9,100,100.0,0.0,Available,0.0,False,https://github.com/salimt/football-datasets,39,0,real_wc2026_squads_transfermarkt_openfootball,2026-06-02
Elisha Owusu,Ghana,2349,0,0,13,6,51,24,9,23,19,12,80.3,12,70.6,45.1,69.0,0,7,16,1,0,6,33,13,46,51,27,0,0,13,0.35,0.15,7.0,0.0,29,182.0,43.9,69.7,100,100.0,0.0,Available,0.0,False,https://github.com/salimt/football-datasets,19,0,real_wc2026_squads_transfermarkt_openfootball,2026-06-02
Benjamin Asare,Ghana,0,0,0,0,0,1,1,0,1,1,0,72.4,1,52.5,21.9,44.1,0,0,0,0,1,0,1,1,1,2,0,0,0,0,0.0,0.0,,,0,175.0,20.0,47.3,100,100.0,0.0,Available,0.0,False,https://github.com/salimt/football-datasets,10,0,real_wc2026_squads_transfermarkt_openfootball,2026-06-02
Abdul Rahman Baba,Ghana,3261,3,2,28,15,88,32,12,35,30,14,75.9,18,52.0,72.1,92.1,3,16,37,3,25,19,57,18,67,66,7,0,7,16,3.14,1.78,3.0,0.0,41,179.0,41.0,77.9,100,100.0,0.0,Available,0.0,False,https://github.com/salimt/football-datasets,52,1,real_wc2026_squads_transfermarkt_openfootball,2026-06-02
Jerome Opoku,Ghana,2876,0,2,9,11,48,21,8,27,22,21,80.1,13,61.8,63.3,66.4,0,5,12,3,1,15,31,12,54,56,33,0,6,22,0.25,1.67,10.0,0.0,34,197.0,41.0,59.7,100,100.0,0.0,Available,0.0,False,https://github.com/salimt/football-datasets,10,1,real_wc2026_squads_transfermarkt_openfootball,2026-06-02
Iñaki Williams,Ghana,2708,4,6,45,34,101,55,20,13,12,9,81.0,15,90.2,81.8,75.5,4,31,72,8,24,46,66,30,25,53,11,0,0,13,4.67,5.05,2.0,0.0,39,186.0,83.0,71.1,100,100.0,0.0,Available,0.0,False,https://github.com/salimt/football-datasets,25,2,real_wc2026_squads_transfermarkt_openfootball,2026-06-02
Augustine Boakye,Ghana,0,0,0,1,1,2,2,1,0,0,0,76.3,1,73.6,28.3,18.7,0,1,2,0,1,1,1,1,0,2,0,0,0,0,0.05,0.02,,,0,178.0,52.4,33.8,100,100.0,0.0,Available,0.0,False,https://github.com/salimt/football-datasets,0,0,real_wc2026_squads_transfermarkt_openfootball,2026-06-02
Kojo Peprah Oppong,Ghana,2925,1,0,12,4,37,19,7,25,21,17,79.1,15,66.9,61.1,52.0,1,6,14,1,0,4,24,10,52,57,32,0,6,18,1.08,0.1,5.0,0.0,36,185.0,33.2,50.2,100,100.0,0.0,Available,,False,,4,0,real_wc2026_squads_transfermarkt_openfootball,2026-06-02
Kamaldeen Sulemana,Ghana,1345,3,2,26,14,49,26,10,7,6,2,80.1,8,84.7,67.3,70.6,3,18,43,3,11,18,32,14,13,26,5,0,0,4,3.24,1.75,4.0,0.0,37,175.0,76.6,67.2,100,100.0,0.0,Available,0.0,False,https://github.com/salimt/football-datasets,27,1,real_wc2026_squads_transfermarkt_openfootball,2026-06-02
Derrick Luckassen,Ghana,0,0,0,0,0,1,1,0,1,1,1,80.2,0,61.6,24.9,23.0,0,0,0,0,0,0,1,1,2,2,1,0,0,1,0.0,0.0,,,0,186.0,35.0,34.6,100,100.0,0.0,Available,0.0,False,https://github.com/salimt/football-datasets,1,0,real_wc2026_squads_transfermarkt_openfootball,2026-06-02
Ernest Nuamah,Ghana,32,0,0,1,1,3,2,1,0,0,0,78.5,1,80.1,39.0,55.3,0,1,2,0,1,1,2,1,1,2,0,0,0,0,0.05,0.02,0.0,0.0,3,178.0,71.1,57.6,100,0.0,100.0,Active: Dead leg; Dead leg,0.0,True,https://github.com/salimt/football-datasets,18,4,real_wc2026_squads_transfermarkt_openfootball,2026-06-02
Prince Kwabena Adu,Ghana,0,0,0,1,1,1,1,0,0,0,0,71.1,1,41.0,19.8,29.3,0,1,2,0,0,1,1,1,0,2,0,0,0,0,0.05,0.02,,,0,,9.5,39.0,100,100.0,0.0,Available,,False,,4,0,real_wc2026_squads_transfermarkt_openfootball,2026-06-02
Marvin Senaya,Ghana,1785,1,0,13,5,29,18,7,13,10,8,76.7,9,71.7,56.2,38.0,1,7,17,1,13,5,19,10,26,36,4,0,4,9,1.13,0.12,6.0,0.0,25,181.0,47.0,49.3,100,100.0,0.0,Available,0.0,False,https://github.com/salimt/football-datasets,1,0,real_wc2026_squads_transfermarkt_openfootball,2026-06-02
Luis Mejía,Panama,0,0,0,0,0,1,0,0,1,1,0,73.1,0,41.0,19.8,50.5,0,0,0,0,0,0,1,0,2,1,1,2,0,0,0.0,0.0,,,0,,9.5,50.7,100,100.0,0.0,Available,,False,,56,0,real_wc2026_squads_transfermarkt_openfootball,2026-06-02
César Blackman,Panama,521,0,0,3,1,13,5,2,5,5,2,76.2,3,53.1,36.3,45.3,0,2,5,0,4,1,8,3,10,11,1,0,1,2,0.1,0.02,1.0,0.0,6,174.0,43.9,52.7,100,100.0,0.0,Available,0.0,False,https://github.com/salimt/football-datasets,38,3,real_wc2026_squads_transfermarkt_openfootball,2026-06-02
José Córdoba,Panama,180,0,0,1,0,5,2,1,2,2,1,81.7,1,81.2,37.2,41.8,0,1,2,0,0,0,3,1,4,4,2,0,0,1,0.05,0.0,1.0,0.0,2,185.0,55.5,49.1,100,100.0,0.0,Available,0.0,False,https://github.com/salimt/football-datasets,31,1,real_wc2026_squads_transfermarkt_openfootball,2026-06-02
Fidel Escobar,Panama,0,0,0,0,0,2,0,0,1,1,0,78.8,0,46.0,22.6,63.2,0,0,0,0,0,0,1,0,2,2,1,0,0,0,0.0,0.0,,,0,184.0,23.6,54.5,100,100.0,0.0,Available,0.0,False,https://github.com/salimt/football-datasets,97,4,real_wc2026_squads_transfermarkt_openfootball,2026-06-02
Edgardo Fariña,Panama,1255,0,0,4,2,21,8,3,12,10,9,79.1,6,49.3,36.8,37.4,0,2,5,0,0,2,14,4,25,24,14,0,3,9,0.1,0.05,4.0,0.0,18,195.0,33.2,42.2,100,100.0,0.0,Available,,False,,16,0,real_wc2026_squads_transfermarkt_openfootball,2026-06-02
Cristian Martínez,Panama,0,0,0,0,0,2,1,0,1,1,0,75.1,1,41.0,19.8,52.6,0,0,0,0,0,0,1,1,2,2,1,0,0,0,0.0,0.0,,,0,170.0,9.5,51.8,100,100.0,0.0,Available,,False,,64,2,real_wc2026_squads_transfermarkt_openfootball,2026-06-02
José Luis Rodríguez,Panama,0,0,0,1,1,3,1,1,1,1,0,74.9,1,52.0,26.1,56.8,0,1,2,0,1,1,2,1,1,2,0,0,0,0,0.05,0.02,,,0,183.0,41.0,56.4,100,100.0,0.0,Available,0.0,False,https://github.com/salimt/football-datasets,68,8,real_wc2026_squads_transfermarkt_openfootball,2026-06-02
Adalberto Carrasquilla,Panama,0,0,0,1,0,3,1,0,1,1,0,82.1,0,55.6,28.1,58.9,0,1,2,0,0,0,2,1,2,2,0,0,0,0,0.05,0.0,,,0,171.0,51.0,67.6,100,100.0,0.0,Available,,False,,73,3,real_wc2026_squads_transfermarkt_openfootball,2026-06-02
Tomás Rodríguez,Panama,0,0,0,1,1,1,1,0,0,0,0,71.1,1,41.0,19.8,23.0,0,1,2,0,0,1,1,1,1,2,0,0,0,0,0.05,0.02,,,0,178.0,9.5,33.6,100,100.0,0.0,Available,,False,,12,3,real_wc2026_squads_transfermarkt_openfootball,2026-06-02
Ismael Díaz,Panama,0,0,0,1,1,3,1,1,1,1,0,74.0,1,49.3,24.5,47.3,0,1,2,0,1,1,2,1,1,2,0,0,0,0,0.05,0.02,,,0,183.0,33.2,49.7,100,100.0,0.0,Available,,False,,55,17,real_wc2026_squads_transfermarkt_openfootball,2026-06-02
Yoel Bárcenas,Panama,0,0,0,1,1,3,1,1,1,1,0,73.7,1,48.4,24.0,65.3,0,1,2,0,1,1,2,1,1,2,0,0,0,0,0.05,0.02,,,0,178.0,30.7,59.1,100,100.0,0.0,Available,0.0,False,https://github.com/salimt/football-datasets,102,10,real_wc2026_squads_transfermarkt_openfootball,2026-06-02
César Samudio,Panama,0,0,0,0,0,0,0,0,1,1,0,73.1,0,41.0,19.8,18.7,0,0,0,0,0,0,0,0,1,1,1,2,0,0,0.0,0.0,,,0,,9.5,33.2,100,100.0,0.0,Available,,False,,4,0,real_wc2026_squads_transfermarkt_openfootball,2026-06-02
Jiovany Ramos,Panama,0,0,0,0,0,1,0,0,1,1,1,75.1,1,41.0,19.8,29.3,0,0,0,0,0,0,1,0,2,2,1,0,0,1,0.0,0.0,,,0,189.0,9.5,33.0,100,100.0,0.0,Available,,False,,21,1,real_wc2026_squads_transfermarkt_openfootball,2026-06-02
Carlos Harvey,Panama,0,0,0,0,0,2,1,0,1,1,0,77.3,1,53.9,23.4,31.4,0,0,0,0,0,0,1,1,2,2,1,0,0,0,0.0,0.0,,,0,184.0,27.6,43.8,100,100.0,0.0,Available,,False,,26,3,real_wc2026_squads_transfermarkt_openfootball,2026-06-02
Eric Davis,Panama,0,0,0,0,0,2,1,0,1,1,0,72.3,1,44.4,21.7,67.4,0,0,0,0,1,0,1,1,2,2,0,0,0,0,0.0,0.0,,,0,180.0,19.2,59.9,100,100.0,0.0,Available,0.0,False,https://github.com/salimt/football-datasets,105,9,real_wc2026_squads_transfermarkt_openfootball,2026-06-02
Andrés Andrade,Panama,0,0,0,0,0,2,1,0,1,1,1,80.0,0,49.3,24.5,39.9,0,0,0,0,0,0,1,1,2,2,1,0,0,1,0.0,0.0,,,0,187.0,33.2,43.6,100,100.0,0.0,Available,0.0,False,https://github.com/salimt/football-datasets,48,1,real_wc2026_squads_transfermarkt_openfootball,2026-06-02
José Fajardo,Panama,0,0,0,1,1,2,1,0,1,1,0,71.1,1,41.0,19.8,54.7,0,1,2,0,0,1,1,1,1,2,0,0,0,0,0.05,0.02,,,0,,9.5,51.0,100,100.0,0.0,Available,,False,,66,17,real_wc2026_squads_transfermarkt_openfootball,2026-06-02
Cecilio Waterman,Panama,0,0,0,1,1,2,1,0,1,0,0,71.1,1,41.0,19.8,44.1,0,1,2,0,0,1,1,1,1,2,0,0,0,0,0.05,0.02,,,0,,9.5,45.2,100,100.0,0.0,Available,,False,,53,14,real_wc2026_squads_transfermarkt_openfootball,2026-06-02
Alberto Quintero,Panama,0,0,0,1,1,3,1,0,1,1,0,72.4,1,44.6,21.8,69.5,0,1,2,0,1,1,2,1,1,2,0,0,0,0,0.05,0.02,,,0,168.0,19.6,59.1,100,100.0,0.0,Available,0.0,False,https://github.com/salimt/football-datasets,140,7,real_wc2026_squads_transfermarkt_openfootball,2026-06-02
Aníbal Godoy,Panama,0,0,0,0,0,2,1,0,1,1,0,76.4,1,51.2,21.9,71.6,0,0,0,0,0,0,1,1,2,2,1,0,0,0,0.0,0.0,,,0,183.0,20.0,64.4,100,100.0,0.0,Available,0.0,False,https://github.com/salimt/football-datasets,159,4,real_wc2026_squads_transfermarkt_openfootball,2026-06-02
César Yanis,Panama,0,0,0,1,1,2,1,0,1,1,0,72.6,1,45.3,22.2,47.3,0,1,2,0,1,1,1,1,1,2,0,0,0,0,0.05,0.02,,,0,160.0,21.6,47.3,100,100.0,0.0,Available,0.0,False,https://github.com/salimt/football-datasets,55,5,real_wc2026_squads_transfermarkt_openfootball,2026-06-02
Orlando Mosquera,Panama,0,0,0,0,0,1,0,0,1,1,1,73.1,0,46.9,19.8,37.8,0,0,0,0,0,0,1,0,2,1,1,2,0,1,0.0,0.0,,,0,191.0,9.5,43.7,100,100.0,0.0,Available,,False,,47,0,real_wc2026_squads_transfermarkt_openfootball,2026-06-02
Michael Amir Murillo,Panama,2346,3,3,23,16,86,29,11,27,23,12,79.5,10,71.4,72.8,79.4,3,13,31,4,19,22,56,16,52,47,8,0,5,14,2.99,2.5,9.0,0.0,36,184.0,68.5,76.4,100,100.0,0.0,Available,0.0,False,https://github.com/salimt/football-datasets,92,9,real_wc2026_squads_transfermarkt_openfootball,2026-06-02
Azarias Londoño,Panama,0,0,0,1,1,1,1,0,0,0,0,71.1,1,41.0,19.8,20.9,0,1,2,0,0,1,1,1,1,2,0,0,0,0,0.05,0.02,,,0,185.0,9.5,32.4,100,100.0,0.0,Available,,False,,10,0,real_wc2026_squads_transfermarkt_openfootball,2026-06-02
Roderick Miller,Panama,0,0,0,0,0,2,0,0,1,1,1,76.5,1,58.0,22.0,42.0,0,0,0,0,0,0,1,0,2,2,1,0,0,1,0.0,0.0,,,0,190.0,20.9,42.3,100,100.0,0.0,Available,,False,,49,2,real_wc2026_squads_transfermarkt_openfootball,2026-06-02
Jorge Gutiérrez,Panama,0,0,0,0,0,1,1,0,1,1,0,71.1,1,41.0,19.8,27.2,0,0,0,0,1,0,1,1,2,2,0,0,0,0,0.0,0.0,,,0,171.0,9.5,35.9,100,100.0,0.0,Available,,False,,17,0,real_wc2026_squads_transfermarkt_openfootball,2026-06-02
