tournament_year,player_name,country,position,age,club,league,market_value_before_tournament,club_level_score,league_strength_score,national_team_strength,group_difficulty_score,club_minutes_previous_season,goals_previous_season,assists_previous_season,recent_form_score,role_fit_score,expected_starter_score,national_team_caps,senior_national_team_caps,major_tournament_experience,is_world_cup_debutant,previous_world_cup_minutes,previous_world_cup_matches,previous_world_cup_impact_score,age_group,injury_availability_score,minutes_at_tournament,starts_at_tournament,appearances_at_tournament,substitute_appearances_at_tournament,goals_at_tournament,assists_at_tournament,clean_sheets_at_tournament,yellow_cards_at_tournament,red_cards_at_tournament,actual_tournament_impact_score,data_source,data_source_url
2014,Abdelmoumene Djabou,Algeria,Midfielder,27.0,,,,,,,0.0,,,,,,,,,,True,0.0,0.0,,Prime,,170.0,2.0,3.0,1.0,2.0,,0.0,0.0,0.0,82.2,Fjelstul World Cup Database via DataHub,https://datahub.io/football/worldcup
2014,Aïssa Mandi,Algeria,Defender,22.0,,,,,,,0.0,,,,,,,,,,True,0.0,0.0,,U23,,302.0,3.0,3.0,0.0,0.0,,0.0,0.0,0.0,77.1,Fjelstul World Cup Database via DataHub,https://datahub.io/football/worldcup
2014,Carl Medjani,Algeria,Defender,29.0,,,,,,,0.0,,,,,,,,,,True,0.0,0.0,0.0,Prime,,266.0,3.0,3.0,0.0,0.0,,0.0,0.0,0.0,63.0,Fjelstul World Cup Database via DataHub,https://datahub.io/football/worldcup
2014,Cédric Si Mohamed,Algeria,Goalkeeper,29.0,,,,,,,0.0,,,,,,,,,,True,0.0,0.0,,Prime,,0.0,0.0,0.0,0.0,0.0,,0.0,0.0,0.0,0.0,Fjelstul World Cup Database via DataHub,https://datahub.io/football/worldcup
2014,Djamel Mesbah,Algeria,Defender,29.0,,,,,,,0.0,,,,,,,,,,False,2.0,1.0,31.9,Prime,,182.0,2.0,2.0,0.0,0.0,,0.0,1.0,0.0,56.9,Fjelstul World Cup Database via DataHub,https://datahub.io/football/worldcup
2014,Essaïd Belkalem,Algeria,Defender,25.0,,,,,,,0.0,,,,,,,,,,True,0.0,0.0,,U25,,213.0,2.0,3.0,1.0,0.0,,0.0,0.0,0.0,58.7,Fjelstul World Cup Database via DataHub,https://datahub.io/football/worldcup
2014,Faouzi Ghoulam,Algeria,Defender,23.0,,,,,,,0.0,,,,,,,,,,True,0.0,0.0,,U23,,210.0,2.0,2.0,0.0,0.0,,0.0,0.0,0.0,58.5,Fjelstul World Cup Database via DataHub,https://datahub.io/football/worldcup
2014,Hassan Yebda,Algeria,Midfielder,30.0,,,,,,,0.0,,,,,,,,,,False,268.0,3.0,68.8,Veteran,,21.0,0.0,1.0,1.0,0.0,,0.0,0.0,0.0,30.8,Fjelstul World Cup Database via DataHub,https://datahub.io/football/worldcup
2014,Hillal Soudani,Algeria,Forward,26.0,,,,,,,0.0,,,,,,,,,,True,0.0,0.0,,Prime,,166.0,2.0,3.0,1.0,0.0,,0.0,0.0,0.0,63.9,Fjelstul World Cup Database via DataHub,https://datahub.io/football/worldcup
2014,Islam Slimani,Algeria,Forward,25.0,,,,,,,0.0,,,,,,,,,,True,0.0,0.0,,U25,,326.0,3.0,4.0,1.0,2.0,,0.0,0.0,0.0,91.7,Fjelstul World Cup Database via DataHub,https://datahub.io/football/worldcup
2014,Liassine Cadamuro-Bentaïba,Algeria,Defender,26.0,,,,,,,0.0,,,,,,,,,,True,0.0,0.0,,Prime,,0.0,0.0,0.0,0.0,0.0,,0.0,1.0,0.0,0.0,Fjelstul World Cup Database via DataHub,https://datahub.io/football/worldcup
2014,Madjid Bougherra,Algeria,Defender,31.0,,,,,,,0.0,,,,,,,,,,False,270.0,3.0,67.9,Veteran,,202.0,2.0,3.0,1.0,0.0,,0.0,1.0,0.0,58.1,Fjelstul World Cup Database via DataHub,https://datahub.io/football/worldcup
2014,Mehdi Lacen,Algeria,Midfielder,30.0,,,,,,,0.0,,,,,,,,,,False,270.0,3.0,71.4,Veteran,,152.0,1.0,3.0,2.0,0.0,,0.0,0.0,0.0,52.1,Fjelstul World Cup Database via DataHub,https://datahub.io/football/worldcup
2014,Mehdi Mostefa,Algeria,Midfielder,30.0,,,,,,,0.0,,,,,,,,,,True,0.0,0.0,,Veteran,,210.0,2.0,2.0,0.0,0.0,,0.0,0.0,0.0,61.0,Fjelstul World Cup Database via DataHub,https://datahub.io/football/worldcup
2014,Mohamed Zemmamouche,Algeria,Goalkeeper,29.0,,,,,,,0.0,,,,,,,,,,True,0.0,0.0,,Prime,,0.0,0.0,0.0,0.0,0.0,,0.0,0.0,0.0,0.0,Fjelstul World Cup Database via DataHub,https://datahub.io/football/worldcup
2014,Nabil Bentaleb,Algeria,Midfielder,19.0,,,,,,,0.0,,,,,,,,,,True,0.0,0.0,,U21,,272.0,3.0,3.0,0.0,0.0,,0.0,1.0,0.0,74.7,Fjelstul World Cup Database via DataHub,https://datahub.io/football/worldcup
2014,Nabil Ghilas,Algeria,Forward,24.0,,,,,,,0.0,,,,,,,,,,True,0.0,0.0,,U25,,38.0,0.0,3.0,3.0,0.0,,0.0,1.0,0.0,36.0,Fjelstul World Cup Database via DataHub,https://datahub.io/football/worldcup
2014,Rafik Halliche,Algeria,Defender,27.0,,,,,,,0.0,,,,,,,,,,False,270.0,3.0,67.9,Prime,,369.0,4.0,4.0,0.0,1.0,,0.0,1.0,0.0,96.9,Fjelstul World Cup Database via DataHub,https://datahub.io/football/worldcup
2014,Raïs M'Bolhi,Algeria,Goalkeeper,28.0,,,,,,,0.0,,,,,,,,,,False,180.0,2.0,82.0,Prime,,392.0,4.0,4.0,0.0,0.0,,0.0,0.0,0.0,81.5,Fjelstul World Cup Database via DataHub,https://datahub.io/football/worldcup
2014,Riyad Mahrez,Algeria,Midfielder,23.0,,,,,,,0.0,,,,,,,,,,True,0.0,0.0,,U23,,71.0,1.0,1.0,0.0,0.0,,0.0,0.0,0.0,42.8,Fjelstul World Cup Database via DataHub,https://datahub.io/football/worldcup
2014,Saphir Taïder,Algeria,Midfielder,22.0,,,,,,,0.0,,,,,,,,,,True,0.0,0.0,,U23,,168.0,2.0,2.0,0.0,0.0,,0.0,0.0,0.0,56.5,Fjelstul World Cup Database via DataHub,https://datahub.io/football/worldcup
2014,Sofiane Feghouli,Algeria,Midfielder,24.0,,,,,,,0.0,,,,,,,,,,True,0.0,0.0,,U25,,392.0,4.0,4.0,0.0,1.0,,0.0,0.0,0.0,94.8,Fjelstul World Cup Database via DataHub,https://datahub.io/football/worldcup
2014,Yacine Brahimi,Algeria,Midfielder,24.0,,,,,,,0.0,,,,,,,,,,True,0.0,0.0,,U25,,190.0,2.0,3.0,1.0,1.0,,0.0,0.0,0.0,80.1,Fjelstul World Cup Database via DataHub,https://datahub.io/football/worldcup
2014,Agustín Orión,Argentina,Goalkeeper,32.0,,,,,,66.66666666666666,,,,,,,,,,,True,0.0,0.0,,Veteran,,0.0,0.0,0.0,0.0,0.0,,0.0,0.0,0.0,0.0,Fjelstul World Cup Database via DataHub,https://datahub.io/football/worldcup
2014,Augusto Fernández,Argentina,Midfielder,28.0,,,,,,66.66666666666666,,,,,,,,,,,True,0.0,0.0,,Prime,,0.0,0.0,0.0,0.0,0.0,,0.0,0.0,0.0,0.0,Fjelstul World Cup Database via DataHub,https://datahub.io/football/worldcup
2014,Enzo Pérez,Argentina,Midfielder,28.0,,,,,,66.66666666666666,,,,,,,,,,,True,0.0,0.0,,Prime,,224.0,2.0,3.0,1.0,0.0,,0.0,0.0,0.0,62.1,Fjelstul World Cup Database via DataHub,https://datahub.io/football/worldcup
2014,Ezequiel Garay,Argentina,Defender,27.0,,,,,,66.66666666666666,,,,,,,,,,,True,0.0,0.0,,Prime,,724.0,7.0,7.0,0.0,0.0,,0.0,1.0,0.0,95.6,Fjelstul World Cup Database via DataHub,https://datahub.io/football/worldcup
2014,Ezequiel Lavezzi,Argentina,Forward,29.0,,,,,,66.66666666666666,,,,,,,,,,,True,0.0,0.0,,Prime,,361.0,4.0,6.0,2.0,0.0,,0.0,0.0,0.0,79.0,Fjelstul World Cup Database via DataHub,https://datahub.io/football/worldcup
2014,Federico Fernández,Argentina,Defender,25.0,,,,,,66.66666666666666,,,,,,,,,,,True,0.0,0.0,,U25,,394.0,4.0,4.0,0.0,0.0,,0.0,0.0,0.0,86.3,Fjelstul World Cup Database via DataHub,https://datahub.io/football/worldcup
2014,Fernando Gago,Argentina,Midfielder,28.0,,,,,,66.66666666666666,,,,,,,,,,,True,0.0,0.0,,Prime,,377.0,3.0,6.0,3.0,0.0,,0.0,0.0,0.0,78.3,Fjelstul World Cup Database via DataHub,https://datahub.io/football/worldcup
2014,Gonzalo Higuaín,Argentina,Forward,26.0,,,,,,66.66666666666666,,,,,,,,,,,False,341.0,4.0,94.8,Prime,,571.0,6.0,7.0,1.0,1.0,,0.0,0.0,0.0,93.8,Fjelstul World Cup Database via DataHub,https://datahub.io/football/worldcup
2014,Hugo Campagnaro,Argentina,Defender,33.0,,,,,,66.66666666666666,,,,,,,,,,,True,0.0,0.0,,Veteran,,46.0,1.0,1.0,0.0,0.0,,0.0,0.0,0.0,37.6,Fjelstul World Cup Database via DataHub,https://datahub.io/football/worldcup
2014,Javier Mascherano,Argentina,Midfielder,30.0,,,,,,66.66666666666666,,,,,,,,,,,False,873.0,9.0,80.8,Veteran,,724.0,7.0,7.0,0.0,0.0,,0.0,1.0,0.0,89.6,Fjelstul World Cup Database via DataHub,https://datahub.io/football/worldcup
2014,José María Basanta,Argentina,Defender,30.0,,,,,,66.66666666666666,,,,,,,,,,,True,0.0,0.0,,Veteran,,104.0,1.0,2.0,1.0,0.0,,0.0,0.0,0.0,47.2,Fjelstul World Cup Database via DataHub,https://datahub.io/football/worldcup
2014,Lionel Messi,Argentina,Forward,26.0,,,,,,66.66666666666666,,,,,,,,,,,False,571.0,8.0,81.4,Prime,,697.0,7.0,7.0,0.0,4.0,,0.0,0.0,0.0,99.5,Fjelstul World Cup Database via DataHub,https://datahub.io/football/worldcup
2014,Lucas Biglia,Argentina,Midfielder,28.0,,,,,,66.66666666666666,,,,,,,,,,,True,0.0,0.0,,Prime,,347.0,3.0,7.0,4.0,0.0,,0.0,1.0,0.0,77.1,Fjelstul World Cup Database via DataHub,https://datahub.io/football/worldcup
2014,Marcos Rojo,Argentina,Defender,24.0,,,,,,66.66666666666666,,,,,,,,,,,True,0.0,0.0,,U25,,620.0,6.0,6.0,0.0,1.0,,0.0,2.0,0.0,99.0,Fjelstul World Cup Database via DataHub,https://datahub.io/football/worldcup
2014,Mariano Andújar,Argentina,Goalkeeper,30.0,,,,,,66.66666666666666,,,,,,,,,,,True,0.0,0.0,0.0,Veteran,,0.0,0.0,0.0,0.0,0.0,,0.0,0.0,0.0,0.0,Fjelstul World Cup Database via DataHub,https://datahub.io/football/worldcup
2014,Martín Demichelis,Argentina,Defender,33.0,,,,,,66.66666666666666,,,,,,,,,,,False,450.0,5.0,97.6,Veteran,,330.0,3.0,3.0,0.0,0.0,,0.0,1.0,0.0,77.6,Fjelstul World Cup Database via DataHub,https://datahub.io/football/worldcup
2014,Maxi Rodríguez,Argentina,Midfielder,33.0,,,,,,66.66666666666666,,,,,,,,,,,False,844.0,10.0,79.4,Veteran,,65.0,1.0,2.0,1.0,0.0,,0.0,0.0,0.0,41.7,Fjelstul World Cup Database via DataHub,https://datahub.io/football/worldcup
2014,Pablo Zabaleta,Argentina,Defender,29.0,,,,,,66.66666666666666,,,,,,,,,,,True,0.0,0.0,,Prime,,724.0,7.0,7.0,0.0,0.0,,0.0,0.0,0.0,95.6,Fjelstul World Cup Database via DataHub,https://datahub.io/football/worldcup
2014,Ricky Álvarez,Argentina,Midfielder,26.0,,,,,,66.66666666666666,,,,,,,,,,,True,0.0,0.0,,Prime,,27.0,0.0,1.0,1.0,0.0,,0.0,0.0,0.0,31.8,Fjelstul World Cup Database via DataHub,https://datahub.io/football/worldcup
2014,Rodrigo Palacio,Argentina,Forward,32.0,,,,,,66.66666666666666,,,,,,,,,,,False,29.0,1.0,34.0,Veteran,,164.0,0.0,5.0,5.0,0.0,,0.0,0.0,0.0,51.6,Fjelstul World Cup Database via DataHub,https://datahub.io/football/worldcup
2014,Sergio Agüero,Argentina,Forward,26.0,,,,,,66.66666666666666,,,,,,,,,,,False,107.0,3.0,57.0,Prime,,314.0,3.0,5.0,2.0,0.0,,0.0,1.0,0.0,76.5,Fjelstul World Cup Database via DataHub,https://datahub.io/football/worldcup
2014,Sergio Romero,Argentina,Goalkeeper,27.0,,,,,,66.66666666666666,,,,,,,,,,,False,450.0,5.0,93.8,Prime,,724.0,7.0,7.0,0.0,0.0,,4.0,0.0,0.0,100.0,Fjelstul World Cup Database via DataHub,https://datahub.io/football/worldcup
2014,Ángel Di María,Argentina,Midfielder,26.0,,,,,,66.66666666666666,,,,,,,,,,,False,356.0,5.0,79.9,Prime,,427.0,5.0,5.0,0.0,1.0,,0.0,1.0,0.0,95.7,Fjelstul World Cup Database via DataHub,https://datahub.io/football/worldcup
2014,Adam Taggart,Australia,Forward,21.0,,,,,,,66.7,,,,,,,,,,True,0.0,0.0,,U21,,59.0,1.0,2.0,1.0,0.0,,0.0,0.0,0.0,49.4,Fjelstul World Cup Database via DataHub,https://datahub.io/football/worldcup
2014,Alex Wilkinson,Australia,Defender,29.0,,,,,,,66.7,,,,,,,,,,True,0.0,0.0,,Prime,,270.0,3.0,3.0,0.0,0.0,,0.0,0.0,0.0,67.9,Fjelstul World Cup Database via DataHub,https://datahub.io/football/worldcup
2014,Bailey Wright,Australia,Defender,21.0,,,,,,,66.7,,,,,,,,,,True,0.0,0.0,,U21,,0.0,0.0,0.0,0.0,0.0,,0.0,0.0,0.0,0.0,Fjelstul World Cup Database via DataHub,https://datahub.io/football/worldcup
2014,Ben Halloran,Australia,Midfielder,21.0,,,,,,,66.7,,,,,,,,,,True,0.0,0.0,,U21,,87.0,0.0,3.0,3.0,0.0,,0.0,0.0,0.0,37.7,Fjelstul World Cup Database via DataHub,https://datahub.io/football/worldcup
2014,Dario Vidošić,Australia,Midfielder,27.0,,,,,,,66.7,,,,,,,,,,True,0.0,0.0,0.0,Prime,,0.0,0.0,0.0,0.0,0.0,,0.0,0.0,0.0,0.0,Fjelstul World Cup Database via DataHub,https://datahub.io/football/worldcup
2014,Eugene Galekovic,Australia,Goalkeeper,32.0,,,,,,,66.7,,,,,,,,,,True,0.0,0.0,0.0,Veteran,,0.0,0.0,0.0,0.0,0.0,,0.0,0.0,0.0,0.0,Fjelstul World Cup Database via DataHub,https://datahub.io/football/worldcup
2014,Ivan Franjic,Australia,Defender,26.0,,,,,,,66.7,,,,,,,,,,True,0.0,0.0,,Prime,,49.0,1.0,1.0,0.0,0.0,,0.0,0.0,0.0,37.8,Fjelstul World Cup Database via DataHub,https://datahub.io/football/worldcup
2014,James Holland,Australia,Midfielder,25.0,,,,,,,66.7,,,,,,,,,,True,0.0,0.0,,U25,,0.0,0.0,0.0,0.0,0.0,,0.0,0.0,0.0,0.0,Fjelstul World Cup Database via DataHub,https://datahub.io/football/worldcup
2014,James Troisi,Australia,Midfielder,25.0,,,,,,,66.7,,,,,,,,,,True,0.0,0.0,,U25,,41.0,0.0,2.0,2.0,0.0,,0.0,0.0,0.0,34.0,Fjelstul World Cup Database via DataHub,https://datahub.io/football/worldcup
2014,Jason Davidson,Australia,Defender,22.0,,,,,,,66.7,,,,,,,,,,True,0.0,0.0,,U23,,270.0,3.0,3.0,0.0,0.0,,0.0,0.0,0.0,67.9,Fjelstul World Cup Database via DataHub,https://datahub.io/football/worldcup
2014,Mark Bresciano,Australia,Midfielder,34.0,,,,,,,66.7,,,,,,,,,,False,343.0,6.0,53.2,Veteran,,147.0,2.0,3.0,1.0,0.0,,0.0,0.0,0.0,54.4,Fjelstul World Cup Database via DataHub,https://datahub.io/football/worldcup
2014,Mark Milligan,Australia,Midfielder,28.0,,,,,,,66.7,,,,,,,,,,True,0.0,0.0,0.0,Prime,,90.0,1.0,1.0,0.0,0.0,,0.0,1.0,0.0,45.8,Fjelstul World Cup Database via DataHub,https://datahub.io/football/worldcup
2014,Massimo Luongo,Australia,Midfielder,21.0,,,,,,,66.7,,,,,,,,,,True,0.0,0.0,,U21,,0.0,0.0,0.0,0.0,0.0,,0.0,0.0,0.0,0.0,Fjelstul World Cup Database via DataHub,https://datahub.io/football/worldcup
2014,Mathew Leckie,Australia,Forward,23.0,,,,,,,66.7,,,,,,,,,,True,0.0,0.0,,U23,,270.0,3.0,3.0,0.0,0.0,,0.0,0.0,0.0,74.1,Fjelstul World Cup Database via DataHub,https://datahub.io/football/worldcup
2014,Mathew Ryan,Australia,Goalkeeper,22.0,,,,,,,66.7,,,,,,,,,,True,0.0,0.0,,U23,,270.0,3.0,3.0,0.0,0.0,,0.0,0.0,0.0,76.1,Fjelstul World Cup Database via DataHub,https://datahub.io/football/worldcup
2014,Matt McKay,Australia,Midfielder,31.0,,,,,,,66.7,,,,,,,,,,True,0.0,0.0,,Veteran,,180.0,2.0,2.0,0.0,0.0,,0.0,0.0,0.0,57.9,Fjelstul World Cup Database via DataHub,https://datahub.io/football/worldcup
2014,Matthew Spiranovic,Australia,Defender,25.0,,,,,,,66.7,,,,,,,,,,True,0.0,0.0,,U25,,270.0,3.0,3.0,0.0,0.0,,0.0,1.0,0.0,67.9,Fjelstul World Cup Database via DataHub,https://datahub.io/football/worldcup
2014,Mile Jedinak,Australia,Midfielder,29.0,,,,,,,66.7,,,,,,,,,,False,16.0,1.0,29.8,Prime,,270.0,3.0,3.0,0.0,1.0,,0.0,2.0,0.0,90.1,Fjelstul World Cup Database via DataHub,https://datahub.io/football/worldcup
2014,Mitchell Langerak,Australia,Goalkeeper,25.0,,,,,,,66.7,,,,,,,,,,True,0.0,0.0,,U25,,0.0,0.0,0.0,0.0,0.0,,0.0,0.0,0.0,0.0,Fjelstul World Cup Database via DataHub,https://datahub.io/football/worldcup
2014,Oliver Bozanic,Australia,Midfielder,25.0,,,,,,,66.7,,,,,,,,,,True,0.0,0.0,,U25,,111.0,1.0,2.0,1.0,0.0,,0.0,0.0,0.0,49.1,Fjelstul World Cup Database via DataHub,https://datahub.io/football/worldcup
2014,Ryan McGowan,Australia,Defender,24.0,,,,,,,66.7,,,,,,,,,,True,0.0,0.0,,U25,,221.0,2.0,3.0,1.0,0.0,,0.0,0.0,0.0,58.9,Fjelstul World Cup Database via DataHub,https://datahub.io/football/worldcup
2014,Tim Cahill,Australia,Forward,34.0,,,,,,,66.7,,,,,,,,,,False,454.0,6.0,79.2,Veteran,,159.0,2.0,2.0,0.0,2.0,,0.0,2.0,0.0,82.4,Fjelstul World Cup Database via DataHub,https://datahub.io/football/worldcup
2014,Tommy Oar,Australia,Midfielder,22.0,,,,,,,66.7,,,,,,,,,,True,0.0,0.0,,U23,,206.0,3.0,3.0,0.0,0.0,,0.0,0.0,0.0,63.4,Fjelstul World Cup Database via DataHub,https://datahub.io/football/worldcup
2014,Adnan Januzaj,Belgium,Midfielder,19.0,,,,,,0.0,0.0,,,,,,,,,,True,0.0,0.0,,U21,,60.0,1.0,1.0,0.0,0.0,,0.0,0.0,0.0,41.2,Fjelstul World Cup Database via DataHub,https://datahub.io/football/worldcup
2014,Anthony Vanden Borre,Belgium,Defender,26.0,,,,,,0.0,0.0,,,,,,,,,,True,0.0,0.0,,Prime,,90.0,1.0,1.0,0.0,0.0,,0.0,0.0,0.0,42.2,Fjelstul World Cup Database via DataHub,https://datahub.io/football/worldcup
2014,Axel Witsel,Belgium,Midfielder,25.0,,,,,,0.0,0.0,,,,,,,,,,True,0.0,0.0,,U25,,390.0,4.0,4.0,0.0,0.0,,0.0,1.0,0.0,83.2,Fjelstul World Cup Database via DataHub,https://datahub.io/football/worldcup
2014,Daniel Van Buyten,Belgium,Defender,36.0,,,,,,0.0,0.0,,,,,,,,,,False,362.0,4.0,83.1,Veteran,,480.0,5.0,5.0,0.0,0.0,,0.0,0.0,0.0,89.7,Fjelstul World Cup Database via DataHub,https://datahub.io/football/worldcup
2014,Divock Origi,Belgium,Forward,19.0,,,,,,0.0,0.0,,,,,,,,,,True,0.0,0.0,,U21,,245.0,2.0,5.0,3.0,1.0,,0.0,0.0,0.0,82.8,Fjelstul World Cup Database via DataHub,https://datahub.io/football/worldcup
2014,Dries Mertens,Belgium,Forward,27.0,,,,,,0.0,0.0,,,,,,,,,,True,0.0,0.0,,Prime,,269.0,3.0,5.0,2.0,1.0,,0.0,0.0,0.0,85.8,Fjelstul World Cup Database via DataHub,https://datahub.io/football/worldcup
2014,Eden Hazard,Belgium,Midfielder,23.0,,,,,,0.0,0.0,,,,,,,,,,True,0.0,0.0,,U23,,368.0,4.0,5.0,1.0,0.0,,0.0,1.0,0.0,82.3,Fjelstul World Cup Database via DataHub,https://datahub.io/football/worldcup
2014,Jan Vertonghen,Belgium,Defender,27.0,,,,,,0.0,0.0,,,,,,,,,,True,0.0,0.0,,Prime,,449.0,4.0,5.0,1.0,1.0,,0.0,1.0,0.0,97.3,Fjelstul World Cup Database via DataHub,https://datahub.io/football/worldcup
2014,Kevin De Bruyne,Belgium,Midfielder,22.0,,,,,,0.0,0.0,,,,,,,,,,True,0.0,0.0,,U23,,390.0,4.0,4.0,0.0,1.0,,0.0,0.0,0.0,94.6,Fjelstul World Cup Database via DataHub,https://datahub.io/football/worldcup
2014,Kevin Mirallas,Belgium,Midfielder,26.0,,,,,,0.0,0.0,,,,,,,,,,True,0.0,0.0,,Prime,,223.0,2.0,4.0,2.0,0.0,,0.0,0.0,0.0,62.0,Fjelstul World Cup Database via DataHub,https://datahub.io/football/worldcup
2014,Laurent Ciman,Belgium,Defender,28.0,,,,,,0.0,0.0,,,,,,,,,,True,0.0,0.0,,Prime,,0.0,0.0,0.0,0.0,0.0,,0.0,0.0,0.0,0.0,Fjelstul World Cup Database via DataHub,https://datahub.io/football/worldcup
2014,Marouane Fellaini,Belgium,Midfielder,26.0,,,,,,0.0,0.0,,,,,,,,,,True,0.0,0.0,,Prime,,415.0,4.0,5.0,1.0,1.0,,0.0,0.0,0.0,95.1,Fjelstul World Cup Database via DataHub,https://datahub.io/football/worldcup
2014,Mousa Dembélé,Belgium,Midfielder,26.0,,,,,,0.0,0.0,,,,,,,,,,True,0.0,0.0,,Prime,,155.0,2.0,2.0,0.0,0.0,,0.0,1.0,0.0,55.2,Fjelstul World Cup Database via DataHub,https://datahub.io/football/worldcup
2014,Nacer Chadli,Belgium,Midfielder,24.0,,,,,,0.0,0.0,,,,,,,,,,True,0.0,0.0,,U25,,100.0,1.0,4.0,3.0,0.0,,0.0,0.0,0.0,48.0,Fjelstul World Cup Database via DataHub,https://datahub.io/football/worldcup
2014,Nicolas Lombaerts,Belgium,Defender,29.0,,,,,,0.0,0.0,,,,,,,,,,True,0.0,0.0,,Prime,,90.0,1.0,1.0,0.0,0.0,,0.0,0.0,0.0,42.2,Fjelstul World Cup Database via DataHub,https://datahub.io/football/worldcup
2014,Romelu Lukaku,Belgium,Forward,21.0,,,,,,0.0,0.0,,,,,,,,,,True,0.0,0.0,,U21,,175.0,2.0,4.0,2.0,1.0,,0.0,0.0,0.0,79.7,Fjelstul World Cup Database via DataHub,https://datahub.io/football/worldcup
2014,Sammy Bossut,Belgium,Goalkeeper,28.0,,,,,,0.0,0.0,,,,,,,,,,True,0.0,0.0,,Prime,,0.0,0.0,0.0,0.0,0.0,,0.0,0.0,0.0,0.0,Fjelstul World Cup Database via DataHub,https://datahub.io/football/worldcup
2014,Simon Mignolet,Belgium,Goalkeeper,26.0,,,,,,0.0,0.0,,,,,,,,,,True,0.0,0.0,,Prime,,0.0,0.0,0.0,0.0,0.0,,0.0,0.0,0.0,0.0,Fjelstul World Cup Database via DataHub,https://datahub.io/football/worldcup
2014,Steven Defour,Belgium,Midfielder,26.0,,,,,,0.0,0.0,,,,,,,,,,True,0.0,0.0,,Prime,,90.0,1.0,1.0,0.0,0.0,,0.0,0.0,1.0,45.8,Fjelstul World Cup Database via DataHub,https://datahub.io/football/worldcup
2014,Thibaut Courtois,Belgium,Goalkeeper,22.0,,,,,,0.0,0.0,,,,,,,,,,True,0.0,0.0,,U23,,480.0,5.0,5.0,0.0,0.0,,2.0,0.0,0.0,94.5,Fjelstul World Cup Database via DataHub,https://datahub.io/football/worldcup
2014,Thomas Vermaelen,Belgium,Defender,28.0,,,,,,0.0,0.0,,,,,,,,,,True,0.0,0.0,,Prime,,31.0,1.0,1.0,0.0,0.0,,0.0,0.0,0.0,37.0,Fjelstul World Cup Database via DataHub,https://datahub.io/football/worldcup
2014,Toby Alderweireld,Belgium,Defender,25.0,,,,,,0.0,0.0,,,,,,,,,,True,0.0,0.0,,U25,,390.0,4.0,4.0,0.0,0.0,,0.0,2.0,0.0,85.3,Fjelstul World Cup Database via DataHub,https://datahub.io/football/worldcup
2014,Vincent Kompany,Belgium,Defender,28.0,,,,,,0.0,0.0,,,,,,,,,,True,0.0,0.0,,Prime,,390.0,4.0,4.0,0.0,0.0,,0.0,1.0,0.0,85.3,Fjelstul World Cup Database via DataHub,https://datahub.io/football/worldcup
2014,Anel Hadžić,Bosnia and Herzegovina,Midfielder,24.0,,,,,,,66.7,,,,,,,,,,True,0.0,0.0,,U25,,61.0,1.0,1.0,0.0,0.0,,0.0,0.0,0.0,41.3,Fjelstul World Cup Database via DataHub,https://datahub.io/football/worldcup
2014,Asmir Avdukić,Bosnia and Herzegovina,Goalkeeper,33.0,,,,,,,66.7,,,,,,,,,,True,0.0,0.0,,Veteran,,0.0,0.0,0.0,0.0,0.0,,0.0,0.0,0.0,0.0,Fjelstul World Cup Database via DataHub,https://datahub.io/football/worldcup
2014,Asmir Begović,Bosnia and Herzegovina,Goalkeeper,26.0,,,,,,,66.7,,,,,,,,,,True,0.0,0.0,,Prime,,270.0,3.0,3.0,0.0,0.0,,0.0,0.0,0.0,76.1,Fjelstul World Cup Database via DataHub,https://datahub.io/football/worldcup
2014,Avdija Vršajević,Bosnia and Herzegovina,Defender,28.0,,,,,,,66.7,,,,,,,,,,True,0.0,0.0,,Prime,,90.0,1.0,1.0,0.0,1.0,,0.0,0.0,0.0,72.7,Fjelstul World Cup Database via DataHub,https://datahub.io/football/worldcup
2014,Edin Džeko,Bosnia and Herzegovina,Forward,28.0,,,,,,,66.7,,,,,,,,,,True,0.0,0.0,,Prime,,265.0,3.0,3.0,0.0,1.0,,0.0,0.0,0.0,85.5,Fjelstul World Cup Database via DataHub,https://datahub.io/football/worldcup
2014,Edin Višća,Bosnia and Herzegovina,Forward,24.0,,,,,,,66.7,,,,,,,,,,True,0.0,0.0,,U25,,24.0,0.0,2.0,2.0,0.0,,0.0,0.0,0.0,33.0,Fjelstul World Cup Database via DataHub,https://datahub.io/football/worldcup
2014,Emir Spahić,Bosnia and Herzegovina,Defender,33.0,,,,,,,66.7,,,,,,,,,,True,0.0,0.0,,Veteran,,270.0,3.0,3.0,0.0,0.0,,0.0,1.0,0.0,67.9,Fjelstul World Cup Database via DataHub,https://datahub.io/football/worldcup
2014,Ermin Bičakčić,Bosnia and Herzegovina,Defender,24.0,,,,,,,66.7,,,,,,,,,,True,0.0,0.0,,U25,,90.0,1.0,1.0,0.0,0.0,,0.0,0.0,0.0,42.2,Fjelstul World Cup Database via DataHub,https://datahub.io/football/worldcup
2014,Haris Medunjanin,Bosnia and Herzegovina,Midfielder,29.0,,,,,,,66.7,,,,,,,,,,True,0.0,0.0,,Prime,,80.0,1.0,2.0,1.0,0.0,,0.0,1.0,0.0,43.7,Fjelstul World Cup Database via DataHub,https://datahub.io/football/worldcup
2014,Izet Hajrović,Bosnia and Herzegovina,Midfielder,22.0,,,,,,,66.7,,,,,,,,,,True,0.0,0.0,,U23,,128.0,2.0,2.0,0.0,0.0,,0.0,0.0,0.0,53.0,Fjelstul World Cup Database via DataHub,https://datahub.io/football/worldcup
2014,Jasmin Fejzić,Bosnia and Herzegovina,Goalkeeper,28.0,,,,,,,66.7,,,,,,,,,,True,0.0,0.0,,Prime,,0.0,0.0,0.0,0.0,0.0,,0.0,0.0,0.0,0.0,Fjelstul World Cup Database via DataHub,https://datahub.io/football/worldcup
2014,Mensur Mujdža,Bosnia and Herzegovina,Defender,30.0,,,,,,,66.7,,,,,,,,,,True,0.0,0.0,,Veteran,,159.0,2.0,2.0,0.0,0.0,,0.0,0.0,0.0,51.5,Fjelstul World Cup Database via DataHub,https://datahub.io/football/worldcup
2014,Miralem Pjanić,Bosnia and Herzegovina,Midfielder,24.0,,,,,,,66.7,,,,,,,,,,True,0.0,0.0,,U25,,270.0,3.0,3.0,0.0,1.0,,0.0,0.0,0.0,90.1,Fjelstul World Cup Database via DataHub,https://datahub.io/football/worldcup
2014,Muhamed Bešić,Bosnia and Herzegovina,Defender,21.0,,,,,,,66.7,,,,,,,,,,True,0.0,0.0,,U21,,270.0,3.0,3.0,0.0,0.0,,0.0,1.0,0.0,67.9,Fjelstul World Cup Database via DataHub,https://datahub.io/football/worldcup
2014,Ognjen Vranješ,Bosnia and Herzegovina,Defender,24.0,,,,,,,66.7,,,,,,,,,,True,0.0,0.0,,U25,,29.0,0.0,1.0,1.0,0.0,,0.0,0.0,0.0,34.5,Fjelstul World Cup Database via DataHub,https://datahub.io/football/worldcup
2014,Sead Kolašinac,Bosnia and Herzegovina,Defender,20.0,,,,,,,66.7,,,,,,,,,,True,0.0,0.0,,U21,,180.0,2.0,2.0,0.0,0.0,,0.0,0.0,0.0,54.5,Fjelstul World Cup Database via DataHub,https://datahub.io/football/worldcup
2014,Sejad Salihović,Bosnia and Herzegovina,Midfielder,29.0,,,,,,,66.7,,,,,,,,,,True,0.0,0.0,,Prime,,43.0,0.0,2.0,2.0,0.0,,0.0,0.0,0.0,34.3,Fjelstul World Cup Database via DataHub,https://datahub.io/football/worldcup
2014,Senad Lulić,Bosnia and Herzegovina,Midfielder,28.0,,,,,,,66.7,,,,,,,,,,True,0.0,0.0,,Prime,,148.0,2.0,2.0,0.0,0.0,,0.0,0.0,0.0,54.4,Fjelstul World Cup Database via DataHub,https://datahub.io/football/worldcup
2014,Senijad Ibričić,Bosnia and Herzegovina,Midfielder,28.0,,,,,,,66.7,,,,,,,,,,True,0.0,0.0,,Prime,,0.0,0.0,0.0,0.0,0.0,,0.0,0.0,0.0,0.0,Fjelstul World Cup Database via DataHub,https://datahub.io/football/worldcup
2014,Tino-Sven Sušić,Bosnia and Herzegovina,Midfielder,22.0,,,,,,,66.7,,,,,,,,,,True,0.0,0.0,,U23,,105.0,1.0,2.0,1.0,0.0,,0.0,0.0,0.0,48.5,Fjelstul World Cup Database via DataHub,https://datahub.io/football/worldcup
2014,Toni Šunjić,Bosnia and Herzegovina,Defender,25.0,,,,,,,66.7,,,,,,,,,,True,0.0,0.0,,U25,,180.0,2.0,2.0,0.0,0.0,,0.0,0.0,0.0,54.5,Fjelstul World Cup Database via DataHub,https://datahub.io/football/worldcup
2014,Vedad Ibišević,Bosnia and Herzegovina,Forward,29.0,,,,,,,66.7,,,,,,,,,,True,0.0,0.0,,Prime,,144.0,1.0,3.0,2.0,1.0,,0.0,0.0,0.0,76.7,Fjelstul World Cup Database via DataHub,https://datahub.io/football/worldcup
2014,Zvjezdan Misimović,Bosnia and Herzegovina,Midfielder,32.0,,,,,,,66.7,,,,,,,,,,True,0.0,0.0,,Veteran,,164.0,2.0,2.0,0.0,0.0,,0.0,0.0,0.0,56.1,Fjelstul World Cup Database via DataHub,https://datahub.io/football/worldcup
2014,Dani Alves,Brazil,Defender,31.0,,,,,,66.66666666666666,33.3,,,,,,,,,,False,313.0,5.0,77.3,Veteran,,390.0,4.0,4.0,0.0,0.0,,0.0,1.0,0.0,85.3,Fjelstul World Cup Database via DataHub,https://datahub.io/football/worldcup
2014,David Luiz,Brazil,Defender,27.0,,,,,,66.66666666666666,33.3,,,,,,,,,,True,0.0,0.0,,Prime,,663.0,7.0,7.0,0.0,2.0,,0.0,0.0,0.0,100.0,Fjelstul World Cup Database via DataHub,https://datahub.io/football/worldcup
2014,Júlio César,Brazil,Goalkeeper,34.0,,,,,,66.66666666666666,33.3,,,,,,,,,,False,453.0,5.0,94.2,Veteran,,663.0,7.0,7.0,0.0,0.0,,1.0,1.0,0.0,95.8,Fjelstul World Cup Database via DataHub,https://datahub.io/football/worldcup
2014,Luiz Gustavo,Brazil,Midfielder,26.0,,,,,,66.66666666666666,33.3,,,,,,,,,,True,0.0,0.0,,Prime,,526.0,6.0,6.0,0.0,0.0,,0.0,2.0,0.0,87.2,Fjelstul World Cup Database via DataHub,https://datahub.io/football/worldcup
2014,Thiago Silva,Brazil,Defender,29.0,,,,,,66.66666666666666,33.3,,,,,,,,,,True,0.0,0.0,0.0,Prime,,573.0,6.0,6.0,0.0,1.0,,0.0,3.0,0.0,98.9,Fjelstul World Cup Database via DataHub,https://datahub.io/football/worldcup
2014,not applicable Bernard,Brazil,Forward,21.0,,,,,,66.66666666666666,33.3,,,,,,,,,,True,0.0,0.0,,U21,,156.0,1.0,3.0,2.0,0.0,,0.0,0.0,0.0,60.4,Fjelstul World Cup Database via DataHub,https://datahub.io/football/worldcup
2014,not applicable Dante,Brazil,Defender,30.0,,,,,,66.66666666666666,33.3,,,,,,,,,,True,0.0,0.0,,Veteran,,90.0,1.0,1.0,0.0,0.0,,0.0,1.0,0.0,42.2,Fjelstul World Cup Database via DataHub,https://datahub.io/football/worldcup
2014,not applicable Fernandinho,Brazil,Midfielder,29.0,,,,,,66.66666666666666,33.3,,,,,,,,,,True,0.0,0.0,,Prime,,299.0,3.0,5.0,2.0,1.0,,0.0,1.0,0.0,91.6,Fjelstul World Cup Database via DataHub,https://datahub.io/football/worldcup
2014,not applicable Fred,Brazil,Forward,30.0,,,,,,66.66666666666666,33.3,,,,,,,,,,False,2.0,1.0,55.9,Veteran,,472.0,6.0,6.0,0.0,1.0,,0.0,0.0,0.0,92.9,Fjelstul World Cup Database via DataHub,https://datahub.io/football/worldcup
2014,not applicable Henrique,Brazil,Defender,27.0,,,,,,66.66666666666666,33.3,,,,,,,,,,True,0.0,0.0,,Prime,,2.0,0.0,1.0,1.0,0.0,,0.0,0.0,0.0,31.9,Fjelstul World Cup Database via DataHub,https://datahub.io/football/worldcup
2014,not applicable Hernanes,Brazil,Midfielder,29.0,,,,,,66.66666666666666,33.3,,,,,,,,,,True,0.0,0.0,,Prime,,67.0,0.0,3.0,3.0,0.0,,0.0,0.0,0.0,37.0,Fjelstul World Cup Database via DataHub,https://datahub.io/football/worldcup
2014,not applicable Hulk,Brazil,Forward,27.0,,,,,,66.66666666666666,33.3,,,,,,,,,,True,0.0,0.0,,Prime,,399.0,5.0,6.0,1.0,0.0,,0.0,1.0,0.0,80.6,Fjelstul World Cup Database via DataHub,https://datahub.io/football/worldcup
2014,not applicable Jefferson,Brazil,Goalkeeper,31.0,,,,,,66.66666666666666,33.3,,,,,,,,,,True,0.0,0.0,,Veteran,,0.0,0.0,0.0,0.0,0.0,,0.0,0.0,0.0,0.0,Fjelstul World Cup Database via DataHub,https://datahub.io/football/worldcup
2014,not applicable Jô,Brazil,Forward,27.0,,,,,,66.66666666666666,33.3,,,,,,,,,,True,0.0,0.0,,Prime,,171.0,1.0,3.0,2.0,0.0,,0.0,1.0,0.0,61.6,Fjelstul World Cup Database via DataHub,https://datahub.io/football/worldcup
2014,not applicable Maicon,Brazil,Defender,32.0,,,,,,66.66666666666666,33.3,,,,,,,,,,False,453.0,5.0,97.8,Veteran,,273.0,3.0,3.0,0.0,0.0,,0.0,0.0,0.0,74.9,Fjelstul World Cup Database via DataHub,https://datahub.io/football/worldcup
2014,not applicable Marcelo,Brazil,Defender,26.0,,,,,,66.66666666666666,33.3,,,,,,,,,,True,0.0,0.0,,Prime,,570.0,6.0,6.0,0.0,0.0,,0.0,0.0,0.0,93.1,Fjelstul World Cup Database via DataHub,https://datahub.io/football/worldcup
2014,not applicable Maxwell,Brazil,Defender,32.0,,,,,,66.66666666666666,33.3,,,,,,,,,,True,0.0,0.0,,Veteran,,93.0,1.0,1.0,0.0,0.0,,0.0,0.0,0.0,46.1,Fjelstul World Cup Database via DataHub,https://datahub.io/football/worldcup
2014,not applicable Neymar,Brazil,Forward,22.0,,,,,,66.66666666666666,33.3,,,,,,,,,,True,0.0,0.0,,U23,,457.0,5.0,5.0,0.0,4.0,,0.0,1.0,0.0,97.6,Fjelstul World Cup Database via DataHub,https://datahub.io/football/worldcup
2014,not applicable Oscar,Brazil,Midfielder,22.0,,,,,,66.66666666666666,33.3,,,,,,,,,,True,0.0,0.0,,U23,,643.0,7.0,7.0,0.0,2.0,,0.0,1.0,0.0,99.7,Fjelstul World Cup Database via DataHub,https://datahub.io/football/worldcup
2014,not applicable Paulinho,Brazil,Midfielder,25.0,,,,,,66.66666666666666,33.3,,,,,,,,,,True,0.0,0.0,,U25,,386.0,5.0,6.0,1.0,0.0,,0.0,0.0,0.0,84.0,Fjelstul World Cup Database via DataHub,https://datahub.io/football/worldcup
2014,not applicable Ramires,Brazil,Midfielder,27.0,,,,,,66.66666666666666,33.3,,,,,,,,,,False,104.0,4.0,48.4,Prime,,248.0,2.0,7.0,5.0,0.0,,0.0,1.0,0.0,63.2,Fjelstul World Cup Database via DataHub,https://datahub.io/football/worldcup
2014,not applicable Victor,Brazil,Goalkeeper,31.0,,,,,,66.66666666666666,33.3,,,,,,,,,,True,0.0,0.0,,Veteran,,0.0,0.0,0.0,0.0,0.0,,0.0,0.0,0.0,0.0,Fjelstul World Cup Database via DataHub,https://datahub.io/football/worldcup
2014,not applicable Willian,Brazil,Midfielder,25.0,,,,,,66.66666666666666,33.3,,,,,,,,,,True,0.0,0.0,,U25,,152.0,1.0,5.0,4.0,0.0,,0.0,0.0,0.0,52.1,Fjelstul World Cup Database via DataHub,https://datahub.io/football/worldcup
2014,Alex Song,Cameroon,Midfielder,26.0,,,,,,,50.0,,,,,,,,,,False,90.0,1.0,45.8,Prime,,169.0,2.0,2.0,0.0,0.0,,0.0,0.0,1.0,56.5,Fjelstul World Cup Database via DataHub,https://datahub.io/football/worldcup
2014,Allan Nyom,Cameroon,Defender,26.0,,,,,,,50.0,,,,,,,,,,True,0.0,0.0,,Prime,,90.0,1.0,1.0,0.0,0.0,,0.0,0.0,0.0,42.2,Fjelstul World Cup Database via DataHub,https://datahub.io/football/worldcup
2014,Aurélien Chedjou,Cameroon,Defender,28.0,,,,,,,50.0,,,,,,,,,,False,90.0,1.0,42.2,Prime,,137.0,2.0,2.0,0.0,0.0,,0.0,0.0,0.0,50.6,Fjelstul World Cup Database via DataHub,https://datahub.io/football/worldcup
2014,Benjamin Moukandjo,Cameroon,Forward,25.0,,,,,,,50.0,,,,,,,,,,True,0.0,0.0,,U25,,239.0,3.0,3.0,0.0,0.0,,0.0,0.0,0.0,71.1,Fjelstul World Cup Database via DataHub,https://datahub.io/football/worldcup
2014,Benoît Assou-Ekotto,Cameroon,Defender,30.0,,,,,,,50.0,,,,,,,,,,False,270.0,3.0,67.9,Veteran,,181.0,2.0,2.0,0.0,0.0,,0.0,0.0,0.0,56.6,Fjelstul World Cup Database via DataHub,https://datahub.io/football/worldcup
2014,Charles Itandje,Cameroon,Goalkeeper,31.0,,,,,,,50.0,,,,,,,,,,True,0.0,0.0,,Veteran,,271.0,3.0,3.0,0.0,0.0,,0.0,0.0,0.0,78.4,Fjelstul World Cup Database via DataHub,https://datahub.io/football/worldcup
2014,Cédric Djeugoué,Cameroon,Defender,21.0,,,,,,,50.0,,,,,,,,,,True,0.0,0.0,,U21,,46.0,1.0,1.0,0.0,0.0,,0.0,0.0,0.0,37.6,Fjelstul World Cup Database via DataHub,https://datahub.io/football/worldcup
2014,Dany Nounkeu,Cameroon,Defender,28.0,,,,,,,50.0,,,,,,,,,,True,0.0,0.0,,Prime,,89.0,0.0,2.0,2.0,0.0,,0.0,1.0,0.0,36.8,Fjelstul World Cup Database via DataHub,https://datahub.io/football/worldcup
2014,Edgar Salli,Cameroon,Midfielder,21.0,,,,,,,50.0,,,,,,,,,,True,0.0,0.0,,U21,,47.0,0.0,2.0,2.0,0.0,,0.0,1.0,0.0,35.2,Fjelstul World Cup Database via DataHub,https://datahub.io/football/worldcup
2014,Eric Maxim Choupo-Moting,Cameroon,Forward,25.0,,,,,,,50.0,,,,,,,,,,False,147.0,2.0,62.7,U25,,247.0,3.0,3.0,0.0,0.0,,0.0,0.0,0.0,71.7,Fjelstul World Cup Database via DataHub,https://datahub.io/football/worldcup
2014,Eyong Enoh,Cameroon,Midfielder,28.0,,,,,,,50.0,,,,,,,,,,False,136.0,2.0,53.7,Prime,,271.0,3.0,3.0,0.0,0.0,,0.0,1.0,0.0,74.3,Fjelstul World Cup Database via DataHub,https://datahub.io/football/worldcup
2014,Fabrice Olinga,Cameroon,Forward,18.0,,,,,,,50.0,,,,,,,,,,True,0.0,0.0,,U21,,0.0,0.0,0.0,0.0,0.0,,0.0,0.0,0.0,0.0,Fjelstul World Cup Database via DataHub,https://datahub.io/football/worldcup
2014,Henri Bedimo,Cameroon,Defender,30.0,,,,,,,50.0,,,,,,,,,,True,0.0,0.0,,Veteran,,90.0,1.0,1.0,0.0,0.0,,0.0,0.0,0.0,42.2,Fjelstul World Cup Database via DataHub,https://datahub.io/football/worldcup
2014,Jean Makoun,Cameroon,Midfielder,31.0,,,,,,,50.0,,,,,,,,,,False,209.0,3.0,60.8,Veteran,,9.0,0.0,1.0,1.0,0.0,,0.0,0.0,0.0,27.7,Fjelstul World Cup Database via DataHub,https://datahub.io/football/worldcup
2014,Joël Matip,Cameroon,Midfielder,22.0,,,,,,,50.0,,,,,,,,,,False,63.0,1.0,41.6,U23,,180.0,2.0,2.0,0.0,1.0,,0.0,0.0,0.0,79.2,Fjelstul World Cup Database via DataHub,https://datahub.io/football/worldcup
2014,Landry N'Guémo,Cameroon,Midfielder,28.0,,,,,,,50.0,,,,,,,,,,False,90.0,1.0,45.8,Prime,,90.0,1.0,1.0,0.0,0.0,,0.0,0.0,0.0,45.8,Fjelstul World Cup Database via DataHub,https://datahub.io/football/worldcup
2014,Loïc Feudjou,Cameroon,Goalkeeper,22.0,,,,,,,50.0,,,,,,,,,,True,0.0,0.0,,U23,,0.0,0.0,0.0,0.0,0.0,,0.0,0.0,0.0,0.0,Fjelstul World Cup Database via DataHub,https://datahub.io/football/worldcup
2014,Nicolas Nkoulou,Cameroon,Defender,24.0,,,,,,,50.0,,,,,,,,,,False,253.0,3.0,61.9,U25,,271.0,3.0,3.0,0.0,0.0,,0.0,0.0,0.0,73.3,Fjelstul World Cup Database via DataHub,https://datahub.io/football/worldcup
2014,Pierre Webó,Cameroon,Forward,32.0,,,,,,,50.0,,,,,,,,,,False,168.0,2.0,64.0,Veteran,,50.0,0.0,3.0,3.0,0.0,,0.0,0.0,0.0,37.7,Fjelstul World Cup Database via DataHub,https://datahub.io/football/worldcup
2014,Sammy Ndjock,Cameroon,Goalkeeper,24.0,,,,,,,50.0,,,,,,,,,,True,0.0,0.0,,U25,,0.0,0.0,0.0,0.0,0.0,,0.0,0.0,0.0,0.0,Fjelstul World Cup Database via DataHub,https://datahub.io/football/worldcup
2014,Samuel Eto'o,Cameroon,Forward,33.0,,,,,,,50.0,,,,,,,,,,False,564.0,7.0,89.6,Veteran,,91.0,1.0,1.0,0.0,0.0,,0.0,0.0,0.0,55.9,Fjelstul World Cup Database via DataHub,https://datahub.io/football/worldcup
2014,Stéphane Mbia,Cameroon,Midfielder,28.0,,,,,,,50.0,,,,,,,,,,False,270.0,3.0,67.9,Prime,,271.0,3.0,3.0,0.0,0.0,,0.0,1.0,0.0,74.3,Fjelstul World Cup Database via DataHub,https://datahub.io/football/worldcup
2014,Vincent Aboubakar,Cameroon,Forward,22.0,,,,,,,50.0,,,,,,,,,,False,46.0,2.0,37.3,U23,,142.0,2.0,2.0,0.0,0.0,,0.0,0.0,0.0,62.4,Fjelstul World Cup Database via DataHub,https://datahub.io/football/worldcup
2014,Alexis Sánchez,Chile,Forward,25.0,,,,,,33.33333333333333,83.3,,,,,,,,,,False,335.0,4.0,78.0,U25,,390.0,4.0,4.0,0.0,2.0,,0.0,0.0,0.0,94.3,Fjelstul World Cup Database via DataHub,https://datahub.io/football/worldcup
2014,Arturo Vidal,Chile,Midfielder,27.0,,,,,,33.33333333333333,83.3,,,,,,,,,,False,307.0,4.0,77.7,Prime,,235.0,3.0,3.0,0.0,0.0,,0.0,1.0,0.0,65.2,Fjelstul World Cup Database via DataHub,https://datahub.io/football/worldcup
2014,Carlos Carmona,Chile,Midfielder,27.0,,,,,,33.33333333333333,83.3,,,,,,,,,,False,270.0,3.0,71.4,Prime,,2.0,0.0,1.0,1.0,0.0,,0.0,0.0,0.0,26.4,Fjelstul World Cup Database via DataHub,https://datahub.io/football/worldcup
2014,Charles Aránguiz,Chile,Midfielder,25.0,,,,,,33.33333333333333,83.3,,,,,,,,,,True,0.0,0.0,,U25,,364.0,4.0,4.0,0.0,1.0,,0.0,1.0,0.0,94.0,Fjelstul World Cup Database via DataHub,https://datahub.io/football/worldcup
2014,Claudio Bravo,Chile,Goalkeeper,31.0,,,,,,33.33333333333333,83.3,,,,,,,,,,False,360.0,4.0,90.6,Veteran,,390.0,4.0,4.0,0.0,0.0,,1.0,0.0,0.0,89.7,Fjelstul World Cup Database via DataHub,https://datahub.io/football/worldcup
2014,Cristopher Toselli,Chile,Goalkeeper,25.0,,,,,,33.33333333333333,83.3,,,,,,,,,,True,0.0,0.0,,U25,,0.0,0.0,0.0,0.0,0.0,,0.0,0.0,0.0,0.0,Fjelstul World Cup Database via DataHub,https://datahub.io/football/worldcup
2014,Eduardo Vargas,Chile,Forward,24.0,,,,,,33.33333333333333,83.3,,,,,,,,,,True,0.0,0.0,,U25,,311.0,4.0,4.0,0.0,1.0,,0.0,0.0,0.0,88.9,Fjelstul World Cup Database via DataHub,https://datahub.io/football/worldcup
2014,Esteban Paredes,Chile,Forward,33.0,,,,,,33.33333333333333,83.3,,,,,,,,,,False,69.0,2.0,44.8,Veteran,,0.0,0.0,0.0,0.0,0.0,,0.0,0.0,0.0,0.0,Fjelstul World Cup Database via DataHub,https://datahub.io/football/worldcup
2014,Eugenio Mena,Chile,Defender,25.0,,,,,,33.33333333333333,83.3,,,,,,,,,,True,0.0,0.0,,U25,,390.0,4.0,4.0,0.0,0.0,,0.0,2.0,0.0,85.3,Fjelstul World Cup Database via DataHub,https://datahub.io/football/worldcup
2014,Fabián Orellana,Chile,Midfielder,28.0,,,,,,33.33333333333333,83.3,,,,,,,,,,False,25.0,1.0,33.3,Prime,,0.0,0.0,0.0,0.0,0.0,,0.0,0.0,0.0,0.0,Fjelstul World Cup Database via DataHub,https://datahub.io/football/worldcup
2014,Felipe Gutiérrez,Chile,Midfielder,23.0,,,,,,33.33333333333333,83.3,,,,,,,,,,True,0.0,0.0,,U23,,165.0,1.0,4.0,3.0,0.0,,0.0,0.0,0.0,52.8,Fjelstul World Cup Database via DataHub,https://datahub.io/football/worldcup
2014,Francisco Silva,Chile,Midfielder,28.0,,,,,,33.33333333333333,83.3,,,,,,,,,,True,0.0,0.0,,Prime,,280.0,3.0,3.0,0.0,0.0,,0.0,2.0,0.0,75.9,Fjelstul World Cup Database via DataHub,https://datahub.io/football/worldcup
2014,Gary Medel,Chile,Defender,26.0,,,,,,33.33333333333333,83.3,,,,,,,,,,False,270.0,3.0,67.9,Prime,,378.0,4.0,4.0,0.0,0.0,,0.0,0.0,0.0,84.5,Fjelstul World Cup Database via DataHub,https://datahub.io/football/worldcup
2014,Gonzalo Jara,Chile,Defender,28.0,,,,,,33.33333333333333,83.3,,,,,,,,,,False,308.0,4.0,77.2,Prime,,390.0,4.0,4.0,0.0,0.0,,0.0,0.0,0.0,85.3,Fjelstul World Cup Database via DataHub,https://datahub.io/football/worldcup
2014,Jean Beausejour,Chile,Midfielder,30.0,,,,,,33.33333333333333,83.3,,,,,,,,,,False,360.0,4.0,90.6,Veteran,,66.0,0.0,2.0,2.0,1.0,,0.0,0.0,0.0,59.6,Fjelstul World Cup Database via DataHub,https://datahub.io/football/worldcup
2014,Johnny Herrera,Chile,Goalkeeper,33.0,,,,,,33.33333333333333,83.3,,,,,,,,,,True,0.0,0.0,,Veteran,,0.0,0.0,0.0,0.0,0.0,,0.0,0.0,0.0,0.0,Fjelstul World Cup Database via DataHub,https://datahub.io/football/worldcup
2014,Jorge Valdivia,Chile,Midfielder,30.0,,,,,,33.33333333333333,83.3,,,,,,,,,,False,221.0,4.0,61.9,Veteran,,93.0,1.0,3.0,2.0,1.0,,0.0,0.0,0.0,69.0,Fjelstul World Cup Database via DataHub,https://datahub.io/football/worldcup
2014,José Manuel Rojas,Chile,Defender,31.0,,,,,,33.33333333333333,83.3,,,,,,,,,,True,0.0,0.0,,Veteran,,12.0,0.0,1.0,1.0,0.0,,0.0,0.0,0.0,33.0,Fjelstul World Cup Database via DataHub,https://datahub.io/football/worldcup
2014,José Pablo Fuenzalida,Chile,Midfielder,29.0,,,,,,33.33333333333333,83.3,,,,,,,,,,True,0.0,0.0,,Prime,,0.0,0.0,0.0,0.0,0.0,,0.0,0.0,0.0,0.0,Fjelstul World Cup Database via DataHub,https://datahub.io/football/worldcup
2014,Marcelo Díaz,Chile,Midfielder,27.0,,,,,,33.33333333333333,83.3,,,,,,,,,,True,0.0,0.0,,Prime,,390.0,4.0,4.0,0.0,0.0,,0.0,0.0,0.0,83.2,Fjelstul World Cup Database via DataHub,https://datahub.io/football/worldcup
2014,Mauricio Isla,Chile,Midfielder,25.0,,,,,,33.33333333333333,83.3,,,,,,,,,,False,332.0,4.0,78.6,U25,,390.0,4.0,4.0,0.0,0.0,,0.0,0.0,0.0,83.2,Fjelstul World Cup Database via DataHub,https://datahub.io/football/worldcup
2014,Mauricio Pinilla,Chile,Forward,30.0,,,,,,33.33333333333333,83.3,,,,,,,,,,True,0.0,0.0,,Veteran,,44.0,0.0,3.0,3.0,0.0,,0.0,1.0,0.0,36.9,Fjelstul World Cup Database via DataHub,https://datahub.io/football/worldcup
2014,Miiko Albornoz,Chile,Defender,23.0,,,,,,33.33333333333333,83.3,,,,,,,,,,True,0.0,0.0,,U23,,0.0,0.0,0.0,0.0,0.0,,0.0,0.0,0.0,0.0,Fjelstul World Cup Database via DataHub,https://datahub.io/football/worldcup
2014,Abel Aguilar,Colombia,Midfielder,29.0,,,,,,,100.0,,,,,,,,,,True,0.0,0.0,,Prime,,238.0,3.0,3.0,0.0,0.0,,0.0,0.0,0.0,65.4,Fjelstul World Cup Database via DataHub,https://datahub.io/football/worldcup
2014,Adrián Ramos,Colombia,Forward,28.0,,,,,,,100.0,,,,,,,,,,True,0.0,0.0,,Prime,,139.0,1.0,3.0,2.0,0.0,,0.0,0.0,0.0,59.4,Fjelstul World Cup Database via DataHub,https://datahub.io/football/worldcup
2014,Alexander Mejía,Colombia,Midfielder,25.0,,,,,,,100.0,,,,,,,,,,True,0.0,0.0,,U25,,144.0,1.0,4.0,3.0,0.0,,0.0,0.0,0.0,51.3,Fjelstul World Cup Database via DataHub,https://datahub.io/football/worldcup
2014,Camilo Vargas,Colombia,Goalkeeper,25.0,,,,,,,100.0,,,,,,,,,,True,0.0,0.0,,U25,,0.0,0.0,0.0,0.0,0.0,,0.0,0.0,0.0,0.0,Fjelstul World Cup Database via DataHub,https://datahub.io/football/worldcup
2014,Carlos Bacca,Colombia,Forward,27.0,,,,,,,100.0,,,,,,,,,,True,0.0,0.0,,Prime,,20.0,0.0,1.0,1.0,0.0,,0.0,0.0,0.0,32.3,Fjelstul World Cup Database via DataHub,https://datahub.io/football/worldcup
2014,Carlos Carbonero,Colombia,Midfielder,23.0,,,,,,,100.0,,,,,,,,,,True,0.0,0.0,,U23,,44.0,0.0,1.0,1.0,0.0,,0.0,0.0,0.0,34.7,Fjelstul World Cup Database via DataHub,https://datahub.io/football/worldcup
2014,Carlos Sánchez,Colombia,Midfielder,28.0,,,,,,,100.0,,,,,,,,,,True,0.0,0.0,,Prime,,360.0,4.0,4.0,0.0,0.0,,0.0,1.0,0.0,80.8,Fjelstul World Cup Database via DataHub,https://datahub.io/football/worldcup
2014,Carlos Valdés,Colombia,Defender,29.0,,,,,,,100.0,,,,,,,,,,True,0.0,0.0,,Prime,,90.0,1.0,1.0,0.0,0.0,,0.0,0.0,0.0,42.2,Fjelstul World Cup Database via DataHub,https://datahub.io/football/worldcup
2014,Cristián Zapata,Colombia,Defender,27.0,,,,,,,100.0,,,,,,,,,,True,0.0,0.0,,Prime,,360.0,4.0,4.0,0.0,0.0,,0.0,0.0,0.0,81.0,Fjelstul World Cup Database via DataHub,https://datahub.io/football/worldcup
2014,David Ospina,Colombia,Goalkeeper,25.0,,,,,,,100.0,,,,,,,,,,True,0.0,0.0,,U25,,445.0,5.0,5.0,0.0,0.0,,2.0,0.0,0.0,93.5,Fjelstul World Cup Database via DataHub,https://datahub.io/football/worldcup
2014,Faryd Mondragón,Colombia,Goalkeeper,42.0,,,,,,,100.0,,,,,,,,,,False,270.0,3.0,84.2,Veteran,,5.0,0.0,1.0,1.0,0.0,,0.0,0.0,0.0,65.5,Fjelstul World Cup Database via DataHub,https://datahub.io/football/worldcup
2014,Fredy Guarín,Colombia,Midfielder,27.0,,,,,,,100.0,,,,,,,,,,True,0.0,0.0,,Prime,,189.0,2.0,3.0,1.0,0.0,,0.0,1.0,0.0,59.4,Fjelstul World Cup Database via DataHub,https://datahub.io/football/worldcup
2014,Jackson Martínez,Colombia,Forward,27.0,,,,,,,100.0,,,,,,,,,,True,0.0,0.0,,Prime,,194.0,2.0,3.0,1.0,2.0,,0.0,0.0,0.0,83.9,Fjelstul World Cup Database via DataHub,https://datahub.io/football/worldcup
2014,James Rodríguez,Colombia,Midfielder,22.0,,,,,,,100.0,,,,,,,,,,True,0.0,0.0,,U23,,399.0,4.0,5.0,1.0,6.0,,0.0,1.0,0.0,96.7,Fjelstul World Cup Database via DataHub,https://datahub.io/football/worldcup
2014,Juan Camilo Zúñiga,Colombia,Defender,28.0,,,,,,,100.0,,,,,,,,,,True,0.0,0.0,,Prime,,360.0,4.0,4.0,0.0,0.0,,0.0,0.0,0.0,81.0,Fjelstul World Cup Database via DataHub,https://datahub.io/football/worldcup
2014,Juan Cuadrado,Colombia,Midfielder,26.0,,,,,,,100.0,,,,,,,,,,True,0.0,0.0,,Prime,,387.0,5.0,5.0,0.0,1.0,,0.0,0.0,0.0,95.2,Fjelstul World Cup Database via DataHub,https://datahub.io/football/worldcup
2014,Juan Fernando Quintero,Colombia,Midfielder,21.0,,,,,,,100.0,,,,,,,,,,True,0.0,0.0,,U21,,93.0,1.0,3.0,2.0,1.0,,0.0,0.0,0.0,69.0,Fjelstul World Cup Database via DataHub,https://datahub.io/football/worldcup
2014,Mario Yepes,Colombia,Defender,38.0,,,,,,,100.0,,,,,,,,,,True,0.0,0.0,,Veteran,,360.0,4.0,4.0,0.0,0.0,,0.0,1.0,0.0,81.0,Fjelstul World Cup Database via DataHub,https://datahub.io/football/worldcup
2014,Pablo Armero,Colombia,Defender,27.0,,,,,,,100.0,,,,,,,,,,True,0.0,0.0,,Prime,,416.0,5.0,5.0,0.0,1.0,,0.0,1.0,0.0,97.3,Fjelstul World Cup Database via DataHub,https://datahub.io/football/worldcup
2014,Santiago Arias,Colombia,Defender,22.0,,,,,,,100.0,,,,,,,,,,True,0.0,0.0,,U23,,124.0,1.0,3.0,2.0,0.0,,0.0,0.0,0.0,48.4,Fjelstul World Cup Database via DataHub,https://datahub.io/football/worldcup
2014,Teófilo Gutiérrez,Colombia,Forward,29.0,,,,,,,100.0,,,,,,,,,,True,0.0,0.0,,Prime,,304.0,4.0,4.0,0.0,1.0,,0.0,0.0,0.0,88.9,Fjelstul World Cup Database via DataHub,https://datahub.io/football/worldcup
2014,Víctor Ibarbo,Colombia,Forward,24.0,,,,,,,100.0,,,,,,,,,,True,0.0,0.0,,U25,,189.0,3.0,3.0,0.0,0.0,,0.0,0.0,0.0,68.2,Fjelstul World Cup Database via DataHub,https://datahub.io/football/worldcup
2014,Éder Álvarez Balanta,Colombia,Defender,21.0,,,,,,,100.0,,,,,,,,,,True,0.0,0.0,,U21,,90.0,1.0,1.0,0.0,0.0,,0.0,0.0,0.0,42.2,Fjelstul World Cup Database via DataHub,https://datahub.io/football/worldcup
2014,Bryan Ruiz,Costa Rica,Forward,28.0,,,,,,,33.3,,,,,,,,,,True,0.0,0.0,,Prime,,495.0,5.0,5.0,0.0,2.0,,0.0,1.0,0.0,96.1,Fjelstul World Cup Database via DataHub,https://datahub.io/football/worldcup
2014,Celso Borges,Costa Rica,Midfielder,26.0,,,,,,,33.3,,,,,,,,,,True,0.0,0.0,,Prime,,499.0,5.0,5.0,0.0,0.0,,0.0,0.0,0.0,86.4,Fjelstul World Cup Database via DataHub,https://datahub.io/football/worldcup
2014,Christian Bolaños,Costa Rica,Midfielder,30.0,,,,,,,33.3,,,,,,,,,,False,91.0,2.0,47.0,Veteran,,414.0,4.0,5.0,1.0,0.0,,0.0,0.0,0.0,83.9,Fjelstul World Cup Database via DataHub,https://datahub.io/football/worldcup
2014,Cristian Gamboa,Costa Rica,Defender,24.0,,,,,,,33.3,,,,,,,,,,True,0.0,0.0,,U25,,426.0,5.0,5.0,0.0,0.0,,0.0,0.0,0.0,87.4,Fjelstul World Cup Database via DataHub,https://datahub.io/football/worldcup
2014,Daniel Cambronero,Costa Rica,Goalkeeper,28.0,,,,,,,33.3,,,,,,,,,,True,0.0,0.0,,Prime,,0.0,0.0,0.0,0.0,0.0,,0.0,0.0,0.0,0.0,Fjelstul World Cup Database via DataHub,https://datahub.io/football/worldcup
2014,David Myrie,Costa Rica,Defender,26.0,,,,,,,33.3,,,,,,,,,,True,0.0,0.0,,Prime,,42.0,0.0,1.0,1.0,0.0,,0.0,0.0,0.0,35.3,Fjelstul World Cup Database via DataHub,https://datahub.io/football/worldcup
2014,Diego Calvo,Costa Rica,Midfielder,23.0,,,,,,,33.3,,,,,,,,,,True,0.0,0.0,,U23,,0.0,0.0,0.0,0.0,0.0,,0.0,0.0,0.0,0.0,Fjelstul World Cup Database via DataHub,https://datahub.io/football/worldcup
2014,Giancarlo González,Costa Rica,Defender,26.0,,,,,,,33.3,,,,,,,,,,True,0.0,0.0,,Prime,,511.0,5.0,5.0,0.0,0.0,,0.0,2.0,0.0,90.8,Fjelstul World Cup Database via DataHub,https://datahub.io/football/worldcup
2014,Jhonny Acosta,Costa Rica,Defender,30.0,,,,,,,33.3,,,,,,,,,,True,0.0,0.0,,Veteran,,164.0,1.0,2.0,1.0,0.0,,0.0,1.0,0.0,49.7,Fjelstul World Cup Database via DataHub,https://datahub.io/football/worldcup
2014,Joel Campbell,Costa Rica,Forward,21.0,,,,,,,33.3,,,,,,,,,,True,0.0,0.0,,U21,,415.0,5.0,5.0,0.0,1.0,,0.0,0.0,0.0,92.0,Fjelstul World Cup Database via DataHub,https://datahub.io/football/worldcup
2014,José Miguel Cubero,Costa Rica,Midfielder,27.0,,,,,,,33.3,,,,,,,,,,True,0.0,0.0,,Prime,,115.0,0.0,4.0,4.0,0.0,,0.0,1.0,0.0,39.4,Fjelstul World Cup Database via DataHub,https://datahub.io/football/worldcup
2014,Júnior Díaz,Costa Rica,Defender,30.0,,,,,,,33.3,,,,,,,,,,True,0.0,0.0,,Veteran,,511.0,5.0,5.0,0.0,0.0,,0.0,1.0,0.0,90.8,Fjelstul World Cup Database via DataHub,https://datahub.io/football/worldcup
2014,Keylor Navas,Costa Rica,Goalkeeper,27.0,,,,,,,33.3,,,,,,,,,,True,0.0,0.0,,Prime,,511.0,5.0,5.0,0.0,0.0,,3.0,1.0,0.0,96.5,Fjelstul World Cup Database via DataHub,https://datahub.io/football/worldcup
2014,Marco Ureña,Costa Rica,Forward,24.0,,,,,,,33.3,,,,,,,,,,True,0.0,0.0,,U25,,103.0,0.0,4.0,4.0,1.0,,0.0,0.0,0.0,67.2,Fjelstul World Cup Database via DataHub,https://datahub.io/football/worldcup
2014,Michael Barrantes,Costa Rica,Midfielder,30.0,,,,,,,33.3,,,,,,,,,,True,0.0,0.0,,Veteran,,13.0,0.0,2.0,2.0,0.0,,0.0,0.0,0.0,28.9,Fjelstul World Cup Database via DataHub,https://datahub.io/football/worldcup
2014,Michael Umaña,Costa Rica,Defender,31.0,,,,,,,33.3,,,,,,,,,,False,271.0,3.0,73.3,Veteran,,421.0,4.0,4.0,0.0,0.0,,0.0,1.0,0.0,86.6,Fjelstul World Cup Database via DataHub,https://datahub.io/football/worldcup
2014,Patrick Pemberton,Costa Rica,Goalkeeper,32.0,,,,,,,33.3,,,,,,,,,,True,0.0,0.0,,Veteran,,0.0,0.0,0.0,0.0,0.0,,0.0,0.0,0.0,0.0,Fjelstul World Cup Database via DataHub,https://datahub.io/football/worldcup
2014,Randall Brenes,Costa Rica,Forward,30.0,,,,,,,33.3,,,,,,,,,,True,0.0,0.0,,Veteran,,105.0,1.0,3.0,2.0,0.0,,0.0,0.0,0.0,56.9,Fjelstul World Cup Database via DataHub,https://datahub.io/football/worldcup
2014,Roy Miller,Costa Rica,Defender,29.0,,,,,,,33.3,,,,,,,,,,True,0.0,0.0,,Prime,,90.0,1.0,1.0,0.0,0.0,,0.0,0.0,0.0,42.2,Fjelstul World Cup Database via DataHub,https://datahub.io/football/worldcup
2014,Waylon Francis,Costa Rica,Defender,23.0,,,,,,,33.3,,,,,,,,,,True,0.0,0.0,,U23,,0.0,0.0,0.0,0.0,0.0,,0.0,0.0,0.0,0.0,Fjelstul World Cup Database via DataHub,https://datahub.io/football/worldcup
2014,Yeltsin Tejeda,Costa Rica,Midfielder,22.0,,,,,,,33.3,,,,,,,,,,True,0.0,0.0,,U23,,396.0,5.0,5.0,0.0,0.0,,0.0,1.0,0.0,84.3,Fjelstul World Cup Database via DataHub,https://datahub.io/football/worldcup
2014,Óscar Duarte,Costa Rica,Defender,25.0,,,,,,,33.3,,,,,,,,,,True,0.0,0.0,,U25,,390.0,4.0,4.0,0.0,1.0,,0.0,1.0,1.0,97.1,Fjelstul World Cup Database via DataHub,https://datahub.io/football/worldcup
2014,Óscar Granados,Costa Rica,Midfielder,28.0,,,,,,,33.3,,,,,,,,,,True,0.0,0.0,,Prime,,0.0,0.0,0.0,0.0,0.0,,0.0,1.0,0.0,0.0,Fjelstul World Cup Database via DataHub,https://datahub.io/football/worldcup
2014,Ante Rebić,Croatia,Forward,20.0,,,,,,33.33333333333333,66.7,,,,,,,,,,True,0.0,0.0,,U21,,45.0,0.0,3.0,3.0,0.0,,0.0,0.0,1.0,37.1,Fjelstul World Cup Database via DataHub,https://datahub.io/football/worldcup
2014,Danijel Pranjić,Croatia,Defender,32.0,,,,,,33.33333333333333,66.7,,,,,,,,,,True,0.0,0.0,,Veteran,,164.0,2.0,2.0,0.0,0.0,,0.0,0.0,0.0,51.8,Fjelstul World Cup Database via DataHub,https://datahub.io/football/worldcup
2014,Danijel Subašić,Croatia,Goalkeeper,29.0,,,,,,33.33333333333333,66.7,,,,,,,,,,True,0.0,0.0,,Prime,,0.0,0.0,0.0,0.0,0.0,,0.0,0.0,0.0,0.0,Fjelstul World Cup Database via DataHub,https://datahub.io/football/worldcup
2014,Darijo Srna,Croatia,Defender,32.0,,,,,,33.33333333333333,66.7,,,,,,,,,,False,267.0,3.0,88.6,Veteran,,270.0,3.0,3.0,0.0,0.0,,0.0,0.0,0.0,67.9,Fjelstul World Cup Database via DataHub,https://datahub.io/football/worldcup
2014,Dejan Lovren,Croatia,Defender,24.0,,,,,,33.33333333333333,66.7,,,,,,,,,,True,0.0,0.0,,U25,,270.0,3.0,3.0,0.0,0.0,,0.0,1.0,0.0,67.9,Fjelstul World Cup Database via DataHub,https://datahub.io/football/worldcup
2014,Domagoj Vida,Croatia,Defender,25.0,,,,,,33.33333333333333,66.7,,,,,,,,,,True,0.0,0.0,,U25,,0.0,0.0,0.0,0.0,0.0,,0.0,0.0,0.0,0.0,Fjelstul World Cup Database via DataHub,https://datahub.io/football/worldcup
2014,Gordon Schildenfeld,Croatia,Defender,29.0,,,,,,33.33333333333333,66.7,,,,,,,,,,True,0.0,0.0,,Prime,,0.0,0.0,0.0,0.0,0.0,,0.0,0.0,0.0,0.0,Fjelstul World Cup Database via DataHub,https://datahub.io/football/worldcup
2014,Ivan Perišić,Croatia,Midfielder,25.0,,,,,,33.33333333333333,66.7,,,,,,,,,,True,0.0,0.0,,U25,,258.0,3.0,3.0,0.0,2.0,,0.0,0.0,0.0,90.7,Fjelstul World Cup Database via DataHub,https://datahub.io/football/worldcup
2014,Ivan Rakitić,Croatia,Midfielder,26.0,,,,,,33.33333333333333,66.7,,,,,,,,,,True,0.0,0.0,,Prime,,270.0,3.0,3.0,0.0,0.0,,0.0,1.0,0.0,71.4,Fjelstul World Cup Database via DataHub,https://datahub.io/football/worldcup
2014,Ivica Olić,Croatia,Forward,34.0,,,,,,33.33333333333333,66.7,,,,,,,,,,False,251.0,5.0,58.4,Veteran,,228.0,3.0,3.0,0.0,1.0,,0.0,0.0,0.0,83.7,Fjelstul World Cup Database via DataHub,https://datahub.io/football/worldcup
2014,Luka Modrić,Croatia,Midfielder,28.0,,,,,,33.33333333333333,66.7,,,,,,,,,,False,28.0,2.0,32.1,Prime,,270.0,3.0,3.0,0.0,0.0,,0.0,0.0,0.0,71.4,Fjelstul World Cup Database via DataHub,https://datahub.io/football/worldcup
2014,Marcelo Brozović,Croatia,Midfielder,21.0,,,,,,33.33333333333333,66.7,,,,,,,,,,True,0.0,0.0,,U21,,29.0,0.0,1.0,1.0,0.0,,0.0,0.0,0.0,32.4,Fjelstul World Cup Database via DataHub,https://datahub.io/football/worldcup
2014,Mario Mandžukić,Croatia,Forward,28.0,,,,,,33.33333333333333,66.7,,,,,,,,,,True,0.0,0.0,,Prime,,180.0,2.0,2.0,0.0,2.0,,0.0,0.0,0.0,83.3,Fjelstul World Cup Database via DataHub,https://datahub.io/football/worldcup
2014,Mateo Kovačić,Croatia,Midfielder,20.0,,,,,,33.33333333333333,66.7,,,,,,,,,,True,0.0,0.0,,U21,,111.0,1.0,3.0,2.0,0.0,,0.0,0.0,0.0,49.1,Fjelstul World Cup Database via DataHub,https://datahub.io/football/worldcup
2014,Milan Badelj,Croatia,Midfielder,25.0,,,,,,33.33333333333333,66.7,,,,,,,,,,True,0.0,0.0,,U25,,0.0,0.0,0.0,0.0,0.0,,0.0,0.0,0.0,0.0,Fjelstul World Cup Database via DataHub,https://datahub.io/football/worldcup
2014,Nikica Jelavić,Croatia,Forward,28.0,,,,,,33.33333333333333,66.7,,,,,,,,,,True,0.0,0.0,,Prime,,94.0,1.0,2.0,1.0,0.0,,0.0,0.0,0.0,56.2,Fjelstul World Cup Database via DataHub,https://datahub.io/football/worldcup
2014,Ognjen Vukojević,Croatia,Midfielder,30.0,,,,,,33.33333333333333,66.7,,,,,,,,,,True,0.0,0.0,,Veteran,,0.0,0.0,0.0,0.0,0.0,,0.0,0.0,0.0,0.0,Fjelstul World Cup Database via DataHub,https://datahub.io/football/worldcup
2014,Oliver Zelenika,Croatia,Goalkeeper,21.0,,,,,,33.33333333333333,66.7,,,,,,,,,,True,0.0,0.0,,U21,,0.0,0.0,0.0,0.0,0.0,,0.0,0.0,0.0,0.0,Fjelstul World Cup Database via DataHub,https://datahub.io/football/worldcup
2014,Stipe Pletikosa,Croatia,Goalkeeper,35.0,,,,,,33.33333333333333,66.7,,,,,,,,,,False,540.0,6.0,84.2,Veteran,,270.0,3.0,3.0,0.0,0.0,,1.0,0.0,0.0,84.2,Fjelstul World Cup Database via DataHub,https://datahub.io/football/worldcup
2014,Vedran Ćorluka,Croatia,Defender,28.0,,,,,,33.33333333333333,66.7,,,,,,,,,,True,0.0,0.0,,Prime,,270.0,3.0,3.0,0.0,0.0,,0.0,1.0,0.0,67.9,Fjelstul World Cup Database via DataHub,https://datahub.io/football/worldcup
2014,not applicable Eduardo,Croatia,Forward,31.0,,,,,,33.33333333333333,66.7,,,,,,,,,,True,0.0,0.0,,Veteran,,21.0,0.0,1.0,1.0,0.0,,0.0,1.0,0.0,32.4,Fjelstul World Cup Database via DataHub,https://datahub.io/football/worldcup
2014,not applicable Sammir,Croatia,Midfielder,27.0,,,,,,33.33333333333333,66.7,,,,,,,,,,True,0.0,0.0,,Prime,,72.0,1.0,1.0,0.0,0.0,,0.0,0.0,0.0,42.9,Fjelstul World Cup Database via DataHub,https://datahub.io/football/worldcup
2014,Šime Vrsaljko,Croatia,Defender,22.0,,,,,,33.33333333333333,66.7,,,,,,,,,,True,0.0,0.0,,U23,,148.0,2.0,2.0,0.0,0.0,,0.0,0.0,0.0,51.0,Fjelstul World Cup Database via DataHub,https://datahub.io/football/worldcup
2014,Adrián Bone,Ecuador,Goalkeeper,25.0,,,,,,,0.0,,,,,,,,,,True,0.0,0.0,,U25,,0.0,0.0,0.0,0.0,0.0,,0.0,0.0,0.0,0.0,Fjelstul World Cup Database via DataHub,https://datahub.io/football/worldcup
2014,Alexander Domínguez,Ecuador,Goalkeeper,27.0,,,,,,,0.0,,,,,,,,,,True,0.0,0.0,,Prime,,272.0,3.0,3.0,0.0,0.0,,1.0,0.0,0.0,85.7,Fjelstul World Cup Database via DataHub,https://datahub.io/football/worldcup
2014,Antonio Valencia,Ecuador,Midfielder,28.0,,,,,,,0.0,,,,,,,,,,False,318.0,4.0,78.1,Prime,,272.0,3.0,3.0,0.0,0.0,,0.0,1.0,1.0,74.7,Fjelstul World Cup Database via DataHub,https://datahub.io/football/worldcup
2014,Carlos Gruezo,Ecuador,Midfielder,19.0,,,,,,,0.0,,,,,,,,,,True,0.0,0.0,,U21,,99.0,1.0,2.0,1.0,0.0,,0.0,0.0,0.0,47.9,Fjelstul World Cup Database via DataHub,https://datahub.io/football/worldcup
2014,Christian Noboa,Ecuador,Midfielder,29.0,,,,,,,0.0,,,,,,,,,,True,0.0,0.0,,Prime,,271.0,3.0,3.0,0.0,0.0,,0.0,0.0,0.0,74.3,Fjelstul World Cup Database via DataHub,https://datahub.io/football/worldcup
2014,Enner Valencia,Ecuador,Forward,24.0,,,,,,,0.0,,,,,,,,,,True,0.0,0.0,,U25,,272.0,3.0,3.0,0.0,3.0,,0.0,1.0,0.0,91.8,Fjelstul World Cup Database via DataHub,https://datahub.io/football/worldcup
2014,Felipe Caicedo,Ecuador,Forward,25.0,,,,,,,0.0,,,,,,,,,,True,0.0,0.0,,U25,,153.0,2.0,3.0,1.0,0.0,,0.0,0.0,0.0,63.0,Fjelstul World Cup Database via DataHub,https://datahub.io/football/worldcup
2014,Fidel Martínez,Ecuador,Midfielder,24.0,,,,,,,0.0,,,,,,,,,,True,0.0,0.0,,U25,,0.0,0.0,0.0,0.0,0.0,,0.0,0.0,0.0,0.0,Fjelstul World Cup Database via DataHub,https://datahub.io/football/worldcup
2014,Frickson Erazo,Ecuador,Defender,26.0,,,,,,,0.0,,,,,,,,,,True,0.0,0.0,,Prime,,272.0,3.0,3.0,0.0,0.0,,0.0,1.0,0.0,74.1,Fjelstul World Cup Database via DataHub,https://datahub.io/football/worldcup
2014,Gabriel Achilier,Ecuador,Defender,29.0,,,,,,,0.0,,,,,,,,,,True,0.0,0.0,,Prime,,8.0,0.0,2.0,2.0,0.0,,0.0,0.0,0.0,32.6,Fjelstul World Cup Database via DataHub,https://datahub.io/football/worldcup
2014,Jaime Ayoví,Ecuador,Forward,26.0,,,,,,,0.0,,,,,,,,,,True,0.0,0.0,,Prime,,0.0,0.0,0.0,0.0,0.0,,0.0,0.0,0.0,0.0,Fjelstul World Cup Database via DataHub,https://datahub.io/football/worldcup
2014,Jefferson Montero,Ecuador,Midfielder,24.0,,,,,,,0.0,,,,,,,,,,True,0.0,0.0,,U25,,232.0,3.0,3.0,0.0,0.0,,0.0,1.0,0.0,65.0,Fjelstul World Cup Database via DataHub,https://datahub.io/football/worldcup
2014,Joao Rojas,Ecuador,Midfielder,24.0,,,,,,,0.0,,,,,,,,,,True,0.0,0.0,,U25,,13.0,0.0,1.0,1.0,0.0,,0.0,0.0,0.0,28.9,Fjelstul World Cup Database via DataHub,https://datahub.io/football/worldcup
2014,Jorge Guagua,Ecuador,Defender,32.0,,,,,,,0.0,,,,,,,,,,False,132.0,3.0,48.7,Veteran,,272.0,3.0,3.0,0.0,0.0,,0.0,0.0,0.0,74.1,Fjelstul World Cup Database via DataHub,https://datahub.io/football/worldcup
2014,Juan Carlos Paredes,Ecuador,Defender,26.0,,,,,,,0.0,,,,,,,,,,True,0.0,0.0,,Prime,,272.0,3.0,3.0,0.0,0.0,,0.0,1.0,0.0,74.1,Fjelstul World Cup Database via DataHub,https://datahub.io/football/worldcup
2014,Luis Saritama,Ecuador,Midfielder,30.0,,,,,,,0.0,,,,,,,,,,True,0.0,0.0,0.0,Veteran,,0.0,0.0,0.0,0.0,0.0,,0.0,0.0,0.0,0.0,Fjelstul World Cup Database via DataHub,https://datahub.io/football/worldcup
2014,Michael Arroyo,Ecuador,Midfielder,27.0,,,,,,,0.0,,,,,,,,,,True,0.0,0.0,,Prime,,102.0,1.0,2.0,1.0,0.0,,0.0,0.0,0.0,48.2,Fjelstul World Cup Database via DataHub,https://datahub.io/football/worldcup
2014,Máximo Banguera,Ecuador,Goalkeeper,28.0,,,,,,,0.0,,,,,,,,,,True,0.0,0.0,,Prime,,0.0,0.0,0.0,0.0,0.0,,0.0,0.0,0.0,0.0,Fjelstul World Cup Database via DataHub,https://datahub.io/football/worldcup
2014,Oswaldo Minda,Ecuador,Midfielder,30.0,,,,,,,0.0,,,,,,,,,,True,0.0,0.0,,Veteran,,173.0,2.0,2.0,0.0,0.0,,0.0,0.0,0.0,56.7,Fjelstul World Cup Database via DataHub,https://datahub.io/football/worldcup
2014,Renato Ibarra,Ecuador,Midfielder,23.0,,,,,,,0.0,,,,,,,,,,True,0.0,0.0,,U23,,27.0,0.0,1.0,1.0,0.0,,0.0,0.0,0.0,31.8,Fjelstul World Cup Database via DataHub,https://datahub.io/football/worldcup
2014,Walter Ayoví,Ecuador,Defender,34.0,,,,,,,0.0,,,,,,,,,,True,0.0,0.0,0.0,Veteran,,272.0,3.0,3.0,0.0,0.0,,0.0,0.0,0.0,74.1,Fjelstul World Cup Database via DataHub,https://datahub.io/football/worldcup
2014,Édison Méndez,Ecuador,Midfielder,35.0,,,,,,,0.0,,,,,,,,,,False,635.0,7.0,81.8,Veteran,,10.0,0.0,1.0,1.0,0.0,,0.0,0.0,0.0,27.9,Fjelstul World Cup Database via DataHub,https://datahub.io/football/worldcup
2014,Óscar Bagüí,Ecuador,Defender,31.0,,,,,,,0.0,,,,,,,,,,True,0.0,0.0,,Veteran,,0.0,0.0,0.0,0.0,0.0,,0.0,0.0,0.0,0.0,Fjelstul World Cup Database via DataHub,https://datahub.io/football/worldcup
2014,Adam Lallana,England,Midfielder,26.0,,,,,,0.0,50.0,,,,,,,,,,True,0.0,0.0,,Prime,,91.0,1.0,3.0,2.0,0.0,,0.0,1.0,0.0,47.0,Fjelstul World Cup Database via DataHub,https://datahub.io/football/worldcup
2014,Alex Oxlade-Chamberlain,England,Midfielder,20.0,,,,,,0.0,50.0,,,,,,,,,,True,0.0,0.0,,U21,,0.0,0.0,0.0,0.0,0.0,,0.0,0.0,0.0,0.0,Fjelstul World Cup Database via DataHub,https://datahub.io/football/worldcup
2014,Ben Foster,England,Goalkeeper,31.0,,,,,,0.0,50.0,,,,,,,,,,True,0.0,0.0,,Veteran,,90.0,1.0,1.0,0.0,0.0,,1.0,0.0,0.0,80.4,Fjelstul World Cup Database via DataHub,https://datahub.io/football/worldcup
2014,Chris Smalling,England,Defender,24.0,,,,,,0.0,50.0,,,,,,,,,,True,0.0,0.0,,U25,,90.0,1.0,1.0,0.0,0.0,,0.0,0.0,0.0,42.2,Fjelstul World Cup Database via DataHub,https://datahub.io/football/worldcup
2014,Daniel Sturridge,England,Forward,24.0,,,,,,0.0,50.0,,,,,,,,,,True,0.0,0.0,,U25,,260.0,3.0,3.0,0.0,1.0,,0.0,0.0,0.0,85.1,Fjelstul World Cup Database via DataHub,https://datahub.io/football/worldcup
2014,Danny Welbeck,England,Forward,23.0,,,,,,0.0,50.0,,,,,,,,,,True,0.0,0.0,,U23,,132.0,2.0,2.0,0.0,0.0,,0.0,0.0,0.0,61.4,Fjelstul World Cup Database via DataHub,https://datahub.io/football/worldcup
2014,Frank Lampard,England,Midfielder,35.0,,,,,,0.0,50.0,,,,,,,,,,False,843.0,9.0,80.8,Veteran,,90.0,1.0,1.0,0.0,0.0,,0.0,0.0,0.0,45.8,Fjelstul World Cup Database via DataHub,https://datahub.io/football/worldcup
2014,Fraser Forster,England,Goalkeeper,26.0,,,,,,0.0,50.0,,,,,,,,,,True,0.0,0.0,,Prime,,0.0,0.0,0.0,0.0,0.0,,0.0,0.0,0.0,0.0,Fjelstul World Cup Database via DataHub,https://datahub.io/football/worldcup
2014,Gary Cahill,England,Defender,28.0,,,,,,0.0,50.0,,,,,,,,,,True,0.0,0.0,,Prime,,270.0,3.0,3.0,0.0,0.0,,0.0,0.0,0.0,67.9,Fjelstul World Cup Database via DataHub,https://datahub.io/football/worldcup
2014,Glen Johnson,England,Defender,29.0,,,,,,0.0,50.0,,,,,,,,,,False,357.0,4.0,79.6,Prime,,180.0,2.0,2.0,0.0,0.0,,0.0,0.0,0.0,54.5,Fjelstul World Cup Database via DataHub,https://datahub.io/football/worldcup
2014,Jack Wilshere,England,Midfielder,22.0,,,,,,0.0,50.0,,,,,,,,,,True,0.0,0.0,,U23,,90.0,1.0,2.0,1.0,0.0,,0.0,0.0,0.0,45.8,Fjelstul World Cup Database via DataHub,https://datahub.io/football/worldcup
2014,James Milner,England,Midfielder,28.0,,,,,,0.0,50.0,,,,,,,,,,False,185.0,3.0,62.7,Prime,,76.0,1.0,1.0,0.0,0.0,,0.0,0.0,0.0,43.3,Fjelstul World Cup Database via DataHub,https://datahub.io/football/worldcup
2014,Joe Hart,England,Goalkeeper,27.0,,,,,,0.0,50.0,,,,,,,,,,True,0.0,0.0,0.0,Prime,,180.0,2.0,2.0,0.0,0.0,,0.0,0.0,0.0,72.2,Fjelstul World Cup Database via DataHub,https://datahub.io/football/worldcup
2014,Jordan Henderson,England,Midfielder,23.0,,,,,,0.0,50.0,,,,,,,,,,True,0.0,0.0,,U23,,160.0,2.0,2.0,0.0,0.0,,0.0,0.0,0.0,55.8,Fjelstul World Cup Database via DataHub,https://datahub.io/football/worldcup
2014,Leighton Baines,England,Defender,29.0,,,,,,0.0,50.0,,,,,,,,,,True,0.0,0.0,,Prime,,180.0,2.0,2.0,0.0,0.0,,0.0,0.0,0.0,54.5,Fjelstul World Cup Database via DataHub,https://datahub.io/football/worldcup
2014,Luke Shaw,England,Defender,18.0,,,,,,0.0,50.0,,,,,,,,,,True,0.0,0.0,,U21,,90.0,1.0,1.0,0.0,0.0,,0.0,0.0,0.0,42.2,Fjelstul World Cup Database via DataHub,https://datahub.io/football/worldcup
2014,Phil Jagielka,England,Defender,31.0,,,,,,0.0,50.0,,,,,,,,,,True,0.0,0.0,,Veteran,,180.0,2.0,2.0,0.0,0.0,,0.0,0.0,0.0,54.5,Fjelstul World Cup Database via DataHub,https://datahub.io/football/worldcup
2014,Phil Jones,England,Defender,22.0,,,,,,0.0,50.0,,,,,,,,,,True,0.0,0.0,,U23,,90.0,1.0,1.0,0.0,0.0,,0.0,0.0,0.0,42.2,Fjelstul World Cup Database via DataHub,https://datahub.io/football/worldcup
2014,Raheem Sterling,England,Midfielder,19.0,,,,,,0.0,50.0,,,,,,,,,,True,0.0,0.0,,U21,,182.0,2.0,3.0,1.0,0.0,,0.0,1.0,0.0,59.0,Fjelstul World Cup Database via DataHub,https://datahub.io/football/worldcup
2014,Rickie Lambert,England,Forward,32.0,,,,,,0.0,50.0,,,,,,,,,,True,0.0,0.0,,Veteran,,3.0,0.0,1.0,1.0,0.0,,0.0,0.0,0.0,28.5,Fjelstul World Cup Database via DataHub,https://datahub.io/football/worldcup
2014,Ross Barkley,England,Midfielder,20.0,,,,,,0.0,50.0,,,,,,,,,,True,0.0,0.0,,U21,,145.0,1.0,3.0,2.0,0.0,,0.0,1.0,0.0,51.5,Fjelstul World Cup Database via DataHub,https://datahub.io/football/worldcup
2014,Steven Gerrard,England,Midfielder,34.0,,,,,,0.0,50.0,,,,,,,,,,False,774.0,9.0,93.7,Veteran,,197.0,2.0,3.0,1.0,0.0,,0.0,1.0,0.0,59.9,Fjelstul World Cup Database via DataHub,https://datahub.io/football/worldcup
2014,Wayne Rooney,England,Forward,28.0,,,,,,0.0,50.0,,,,,,,,,,False,655.0,8.0,78.3,Prime,,194.0,2.0,3.0,1.0,1.0,,0.0,0.0,0.0,80.8,Fjelstul World Cup Database via DataHub,https://datahub.io/football/worldcup
2014,Antoine Griezmann,France,Forward,23.0,,,,,,0.0,,,,,,,,,,,True,0.0,0.0,,U23,,302.0,3.0,5.0,2.0,0.0,,0.0,0.0,0.0,76.3,Fjelstul World Cup Database via DataHub,https://datahub.io/football/worldcup
2014,Bacary Sagna,France,Defender,31.0,,,,,,0.0,,,,,,,,,,,False,270.0,3.0,67.9,Veteran,,90.0,1.0,1.0,0.0,0.0,,0.0,0.0,0.0,42.2,Fjelstul World Cup Database via DataHub,https://datahub.io/football/worldcup
2014,Blaise Matuidi,France,Midfielder,27.0,,,,,,0.0,,,,,,,,,,,True,0.0,0.0,,Prime,,434.0,5.0,5.0,0.0,1.0,,0.0,1.0,0.0,95.8,Fjelstul World Cup Database via DataHub,https://datahub.io/football/worldcup
2014,Eliaquim Mangala,France,Defender,23.0,,,,,,0.0,,,,,,,,,,,True,0.0,0.0,,U23,,0.0,0.0,0.0,0.0,0.0,,0.0,0.0,0.0,0.0,Fjelstul World Cup Database via DataHub,https://datahub.io/football/worldcup
2014,Hugo Lloris,France,Goalkeeper,27.0,,,,,,0.0,,,,,,,,,,,False,270.0,3.0,84.2,Prime,,457.0,5.0,5.0,0.0,0.0,,3.0,0.0,0.0,95.7,Fjelstul World Cup Database via DataHub,https://datahub.io/football/worldcup
2014,Karim Benzema,France,Forward,26.0,,,,,,0.0,,,,,,,,,,,True,0.0,0.0,,Prime,,457.0,5.0,5.0,0.0,3.0,,0.0,0.0,0.0,97.0,Fjelstul World Cup Database via DataHub,https://datahub.io/football/worldcup
2014,Laurent Koscielny,France,Defender,28.0,,,,,,0.0,,,,,,,,,,,True,0.0,0.0,,Prime,,229.0,2.0,4.0,2.0,0.0,,0.0,0.0,0.0,59.2,Fjelstul World Cup Database via DataHub,https://datahub.io/football/worldcup
2014,Loïc Rémy,France,Forward,27.0,,,,,,0.0,,,,,,,,,,,True,0.0,0.0,,Prime,,30.0,0.0,2.0,2.0,0.0,,0.0,0.0,0.0,34.2,Fjelstul World Cup Database via DataHub,https://datahub.io/football/worldcup
2014,Lucas Digne,France,Defender,20.0,,,,,,0.0,,,,,,,,,,,True,0.0,0.0,,U21,,90.0,1.0,1.0,0.0,0.0,,0.0,0.0,0.0,42.2,Fjelstul World Cup Database via DataHub,https://datahub.io/football/worldcup
2014,Mamadou Sakho,France,Defender,24.0,,,,,,0.0,,,,,,,,,,,True,0.0,0.0,,U25,,289.0,4.0,4.0,0.0,0.0,,0.0,0.0,0.0,77.9,Fjelstul World Cup Database via DataHub,https://datahub.io/football/worldcup
2014,Mathieu Debuchy,France,Defender,28.0,,,,,,0.0,,,,,,,,,,,True,0.0,0.0,,Prime,,367.0,4.0,4.0,0.0,0.0,,0.0,0.0,0.0,84.2,Fjelstul World Cup Database via DataHub,https://datahub.io/football/worldcup
2014,Mathieu Valbuena,France,Midfielder,29.0,,,,,,0.0,,,,,,,,,,,False,21.0,1.0,30.8,Prime,,338.0,4.0,4.0,0.0,1.0,,0.0,0.0,0.0,93.1,Fjelstul World Cup Database via DataHub,https://datahub.io/football/worldcup
2014,Mickaël Landreau,France,Goalkeeper,35.0,,,,,,0.0,,,,,,,,,,,True,0.0,0.0,0.0,Veteran,,0.0,0.0,0.0,0.0,0.0,,0.0,0.0,0.0,0.0,Fjelstul World Cup Database via DataHub,https://datahub.io/football/worldcup
2014,Morgan Schneiderlin,France,Midfielder,24.0,,,,,,0.0,,,,,,,,,,,True,0.0,0.0,,U25,,90.0,1.0,1.0,0.0,0.0,,0.0,0.0,0.0,45.8,Fjelstul World Cup Database via DataHub,https://datahub.io/football/worldcup
2014,Moussa Sissoko,France,Midfielder,24.0,,,,,,0.0,,,,,,,,,,,True,0.0,0.0,,U25,,213.0,2.0,4.0,2.0,1.0,,0.0,0.0,0.0,82.7,Fjelstul World Cup Database via DataHub,https://datahub.io/football/worldcup
2014,Olivier Giroud,France,Forward,27.0,,,,,,0.0,,,,,,,,,,,True,0.0,0.0,,Prime,,169.0,2.0,5.0,3.0,1.0,,0.0,0.0,0.0,79.3,Fjelstul World Cup Database via DataHub,https://datahub.io/football/worldcup
2014,Patrice Evra,France,Defender,33.0,,,,,,0.0,,,,,,,,,,,False,180.0,2.0,54.5,Veteran,,367.0,4.0,4.0,0.0,0.0,,0.0,1.0,0.0,84.2,Fjelstul World Cup Database via DataHub,https://datahub.io/football/worldcup
2014,Paul Pogba,France,Midfielder,21.0,,,,,,0.0,,,,,,,,,,,True,0.0,0.0,,U21,,361.0,4.0,5.0,1.0,1.0,,0.0,1.0,0.0,93.9,Fjelstul World Cup Database via DataHub,https://datahub.io/football/worldcup
2014,Raphaël Varane,France,Defender,21.0,,,,,,0.0,,,,,,,,,,,True,0.0,0.0,,U21,,396.0,4.0,5.0,1.0,0.0,,0.0,0.0,0.0,86.4,Fjelstul World Cup Database via DataHub,https://datahub.io/football/worldcup
2014,Rio Mavuba,France,Midfielder,30.0,,,,,,0.0,,,,,,,,,,,True,0.0,0.0,,Veteran,,25.0,0.0,1.0,1.0,0.0,,0.0,0.0,0.0,31.5,Fjelstul World Cup Database via DataHub,https://datahub.io/football/worldcup
2014,Rémy Cabella,France,Midfielder,24.0,,,,,,0.0,,,,,,,,,,,True,0.0,0.0,,U25,,0.0,0.0,0.0,0.0,0.0,,0.0,0.0,0.0,0.0,Fjelstul World Cup Database via DataHub,https://datahub.io/football/worldcup
2014,Stéphane Ruffier,France,Goalkeeper,27.0,,,,,,0.0,,,,,,,,,,,True,0.0,0.0,,Prime,,0.0,0.0,0.0,0.0,0.0,,0.0,0.0,0.0,0.0,Fjelstul World Cup Database via DataHub,https://datahub.io/football/worldcup
2014,Yohan Cabaye,France,Midfielder,28.0,,,,,,0.0,,,,,,,,,,,True,0.0,0.0,,Prime,,323.0,4.0,4.0,0.0,0.0,,0.0,2.0,0.0,78.2,Fjelstul World Cup Database via DataHub,https://datahub.io/football/worldcup
2014,André Schürrle,Germany,Forward,23.0,,,,,,33.33333333333333,33.3,,,,,,,,,,True,0.0,0.0,,U23,,247.0,0.0,6.0,6.0,3.0,,0.0,0.0,0.0,81.5,Fjelstul World Cup Database via DataHub,https://datahub.io/football/worldcup
2014,Bastian Schweinsteiger,Germany,Midfielder,29.0,,,,,,33.33333333333333,33.3,,,,,,,,,,False,1155.0,14.0,88.9,Prime,,508.0,5.0,6.0,1.0,0.0,,0.0,2.0,0.0,86.4,Fjelstul World Cup Database via DataHub,https://datahub.io/football/worldcup
2014,Benedikt Höwedes,Germany,Defender,26.0,,,,,,33.33333333333333,33.3,,,,,,,,,,True,0.0,0.0,,Prime,,693.0,7.0,7.0,0.0,0.0,,0.0,2.0,0.0,95.5,Fjelstul World Cup Database via DataHub,https://datahub.io/football/worldcup
2014,Christoph Kramer,Germany,Midfielder,23.0,,,,,,33.33333333333333,33.3,,,,,,,,,,True,0.0,0.0,,U23,,43.0,1.0,3.0,2.0,0.0,,0.0,0.0,0.0,38.5,Fjelstul World Cup Database via DataHub,https://datahub.io/football/worldcup
2014,Erik Durm,Germany,Defender,22.0,,,,,,33.33333333333333,33.3,,,,,,,,,,True,0.0,0.0,,U23,,0.0,0.0,0.0,0.0,0.0,,0.0,0.0,0.0,0.0,Fjelstul World Cup Database via DataHub,https://datahub.io/football/worldcup
2014,Julian Draxler,Germany,Midfielder,20.0,,,,,,33.33333333333333,33.3,,,,,,,,,,True,0.0,0.0,,U21,,14.0,0.0,1.0,1.0,0.0,,0.0,0.0,0.0,29.2,Fjelstul World Cup Database via DataHub,https://datahub.io/football/worldcup
2014,Jérôme Boateng,Germany,Defender,25.0,,,,,,33.33333333333333,33.3,,,,,,,,,,False,378.0,5.0,86.9,U25,,649.0,7.0,7.0,0.0,0.0,,0.0,0.0,0.0,94.7,Fjelstul World Cup Database via DataHub,https://datahub.io/football/worldcup
2014,Kevin Großkreutz,Germany,Defender,25.0,,,,,,33.33333333333333,33.3,,,,,,,,,,True,0.0,0.0,,U25,,0.0,0.0,0.0,0.0,0.0,,0.0,0.0,0.0,0.0,Fjelstul World Cup Database via DataHub,https://datahub.io/football/worldcup
2014,Lukas Podolski,Germany,Forward,29.0,,,,,,33.33333333333333,33.3,,,,,,,,,,False,1173.0,13.0,98.9,Prime,,54.0,1.0,2.0,1.0,0.0,,0.0,0.0,0.0,49.1,Fjelstul World Cup Database via DataHub,https://datahub.io/football/worldcup
2014,Manuel Neuer,Germany,Goalkeeper,28.0,,,,,,33.33333333333333,33.3,,,,,,,,,,False,545.0,6.0,97.3,Prime,,693.0,7.0,7.0,0.0,0.0,,4.0,0.0,0.0,99.7,Fjelstul World Cup Database via DataHub,https://datahub.io/football/worldcup
2014,Mario Götze,Germany,Midfielder,22.0,,,,,,33.33333333333333,33.3,,,,,,,,,,True,0.0,0.0,,U23,,261.0,3.0,6.0,3.0,2.0,,0.0,0.0,0.0,90.8,Fjelstul World Cup Database via DataHub,https://datahub.io/football/worldcup
2014,Mats Hummels,Germany,Defender,25.0,,,,,,33.33333333333333,33.3,,,,,,,,,,True,0.0,0.0,,U25,,512.0,6.0,6.0,0.0,2.0,,0.0,0.0,0.0,98.8,Fjelstul World Cup Database via DataHub,https://datahub.io/football/worldcup
2014,Matthias Ginter,Germany,Defender,20.0,,,,,,33.33333333333333,33.3,,,,,,,,,,True,0.0,0.0,,U21,,0.0,0.0,0.0,0.0,0.0,,0.0,0.0,0.0,0.0,Fjelstul World Cup Database via DataHub,https://datahub.io/football/worldcup
2014,Mesut Özil,Germany,Midfielder,25.0,,,,,,33.33333333333333,33.3,,,,,,,,,,False,593.0,7.0,98.1,U25,,655.0,7.0,7.0,0.0,1.0,,0.0,0.0,0.0,98.6,Fjelstul World Cup Database via DataHub,https://datahub.io/football/worldcup
2014,Miroslav Klose,Germany,Forward,36.0,,,,,,33.33333333333333,33.3,,,,,,,,,,False,1570.0,19.0,97.1,Veteran,,279.0,3.0,5.0,2.0,2.0,,0.0,0.0,0.0,91.2,Fjelstul World Cup Database via DataHub,https://datahub.io/football/worldcup
2014,Per Mertesacker,Germany,Defender,29.0,,,,,,33.33333333333333,33.3,,,,,,,,,,False,1238.0,13.0,94.6,Prime,,434.0,4.0,6.0,2.0,0.0,,0.0,0.0,0.0,86.9,Fjelstul World Cup Database via DataHub,https://datahub.io/football/worldcup
2014,Philipp Lahm,Germany,Defender,30.0,,,,,,33.33333333333333,33.3,,,,,,,,,,False,1237.0,13.0,92.2,Veteran,,693.0,7.0,7.0,0.0,0.0,,0.0,1.0,0.0,95.5,Fjelstul World Cup Database via DataHub,https://datahub.io/football/worldcup
2014,Roman Weidenfeller,Germany,Goalkeeper,33.0,,,,,,33.33333333333333,33.3,,,,,,,,,,True,0.0,0.0,,Veteran,,0.0,0.0,0.0,0.0,0.0,,0.0,0.0,0.0,0.0,Fjelstul World Cup Database via DataHub,https://datahub.io/football/worldcup
2014,Ron-Robert Zieler,Germany,Goalkeeper,25.0,,,,,,33.33333333333333,33.3,,,,,,,,,,True,0.0,0.0,,U25,,0.0,0.0,0.0,0.0,0.0,,0.0,0.0,0.0,0.0,Fjelstul World Cup Database via DataHub,https://datahub.io/football/worldcup
2014,Sami Khedira,Germany,Midfielder,27.0,,,,,,33.33333333333333,33.3,,,,,,,,,,False,611.0,7.0,98.2,Prime,,379.0,4.0,5.0,1.0,1.0,,0.0,1.0,0.0,94.3,Fjelstul World Cup Database via DataHub,https://datahub.io/football/worldcup
2014,Shkodran Mustafi,Germany,Defender,22.0,,,,,,33.33333333333333,33.3,,,,,,,,,,True,0.0,0.0,,U23,,131.0,1.0,3.0,2.0,0.0,,0.0,0.0,0.0,48.7,Fjelstul World Cup Database via DataHub,https://datahub.io/football/worldcup
2014,Thomas Müller,Germany,Forward,24.0,,,,,,33.33333333333333,33.3,,,,,,,,,,False,474.0,6.0,98.9,U25,,685.0,7.0,7.0,0.0,5.0,,0.0,0.0,0.0,99.9,Fjelstul World Cup Database via DataHub,https://datahub.io/football/worldcup
2014,Toni Kroos,Germany,Midfielder,24.0,,,,,,33.33333333333333,33.3,,,,,,,,,,False,65.0,4.0,36.8,U25,,693.0,7.0,7.0,0.0,2.0,,0.0,0.0,0.0,99.7,Fjelstul World Cup Database via DataHub,https://datahub.io/football/worldcup
2014,Abdul Majeed Waris,Ghana,Forward,22.0,,,,,,,33.3,,,,,,,,,,True,0.0,0.0,,U23,,71.0,1.0,1.0,0.0,0.0,,0.0,1.0,0.0,51.7,Fjelstul World Cup Database via DataHub,https://datahub.io/football/worldcup
2014,Adam Larsen Kwarasey,Ghana,Goalkeeper,26.0,,,,,,,33.3,,,,,,,,,,True,0.0,0.0,,Prime,,90.0,1.0,1.0,0.0,0.0,,0.0,0.0,0.0,68.3,Fjelstul World Cup Database via DataHub,https://datahub.io/football/worldcup
2014,Afriyie Acquah,Ghana,Midfielder,22.0,,,,,,,33.3,,,,,,,,,,True,0.0,0.0,,U23,,14.0,0.0,1.0,1.0,0.0,,0.0,0.0,0.0,29.2,Fjelstul World Cup Database via DataHub,https://datahub.io/football/worldcup
2014,Albert Adomah,Ghana,Midfielder,26.0,,,,,,,33.3,,,,,,,,,,True,0.0,0.0,,Prime,,12.0,0.0,1.0,1.0,0.0,,0.0,0.0,0.0,28.6,Fjelstul World Cup Database via DataHub,https://datahub.io/football/worldcup
2014,André Ayew,Ghana,Midfielder,24.0,,,,,,,33.3,,,,,,,,,,False,395.0,4.0,83.7,U25,,261.0,3.0,3.0,0.0,2.0,,0.0,0.0,0.0,90.8,Fjelstul World Cup Database via DataHub,https://datahub.io/football/worldcup
2014,Asamoah Gyan,Ghana,Forward,28.0,,,,,,,33.3,,,,,,,,,,False,769.0,8.0,97.2,Prime,,270.0,3.0,3.0,0.0,2.0,,0.0,0.0,0.0,89.6,Fjelstul World Cup Database via DataHub,https://datahub.io/football/worldcup
2014,Christian Atsu,Ghana,Midfielder,22.0,,,,,,,33.3,,,,,,,,,,True,0.0,0.0,,U23,,240.0,3.0,3.0,0.0,0.0,,0.0,0.0,0.0,65.6,Fjelstul World Cup Database via DataHub,https://datahub.io/football/worldcup
2014,Daniel Opare,Ghana,Defender,23.0,,,,,,,33.3,,,,,,,,,,True,0.0,0.0,,U23,,90.0,1.0,1.0,0.0,0.0,,0.0,0.0,0.0,42.2,Fjelstul World Cup Database via DataHub,https://datahub.io/football/worldcup
2014,Emmanuel Agyemang-Badu,Ghana,Midfielder,23.0,,,,,,,33.3,,,,,,,,,,True,0.0,0.0,,U23,,102.0,1.0,2.0,1.0,0.0,,0.0,0.0,0.0,48.2,Fjelstul World Cup Database via DataHub,https://datahub.io/football/worldcup
2014,Fatau Dauda,Ghana,Goalkeeper,29.0,,,,,,,33.3,,,,,,,,,,True,0.0,0.0,,Prime,,180.0,2.0,2.0,0.0,0.0,,0.0,0.0,0.0,72.2,Fjelstul World Cup Database via DataHub,https://datahub.io/football/worldcup
2014,Harrison Afful,Ghana,Defender,27.0,,,,,,,33.3,,,,,,,,,,True,0.0,0.0,,Prime,,180.0,2.0,2.0,0.0,0.0,,0.0,1.0,0.0,54.5,Fjelstul World Cup Database via DataHub,https://datahub.io/football/worldcup
2014,John Boye,Ghana,Defender,27.0,,,,,,,33.3,,,,,,,,,,True,0.0,0.0,,Prime,,270.0,3.0,3.0,0.0,0.0,,0.0,0.0,0.0,67.9,Fjelstul World Cup Database via DataHub,https://datahub.io/football/worldcup
2014,Jonathan Mensah,Ghana,Defender,23.0,,,,,,,33.3,,,,,,,,,,False,302.0,3.0,77.1,U23,,270.0,3.0,3.0,0.0,0.0,,0.0,0.0,0.0,67.9,Fjelstul World Cup Database via DataHub,https://datahub.io/football/worldcup
2014,Jordan Ayew,Ghana,Forward,22.0,,,,,,,33.3,,,,,,,,,,True,0.0,0.0,,U23,,116.0,1.0,3.0,2.0,0.0,,0.0,1.0,0.0,57.7,Fjelstul World Cup Database via DataHub,https://datahub.io/football/worldcup
2014,Kevin-Prince Boateng,Ghana,Forward,27.0,,,,,,,33.3,,,,,,,,,,False,468.0,5.0,96.3,Prime,,83.0,1.0,2.0,1.0,0.0,,0.0,0.0,0.0,53.5,Fjelstul World Cup Database via DataHub,https://datahub.io/football/worldcup
2014,Kwadwo Asamoah,Ghana,Midfielder,25.0,,,,,,,33.3,,,,,,,,,,False,482.0,5.0,86.1,U25,,270.0,3.0,3.0,0.0,0.0,,0.0,0.0,0.0,71.4,Fjelstul World Cup Database via DataHub,https://datahub.io/football/worldcup
2014,Michael Essien,Ghana,Midfielder,31.0,,,,,,,33.3,,,,,,,,,,False,270.0,3.0,71.4,Veteran,,19.0,0.0,1.0,1.0,0.0,,0.0,0.0,0.0,30.3,Fjelstul World Cup Database via DataHub,https://datahub.io/football/worldcup
2014,Mohammed Rabiu,Ghana,Midfielder,24.0,,,,,,,33.3,,,,,,,,,,True,0.0,0.0,,U25,,225.0,3.0,3.0,0.0,0.0,,0.0,1.0,0.0,64.4,Fjelstul World Cup Database via DataHub,https://datahub.io/football/worldcup
2014,Mubarak Wakaso,Ghana,Midfielder,23.0,,,,,,,33.3,,,,,,,,,,True,0.0,0.0,,U23,,27.0,0.0,2.0,2.0,0.0,,0.0,0.0,0.0,31.8,Fjelstul World Cup Database via DataHub,https://datahub.io/football/worldcup
2014,Rashid Sumaila,Ghana,Defender,21.0,,,,,,,33.3,,,,,,,,,,True,0.0,0.0,,U21,,0.0,0.0,0.0,0.0,0.0,,0.0,0.0,0.0,0.0,Fjelstul World Cup Database via DataHub,https://datahub.io/football/worldcup
2014,Samuel Inkoom,Ghana,Defender,25.0,,,,,,,33.3,,,,,,,,,,False,187.0,2.0,57.4,U25,,0.0,0.0,0.0,0.0,0.0,,0.0,0.0,0.0,0.0,Fjelstul World Cup Database via DataHub,https://datahub.io/football/worldcup
2014,Stephen Adams,Ghana,Goalkeeper,24.0,,,,,,,33.3,,,,,,,,,,True,0.0,0.0,,U25,,0.0,0.0,0.0,0.0,0.0,,0.0,0.0,0.0,0.0,Fjelstul World Cup Database via DataHub,https://datahub.io/football/worldcup
2014,Sulley Muntari,Ghana,Midfielder,29.0,,,,,,,33.3,,,,,,,,,,False,406.0,7.0,74.9,Prime,,180.0,2.0,2.0,0.0,0.0,,0.0,2.0,0.0,57.9,Fjelstul World Cup Database via DataHub,https://datahub.io/football/worldcup
2014,Alexandros Tziolis,Greece,Midfielder,29.0,,,,,,,100.0,,,,,,,,,,False,271.0,3.0,74.3,Prime,,0.0,0.0,0.0,0.0,0.0,,0.0,0.0,0.0,0.0,Fjelstul World Cup Database via DataHub,https://datahub.io/football/worldcup
2014,Andreas Samaris,Greece,Midfielder,24.0,,,,,,,100.0,,,,,,,,,,True,0.0,0.0,,U25,,136.0,1.0,2.0,1.0,1.0,,0.0,1.0,0.0,74.9,Fjelstul World Cup Database via DataHub,https://datahub.io/football/worldcup
2014,Dimitris Salpingidis,Greece,Forward,32.0,,,,,,,100.0,,,,,,,,,,False,122.0,2.0,75.9,Veteran,,225.0,3.0,4.0,1.0,0.0,,0.0,1.0,0.0,70.1,Fjelstul World Cup Database via DataHub,https://datahub.io/football/worldcup
2014,Georgios Samaras,Greece,Forward,29.0,,,,,,,100.0,,,,,,,,,,False,202.0,3.0,66.8,Prime,,390.0,4.0,4.0,0.0,1.0,,0.0,1.0,0.0,91.7,Fjelstul World Cup Database via DataHub,https://datahub.io/football/worldcup
2014,Giannis Fetfatzidis,Greece,Midfielder,23.0,,,,,,,100.0,,,,,,,,,,True,0.0,0.0,,U23,,74.0,1.0,2.0,1.0,0.0,,0.0,0.0,0.0,43.1,Fjelstul World Cup Database via DataHub,https://datahub.io/football/worldcup
2014,Giannis Maniatis,Greece,Midfielder,27.0,,,,,,,100.0,,,,,,,,,,True,0.0,0.0,,Prime,,348.0,4.0,4.0,0.0,0.0,,0.0,0.0,0.0,79.5,Fjelstul World Cup Database via DataHub,https://datahub.io/football/worldcup
2014,Giorgos Karagounis,Greece,Midfielder,37.0,,,,,,,100.0,,,,,,,,,,False,182.0,3.0,62.5,Veteran,,259.0,2.0,4.0,2.0,0.0,,0.0,0.0,0.0,63.8,Fjelstul World Cup Database via DataHub,https://datahub.io/football/worldcup
2014,Giorgos Tzavellas,Greece,Defender,26.0,,,,,,,100.0,,,,,,,,,,True,0.0,0.0,,Prime,,0.0,0.0,0.0,0.0,0.0,,0.0,0.0,0.0,0.0,Fjelstul World Cup Database via DataHub,https://datahub.io/football/worldcup
2014,José Holebas,Greece,Defender,29.0,,,,,,,100.0,,,,,,,,,,True,0.0,0.0,,Prime,,390.0,4.0,4.0,0.0,0.0,,0.0,0.0,0.0,85.3,Fjelstul World Cup Database via DataHub,https://datahub.io/football/worldcup
2014,Kostas Katsouranis,Greece,Midfielder,34.0,,,,,,,100.0,,,,,,,,,,False,235.0,3.0,65.2,Veteran,,222.0,2.0,3.0,1.0,0.0,,0.0,1.0,1.0,61.9,Fjelstul World Cup Database via DataHub,https://datahub.io/football/worldcup
2014,Kostas Manolas,Greece,Defender,22.0,,,,,,,100.0,,,,,,,,,,True,0.0,0.0,,U23,,390.0,4.0,4.0,0.0,0.0,,0.0,1.0,0.0,85.3,Fjelstul World Cup Database via DataHub,https://datahub.io/football/worldcup
2014,Kostas Mitroglou,Greece,Forward,26.0,,,,,,,100.0,,,,,,,,,,True,0.0,0.0,,Prime,,123.0,1.0,3.0,2.0,0.0,,0.0,0.0,0.0,58.2,Fjelstul World Cup Database via DataHub,https://datahub.io/football/worldcup
2014,Lazaros Christodoulopoulos,Greece,Midfielder,27.0,,,,,,,100.0,,,,,,,,,,True,0.0,0.0,,Prime,,210.0,2.0,2.0,0.0,0.0,,0.0,0.0,0.0,61.0,Fjelstul World Cup Database via DataHub,https://datahub.io/football/worldcup
2014,Loukas Vyntra,Greece,Defender,33.0,,,,,,,100.0,,,,,,,,,,False,271.0,3.0,73.3,Veteran,,0.0,0.0,0.0,0.0,0.0,,0.0,0.0,0.0,0.0,Fjelstul World Cup Database via DataHub,https://datahub.io/football/worldcup
2014,Orestis Karnezis,Greece,Goalkeeper,28.0,,,,,,,100.0,,,,,,,,,,True,0.0,0.0,,Prime,,324.0,4.0,4.0,0.0,0.0,,1.0,0.0,0.0,87.6,Fjelstul World Cup Database via DataHub,https://datahub.io/football/worldcup
2014,Panagiotis Glykos,Greece,Goalkeeper,28.0,,,,,,,100.0,,,,,,,,,,True,0.0,0.0,,Prime,,66.0,0.0,1.0,1.0,0.0,,0.0,0.0,0.0,66.2,Fjelstul World Cup Database via DataHub,https://datahub.io/football/worldcup
2014,Panagiotis Kone,Greece,Midfielder,26.0,,,,,,,100.0,,,,,,,,,,True,0.0,0.0,,Prime,,171.0,3.0,3.0,0.0,0.0,,0.0,0.0,0.0,61.2,Fjelstul World Cup Database via DataHub,https://datahub.io/football/worldcup
2014,Panagiotis Tachtsidis,Greece,Midfielder,23.0,,,,,,,100.0,,,,,,,,,,True,0.0,0.0,,U23,,0.0,0.0,0.0,0.0,0.0,,0.0,0.0,0.0,0.0,Fjelstul World Cup Database via DataHub,https://datahub.io/football/worldcup
2014,Sokratis Papastathopoulos,Greece,Defender,26.0,,,,,,,100.0,,,,,,,,,,False,127.0,2.0,50.1,Prime,,390.0,4.0,4.0,0.0,1.0,,0.0,1.0,0.0,97.1,Fjelstul World Cup Database via DataHub,https://datahub.io/football/worldcup
2014,Stefanos Kapino,Greece,Goalkeeper,20.0,,,,,,,100.0,,,,,,,,,,True,0.0,0.0,,U21,,0.0,0.0,0.0,0.0,0.0,,0.0,0.0,0.0,0.0,Fjelstul World Cup Database via DataHub,https://datahub.io/football/worldcup
2014,Theofanis Gekas,Greece,Forward,34.0,,,,,,,100.0,,,,,,,,,,False,170.0,2.0,64.2,Veteran,,182.0,1.0,4.0,3.0,0.0,,0.0,0.0,0.0,62.9,Fjelstul World Cup Database via DataHub,https://datahub.io/football/worldcup
2014,Vangelis Moras,Greece,Defender,32.0,,,,,,,100.0,,,,,,,,,,False,90.0,1.0,42.2,Veteran,,0.0,0.0,0.0,0.0,0.0,,0.0,0.0,0.0,0.0,Fjelstul World Cup Database via DataHub,https://datahub.io/football/worldcup
2014,Vasilis Torosidis,Greece,Defender,29.0,,,,,,,100.0,,,,,,,,,,False,236.0,3.0,87.8,Prime,,390.0,4.0,4.0,0.0,0.0,,0.0,1.0,0.0,85.3,Fjelstul World Cup Database via DataHub,https://datahub.io/football/worldcup
2014,Andy Najar,Honduras,Midfielder,21.0,,,,,,,0.0,,,,,,,,,,True,0.0,0.0,,U21,,71.0,1.0,2.0,1.0,0.0,,0.0,0.0,0.0,42.8,Fjelstul World Cup Database via DataHub,https://datahub.io/football/worldcup
2014,Boniek García,Honduras,Midfielder,29.0,,,,,,,0.0,,,,,,,,,,True,0.0,0.0,0.0,Prime,,204.0,2.0,3.0,1.0,0.0,,0.0,1.0,0.0,60.4,Fjelstul World Cup Database via DataHub,https://datahub.io/football/worldcup
2014,Brayan Beckeles,Honduras,Defender,28.0,,,,,,,0.0,,,,,,,,,,True,0.0,0.0,,Prime,,272.0,3.0,3.0,0.0,0.0,,0.0,0.0,0.0,74.1,Fjelstul World Cup Database via DataHub,https://datahub.io/football/worldcup
2014,Carlo Costly,Honduras,Forward,31.0,,,,,,,0.0,,,,,,,,,,True,0.0,0.0,,Veteran,,222.0,3.0,3.0,0.0,1.0,,0.0,0.0,0.0,83.2,Fjelstul World Cup Database via DataHub,https://datahub.io/football/worldcup
2014,Donis Escober,Honduras,Goalkeeper,33.0,,,,,,,0.0,,,,,,,,,,True,0.0,0.0,0.0,Veteran,,0.0,0.0,0.0,0.0,0.0,,0.0,0.0,0.0,0.0,Fjelstul World Cup Database via DataHub,https://datahub.io/football/worldcup
2014,Edder Delgado,Honduras,Midfielder,27.0,,,,,,,0.0,,,,,,,,,,True,0.0,0.0,,Prime,,0.0,0.0,0.0,0.0,0.0,,0.0,0.0,0.0,0.0,Fjelstul World Cup Database via DataHub,https://datahub.io/football/worldcup
2014,Emilio Izaguirre,Honduras,Defender,28.0,,,,,,,0.0,,,,,,,,,,False,180.0,2.0,54.5,Prime,,136.0,2.0,2.0,0.0,0.0,,0.0,0.0,0.0,50.5,Fjelstul World Cup Database via DataHub,https://datahub.io/football/worldcup
2014,Jerry Bengtson,Honduras,Forward,27.0,,,,,,,0.0,,,,,,,,,,True,0.0,0.0,,Prime,,228.0,3.0,3.0,0.0,0.0,,0.0,1.0,0.0,70.5,Fjelstul World Cup Database via DataHub,https://datahub.io/football/worldcup
2014,Jerry Palacios,Honduras,Forward,32.0,,,,,,,0.0,,,,,,,,,,False,84.0,2.0,53.7,Veteran,,50.0,0.0,1.0,1.0,0.0,,0.0,1.0,0.0,37.7,Fjelstul World Cup Database via DataHub,https://datahub.io/football/worldcup
2014,Jorge Claros,Honduras,Midfielder,28.0,,,,,,,0.0,,,,,,,,,,True,0.0,0.0,,Prime,,214.0,2.0,3.0,1.0,0.0,,0.0,0.0,0.0,61.5,Fjelstul World Cup Database via DataHub,https://datahub.io/football/worldcup
2014,Juan Carlos García,Honduras,Defender,26.0,,,,,,,0.0,,,,,,,,,,True,0.0,0.0,,Prime,,136.0,1.0,2.0,1.0,0.0,,0.0,0.0,0.0,49.0,Fjelstul World Cup Database via DataHub,https://datahub.io/football/worldcup
2014,Juan Pablo Montes,Honduras,Defender,28.0,,,,,,,0.0,,,,,,,,,,True,0.0,0.0,,Prime,,0.0,0.0,0.0,0.0,0.0,,0.0,0.0,0.0,0.0,Fjelstul World Cup Database via DataHub,https://datahub.io/football/worldcup
2014,Luis Garrido,Honduras,Midfielder,23.0,,,,,,,0.0,,,,,,,,,,True,0.0,0.0,,U23,,161.0,2.0,2.0,0.0,0.0,,0.0,1.0,0.0,55.9,Fjelstul World Cup Database via DataHub,https://datahub.io/football/worldcup
2014,Luis López,Honduras,Goalkeeper,20.0,,,,,,,0.0,,,,,,,,,,True,0.0,0.0,,U21,,0.0,0.0,0.0,0.0,0.0,,0.0,0.0,0.0,0.0,Fjelstul World Cup Database via DataHub,https://datahub.io/football/worldcup
2014,Mario Martínez,Honduras,Midfielder,24.0,,,,,,,0.0,,,,,,,,,,True,0.0,0.0,,U25,,21.0,0.0,1.0,1.0,0.0,,0.0,0.0,0.0,30.8,Fjelstul World Cup Database via DataHub,https://datahub.io/football/worldcup
2014,Marvin Chávez,Honduras,Midfielder,30.0,,,,,,,0.0,,,,,,,,,,True,0.0,0.0,,Veteran,,53.0,0.0,2.0,2.0,0.0,,0.0,0.0,0.0,35.8,Fjelstul World Cup Database via DataHub,https://datahub.io/football/worldcup
2014,Maynor Figueroa,Honduras,Defender,31.0,,,,,,,0.0,,,,,,,,,,False,270.0,3.0,67.9,Veteran,,272.0,3.0,3.0,0.0,0.0,,0.0,0.0,0.0,74.1,Fjelstul World Cup Database via DataHub,https://datahub.io/football/worldcup
2014,Noel Valladares,Honduras,Goalkeeper,37.0,,,,,,,0.0,,,,,,,,,,False,270.0,3.0,84.2,Veteran,,272.0,3.0,3.0,0.0,0.0,,0.0,0.0,0.0,78.8,Fjelstul World Cup Database via DataHub,https://datahub.io/football/worldcup
2014,Osman Chávez,Honduras,Defender,29.0,,,,,,,0.0,,,,,,,,,,False,270.0,3.0,67.9,Prime,,44.0,0.0,1.0,1.0,0.0,,0.0,0.0,0.0,35.5,Fjelstul World Cup Database via DataHub,https://datahub.io/football/worldcup
2014,Roger Espinoza,Honduras,Midfielder,27.0,,,,,,,0.0,,,,,,,,,,False,136.0,2.0,61.9,Prime,,228.0,3.0,3.0,0.0,0.0,,0.0,0.0,0.0,64.8,Fjelstul World Cup Database via DataHub,https://datahub.io/football/worldcup
2014,Rony Martínez,Honduras,Forward,26.0,,,,,,,0.0,,,,,,,,,,True,0.0,0.0,,Prime,,0.0,0.0,0.0,0.0,0.0,,0.0,0.0,0.0,0.0,Fjelstul World Cup Database via DataHub,https://datahub.io/football/worldcup
2014,Víctor Bernárdez,Honduras,Defender,32.0,,,,,,,0.0,,,,,,,,,,False,90.0,1.0,42.2,Veteran,,228.0,3.0,3.0,0.0,0.0,,0.0,1.0,0.0,60.7,Fjelstul World Cup Database via DataHub,https://datahub.io/football/worldcup
2014,Wilson Palacios,Honduras,Midfielder,29.0,,,,,,,0.0,,,,,,,,,,False,270.0,3.0,71.4,Prime,,180.0,2.0,2.0,0.0,0.0,,0.0,1.0,1.0,57.9,Fjelstul World Cup Database via DataHub,https://datahub.io/football/worldcup
2014,Ahmad Alenemeh,Iran,Defender,31.0,,,,,,,66.7,,,,,,,,,,True,0.0,0.0,,Veteran,,0.0,0.0,0.0,0.0,0.0,,0.0,0.0,0.0,0.0,Fjelstul World Cup Database via DataHub,https://datahub.io/football/worldcup
2014,Alireza Haghighi,Iran,Goalkeeper,26.0,,,,,,,66.7,,,,,,,,,,True,0.0,0.0,,Prime,,274.0,3.0,3.0,0.0,0.0,,1.0,0.0,0.0,86.9,Fjelstul World Cup Database via DataHub,https://datahub.io/football/worldcup
2014,Alireza Jahanbakhsh,Iran,Forward,20.0,,,,,,,66.7,,,,,,,,,,True,0.0,0.0,,U21,,53.0,0.0,3.0,3.0,0.0,,0.0,0.0,0.0,38.2,Fjelstul World Cup Database via DataHub,https://datahub.io/football/worldcup
2014,Amir Hossein Sadeghi,Iran,Defender,32.0,,,,,,,66.7,,,,,,,,,,True,0.0,0.0,0.0,Veteran,,274.0,3.0,3.0,0.0,0.0,,0.0,0.0,0.0,75.4,Fjelstul World Cup Database via DataHub,https://datahub.io/football/worldcup
2014,Andranik Teymourian,Iran,Midfielder,31.0,,,,,,,66.7,,,,,,,,,,False,270.0,3.0,71.4,Veteran,,274.0,3.0,3.0,0.0,0.0,,0.0,1.0,0.0,75.4,Fjelstul World Cup Database via DataHub,https://datahub.io/football/worldcup
2014,Ashkan Dejagah,Iran,Midfielder,27.0,,,,,,,66.7,,,,,,,,,,True,0.0,0.0,,Prime,,226.0,3.0,3.0,0.0,0.0,,0.0,0.0,0.0,64.6,Fjelstul World Cup Database via DataHub,https://datahub.io/football/worldcup
2014,Bakhtiar Rahmani,Iran,Midfielder,22.0,,,,,,,66.7,,,,,,,,,,True,0.0,0.0,,U23,,0.0,0.0,0.0,0.0,0.0,,0.0,0.0,0.0,0.0,Fjelstul World Cup Database via DataHub,https://datahub.io/football/worldcup
2014,Daniel Davari,Iran,Goalkeeper,26.0,,,,,,,66.7,,,,,,,,,,True,0.0,0.0,,Prime,,0.0,0.0,0.0,0.0,0.0,,0.0,0.0,0.0,0.0,Fjelstul World Cup Database via DataHub,https://datahub.io/football/worldcup
2014,Ehsan Hajsafi,Iran,Midfielder,24.0,,,,,,,66.7,,,,,,,,,,True,0.0,0.0,,U25,,241.0,3.0,3.0,0.0,0.0,,0.0,0.0,0.0,65.8,Fjelstul World Cup Database via DataHub,https://datahub.io/football/worldcup
2014,Ghasem Haddadifar,Iran,Midfielder,30.0,,,,,,,66.7,,,,,,,,,,True,0.0,0.0,,Veteran,,0.0,0.0,0.0,0.0,0.0,,0.0,0.0,0.0,0.0,Fjelstul World Cup Database via DataHub,https://datahub.io/football/worldcup
2014,Hashem Beikzadeh,Iran,Defender,30.0,,,,,,,66.7,,,,,,,,,,True,0.0,0.0,,Veteran,,0.0,0.0,0.0,0.0,0.0,,0.0,0.0,0.0,0.0,Fjelstul World Cup Database via DataHub,https://datahub.io/football/worldcup
2014,Hossein Mahini,Iran,Defender,27.0,,,,,,,66.7,,,,,,,,,,True,0.0,0.0,,Prime,,0.0,0.0,0.0,0.0,0.0,,0.0,0.0,0.0,0.0,Fjelstul World Cup Database via DataHub,https://datahub.io/football/worldcup
2014,Jalal Hosseini,Iran,Defender,32.0,,,,,,,66.7,,,,,,,,,,True,0.0,0.0,,Veteran,,274.0,3.0,3.0,0.0,0.0,,0.0,0.0,0.0,75.4,Fjelstul World Cup Database via DataHub,https://datahub.io/football/worldcup
2014,Javad Nekounam,Iran,Midfielder,33.0,,,,,,,66.7,,,,,,,,,,False,180.0,2.0,57.9,Veteran,,274.0,3.0,3.0,0.0,0.0,,0.0,1.0,0.0,75.4,Fjelstul World Cup Database via DataHub,https://datahub.io/football/worldcup
2014,Karim Ansarifard,Iran,Forward,24.0,,,,,,,66.7,,,,,,,,,,True,0.0,0.0,,U25,,22.0,0.0,1.0,1.0,0.0,,0.0,1.0,0.0,32.7,Fjelstul World Cup Database via DataHub,https://datahub.io/football/worldcup
2014,Khosro Heydari,Iran,Defender,30.0,,,,,,,66.7,,,,,,,,,,True,0.0,0.0,,Veteran,,151.0,1.0,3.0,2.0,0.0,,0.0,0.0,0.0,49.5,Fjelstul World Cup Database via DataHub,https://datahub.io/football/worldcup
2014,Masoud Shojaei,Iran,Midfielder,30.0,,,,,,,66.7,,,,,,,,,,False,77.0,1.0,37.4,Veteran,,123.0,2.0,3.0,1.0,0.0,,0.0,1.0,0.0,52.7,Fjelstul World Cup Database via DataHub,https://datahub.io/football/worldcup
2014,Mehrdad Pooladi,Iran,Defender,27.0,,,,,,,66.7,,,,,,,,,,True,0.0,0.0,,Prime,,274.0,3.0,3.0,0.0,0.0,,0.0,0.0,0.0,75.4,Fjelstul World Cup Database via DataHub,https://datahub.io/football/worldcup
2014,Pejman Montazeri,Iran,Defender,30.0,,,,,,,66.7,,,,,,,,,,True,0.0,0.0,,Veteran,,274.0,3.0,3.0,0.0,0.0,,0.0,0.0,0.0,75.4,Fjelstul World Cup Database via DataHub,https://datahub.io/football/worldcup
2014,Rahman Ahmadi,Iran,Goalkeeper,33.0,,,,,,,66.7,,,,,,,,,,True,0.0,0.0,,Veteran,,0.0,0.0,0.0,0.0,0.0,,0.0,0.0,0.0,0.0,Fjelstul World Cup Database via DataHub,https://datahub.io/football/worldcup
2014,Reza Ghoochannejhad,Iran,Forward,26.0,,,,,,,66.7,,,,,,,,,,True,0.0,0.0,,Prime,,274.0,3.0,3.0,0.0,1.0,,0.0,0.0,0.0,87.4,Fjelstul World Cup Database via DataHub,https://datahub.io/football/worldcup
2014,Reza Haghighi,Iran,Midfielder,25.0,,,,,,,66.7,,,,,,,,,,True,0.0,0.0,,U25,,6.0,0.0,1.0,1.0,0.0,,0.0,0.0,0.0,27.2,Fjelstul World Cup Database via DataHub,https://datahub.io/football/worldcup
2014,Steven Beitashour,Iran,Defender,27.0,,,,,,,66.7,,,,,,,,,,True,0.0,0.0,,Prime,,0.0,0.0,0.0,0.0,0.0,,0.0,0.0,0.0,0.0,Fjelstul World Cup Database via DataHub,https://datahub.io/football/worldcup
2014,Alberto Aquilani,Italy,Midfielder,29.0,,,,,,100.0,0.0,,,,,,,,,,True,0.0,0.0,,Prime,,0.0,0.0,0.0,0.0,0.0,,0.0,0.0,0.0,0.0,Fjelstul World Cup Database via DataHub,https://datahub.io/football/worldcup
2014,Alessio Cerci,Italy,Forward,26.0,,,,,,100.0,0.0,,,,,,,,,,True,0.0,0.0,,Prime,,21.0,0.0,1.0,1.0,0.0,,0.0,0.0,0.0,32.4,Fjelstul World Cup Database via DataHub,https://datahub.io/football/worldcup
2014,Andrea Barzagli,Italy,Defender,33.0,,,,,,100.0,0.0,,,,,,,,,,False,124.0,2.0,48.4,Veteran,,270.0,3.0,3.0,0.0,0.0,,0.0,0.0,0.0,67.9,Fjelstul World Cup Database via DataHub,https://datahub.io/football/worldcup
2014,Andrea Pirlo,Italy,Midfielder,35.0,,,,,,100.0,0.0,,,,,,,,,,False,706.0,8.0,33.6,Veteran,,270.0,3.0,3.0,0.0,0.0,,0.0,0.0,0.0,71.4,Fjelstul World Cup Database via DataHub,https://datahub.io/football/worldcup
2014,Antonio Candreva,Italy,Midfielder,27.0,,,,,,100.0,0.0,,,,,,,,,,True,0.0,0.0,,Prime,,136.0,2.0,2.0,0.0,0.0,,0.0,0.0,0.0,53.7,Fjelstul World Cup Database via DataHub,https://datahub.io/football/worldcup
2014,Antonio Cassano,Italy,Forward,31.0,,,,,,100.0,0.0,,,,,,,,,,True,0.0,0.0,,Veteran,,63.0,0.0,2.0,2.0,0.0,,0.0,0.0,0.0,39.2,Fjelstul World Cup Database via DataHub,https://datahub.io/football/worldcup
2014,Ciro Immobile,Italy,Forward,24.0,,,,,,100.0,0.0,,,,,,,,,,True,0.0,0.0,,U25,,88.0,1.0,2.0,1.0,0.0,,0.0,0.0,0.0,54.2,Fjelstul World Cup Database via DataHub,https://datahub.io/football/worldcup
2014,Claudio Marchisio,Italy,Midfielder,28.0,,,,,,100.0,0.0,,,,,,,,,,False,120.0,2.0,52.5,Prime,,249.0,3.0,3.0,0.0,1.0,,0.0,0.0,1.0,87.4,Fjelstul World Cup Database via DataHub,https://datahub.io/football/worldcup
2014,Daniele De Rossi,Italy,Midfielder,30.0,,,,,,100.0,0.0,,,,,,,,,,False,516.0,6.0,91.3,Veteran,,180.0,2.0,2.0,0.0,0.0,,0.0,0.0,0.0,57.9,Fjelstul World Cup Database via DataHub,https://datahub.io/football/worldcup
2014,Gabriel Paletta,Italy,Defender,28.0,,,,,,100.0,0.0,,,,,,,,,,True,0.0,0.0,,Prime,,90.0,1.0,1.0,0.0,0.0,,0.0,0.0,0.0,42.2,Fjelstul World Cup Database via DataHub,https://datahub.io/football/worldcup
2014,Gianluigi Buffon,Italy,Goalkeeper,36.0,,,,,,100.0,0.0,,,,,,,,,,False,1126.0,12.0,66.5,Veteran,,180.0,2.0,2.0,0.0,0.0,,0.0,0.0,0.0,72.2,Fjelstul World Cup Database via DataHub,https://datahub.io/football/worldcup
2014,Giorgio Chiellini,Italy,Defender,29.0,,,,,,100.0,0.0,,,,,,,,,,False,277.0,3.0,76.0,Prime,,270.0,3.0,3.0,0.0,0.0,,0.0,0.0,0.0,67.9,Fjelstul World Cup Database via DataHub,https://datahub.io/football/worldcup
2014,Ignazio Abate,Italy,Defender,27.0,,,,,,100.0,0.0,,,,,,,,,,True,0.0,0.0,,Prime,,90.0,1.0,1.0,0.0,0.0,,0.0,0.0,0.0,42.2,Fjelstul World Cup Database via DataHub,https://datahub.io/football/worldcup
2014,Leonardo Bonucci,Italy,Defender,27.0,,,,,,100.0,0.0,,,,,,,,,,True,0.0,0.0,0.0,Prime,,90.0,1.0,1.0,0.0,0.0,,0.0,0.0,0.0,42.2,Fjelstul World Cup Database via DataHub,https://datahub.io/football/worldcup
2014,Lorenzo Insigne,Italy,Forward,23.0,,,,,,100.0,0.0,,,,,,,,,,True,0.0,0.0,,U23,,33.0,0.0,1.0,1.0,0.0,,0.0,0.0,0.0,34.9,Fjelstul World Cup Database via DataHub,https://datahub.io/football/worldcup
2014,Marco Parolo,Italy,Midfielder,29.0,,,,,,100.0,0.0,,,,,,,,,,True,0.0,0.0,,Prime,,55.0,0.0,2.0,2.0,0.0,,0.0,0.0,0.0,36.0,Fjelstul World Cup Database via DataHub,https://datahub.io/football/worldcup
2014,Marco Verratti,Italy,Midfielder,21.0,,,,,,100.0,0.0,,,,,,,,,,True,0.0,0.0,,U21,,132.0,2.0,2.0,0.0,0.0,,0.0,0.0,0.0,53.2,Fjelstul World Cup Database via DataHub,https://datahub.io/football/worldcup
2014,Mario Balotelli,Italy,Forward,23.0,,,,,,100.0,0.0,,,,,,,,,,True,0.0,0.0,,U23,,209.0,3.0,3.0,0.0,1.0,,0.0,2.0,0.0,82.8,Fjelstul World Cup Database via DataHub,https://datahub.io/football/worldcup
2014,Matteo Darmian,Italy,Defender,24.0,,,,,,100.0,0.0,,,,,,,,,,True,0.0,0.0,,U25,,270.0,3.0,3.0,0.0,0.0,,0.0,0.0,0.0,67.9,Fjelstul World Cup Database via DataHub,https://datahub.io/football/worldcup
2014,Mattia De Sciglio,Italy,Defender,21.0,,,,,,100.0,0.0,,,,,,,,,,True,0.0,0.0,,U21,,90.0,1.0,1.0,0.0,0.0,,0.0,1.0,0.0,42.2,Fjelstul World Cup Database via DataHub,https://datahub.io/football/worldcup
2014,Mattia Perin,Italy,Goalkeeper,21.0,,,,,,100.0,0.0,,,,,,,,,,True,0.0,0.0,,U21,,0.0,0.0,0.0,0.0,0.0,,0.0,0.0,0.0,0.0,Fjelstul World Cup Database via DataHub,https://datahub.io/football/worldcup
2014,Salvatore Sirigu,Italy,Goalkeeper,27.0,,,,,,100.0,0.0,,,,,,,,,,True,0.0,0.0,,Prime,,90.0,1.0,1.0,0.0,0.0,,0.0,0.0,0.0,68.3,Fjelstul World Cup Database via DataHub,https://datahub.io/football/worldcup
2014,Thiago Motta,Italy,Midfielder,31.0,,,,,,100.0,0.0,,,,,,,,,,True,0.0,0.0,,Veteran,,94.0,1.0,3.0,2.0,0.0,,0.0,0.0,0.0,47.4,Fjelstul World Cup Database via DataHub,https://datahub.io/football/worldcup
2014,Arthur Boka,Ivory Coast,Defender,31.0,,,,,,,100.0,,,,,,,,,,False,363.0,4.0,42.2,Veteran,,255.0,3.0,3.0,0.0,0.0,,0.0,0.0,0.0,62.1,Fjelstul World Cup Database via DataHub,https://datahub.io/football/worldcup
2014,Boubacar Barry,Ivory Coast,Goalkeeper,34.0,,,,,,,100.0,,,,,,,,,,False,363.0,4.0,87.5,Veteran,,270.0,3.0,3.0,0.0,0.0,,0.0,0.0,0.0,76.1,Fjelstul World Cup Database via DataHub,https://datahub.io/football/worldcup
2014,Cheick Tioté,Ivory Coast,Midfielder,27.0,,,,,,,100.0,,,,,,,,,,False,273.0,3.0,75.1,Prime,,241.0,3.0,3.0,0.0,0.0,,0.0,1.0,0.0,65.8,Fjelstul World Cup Database via DataHub,https://datahub.io/football/worldcup
2014,Constant Djakpa,Ivory Coast,Defender,27.0,,,,,,,100.0,,,,,,,,,,True,0.0,0.0,,Prime,,15.0,0.0,1.0,1.0,0.0,,0.0,0.0,0.0,33.5,Fjelstul World Cup Database via DataHub,https://datahub.io/football/worldcup
2014,Didier Drogba,Ivory Coast,Forward,36.0,,,,,,,100.0,,,,,,,,,,False,390.0,5.0,81.5,Veteran,,136.0,1.0,3.0,2.0,0.0,,0.0,1.0,0.0,59.1,Fjelstul World Cup Database via DataHub,https://datahub.io/football/worldcup
2014,Didier Ya Konan,Ivory Coast,Forward,30.0,,,,,,,100.0,,,,,,,,,,True,0.0,0.0,,Veteran,,12.0,0.0,1.0,1.0,0.0,,0.0,0.0,0.0,30.6,Fjelstul World Cup Database via DataHub,https://datahub.io/football/worldcup
2014,Didier Zokora,Ivory Coast,Defender,33.0,,,,,,,100.0,,,,,,,,,,False,546.0,6.0,75.1,Veteran,,180.0,2.0,2.0,0.0,0.0,,0.0,2.0,0.0,54.5,Fjelstul World Cup Database via DataHub,https://datahub.io/football/worldcup
2014,Giovanni Sio,Ivory Coast,Forward,25.0,,,,,,,100.0,,,,,,,,,,True,0.0,0.0,,U25,,7.0,0.0,1.0,1.0,0.0,,0.0,0.0,0.0,29.4,Fjelstul World Cup Database via DataHub,https://datahub.io/football/worldcup
2014,Ismaël Diomandé,Ivory Coast,Midfielder,21.0,,,,,,,100.0,,,,,,,,,,True,0.0,0.0,,U21,,12.0,0.0,1.0,1.0,0.0,,0.0,0.0,0.0,28.6,Fjelstul World Cup Database via DataHub,https://datahub.io/football/worldcup
2014,Jean-Daniel Akpa Akpro,Ivory Coast,Defender,21.0,,,,,,,100.0,,,,,,,,,,True,0.0,0.0,,U21,,0.0,0.0,0.0,0.0,0.0,,0.0,0.0,0.0,0.0,Fjelstul World Cup Database via DataHub,https://datahub.io/football/worldcup
2014,Kolo Touré,Ivory Coast,Defender,33.0,,,,,,,100.0,,,,,,,,,,False,456.0,5.0,74.9,Veteran,,90.0,1.0,1.0,0.0,0.0,,0.0,0.0,0.0,42.2,Fjelstul World Cup Database via DataHub,https://datahub.io/football/worldcup
2014,Mathis Bolly,Ivory Coast,Forward,23.0,,,,,,,100.0,,,,,,,,,,True,0.0,0.0,,U23,,17.0,0.0,1.0,1.0,0.0,,0.0,0.0,0.0,31.7,Fjelstul World Cup Database via DataHub,https://datahub.io/football/worldcup
2014,Max Gradel,Ivory Coast,Forward,26.0,,,,,,,100.0,,,,,,,,,,True,0.0,0.0,,Prime,,67.0,1.0,1.0,0.0,0.0,,0.0,0.0,0.0,51.3,Fjelstul World Cup Database via DataHub,https://datahub.io/football/worldcup
2014,Ousmane Viera,Ivory Coast,Defender,27.0,,,,,,,100.0,,,,,,,,,,True,0.0,0.0,,Prime,,0.0,0.0,0.0,0.0,0.0,,0.0,0.0,0.0,0.0,Fjelstul World Cup Database via DataHub,https://datahub.io/football/worldcup
2014,Salomon Kalou,Ivory Coast,Forward,28.0,,,,,,,100.0,,,,,,,,,,False,160.0,3.0,78.9,Prime,,203.0,2.0,3.0,1.0,0.0,,0.0,1.0,0.0,66.8,Fjelstul World Cup Database via DataHub,https://datahub.io/football/worldcup
2014,Sayouba Mandé,Ivory Coast,Goalkeeper,20.0,,,,,,,100.0,,,,,,,,,,True,0.0,0.0,,U21,,0.0,0.0,0.0,0.0,0.0,,0.0,0.0,0.0,0.0,Fjelstul World Cup Database via DataHub,https://datahub.io/football/worldcup
2014,Serey Dié,Ivory Coast,Midfielder,29.0,,,,,,,100.0,,,,,,,,,,True,0.0,0.0,,Prime,,225.0,3.0,3.0,0.0,0.0,,0.0,1.0,0.0,64.4,Fjelstul World Cup Database via DataHub,https://datahub.io/football/worldcup
2014,Serge Aurier,Ivory Coast,Defender,21.0,,,,,,,100.0,,,,,,,,,,True,0.0,0.0,,U21,,270.0,3.0,3.0,0.0,0.0,,0.0,0.0,0.0,67.9,Fjelstul World Cup Database via DataHub,https://datahub.io/football/worldcup
2014,Sol Bamba,Ivory Coast,Defender,29.0,,,,,,,100.0,,,,,,,,,,True,0.0,0.0,0.0,Prime,,270.0,3.0,3.0,0.0,0.0,,0.0,1.0,0.0,67.9,Fjelstul World Cup Database via DataHub,https://datahub.io/football/worldcup
2014,Sylvain Gbohouo,Ivory Coast,Goalkeeper,25.0,,,,,,,100.0,,,,,,,,,,True,0.0,0.0,,U25,,0.0,0.0,0.0,0.0,0.0,,0.0,0.0,0.0,0.0,Fjelstul World Cup Database via DataHub,https://datahub.io/football/worldcup
2014,Wilfried Bony,Ivory Coast,Forward,25.0,,,,,,,100.0,,,,,,,,,,True,0.0,0.0,,U25,,167.0,2.0,3.0,1.0,2.0,,0.0,0.0,0.0,82.7,Fjelstul World Cup Database via DataHub,https://datahub.io/football/worldcup
2014,Yaya Touré,Ivory Coast,Midfielder,31.0,,,,,,,100.0,,,,,,,,,,False,546.0,6.0,91.2,Veteran,,270.0,3.0,3.0,0.0,0.0,,0.0,0.0,0.0,71.4,Fjelstul World Cup Database via DataHub,https://datahub.io/football/worldcup
2014,not applicable Gervinho,Ivory Coast,Forward,27.0,,,,,,,100.0,,,,,,,,,,False,185.0,3.0,66.1,Prime,,263.0,3.0,3.0,0.0,2.0,,0.0,0.0,0.0,88.6,Fjelstul World Cup Database via DataHub,https://datahub.io/football/worldcup
2014,Atsuto Uchida,Japan,Defender,26.0,,,,,,100.0,,,,,,,,,,,True,0.0,0.0,0.0,Prime,,270.0,3.0,3.0,0.0,0.0,,0.0,0.0,0.0,67.9,Fjelstul World Cup Database via DataHub,https://datahub.io/football/worldcup
2014,Eiji Kawashima,Japan,Goalkeeper,31.0,,,,,,100.0,,,,,,,,,,,False,391.0,4.0,92.7,Veteran,,270.0,3.0,3.0,0.0,0.0,,1.0,0.0,0.0,84.2,Fjelstul World Cup Database via DataHub,https://datahub.io/football/worldcup
2014,Gōtoku Sakai,Japan,Defender,23.0,,,,,,100.0,,,,,,,,,,,True,0.0,0.0,,U23,,0.0,0.0,0.0,0.0,0.0,,0.0,0.0,0.0,0.0,Fjelstul World Cup Database via DataHub,https://datahub.io/football/worldcup
2014,Hiroki Sakai,Japan,Defender,24.0,,,,,,100.0,,,,,,,,,,,True,0.0,0.0,,U25,,0.0,0.0,0.0,0.0,0.0,,0.0,0.0,0.0,0.0,Fjelstul World Cup Database via DataHub,https://datahub.io/football/worldcup
2014,Hiroshi Kiyotake,Japan,Midfielder,24.0,,,,,,100.0,,,,,,,,,,,True,0.0,0.0,,U25,,5.0,0.0,1.0,1.0,0.0,,0.0,0.0,0.0,27.0,Fjelstul World Cup Database via DataHub,https://datahub.io/football/worldcup
2014,Hotaru Yamaguchi,Japan,Midfielder,23.0,,,,,,100.0,,,,,,,,,,,True,0.0,0.0,,U23,,208.0,2.0,3.0,1.0,0.0,,0.0,0.0,0.0,60.7,Fjelstul World Cup Database via DataHub,https://datahub.io/football/worldcup
2014,Keisuke Honda,Japan,Midfielder,27.0,,,,,,100.0,,,,,,,,,,,False,391.0,4.0,96.2,Prime,,270.0,3.0,3.0,0.0,1.0,,0.0,0.0,0.0,90.1,Fjelstul World Cup Database via DataHub,https://datahub.io/football/worldcup
2014,Makoto Hasebe,Japan,Midfielder,30.0,,,,,,100.0,,,,,,,,,,,False,376.0,4.0,82.5,Veteran,,190.0,3.0,3.0,0.0,0.0,,0.0,1.0,0.0,62.9,Fjelstul World Cup Database via DataHub,https://datahub.io/football/worldcup
2014,Manabu Saitō,Japan,Forward,24.0,,,,,,100.0,,,,,,,,,,,True,0.0,0.0,,U25,,0.0,0.0,0.0,0.0,0.0,,0.0,0.0,0.0,0.0,Fjelstul World Cup Database via DataHub,https://datahub.io/football/worldcup
2014,Masahiko Inoha,Japan,Defender,30.0,,,,,,100.0,,,,,,,,,,,True,0.0,0.0,,Veteran,,0.0,0.0,0.0,0.0,0.0,,0.0,0.0,0.0,0.0,Fjelstul World Cup Database via DataHub,https://datahub.io/football/worldcup
2014,Masato Morishige,Japan,Defender,27.0,,,,,,100.0,,,,,,,,,,,True,0.0,0.0,,Prime,,90.0,1.0,1.0,0.0,0.0,,0.0,1.0,0.0,42.2,Fjelstul World Cup Database via DataHub,https://datahub.io/football/worldcup
2014,Maya Yoshida,Japan,Defender,25.0,,,,,,100.0,,,,,,,,,,,True,0.0,0.0,,U25,,270.0,3.0,3.0,0.0,0.0,,0.0,1.0,0.0,67.9,Fjelstul World Cup Database via DataHub,https://datahub.io/football/worldcup
2014,Shinji Kagawa,Japan,Midfielder,25.0,,,,,,100.0,,,,,,,,,,,True,0.0,0.0,,U25,,204.0,2.0,3.0,1.0,0.0,,0.0,0.0,0.0,60.4,Fjelstul World Cup Database via DataHub,https://datahub.io/football/worldcup
2014,Shinji Okazaki,Japan,Forward,28.0,,,,,,100.0,,,,,,,,,,,False,106.0,4.0,67.4,Prime,,249.0,3.0,3.0,0.0,1.0,,0.0,0.0,0.0,84.5,Fjelstul World Cup Database via DataHub,https://datahub.io/football/worldcup
2014,Shusaku Nishikawa,Japan,Goalkeeper,27.0,,,,,,100.0,,,,,,,,,,,True,0.0,0.0,,Prime,,0.0,0.0,0.0,0.0,0.0,,0.0,0.0,0.0,0.0,Fjelstul World Cup Database via DataHub,https://datahub.io/football/worldcup
2014,Shūichi Gonda,Japan,Goalkeeper,25.0,,,,,,100.0,,,,,,,,,,,True,0.0,0.0,,U25,,0.0,0.0,0.0,0.0,0.0,,0.0,0.0,0.0,0.0,Fjelstul World Cup Database via DataHub,https://datahub.io/football/worldcup
2014,Toshihiro Aoyama,Japan,Midfielder,28.0,,,,,,100.0,,,,,,,,,,,True,0.0,0.0,,Prime,,62.0,1.0,1.0,0.0,0.0,,0.0,0.0,0.0,41.4,Fjelstul World Cup Database via DataHub,https://datahub.io/football/worldcup
2014,Yasuhito Endō,Japan,Midfielder,34.0,,,,,,100.0,,,,,,,,,,,False,391.0,4.0,94.8,Veteran,,80.0,0.0,2.0,2.0,0.0,,0.0,0.0,0.0,37.5,Fjelstul World Cup Database via DataHub,https://datahub.io/football/worldcup
2014,Yasuyuki Konno,Japan,Defender,31.0,,,,,,100.0,,,,,,,,,,,False,3.0,1.0,32.0,Veteran,,180.0,2.0,2.0,0.0,0.0,,0.0,1.0,0.0,54.5,Fjelstul World Cup Database via DataHub,https://datahub.io/football/worldcup
2014,Yoichiro Kakitani,Japan,Forward,24.0,,,,,,100.0,,,,,,,,,,,True,0.0,0.0,,U25,,25.0,0.0,2.0,2.0,0.0,,0.0,0.0,0.0,33.3,Fjelstul World Cup Database via DataHub,https://datahub.io/football/worldcup
2014,Yoshito Ōkubo,Japan,Forward,32.0,,,,,,100.0,,,,,,,,,,,False,353.0,4.0,78.7,Veteran,,203.0,2.0,3.0,1.0,0.0,,0.0,0.0,0.0,66.8,Fjelstul World Cup Database via DataHub,https://datahub.io/football/worldcup
2014,Yuto Nagatomo,Japan,Defender,27.0,,,,,,100.0,,,,,,,,,,,False,391.0,4.0,86.1,Prime,,270.0,3.0,3.0,0.0,0.0,,0.0,0.0,0.0,67.9,Fjelstul World Cup Database via DataHub,https://datahub.io/football/worldcup
2014,Yuya Osako,Japan,Forward,24.0,,,,,,100.0,,,,,,,,,,,True,0.0,0.0,,U25,,124.0,2.0,2.0,0.0,0.0,,0.0,0.0,0.0,60.9,Fjelstul World Cup Database via DataHub,https://datahub.io/football/worldcup
2014,Alan Pulido,Mexico,Forward,23.0,,,,,,,50.0,,,,,,,,,,True,0.0,0.0,,U23,,0.0,0.0,0.0,0.0,0.0,,0.0,0.0,0.0,0.0,Fjelstul World Cup Database via DataHub,https://datahub.io/football/worldcup
2014,Alfredo Talavera,Mexico,Goalkeeper,31.0,,,,,,,50.0,,,,,,,,,,True,0.0,0.0,,Veteran,,0.0,0.0,0.0,0.0,0.0,,0.0,0.0,0.0,0.0,Fjelstul World Cup Database via DataHub,https://datahub.io/football/worldcup
2014,Andrés Guardado,Mexico,Midfielder,27.0,,,,,,,50.0,,,,,,,,,,False,208.0,4.0,54.1,Prime,,333.0,4.0,4.0,0.0,1.0,,0.0,1.0,0.0,92.9,Fjelstul World Cup Database via DataHub,https://datahub.io/football/worldcup
2014,Carlos Peña,Mexico,Midfielder,24.0,,,,,,,50.0,,,,,,,,,,True,0.0,0.0,,U25,,11.0,0.0,1.0,1.0,0.0,,0.0,0.0,0.0,28.2,Fjelstul World Cup Database via DataHub,https://datahub.io/football/worldcup
2014,Carlos Salcido,Mexico,Defender,34.0,,,,,,,50.0,,,,,,,,,,False,750.0,8.0,81.0,Veteran,,90.0,1.0,2.0,1.0,0.0,,0.0,0.0,0.0,42.2,Fjelstul World Cup Database via DataHub,https://datahub.io/football/worldcup
2014,Diego Reyes,Mexico,Defender,21.0,,,,,,,50.0,,,,,,,,,,True,0.0,0.0,,U21,,44.0,0.0,1.0,1.0,0.0,,0.0,0.0,0.0,35.5,Fjelstul World Cup Database via DataHub,https://datahub.io/football/worldcup
2014,Francisco Javier Rodríguez,Mexico,Defender,32.0,,,,,,,50.0,,,,,,,,,,False,406.0,5.0,81.0,Veteran,,361.0,4.0,4.0,0.0,0.0,,0.0,0.0,0.0,82.6,Fjelstul World Cup Database via DataHub,https://datahub.io/football/worldcup
2014,Giovani dos Santos,Mexico,Midfielder,25.0,,,,,,,50.0,,,,,,,,,,False,360.0,4.0,78.8,U25,,298.0,4.0,4.0,0.0,1.0,,0.0,0.0,0.0,92.3,Fjelstul World Cup Database via DataHub,https://datahub.io/football/worldcup
2014,Guillermo Ochoa,Mexico,Goalkeeper,28.0,,,,,,,50.0,,,,,,,,,,True,0.0,0.0,0.0,Prime,,361.0,4.0,4.0,0.0,0.0,,2.0,0.0,0.0,91.0,Fjelstul World Cup Database via DataHub,https://datahub.io/football/worldcup
2014,Héctor Herrera,Mexico,Midfielder,24.0,,,,,,,50.0,,,,,,,,,,True,0.0,0.0,,U25,,347.0,4.0,4.0,0.0,0.0,,0.0,0.0,0.0,79.5,Fjelstul World Cup Database via DataHub,https://datahub.io/football/worldcup
2014,Héctor Moreno,Mexico,Defender,26.0,,,,,,,50.0,,,,,,,,,,False,147.0,2.0,50.9,Prime,,317.0,4.0,4.0,0.0,0.0,,0.0,1.0,0.0,78.3,Fjelstul World Cup Database via DataHub,https://datahub.io/football/worldcup
2014,Isaác Brizuela,Mexico,Midfielder,23.0,,,,,,,50.0,,,,,,,,,,True,0.0,0.0,,U23,,0.0,0.0,0.0,0.0,0.0,,0.0,0.0,0.0,0.0,Fjelstul World Cup Database via DataHub,https://datahub.io/football/worldcup
2014,Javier Aquino,Mexico,Midfielder,24.0,,,,,,,50.0,,,,,,,,,,True,0.0,0.0,,U25,,29.0,0.0,1.0,1.0,0.0,,0.0,0.0,0.0,32.4,Fjelstul World Cup Database via DataHub,https://datahub.io/football/worldcup
2014,Javier Hernández,Mexico,Forward,26.0,,,,,,,50.0,,,,,,,,,,False,169.0,4.0,81.3,Prime,,76.0,0.0,4.0,4.0,1.0,,0.0,0.0,0.0,64.4,Fjelstul World Cup Database via DataHub,https://datahub.io/football/worldcup
2014,José Juan Vázquez,Mexico,Midfielder,26.0,,,,,,,50.0,,,,,,,,,,True,0.0,0.0,,Prime,,271.0,3.0,3.0,0.0,0.0,,0.0,2.0,0.0,74.3,Fjelstul World Cup Database via DataHub,https://datahub.io/football/worldcup
2014,José de Jesús Corona,Mexico,Goalkeeper,33.0,,,,,,,50.0,,,,,,,,,,True,0.0,0.0,0.0,Veteran,,0.0,0.0,0.0,0.0,0.0,,0.0,0.0,0.0,0.0,Fjelstul World Cup Database via DataHub,https://datahub.io/football/worldcup
2014,Marco Fabián,Mexico,Midfielder,24.0,,,,,,,50.0,,,,,,,,,,True,0.0,0.0,,U25,,42.0,0.0,3.0,3.0,0.0,,0.0,0.0,0.0,34.1,Fjelstul World Cup Database via DataHub,https://datahub.io/football/worldcup
2014,Miguel Layún,Mexico,Defender,25.0,,,,,,,50.0,,,,,,,,,,True,0.0,0.0,,U25,,361.0,4.0,4.0,0.0,0.0,,0.0,0.0,0.0,82.6,Fjelstul World Cup Database via DataHub,https://datahub.io/football/worldcup
2014,Miguel Ángel Ponce,Mexico,Defender,25.0,,,,,,,50.0,,,,,,,,,,True,0.0,0.0,,U25,,0.0,0.0,0.0,0.0,0.0,,0.0,0.0,0.0,0.0,Fjelstul World Cup Database via DataHub,https://datahub.io/football/worldcup
2014,Oribe Peralta,Mexico,Forward,30.0,,,,,,,50.0,,,,,,,,,,True,0.0,0.0,,Veteran,,302.0,4.0,4.0,0.0,1.0,,0.0,0.0,0.0,88.8,Fjelstul World Cup Database via DataHub,https://datahub.io/football/worldcup
2014,Paul Aguilar,Mexico,Defender,28.0,,,,,,,50.0,,,,,,,,,,False,55.0,1.0,38.0,Prime,,361.0,4.0,4.0,0.0,0.0,,0.0,2.0,0.0,82.6,Fjelstul World Cup Database via DataHub,https://datahub.io/football/worldcup
2014,Rafael Márquez,Mexico,Defender,35.0,,,,,,,50.0,,,,,,,,,,False,1113.0,12.0,96.4,Veteran,,361.0,4.0,4.0,0.0,1.0,,0.0,2.0,0.0,96.7,Fjelstul World Cup Database via DataHub,https://datahub.io/football/worldcup
2014,Raúl Jiménez,Mexico,Forward,23.0,,,,,,,50.0,,,,,,,,,,True,0.0,0.0,,U23,,6.0,0.0,1.0,1.0,0.0,,0.0,0.0,0.0,29.1,Fjelstul World Cup Database via DataHub,https://datahub.io/football/worldcup
2014,Arjen Robben,Netherlands,Forward,30.0,,,,,,66.66666666666666,66.7,,,,,,,,,,False,657.0,8.0,94.1,Veteran,,694.0,7.0,7.0,0.0,3.0,,0.0,1.0,0.0,99.0,Fjelstul World Cup Database via DataHub,https://datahub.io/football/worldcup
2014,Bruno Martins Indi,Netherlands,Defender,22.0,,,,,,66.66666666666666,66.7,,,,,,,,,,True,0.0,0.0,,U23,,464.0,5.0,6.0,1.0,0.0,,0.0,2.0,0.0,89.2,Fjelstul World Cup Database via DataHub,https://datahub.io/football/worldcup
2014,Daley Blind,Netherlands,Defender,24.0,,,,,,66.66666666666666,66.7,,,,,,,,,,True,0.0,0.0,,U25,,671.0,7.0,7.0,0.0,1.0,,0.0,1.0,0.0,99.8,Fjelstul World Cup Database via DataHub,https://datahub.io/football/worldcup
2014,Daryl Janmaat,Netherlands,Defender,24.0,,,,,,66.66666666666666,66.7,,,,,,,,,,True,0.0,0.0,,U25,,367.0,3.0,5.0,2.0,0.0,,0.0,0.0,0.0,78.4,Fjelstul World Cup Database via DataHub,https://datahub.io/football/worldcup
2014,Dirk Kuyt,Netherlands,Forward,33.0,,,,,,66.66666666666666,66.7,,,,,,,,,,False,790.0,10.0,94.2,Veteran,,513.0,5.0,5.0,0.0,0.0,,0.0,0.0,0.0,82.0,Fjelstul World Cup Database via DataHub,https://datahub.io/football/worldcup
2014,Georginio Wijnaldum,Netherlands,Midfielder,23.0,,,,,,66.66666666666666,66.7,,,,,,,,,,True,0.0,0.0,,U23,,554.0,5.0,7.0,2.0,1.0,,0.0,0.0,0.0,96.9,Fjelstul World Cup Database via DataHub,https://datahub.io/football/worldcup
2014,Jasper Cillessen,Netherlands,Goalkeeper,25.0,,,,,,66.66666666666666,66.7,,,,,,,,,,True,0.0,0.0,,U25,,694.0,7.0,7.0,0.0,0.0,,4.0,0.0,0.0,99.8,Fjelstul World Cup Database via DataHub,https://datahub.io/football/worldcup
2014,Jeremain Lens,Netherlands,Forward,26.0,,,,,,66.66666666666666,66.7,,,,,,,,,,True,0.0,0.0,,Prime,,128.0,1.0,4.0,3.0,0.0,,0.0,0.0,0.0,58.4,Fjelstul World Cup Database via DataHub,https://datahub.io/football/worldcup
2014,Jonathan de Guzmán,Netherlands,Midfielder,26.0,,,,,,66.66666666666666,66.7,,,,,,,,,,True,0.0,0.0,,Prime,,233.0,3.0,3.0,0.0,0.0,,0.0,2.0,0.0,65.1,Fjelstul World Cup Database via DataHub,https://datahub.io/football/worldcup
2014,Jordy Clasie,Netherlands,Midfielder,22.0,,,,,,66.66666666666666,66.7,,,,,,,,,,True,0.0,0.0,,U23,,148.0,1.0,2.0,1.0,0.0,,0.0,0.0,0.0,51.8,Fjelstul World Cup Database via DataHub,https://datahub.io/football/worldcup
2014,Joël Veltman,Netherlands,Defender,22.0,,,,,,66.66666666666666,66.7,,,,,,,,,,True,0.0,0.0,,U23,,16.0,0.0,2.0,2.0,0.0,,0.0,0.0,0.0,33.7,Fjelstul World Cup Database via DataHub,https://datahub.io/football/worldcup
2014,Klaas-Jan Huntelaar,Netherlands,Forward,30.0,,,,,,66.66666666666666,66.7,,,,,,,,,,False,50.0,4.0,61.5,Veteran,,53.0,0.0,3.0,3.0,1.0,,0.0,2.0,0.0,62.0,Fjelstul World Cup Database via DataHub,https://datahub.io/football/worldcup
2014,Leroy Fer,Netherlands,Midfielder,24.0,,,,,,66.66666666666666,66.7,,,,,,,,,,True,0.0,0.0,,U25,,15.0,0.0,1.0,1.0,1.0,,0.0,0.0,0.0,52.6,Fjelstul World Cup Database via DataHub,https://datahub.io/football/worldcup
2014,Memphis Depay,Netherlands,Forward,20.0,,,,,,66.66666666666666,66.7,,,,,,,,,,True,0.0,0.0,,U21,,173.0,1.0,4.0,3.0,2.0,,0.0,0.0,0.0,81.7,Fjelstul World Cup Database via DataHub,https://datahub.io/football/worldcup
2014,Michel Vorm,Netherlands,Goalkeeper,30.0,,,,,,66.66666666666666,66.7,,,,,,,,,,True,0.0,0.0,0.0,Veteran,,0.0,0.0,1.0,1.0,0.0,,0.0,0.0,0.0,0.0,Fjelstul World Cup Database via DataHub,https://datahub.io/football/worldcup
2014,Nigel de Jong,Netherlands,Midfielder,29.0,,,,,,66.66666666666666,66.7,,,,,,,,,,False,549.0,6.0,88.0,Prime,,341.0,5.0,5.0,0.0,0.0,,0.0,0.0,0.0,81.5,Fjelstul World Cup Database via DataHub,https://datahub.io/football/worldcup
2014,Paul Verhaegh,Netherlands,Defender,30.0,,,,,,66.66666666666666,66.7,,,,,,,,,,True,0.0,0.0,,Veteran,,56.0,1.0,1.0,0.0,0.0,,0.0,0.0,0.0,38.0,Fjelstul World Cup Database via DataHub,https://datahub.io/football/worldcup
2014,Robin van Persie,Netherlands,Forward,30.0,,,,,,66.66666666666666,66.7,,,,,,,,,,False,936.0,11.0,94.2,Veteran,,552.0,6.0,6.0,0.0,4.0,,0.0,2.0,0.0,98.7,Fjelstul World Cup Database via DataHub,https://datahub.io/football/worldcup
2014,Ron Vlaar,Netherlands,Defender,29.0,,,,,,66.66666666666666,66.7,,,,,,,,,,True,0.0,0.0,,Prime,,694.0,7.0,7.0,0.0,0.0,,0.0,0.0,0.0,95.6,Fjelstul World Cup Database via DataHub,https://datahub.io/football/worldcup
2014,Stefan de Vrij,Netherlands,Defender,22.0,,,,,,66.66666666666666,66.7,,,,,,,,,,True,0.0,0.0,,U23,,681.0,7.0,7.0,0.0,1.0,,0.0,1.0,0.0,99.9,Fjelstul World Cup Database via DataHub,https://datahub.io/football/worldcup
2014,Terence Kongolo,Netherlands,Defender,20.0,,,,,,66.66666666666666,66.7,,,,,,,,,,True,0.0,0.0,,U21,,1.0,0.0,1.0,1.0,0.0,,0.0,0.0,0.0,31.7,Fjelstul World Cup Database via DataHub,https://datahub.io/football/worldcup
2014,Tim Krul,Netherlands,Goalkeeper,26.0,,,,,,66.66666666666666,66.7,,,,,,,,,,True,0.0,0.0,,Prime,,0.0,0.0,1.0,1.0,0.0,,0.0,0.0,0.0,0.0,Fjelstul World Cup Database via DataHub,https://datahub.io/football/worldcup
2014,Wesley Sneijder,Netherlands,Midfielder,30.0,,,,,,66.66666666666666,66.7,,,,,,,,,,False,971.0,11.0,100.0,Veteran,,586.0,6.0,6.0,0.0,1.0,,0.0,0.0,0.0,97.7,Fjelstul World Cup Database via DataHub,https://datahub.io/football/worldcup
2014,Ahmed Musa,Nigeria,Forward,21.0,,,,,,,66.7,,,,,,,,,,True,0.0,0.0,,U21,,339.0,4.0,4.0,0.0,2.0,,0.0,0.0,0.0,92.9,Fjelstul World Cup Database via DataHub,https://datahub.io/football/worldcup
2014,Austin Ejide,Nigeria,Goalkeeper,30.0,,,,,,,66.7,,,,,,,,,,True,0.0,0.0,0.0,Veteran,,0.0,0.0,0.0,0.0,0.0,,0.0,0.0,0.0,0.0,Fjelstul World Cup Database via DataHub,https://datahub.io/football/worldcup
2014,Azubuike Egwuekwe,Nigeria,Defender,24.0,,,,,,,66.7,,,,,,,,,,True,0.0,0.0,,U25,,0.0,0.0,0.0,0.0,0.0,,0.0,0.0,0.0,0.0,Fjelstul World Cup Database via DataHub,https://datahub.io/football/worldcup
2014,Chigozie Agbim,Nigeria,Goalkeeper,29.0,,,,,,,66.7,,,,,,,,,,True,0.0,0.0,,Prime,,0.0,0.0,0.0,0.0,0.0,,0.0,0.0,0.0,0.0,Fjelstul World Cup Database via DataHub,https://datahub.io/football/worldcup
2014,Efe Ambrose,Nigeria,Defender,25.0,,,,,,,66.7,,,,,,,,,,True,0.0,0.0,,U25,,364.0,4.0,4.0,0.0,0.0,,0.0,0.0,0.0,83.7,Fjelstul World Cup Database via DataHub,https://datahub.io/football/worldcup
2014,Ejike Uzoenyi,Nigeria,Midfielder,26.0,,,,,,,66.7,,,,,,,,,,True,0.0,0.0,,Prime,,15.0,0.0,1.0,1.0,0.0,,0.0,0.0,0.0,29.5,Fjelstul World Cup Database via DataHub,https://datahub.io/football/worldcup
2014,Emmanuel Emenike,Nigeria,Forward,27.0,,,,,,,66.7,,,,,,,,,,True,0.0,0.0,,Prime,,364.0,4.0,4.0,0.0,0.0,,0.0,0.0,0.0,79.3,Fjelstul World Cup Database via DataHub,https://datahub.io/football/worldcup
2014,Godfrey Oboabona,Nigeria,Defender,23.0,,,,,,,66.7,,,,,,,,,,True,0.0,0.0,,U23,,29.0,1.0,1.0,0.0,0.0,,0.0,0.0,0.0,37.0,Fjelstul World Cup Database via DataHub,https://datahub.io/football/worldcup
2014,John Obi Mikel,Nigeria,Midfielder,27.0,,,,,,,66.7,,,,,,,,,,True,0.0,0.0,,Prime,,364.0,4.0,4.0,0.0,0.0,,0.0,1.0,0.0,82.1,Fjelstul World Cup Database via DataHub,https://datahub.io/football/worldcup
2014,Joseph Yobo,Nigeria,Defender,33.0,,,,,,,66.7,,,,,,,,,,False,496.0,6.0,60.6,Veteran,,335.0,3.0,4.0,1.0,0.0,,0.0,0.0,0.0,77.6,Fjelstul World Cup Database via DataHub,https://datahub.io/football/worldcup
2014,Juwon Oshaniwa,Nigeria,Defender,23.0,,,,,,,66.7,,,,,,,,,,True,0.0,0.0,,U23,,364.0,4.0,4.0,0.0,0.0,,0.0,1.0,0.0,83.7,Fjelstul World Cup Database via DataHub,https://datahub.io/football/worldcup
2014,Kenneth Omeruo,Nigeria,Defender,20.0,,,,,,,66.7,,,,,,,,,,True,0.0,0.0,,U21,,364.0,4.0,4.0,0.0,0.0,,0.0,1.0,0.0,83.7,Fjelstul World Cup Database via DataHub,https://datahub.io/football/worldcup
2014,Kunle Odunlami,Nigeria,Defender,23.0,,,,,,,66.7,,,,,,,,,,True,0.0,0.0,,U23,,0.0,0.0,0.0,0.0,0.0,,0.0,0.0,0.0,0.0,Fjelstul World Cup Database via DataHub,https://datahub.io/football/worldcup
2014,Michael Babatunde,Nigeria,Midfielder,21.0,,,,,,,66.7,,,,,,,,,,True,0.0,0.0,,U21,,141.0,2.0,2.0,0.0,0.0,,0.0,0.0,0.0,54.1,Fjelstul World Cup Database via DataHub,https://datahub.io/football/worldcup
2014,Michael Uchebo,Nigeria,Forward,24.0,,,,,,,66.7,,,,,,,,,,True,0.0,0.0,,U25,,24.0,0.0,1.0,1.0,0.0,,0.0,0.0,0.0,33.0,Fjelstul World Cup Database via DataHub,https://datahub.io/football/worldcup
2014,Ogenyi Onazi,Nigeria,Midfielder,21.0,,,,,,,66.7,,,,,,,,,,True,0.0,0.0,,U21,,329.0,4.0,4.0,0.0,0.0,,0.0,0.0,0.0,78.4,Fjelstul World Cup Database via DataHub,https://datahub.io/football/worldcup
2014,Peter Odemwingie,Nigeria,Forward,32.0,,,,,,,66.7,,,,,,,,,,False,76.0,2.0,52.2,Veteran,,285.0,3.0,4.0,1.0,1.0,,0.0,0.0,0.0,87.5,Fjelstul World Cup Database via DataHub,https://datahub.io/football/worldcup
2014,Ramon Azeez,Nigeria,Midfielder,21.0,,,,,,,66.7,,,,,,,,,,True,0.0,0.0,,U21,,69.0,1.0,1.0,0.0,0.0,,0.0,0.0,0.0,42.5,Fjelstul World Cup Database via DataHub,https://datahub.io/football/worldcup
2014,Reuben Gabriel,Nigeria,Midfielder,23.0,,,,,,,66.7,,,,,,,,,,True,0.0,0.0,,U23,,35.0,0.0,1.0,1.0,0.0,,0.0,0.0,0.0,33.3,Fjelstul World Cup Database via DataHub,https://datahub.io/football/worldcup
2014,Shola Ameobi,Nigeria,Forward,32.0,,,,,,,66.7,,,,,,,,,,True,0.0,0.0,,Veteran,,63.0,0.0,2.0,2.0,0.0,,0.0,0.0,0.0,39.2,Fjelstul World Cup Database via DataHub,https://datahub.io/football/worldcup
2014,Uche Nwofor,Nigeria,Forward,22.0,,,,,,,66.7,,,,,,,,,,True,0.0,0.0,,U23,,15.0,0.0,2.0,2.0,0.0,,0.0,0.0,0.0,31.2,Fjelstul World Cup Database via DataHub,https://datahub.io/football/worldcup
2014,Victor Moses,Nigeria,Midfielder,23.0,,,,,,,66.7,,,,,,,,,,True,0.0,0.0,,U23,,141.0,2.0,2.0,0.0,0.0,,0.0,0.0,0.0,54.1,Fjelstul World Cup Database via DataHub,https://datahub.io/football/worldcup
2014,Vincent Enyeama,Nigeria,Goalkeeper,31.0,,,,,,,66.7,,,,,,,,,,False,363.0,4.0,79.0,Veteran,,364.0,4.0,4.0,0.0,0.0,,2.0,0.0,0.0,91.2,Fjelstul World Cup Database via DataHub,https://datahub.io/football/worldcup
2014,André Almeida,Portugal,Defender,23.0,,,,,,0.0,50.0,,,,,,,,,,True,0.0,0.0,,U23,,71.0,1.0,2.0,1.0,0.0,,0.0,0.0,0.0,38.7,Fjelstul World Cup Database via DataHub,https://datahub.io/football/worldcup
2014,Bruno Alves,Portugal,Defender,32.0,,,,,,0.0,50.0,,,,,,,,,,False,363.0,4.0,83.4,Veteran,,271.0,3.0,3.0,0.0,0.0,,0.0,0.0,0.0,73.3,Fjelstul World Cup Database via DataHub,https://datahub.io/football/worldcup
2014,Cristiano Ronaldo,Portugal,Forward,29.0,,,,,,0.0,50.0,,,,,,,,,,False,847.0,10.0,91.1,Prime,,271.0,3.0,3.0,0.0,1.0,,0.0,0.0,0.0,87.0,Fjelstul World Cup Database via DataHub,https://datahub.io/football/worldcup
2014,Fábio Coentrão,Portugal,Defender,26.0,,,,,,0.0,50.0,,,,,,,,,,False,363.0,4.0,83.4,Prime,,65.0,1.0,1.0,0.0,0.0,,0.0,0.0,0.0,38.4,Fjelstul World Cup Database via DataHub,https://datahub.io/football/worldcup
2014,Hugo Almeida,Portugal,Forward,30.0,,,,,,0.0,50.0,,,,,,,,,,False,135.0,2.0,77.6,Veteran,,28.0,1.0,1.0,0.0,0.0,,0.0,0.0,0.0,45.9,Fjelstul World Cup Database via DataHub,https://datahub.io/football/worldcup
2014,Hélder Postiga,Portugal,Forward,31.0,,,,,,0.0,50.0,,,,,,,,,,False,118.0,3.0,57.9,Veteran,,16.0,1.0,1.0,0.0,0.0,,0.0,0.0,0.0,45.6,Fjelstul World Cup Database via DataHub,https://datahub.io/football/worldcup
2014,João Moutinho,Portugal,Midfielder,27.0,,,,,,0.0,50.0,,,,,,,,,,True,0.0,0.0,,Prime,,271.0,3.0,3.0,0.0,0.0,,0.0,1.0,0.0,74.3,Fjelstul World Cup Database via DataHub,https://datahub.io/football/worldcup
2014,João Pereira,Portugal,Defender,30.0,,,,,,0.0,50.0,,,,,,,,,,True,0.0,0.0,,Veteran,,242.0,3.0,3.0,0.0,0.0,,0.0,1.0,0.0,61.2,Fjelstul World Cup Database via DataHub,https://datahub.io/football/worldcup
2014,Luís Neto,Portugal,Defender,26.0,,,,,,0.0,50.0,,,,,,,,,,True,0.0,0.0,,Prime,,0.0,0.0,0.0,0.0,0.0,,0.0,0.0,0.0,0.0,Fjelstul World Cup Database via DataHub,https://datahub.io/football/worldcup
2014,Miguel Veloso,Portugal,Midfielder,28.0,,,,,,0.0,50.0,,,,,,,,,,False,26.0,2.0,31.6,Prime,,227.0,3.0,3.0,0.0,0.0,,0.0,0.0,0.0,64.8,Fjelstul World Cup Database via DataHub,https://datahub.io/football/worldcup
2014,Rafa Silva,Portugal,Midfielder,21.0,,,,,,0.0,50.0,,,,,,,,,,True,0.0,0.0,,U21,,0.0,0.0,0.0,0.0,0.0,,0.0,0.0,0.0,0.0,Fjelstul World Cup Database via DataHub,https://datahub.io/football/worldcup
2014,Raul Meireles,Portugal,Midfielder,31.0,,,,,,0.0,50.0,,,,,,,,,,False,332.0,4.0,92.9,Veteran,,159.0,2.0,2.0,0.0,0.0,,0.0,0.0,0.0,55.6,Fjelstul World Cup Database via DataHub,https://datahub.io/football/worldcup
2014,Ricardo Costa,Portugal,Defender,33.0,,,,,,0.0,50.0,,,,,,,,,,False,273.0,3.0,57.1,Veteran,,135.0,1.0,2.0,1.0,0.0,,0.0,0.0,0.0,48.9,Fjelstul World Cup Database via DataHub,https://datahub.io/football/worldcup
2014,Rui Patrício,Portugal,Goalkeeper,26.0,,,,,,0.0,50.0,,,,,,,,,,True,0.0,0.0,,Prime,,90.0,1.0,1.0,0.0,0.0,,0.0,0.0,0.0,68.3,Fjelstul World Cup Database via DataHub,https://datahub.io/football/worldcup
2014,Rúben Amorim,Portugal,Midfielder,29.0,,,,,,0.0,50.0,,,,,,,,,,False,5.0,1.0,27.0,Prime,,90.0,1.0,1.0,0.0,0.0,,0.0,0.0,0.0,45.8,Fjelstul World Cup Database via DataHub,https://datahub.io/football/worldcup
2014,Silvestre Varela,Portugal,Midfielder,29.0,,,,,,0.0,50.0,,,,,,,,,,True,0.0,0.0,,Prime,,51.0,0.0,2.0,2.0,1.0,,0.0,0.0,0.0,57.1,Fjelstul World Cup Database via DataHub,https://datahub.io/football/worldcup
2014,William Carvalho,Portugal,Midfielder,22.0,,,,,,0.0,50.0,,,,,,,,,,True,0.0,0.0,,U23,,135.0,1.0,2.0,1.0,0.0,,0.0,0.0,0.0,50.9,Fjelstul World Cup Database via DataHub,https://datahub.io/football/worldcup
2014,not applicable Beto,Portugal,Goalkeeper,32.0,,,,,,0.0,50.0,,,,,,,,,,True,0.0,0.0,0.0,Veteran,,180.0,2.0,2.0,0.0,0.0,,0.0,0.0,0.0,72.2,Fjelstul World Cup Database via DataHub,https://datahub.io/football/worldcup
2014,not applicable Eder,Portugal,Forward,26.0,,,,,,0.0,50.0,,,,,,,,,,True,0.0,0.0,,Prime,,206.0,1.0,3.0,2.0,0.0,,0.0,0.0,0.0,64.5,Fjelstul World Cup Database via DataHub,https://datahub.io/football/worldcup
2014,not applicable Eduardo,Portugal,Goalkeeper,31.0,,,,,,0.0,50.0,,,,,,,,,,False,363.0,4.0,92.7,Veteran,,1.0,0.0,1.0,1.0,0.0,,0.0,0.0,0.0,65.4,Fjelstul World Cup Database via DataHub,https://datahub.io/football/worldcup
2014,not applicable Nani,Portugal,Midfielder,27.0,,,,,,0.0,50.0,,,,,,,,,,True,0.0,0.0,,Prime,,271.0,3.0,3.0,0.0,1.0,,0.0,0.0,0.0,91.0,Fjelstul World Cup Database via DataHub,https://datahub.io/football/worldcup
2014,not applicable Pepe,Portugal,Defender,31.0,,,,,,0.0,50.0,,,,,,,,,,False,136.0,2.0,50.5,Veteran,,180.0,2.0,2.0,0.0,0.0,,0.0,0.0,1.0,54.5,Fjelstul World Cup Database via DataHub,https://datahub.io/football/worldcup
2014,not applicable Vieirinha,Portugal,Midfielder,28.0,,,,,,0.0,50.0,,,,,,,,,,True,0.0,0.0,,Prime,,21.0,0.0,1.0,1.0,0.0,,0.0,0.0,0.0,30.8,Fjelstul World Cup Database via DataHub,https://datahub.io/football/worldcup
2014,Alan Dzagoev,Russia,Midfielder,23.0,,,,,,,0.0,,,,,,,,,,True,0.0,0.0,,U23,,63.0,0.0,3.0,3.0,0.0,,0.0,0.0,0.0,36.7,Fjelstul World Cup Database via DataHub,https://datahub.io/football/worldcup
2014,Aleksandr Kerzhakov,Russia,Forward,31.0,,,,,,,0.0,,,,,,,,,,False,10.0,1.0,30.0,Veteran,,100.0,1.0,3.0,2.0,1.0,,0.0,0.0,0.0,73.3,Fjelstul World Cup Database via DataHub,https://datahub.io/football/worldcup
2014,Aleksandr Kokorin,Russia,Forward,23.0,,,,,,,0.0,,,,,,,,,,True,0.0,0.0,,U23,,272.0,3.0,3.0,0.0,1.0,,0.0,0.0,0.0,87.1,Fjelstul World Cup Database via DataHub,https://datahub.io/football/worldcup
2014,Aleksandr Samedov,Russia,Forward,29.0,,,,,,,0.0,,,,,,,,,,True,0.0,0.0,,Prime,,272.0,3.0,3.0,0.0,0.0,,0.0,0.0,0.0,75.6,Fjelstul World Cup Database via DataHub,https://datahub.io/football/worldcup
2014,Aleksei Ionov,Russia,Forward,25.0,,,,,,,0.0,,,,,,,,,,True,0.0,0.0,,U25,,0.0,0.0,0.0,0.0,0.0,,0.0,0.0,0.0,0.0,Fjelstul World Cup Database via DataHub,https://datahub.io/football/worldcup
2014,Aleksei Kozlov,Russia,Defender,27.0,,,,,,,0.0,,,,,,,,,,True,0.0,0.0,,Prime,,154.0,2.0,2.0,0.0,0.0,,0.0,1.0,0.0,51.3,Fjelstul World Cup Database via DataHub,https://datahub.io/football/worldcup
2014,Andrei Semyonov,Russia,Defender,25.0,,,,,,,0.0,,,,,,,,,,True,0.0,0.0,,U25,,0.0,0.0,0.0,0.0,0.0,,0.0,0.0,0.0,0.0,Fjelstul World Cup Database via DataHub,https://datahub.io/football/worldcup
2014,Andrey Yeshchenko,Russia,Defender,30.0,,,,,,,0.0,,,,,,,,,,True,0.0,0.0,,Veteran,,118.0,1.0,2.0,1.0,0.0,,0.0,0.0,0.0,47.9,Fjelstul World Cup Database via DataHub,https://datahub.io/football/worldcup
2014,Denis Glushakov,Russia,Midfielder,27.0,,,,,,,0.0,,,,,,,,,,True,0.0,0.0,,Prime,,208.0,3.0,3.0,0.0,0.0,,0.0,1.0,0.0,63.5,Fjelstul World Cup Database via DataHub,https://datahub.io/football/worldcup
2014,Dmitri Kombarov,Russia,Defender,27.0,,,,,,,0.0,,,,,,,,,,True,0.0,0.0,,Prime,,272.0,3.0,3.0,0.0,0.0,,0.0,1.0,0.0,74.1,Fjelstul World Cup Database via DataHub,https://datahub.io/football/worldcup
2014,Georgi Shchennikov,Russia,Defender,23.0,,,,,,,0.0,,,,,,,,,,True,0.0,0.0,,U23,,0.0,0.0,0.0,0.0,0.0,,0.0,0.0,0.0,0.0,Fjelstul World Cup Database via DataHub,https://datahub.io/football/worldcup
2014,Igor Akinfeev,Russia,Goalkeeper,28.0,,,,,,,0.0,,,,,,,,,,True,0.0,0.0,,Prime,,272.0,3.0,3.0,0.0,0.0,,0.0,0.0,0.0,78.8,Fjelstul World Cup Database via DataHub,https://datahub.io/football/worldcup
2014,Igor Denisov,Russia,Midfielder,30.0,,,,,,,0.0,,,,,,,,,,True,0.0,0.0,,Veteran,,64.0,0.0,2.0,2.0,0.0,,0.0,0.0,0.0,36.8,Fjelstul World Cup Database via DataHub,https://datahub.io/football/worldcup
2014,Maksim Kanunnikov,Russia,Forward,22.0,,,,,,,0.0,,,,,,,,,,True,0.0,0.0,,U23,,101.0,1.0,2.0,1.0,0.0,,0.0,0.0,0.0,56.6,Fjelstul World Cup Database via DataHub,https://datahub.io/football/worldcup
2014,Oleg Shatov,Russia,Midfielder,23.0,,,,,,,0.0,,,,,,,,,,True,0.0,0.0,,U23,,209.0,3.0,3.0,0.0,0.0,,0.0,1.0,0.0,63.6,Fjelstul World Cup Database via DataHub,https://datahub.io/football/worldcup
2014,Pavel Mogilevets,Russia,Midfielder,21.0,,,,,,,0.0,,,,,,,,,,True,0.0,0.0,,U21,,0.0,0.0,0.0,0.0,0.0,,0.0,0.0,0.0,0.0,Fjelstul World Cup Database via DataHub,https://datahub.io/football/worldcup
2014,Sergei Ignashevich,Russia,Defender,34.0,,,,,,,0.0,,,,,,,,,,True,0.0,0.0,,Veteran,,272.0,3.0,3.0,0.0,0.0,,0.0,0.0,0.0,74.1,Fjelstul World Cup Database via DataHub,https://datahub.io/football/worldcup
2014,Sergey Ryzhikov,Russia,Goalkeeper,33.0,,,,,,,0.0,,,,,,,,,,True,0.0,0.0,,Veteran,,0.0,0.0,0.0,0.0,0.0,,0.0,0.0,0.0,0.0,Fjelstul World Cup Database via DataHub,https://datahub.io/football/worldcup
2014,Vasili Berezutski,Russia,Defender,31.0,,,,,,,0.0,,,,,,,,,,True,0.0,0.0,,Veteran,,272.0,3.0,3.0,0.0,0.0,,0.0,0.0,0.0,74.1,Fjelstul World Cup Database via DataHub,https://datahub.io/football/worldcup
2014,Viktor Fayzulin,Russia,Midfielder,28.0,,,,,,,0.0,,,,,,,,,,True,0.0,0.0,,Prime,,272.0,3.0,3.0,0.0,0.0,,0.0,0.0,0.0,74.7,Fjelstul World Cup Database via DataHub,https://datahub.io/football/worldcup
2014,Vladimir Granat,Russia,Defender,27.0,,,,,,,0.0,,,,,,,,,,True,0.0,0.0,,Prime,,0.0,0.0,0.0,0.0,0.0,,0.0,0.0,0.0,0.0,Fjelstul World Cup Database via DataHub,https://datahub.io/football/worldcup
2014,Yuri Lodygin,Russia,Goalkeeper,24.0,,,,,,,0.0,,,,,,,,,,True,0.0,0.0,,U25,,0.0,0.0,0.0,0.0,0.0,,0.0,0.0,0.0,0.0,Fjelstul World Cup Database via DataHub,https://datahub.io/football/worldcup
2014,Yuri Zhirkov,Russia,Defender,30.0,,,,,,,0.0,,,,,,,,,,True,0.0,0.0,,Veteran,,71.0,1.0,1.0,0.0,0.0,,0.0,0.0,0.0,38.7,Fjelstul World Cup Database via DataHub,https://datahub.io/football/worldcup
2014,Bo-kyung Kim,South Korea,Midfielder,24.0,,,,,,0.0,0.0,,,,,,,,,,True,0.0,0.0,0.0,U25,,30.0,0.0,2.0,2.0,0.0,,0.0,0.0,0.0,32.6,Fjelstul World Cup Database via DataHub,https://datahub.io/football/worldcup
2014,Bum-young Lee,South Korea,Goalkeeper,25.0,,,,,,0.0,0.0,,,,,,,,,,True,0.0,0.0,,U25,,0.0,0.0,0.0,0.0,0.0,,0.0,0.0,0.0,0.0,Fjelstul World Cup Database via DataHub,https://datahub.io/football/worldcup
2014,Chang-soo Kim,South Korea,Defender,28.0,,,,,,0.0,0.0,,,,,,,,,,True,0.0,0.0,,Prime,,0.0,0.0,0.0,0.0,0.0,,0.0,0.0,0.0,0.0,Fjelstul World Cup Database via DataHub,https://datahub.io/football/worldcup
2014,Chu-young Park,South Korea,Forward,28.0,,,,,,0.0,0.0,,,,,,,,,,False,417.0,5.0,90.1,Prime,,113.0,2.0,2.0,0.0,0.0,,0.0,0.0,0.0,59.8,Fjelstul World Cup Database via DataHub,https://datahub.io/football/worldcup
2014,Chung-yong Lee,South Korea,Midfielder,25.0,,,,,,0.0,0.0,,,,,,,,,,False,364.0,4.0,95.4,U25,,244.0,3.0,3.0,0.0,0.0,,0.0,0.0,0.0,66.1,Fjelstul World Cup Database via DataHub,https://datahub.io/football/worldcup
2014,Dae-sung Ha,South Korea,Midfielder,29.0,,,,,,0.0,0.0,,,,,,,,,,True,0.0,0.0,,Prime,,0.0,0.0,0.0,0.0,0.0,,0.0,0.0,0.0,0.0,Fjelstul World Cup Database via DataHub,https://datahub.io/football/worldcup
2014,Dong-won Ji,South Korea,Forward,23.0,,,,,,0.0,0.0,,,,,,,,,,True,0.0,0.0,,U23,,29.0,0.0,2.0,2.0,0.0,,0.0,0.0,0.0,34.0,Fjelstul World Cup Database via DataHub,https://datahub.io/football/worldcup
2014,Heung-min Son,South Korea,Forward,21.0,,,,,,0.0,0.0,,,,,,,,,,True,0.0,0.0,,U21,,247.0,3.0,3.0,0.0,1.0,,0.0,1.0,0.0,84.3,Fjelstul World Cup Database via DataHub,https://datahub.io/football/worldcup
2014,Ja-cheol Koo,South Korea,Midfielder,25.0,,,,,,0.0,0.0,,,,,,,,,,True,0.0,0.0,,U25,,270.0,3.0,3.0,0.0,1.0,,0.0,1.0,0.0,90.1,Fjelstul World Cup Database via DataHub,https://datahub.io/football/worldcup
2014,Jeong-ho Hong,South Korea,Defender,24.0,,,,,,0.0,0.0,,,,,,,,,,True,0.0,0.0,,U25,,253.0,3.0,3.0,0.0,0.0,,0.0,1.0,0.0,61.9,Fjelstul World Cup Database via DataHub,https://datahub.io/football/worldcup
2014,Jong-woo Park,South Korea,Midfielder,25.0,,,,,,0.0,0.0,,,,,,,,,,True,0.0,0.0,,U25,,0.0,0.0,0.0,0.0,0.0,,0.0,0.0,0.0,0.0,Fjelstul World Cup Database via DataHub,https://datahub.io/football/worldcup
2014,Joo-ho Park,South Korea,Defender,27.0,,,,,,0.0,0.0,,,,,,,,,,True,0.0,0.0,,Prime,,0.0,0.0,0.0,0.0,0.0,,0.0,0.0,0.0,0.0,Fjelstul World Cup Database via DataHub,https://datahub.io/football/worldcup
2014,Keun-ho Lee,South Korea,Forward,29.0,,,,,,0.0,0.0,,,,,,,,,,True,0.0,0.0,,Prime,,104.0,0.0,3.0,3.0,1.0,,0.0,0.0,0.0,67.3,Fjelstul World Cup Database via DataHub,https://datahub.io/football/worldcup
2014,Kook-young Han,South Korea,Midfielder,24.0,,,,,,0.0,0.0,,,,,,,,,,True,0.0,0.0,,U25,,214.0,3.0,3.0,0.0,0.0,,0.0,1.0,0.0,63.8,Fjelstul World Cup Database via DataHub,https://datahub.io/football/worldcup
2014,Seok-ho Hwang,South Korea,Defender,24.0,,,,,,0.0,0.0,,,,,,,,,,True,0.0,0.0,,U25,,17.0,0.0,1.0,1.0,0.0,,0.0,0.0,0.0,33.8,Fjelstul World Cup Database via DataHub,https://datahub.io/football/worldcup
2014,Seung-gyu Kim,South Korea,Goalkeeper,23.0,,,,,,0.0,0.0,,,,,,,,,,True,0.0,0.0,,U23,,90.0,1.0,1.0,0.0,0.0,,0.0,0.0,0.0,68.3,Fjelstul World Cup Database via DataHub,https://datahub.io/football/worldcup
2014,Shin-wook Kim,South Korea,Forward,26.0,,,,,,0.0,0.0,,,,,,,,,,True,0.0,0.0,,Prime,,99.0,1.0,2.0,1.0,0.0,,0.0,0.0,0.0,56.5,Fjelstul World Cup Database via DataHub,https://datahub.io/football/worldcup
2014,Suk-young Yun,South Korea,Defender,24.0,,,,,,0.0,0.0,,,,,,,,,,True,0.0,0.0,,U25,,270.0,3.0,3.0,0.0,0.0,,0.0,0.0,0.0,67.9,Fjelstul World Cup Database via DataHub,https://datahub.io/football/worldcup
2014,Sung-ryong Jung,South Korea,Goalkeeper,29.0,,,,,,0.0,0.0,,,,,,,,,,False,364.0,4.0,89.2,Prime,,180.0,2.0,2.0,0.0,0.0,,0.0,0.0,0.0,72.2,Fjelstul World Cup Database via DataHub,https://datahub.io/football/worldcup
2014,Sung-yueng Ki,South Korea,Midfielder,25.0,,,,,,0.0,0.0,,,,,,,,,,False,292.0,4.0,77.5,U25,,270.0,3.0,3.0,0.0,0.0,,0.0,1.0,0.0,71.4,Fjelstul World Cup Database via DataHub,https://datahub.io/football/worldcup
2014,Tae-hwi Kwak,South Korea,Defender,32.0,,,,,,0.0,0.0,,,,,,,,,,True,0.0,0.0,,Veteran,,0.0,0.0,0.0,0.0,0.0,,0.0,0.0,0.0,0.0,Fjelstul World Cup Database via DataHub,https://datahub.io/football/worldcup
2014,Yong Lee,South Korea,Defender,27.0,,,,,,0.0,0.0,,,,,,,,,,True,0.0,0.0,,Prime,,270.0,3.0,3.0,0.0,0.0,,0.0,1.0,0.0,67.9,Fjelstul World Cup Database via DataHub,https://datahub.io/football/worldcup
2014,Young-gwon Kim,South Korea,Defender,24.0,,,,,,0.0,0.0,,,,,,,,,,True,0.0,0.0,,U25,,270.0,3.0,3.0,0.0,0.0,,0.0,0.0,0.0,67.9,Fjelstul World Cup Database via DataHub,https://datahub.io/football/worldcup
2014,Andrés Iniesta,Spain,Midfielder,30.0,,,,,,100.0,50.0,,,,,,,,,,False,653.0,7.0,99.1,Veteran,,270.0,3.0,3.0,0.0,0.0,,0.0,0.0,0.0,71.4,Fjelstul World Cup Database via DataHub,https://datahub.io/football/worldcup
2014,Cesc Fàbregas,Spain,Midfielder,27.0,,,,,,100.0,50.0,,,,,,,,,,False,339.0,8.0,40.9,Prime,,34.0,0.0,2.0,2.0,0.0,,0.0,0.0,0.0,33.2,Fjelstul World Cup Database via DataHub,https://datahub.io/football/worldcup
2014,César Azpilicueta,Spain,Defender,24.0,,,,,,100.0,50.0,,,,,,,,,,True,0.0,0.0,,U25,,180.0,2.0,2.0,0.0,0.0,,0.0,0.0,0.0,54.5,Fjelstul World Cup Database via DataHub,https://datahub.io/football/worldcup
2014,David Silva,Spain,Midfielder,28.0,,,,,,100.0,50.0,,,,,,,,,,False,69.0,2.0,42.5,Prime,,175.0,2.0,3.0,1.0,0.0,,0.0,0.0,0.0,56.8,Fjelstul World Cup Database via DataHub,https://datahub.io/football/worldcup
2014,David Villa,Spain,Forward,32.0,,,,,,100.0,50.0,,,,,,,,,,False,847.0,11.0,99.7,Veteran,,56.0,1.0,1.0,0.0,1.0,,0.0,0.0,0.0,69.4,Fjelstul World Cup Database via DataHub,https://datahub.io/football/worldcup
2014,David de Gea,Spain,Goalkeeper,23.0,,,,,,100.0,50.0,,,,,,,,,,True,0.0,0.0,,U23,,0.0,0.0,0.0,0.0,0.0,,0.0,0.0,0.0,0.0,Fjelstul World Cup Database via DataHub,https://datahub.io/football/worldcup
2014,Diego Costa,Spain,Forward,25.0,,,,,,100.0,50.0,,,,,,,,,,True,0.0,0.0,,U25,,126.0,2.0,2.0,0.0,0.0,,0.0,0.0,0.0,61.0,Fjelstul World Cup Database via DataHub,https://datahub.io/football/worldcup
2014,Fernando Torres,Spain,Forward,30.0,,,,,,100.0,50.0,,,,,,,,,,False,586.0,11.0,77.3,Veteran,,144.0,1.0,3.0,2.0,1.0,,0.0,0.0,0.0,76.7,Fjelstul World Cup Database via DataHub,https://datahub.io/football/worldcup
2014,Gerard Piqué,Spain,Defender,27.0,,,,,,100.0,50.0,,,,,,,,,,False,668.0,7.0,95.4,Prime,,90.0,1.0,1.0,0.0,0.0,,0.0,0.0,0.0,42.2,Fjelstul World Cup Database via DataHub,https://datahub.io/football/worldcup
2014,Iker Casillas,Spain,Goalkeeper,33.0,,,,,,100.0,50.0,,,,,,,,,,False,1448.0,15.0,99.8,Veteran,,180.0,2.0,2.0,0.0,0.0,,0.0,1.0,0.0,72.2,Fjelstul World Cup Database via DataHub,https://datahub.io/football/worldcup
2014,Javi Martínez,Spain,Midfielder,25.0,,,,,,100.0,50.0,,,,,,,,,,False,17.0,1.0,30.0,U25,,90.0,1.0,1.0,0.0,0.0,,0.0,0.0,0.0,45.8,Fjelstul World Cup Database via DataHub,https://datahub.io/football/worldcup
2014,Jordi Alba,Spain,Defender,25.0,,,,,,100.0,50.0,,,,,,,,,,True,0.0,0.0,,U25,,270.0,3.0,3.0,0.0,0.0,,0.0,0.0,0.0,67.9,Fjelstul World Cup Database via DataHub,https://datahub.io/football/worldcup
2014,Juan Mata,Spain,Midfielder,26.0,,,,,,100.0,50.0,,,,,,,,,,False,20.0,1.0,30.5,Prime,,34.0,0.0,1.0,1.0,1.0,,0.0,0.0,0.0,54.8,Fjelstul World Cup Database via DataHub,https://datahub.io/football/worldcup
2014,Pepe Reina,Spain,Goalkeeper,31.0,,,,,,100.0,50.0,,,,,,,,,,True,0.0,0.0,0.0,Veteran,,90.0,1.0,1.0,0.0,0.0,,1.0,0.0,0.0,80.4,Fjelstul World Cup Database via DataHub,https://datahub.io/football/worldcup
2014,Raúl Albiol,Spain,Defender,28.0,,,,,,100.0,50.0,,,,,,,,,,True,0.0,0.0,0.0,Prime,,90.0,1.0,1.0,0.0,0.0,,0.0,0.0,0.0,42.2,Fjelstul World Cup Database via DataHub,https://datahub.io/football/worldcup
2014,Santi Cazorla,Spain,Midfielder,29.0,,,,,,100.0,50.0,,,,,,,,,,True,0.0,0.0,,Prime,,82.0,1.0,2.0,1.0,0.0,,0.0,0.0,0.0,43.9,Fjelstul World Cup Database via DataHub,https://datahub.io/football/worldcup
2014,Sergio Busquets,Spain,Midfielder,25.0,,,,,,100.0,50.0,,,,,,,,,,False,637.0,7.0,89.2,U25,,180.0,2.0,2.0,0.0,0.0,,0.0,0.0,0.0,57.9,Fjelstul World Cup Database via DataHub,https://datahub.io/football/worldcup
2014,Sergio Ramos,Spain,Defender,28.0,,,,,,100.0,50.0,,,,,,,,,,False,925.0,10.0,94.7,Prime,,270.0,3.0,3.0,0.0,0.0,,0.0,1.0,0.0,67.9,Fjelstul World Cup Database via DataHub,https://datahub.io/football/worldcup
2014,Xabi Alonso,Spain,Midfielder,32.0,,,,,,100.0,50.0,,,,,,,,,,False,838.0,10.0,88.7,Veteran,,191.0,3.0,3.0,0.0,1.0,,0.0,1.0,0.0,84.0,Fjelstul World Cup Database via DataHub,https://datahub.io/football/worldcup
2014,not applicable Juanfran,Spain,Defender,29.0,,,,,,100.0,50.0,,,,,,,,,,True,0.0,0.0,,Prime,,90.0,1.0,1.0,0.0,0.0,,0.0,0.0,0.0,42.2,Fjelstul World Cup Database via DataHub,https://datahub.io/football/worldcup
2014,not applicable Koke,Spain,Midfielder,22.0,,,,,,100.0,50.0,,,,,,,,,,True,0.0,0.0,,U23,,134.0,1.0,2.0,1.0,0.0,,0.0,0.0,0.0,50.7,Fjelstul World Cup Database via DataHub,https://datahub.io/football/worldcup
2014,not applicable Pedro,Spain,Forward,26.0,,,,,,100.0,50.0,,,,,,,,,,False,176.0,4.0,64.7,Prime,,104.0,1.0,2.0,1.0,0.0,,0.0,0.0,0.0,56.9,Fjelstul World Cup Database via DataHub,https://datahub.io/football/worldcup
2014,not applicable Xavi,Spain,Midfielder,34.0,,,,,,100.0,50.0,,,,,,,,,,False,1042.0,14.0,89.2,Veteran,,90.0,1.0,1.0,0.0,0.0,,0.0,0.0,0.0,45.8,Fjelstul World Cup Database via DataHub,https://datahub.io/football/worldcup
2014,Admir Mehmedi,Switzerland,Forward,23.0,,,,,,,0.0,,,,,,,,,,True,0.0,0.0,,U23,,337.0,3.0,4.0,1.0,1.0,,0.0,0.0,0.0,88.3,Fjelstul World Cup Database via DataHub,https://datahub.io/football/worldcup
2014,Blerim Džemaili,Switzerland,Midfielder,28.0,,,,,,,0.0,,,,,,,,,,True,0.0,0.0,0.0,Prime,,54.0,0.0,3.0,3.0,1.0,,0.0,0.0,0.0,58.7,Fjelstul World Cup Database via DataHub,https://datahub.io/football/worldcup
2014,Diego Benaglio,Switzerland,Goalkeeper,30.0,,,,,,,0.0,,,,,,,,,,False,272.0,3.0,87.4,Veteran,,390.0,4.0,4.0,0.0,0.0,,1.0,0.0,0.0,89.7,Fjelstul World Cup Database via DataHub,https://datahub.io/football/worldcup
2014,Fabian Schär,Switzerland,Defender,22.0,,,,,,,0.0,,,,,,,,,,True,0.0,0.0,,U23,,210.0,2.0,2.0,0.0,0.0,,0.0,0.0,0.0,58.5,Fjelstul World Cup Database via DataHub,https://datahub.io/football/worldcup
2014,Granit Xhaka,Switzerland,Midfielder,21.0,,,,,,,0.0,,,,,,,,,,True,0.0,0.0,,U21,,323.0,4.0,4.0,0.0,1.0,,0.0,1.0,0.0,92.6,Fjelstul World Cup Database via DataHub,https://datahub.io/football/worldcup
2014,Gélson Fernandes,Switzerland,Midfielder,27.0,,,,,,,0.0,,,,,,,,,,False,215.0,3.0,85.2,Prime,,54.0,0.0,1.0,1.0,0.0,,0.0,1.0,0.0,35.9,Fjelstul World Cup Database via DataHub,https://datahub.io/football/worldcup
2014,Gökhan Inler,Switzerland,Midfielder,29.0,,,,,,,0.0,,,,,,,,,,False,272.0,3.0,74.7,Prime,,390.0,4.0,4.0,0.0,0.0,,0.0,0.0,0.0,83.2,Fjelstul World Cup Database via DataHub,https://datahub.io/football/worldcup
2014,Haris Seferovic,Switzerland,Forward,22.0,,,,,,,0.0,,,,,,,,,,True,0.0,0.0,,U23,,138.0,1.0,4.0,3.0,1.0,,0.0,0.0,0.0,76.4,Fjelstul World Cup Database via DataHub,https://datahub.io/football/worldcup
2014,Johan Djourou,Switzerland,Defender,27.0,,,,,,,0.0,,,,,,,,,,False,86.0,3.0,39.3,Prime,,390.0,4.0,4.0,0.0,0.0,,0.0,1.0,0.0,85.3,Fjelstul World Cup Database via DataHub,https://datahub.io/football/worldcup
2014,Josip Drmić,Switzerland,Forward,21.0,,,,,,,0.0,,,,,,,,,,True,0.0,0.0,,U21,,252.0,3.0,4.0,1.0,0.0,,0.0,0.0,0.0,71.9,Fjelstul World Cup Database via DataHub,https://datahub.io/football/worldcup
2014,Mario Gavranović,Switzerland,Forward,24.0,,,,,,,0.0,,,,,,,,,,True,0.0,0.0,,U25,,0.0,0.0,0.0,0.0,0.0,,0.0,0.0,0.0,0.0,Fjelstul World Cup Database via DataHub,https://datahub.io/football/worldcup
2014,Michael Lang,Switzerland,Defender,23.0,,,,,,,0.0,,,,,,,,,,True,0.0,0.0,,U23,,13.0,0.0,1.0,1.0,0.0,,0.0,0.0,0.0,33.1,Fjelstul World Cup Database via DataHub,https://datahub.io/football/worldcup
2014,Philippe Senderos,Switzerland,Defender,29.0,,,,,,,0.0,,,,,,,,,,False,269.0,4.0,37.1,Prime,,81.0,0.0,1.0,1.0,0.0,,0.0,0.0,0.0,36.6,Fjelstul World Cup Database via DataHub,https://datahub.io/football/worldcup
2014,Reto Ziegler,Switzerland,Defender,28.0,,,,,,,0.0,,,,,,,,,,False,272.0,3.0,74.1,Prime,,0.0,0.0,0.0,0.0,0.0,,0.0,0.0,0.0,0.0,Fjelstul World Cup Database via DataHub,https://datahub.io/football/worldcup
2014,Ricardo Rodríguez,Switzerland,Defender,21.0,,,,,,,0.0,,,,,,,,,,True,0.0,0.0,,U21,,390.0,4.0,4.0,0.0,0.0,,0.0,0.0,0.0,85.3,Fjelstul World Cup Database via DataHub,https://datahub.io/football/worldcup
2014,Roman Bürki,Switzerland,Goalkeeper,23.0,,,,,,,0.0,,,,,,,,,,True,0.0,0.0,,U23,,0.0,0.0,0.0,0.0,0.0,,0.0,0.0,0.0,0.0,Fjelstul World Cup Database via DataHub,https://datahub.io/football/worldcup
2014,Stephan Lichtsteiner,Switzerland,Defender,30.0,,,,,,,0.0,,,,,,,,,,False,272.0,3.0,74.1,Veteran,,390.0,4.0,4.0,0.0,0.0,,0.0,0.0,0.0,85.3,Fjelstul World Cup Database via DataHub,https://datahub.io/football/worldcup
2014,Steve von Bergen,Switzerland,Defender,31.0,,,,,,,0.0,,,,,,,,,,False,236.0,3.0,59.3,Veteran,,99.0,2.0,2.0,0.0,0.0,,0.0,0.0,0.0,49.6,Fjelstul World Cup Database via DataHub,https://datahub.io/football/worldcup
2014,Tranquillo Barnetta,Switzerland,Midfielder,29.0,,,,,,,0.0,,,,,,,,,,False,620.0,7.0,62.4,Prime,,0.0,0.0,0.0,0.0,0.0,,0.0,0.0,0.0,0.0,Fjelstul World Cup Database via DataHub,https://datahub.io/football/worldcup
2014,Valentin Stocker,Switzerland,Midfielder,25.0,,,,,,,0.0,,,,,,,,,,True,0.0,0.0,,U25,,46.0,1.0,1.0,0.0,0.0,,0.0,0.0,0.0,39.1,Fjelstul World Cup Database via DataHub,https://datahub.io/football/worldcup
2014,Valon Behrami,Switzerland,Midfielder,29.0,,,,,,,0.0,,,,,,,,,,False,92.0,2.0,45.8,Prime,,346.0,4.0,4.0,0.0,0.0,,0.0,0.0,0.0,79.4,Fjelstul World Cup Database via DataHub,https://datahub.io/football/worldcup
2014,Xherdan Shaqiri,Switzerland,Midfielder,22.0,,,,,,,0.0,,,,,,,,,,False,12.0,1.0,28.6,U23,,387.0,4.0,4.0,0.0,3.0,,0.0,0.0,0.0,96.3,Fjelstul World Cup Database via DataHub,https://datahub.io/football/worldcup
2014,Yann Sommer,Switzerland,Goalkeeper,25.0,,,,,,,0.0,,,,,,,,,,True,0.0,0.0,,U25,,0.0,0.0,0.0,0.0,0.0,,0.0,0.0,0.0,0.0,Fjelstul World Cup Database via DataHub,https://datahub.io/football/worldcup
2014,Alejandro Bedoya,United States,Midfielder,27.0,,,,,,66.66666666666666,16.7,,,,,,,,,,True,0.0,0.0,,Prime,,287.0,3.0,4.0,1.0,0.0,,0.0,0.0,0.0,76.1,Fjelstul World Cup Database via DataHub,https://datahub.io/football/worldcup
2014,Aron Jóhannsson,United States,Forward,23.0,,,,,,66.66666666666666,16.7,,,,,,,,,,True,0.0,0.0,,U23,,67.0,0.0,1.0,1.0,0.0,,0.0,0.0,0.0,39.4,Fjelstul World Cup Database via DataHub,https://datahub.io/football/worldcup
2014,Brad Davis,United States,Midfielder,32.0,,,,,,66.66666666666666,16.7,,,,,,,,,,True,0.0,0.0,,Veteran,,59.0,1.0,1.0,0.0,0.0,,0.0,0.0,0.0,41.1,Fjelstul World Cup Database via DataHub,https://datahub.io/football/worldcup
2014,Brad Guzan,United States,Goalkeeper,29.0,,,,,,66.66666666666666,16.7,,,,,,,,,,True,0.0,0.0,0.0,Prime,,0.0,0.0,0.0,0.0,0.0,,0.0,0.0,0.0,0.0,Fjelstul World Cup Database via DataHub,https://datahub.io/football/worldcup
2014,Chris Wondolowski,United States,Forward,31.0,,,,,,66.66666666666666,16.7,,,,,,,,,,True,0.0,0.0,,Veteran,,52.0,0.0,2.0,2.0,0.0,,0.0,0.0,0.0,38.0,Fjelstul World Cup Database via DataHub,https://datahub.io/football/worldcup
2014,Clint Dempsey,United States,Forward,31.0,,,,,,66.66666666666666,16.7,,,,,,,,,,False,546.0,6.0,94.9,Veteran,,387.0,4.0,4.0,0.0,2.0,,0.0,0.0,0.0,94.1,Fjelstul World Cup Database via DataHub,https://datahub.io/football/worldcup
2014,DaMarcus Beasley,United States,Defender,32.0,,,,,,66.66666666666666,16.7,,,,,,,,,,False,437.0,7.0,27.9,Veteran,,391.0,4.0,4.0,0.0,0.0,,0.0,0.0,0.0,86.1,Fjelstul World Cup Database via DataHub,https://datahub.io/football/worldcup
2014,DeAndre Yedlin,United States,Defender,20.0,,,,,,66.66666666666666,16.7,,,,,,,,,,True,0.0,0.0,,U21,,113.0,0.0,3.0,3.0,0.0,,0.0,0.0,0.0,37.3,Fjelstul World Cup Database via DataHub,https://datahub.io/football/worldcup
2014,Fabian Johnson,United States,Defender,26.0,,,,,,66.66666666666666,16.7,,,,,,,,,,True,0.0,0.0,,Prime,,303.0,4.0,4.0,0.0,0.0,,0.0,0.0,0.0,78.0,Fjelstul World Cup Database via DataHub,https://datahub.io/football/worldcup
2014,Geoff Cameron,United States,Defender,28.0,,,,,,66.66666666666666,16.7,,,,,,,,,,True,0.0,0.0,,Prime,,301.0,3.0,3.0,0.0,0.0,,0.0,1.0,0.0,77.1,Fjelstul World Cup Database via DataHub,https://datahub.io/football/worldcup
2014,Graham Zusi,United States,Midfielder,27.0,,,,,,66.66666666666666,16.7,,,,,,,,,,True,0.0,0.0,,Prime,,260.0,3.0,4.0,1.0,0.0,,0.0,0.0,0.0,67.9,Fjelstul World Cup Database via DataHub,https://datahub.io/football/worldcup
2014,Jermaine Jones,United States,Midfielder,32.0,,,,,,66.66666666666666,16.7,,,,,,,,,,True,0.0,0.0,,Veteran,,391.0,4.0,4.0,0.0,1.0,,0.0,1.0,0.0,94.8,Fjelstul World Cup Database via DataHub,https://datahub.io/football/worldcup
2014,John Brooks,United States,Defender,21.0,,,,,,66.66666666666666,16.7,,,,,,,,,,True,0.0,0.0,,U21,,44.0,0.0,1.0,1.0,1.0,,0.0,0.0,0.0,58.1,Fjelstul World Cup Database via DataHub,https://datahub.io/football/worldcup
2014,Jozy Altidore,United States,Forward,24.0,,,,,,66.66666666666666,16.7,,,,,,,,,,False,361.0,4.0,79.0,U25,,23.0,1.0,1.0,0.0,0.0,,0.0,0.0,0.0,45.6,Fjelstul World Cup Database via DataHub,https://datahub.io/football/worldcup
2014,Julian Green,United States,Midfielder,19.0,,,,,,66.66666666666666,16.7,,,,,,,,,,True,0.0,0.0,,U21,,13.0,0.0,1.0,1.0,1.0,,0.0,0.0,0.0,52.3,Fjelstul World Cup Database via DataHub,https://datahub.io/football/worldcup
2014,Kyle Beckerman,United States,Midfielder,32.0,,,,,,66.66666666666666,16.7,,,,,,,,,,True,0.0,0.0,,Veteran,,271.0,3.0,3.0,0.0,0.0,,0.0,1.0,0.0,74.3,Fjelstul World Cup Database via DataHub,https://datahub.io/football/worldcup
2014,Matt Besler,United States,Defender,27.0,,,,,,66.66666666666666,16.7,,,,,,,,,,True,0.0,0.0,,Prime,,347.0,4.0,4.0,0.0,0.0,,0.0,0.0,0.0,79.0,Fjelstul World Cup Database via DataHub,https://datahub.io/football/worldcup
2014,Michael Bradley,United States,Midfielder,26.0,,,,,,66.66666666666666,16.7,,,,,,,,,,False,394.0,4.0,94.9,Prime,,391.0,4.0,4.0,0.0,0.0,,0.0,0.0,0.0,83.6,Fjelstul World Cup Database via DataHub,https://datahub.io/football/worldcup
2014,Mix Diskerud,United States,Midfielder,23.0,,,,,,66.66666666666666,16.7,,,,,,,,,,True,0.0,0.0,,U23,,0.0,0.0,0.0,0.0,0.0,,0.0,0.0,0.0,0.0,Fjelstul World Cup Database via DataHub,https://datahub.io/football/worldcup
2014,Nick Rimando,United States,Goalkeeper,34.0,,,,,,66.66666666666666,16.7,,,,,,,,,,True,0.0,0.0,,Veteran,,0.0,0.0,0.0,0.0,0.0,,0.0,0.0,0.0,0.0,Fjelstul World Cup Database via DataHub,https://datahub.io/football/worldcup
2014,Omar Gonzalez,United States,Defender,25.0,,,,,,66.66666666666666,16.7,,,,,,,,,,True,0.0,0.0,,U25,,210.0,2.0,3.0,1.0,0.0,,0.0,1.0,0.0,58.5,Fjelstul World Cup Database via DataHub,https://datahub.io/football/worldcup
2014,Tim Howard,United States,Goalkeeper,35.0,,,,,,66.66666666666666,16.7,,,,,,,,,,False,394.0,4.0,90.1,Veteran,,391.0,4.0,4.0,0.0,0.0,,0.0,0.0,0.0,81.5,Fjelstul World Cup Database via DataHub,https://datahub.io/football/worldcup
2014,Timothy Chandler,United States,Defender,24.0,,,,,,66.66666666666666,16.7,,,,,,,,,,True,0.0,0.0,,U25,,0.0,0.0,0.0,0.0,0.0,,0.0,0.0,0.0,0.0,Fjelstul World Cup Database via DataHub,https://datahub.io/football/worldcup
2014,Abel Hernández,Uruguay,Forward,23.0,,,,,,0.0,50.0,,,,,,,,,,True,0.0,0.0,,U23,,37.0,0.0,2.0,2.0,0.0,,0.0,0.0,0.0,35.7,Fjelstul World Cup Database via DataHub,https://datahub.io/football/worldcup
2014,Cristhian Stuani,Uruguay,Forward,27.0,,,,,,0.0,50.0,,,,,,,,,,True,0.0,0.0,,Prime,,177.0,1.0,4.0,3.0,0.0,,0.0,0.0,0.0,62.1,Fjelstul World Cup Database via DataHub,https://datahub.io/football/worldcup
2014,Cristian Rodríguez,Uruguay,Midfielder,28.0,,,,,,0.0,50.0,,,,,,,,,,True,0.0,0.0,,Prime,,334.0,4.0,4.0,0.0,0.0,,0.0,0.0,0.0,78.7,Fjelstul World Cup Database via DataHub,https://datahub.io/football/worldcup
2014,Diego Forlán,Uruguay,Forward,35.0,,,,,,0.0,50.0,,,,,,,,,,False,699.0,8.0,99.8,Veteran,,113.0,2.0,2.0,0.0,0.0,,0.0,0.0,0.0,59.8,Fjelstul World Cup Database via DataHub,https://datahub.io/football/worldcup
2014,Diego Godín,Uruguay,Defender,28.0,,,,,,0.0,50.0,,,,,,,,,,False,407.0,5.0,87.1,Prime,,360.0,4.0,4.0,0.0,1.0,,0.0,1.0,0.0,96.4,Fjelstul World Cup Database via DataHub,https://datahub.io/football/worldcup
2014,Diego Lugano,Uruguay,Defender,33.0,,,,,,0.0,50.0,,,,,,,,,,False,489.0,6.0,91.0,Veteran,,90.0,1.0,1.0,0.0,0.0,,0.0,2.0,0.0,42.2,Fjelstul World Cup Database via DataHub,https://datahub.io/football/worldcup
2014,Diego Pérez,Uruguay,Midfielder,34.0,,,,,,0.0,50.0,,,,,,,,,,False,644.0,7.0,89.2,Veteran,,0.0,0.0,0.0,0.0,0.0,,0.0,0.0,0.0,0.0,Fjelstul World Cup Database via DataHub,https://datahub.io/football/worldcup
2014,Edinson Cavani,Uruguay,Forward,27.0,,,,,,0.0,50.0,,,,,,,,,,False,523.0,6.0,93.4,Prime,,360.0,4.0,4.0,0.0,1.0,,0.0,0.0,0.0,90.6,Fjelstul World Cup Database via DataHub,https://datahub.io/football/worldcup
2014,Egidio Arévalo Ríos,Uruguay,Midfielder,32.0,,,,,,0.0,50.0,,,,,,,,,,False,661.0,7.0,89.4,Veteran,,360.0,4.0,4.0,0.0,0.0,,0.0,1.0,0.0,80.8,Fjelstul World Cup Database via DataHub,https://datahub.io/football/worldcup
2014,Fernando Muslera,Uruguay,Goalkeeper,27.0,,,,,,0.0,50.0,,,,,,,,,,False,661.0,7.0,98.7,Prime,,360.0,4.0,4.0,0.0,0.0,,1.0,1.0,0.0,88.1,Fjelstul World Cup Database via DataHub,https://datahub.io/football/worldcup
2014,Gastón Ramírez,Uruguay,Midfielder,23.0,,,,,,0.0,50.0,,,,,,,,,,True,0.0,0.0,,U23,,49.0,0.0,2.0,2.0,0.0,,0.0,0.0,0.0,35.4,Fjelstul World Cup Database via DataHub,https://datahub.io/football/worldcup
2014,Jorge Fucile,Uruguay,Defender,29.0,,,,,,0.0,50.0,,,,,,,,,,False,462.0,5.0,89.1,Prime,,11.0,0.0,1.0,1.0,0.0,,0.0,0.0,0.0,32.9,Fjelstul World Cup Database via DataHub,https://datahub.io/football/worldcup
2014,José Giménez,Uruguay,Defender,19.0,,,,,,0.0,50.0,,,,,,,,,,True,0.0,0.0,,U21,,270.0,3.0,3.0,0.0,0.0,,0.0,1.0,0.0,67.9,Fjelstul World Cup Database via DataHub,https://datahub.io/football/worldcup
2014,Luis Suárez,Uruguay,Forward,27.0,,,,,,0.0,50.0,,,,,,,,,,False,544.0,6.0,98.1,Prime,,178.0,2.0,2.0,0.0,2.0,,0.0,0.0,0.0,83.0,Fjelstul World Cup Database via DataHub,https://datahub.io/football/worldcup
2014,Martín Cáceres,Uruguay,Defender,27.0,,,,,,0.0,50.0,,,,,,,,,,False,181.0,2.0,56.6,Prime,,360.0,4.0,4.0,0.0,0.0,,0.0,1.0,0.0,81.0,Fjelstul World Cup Database via DataHub,https://datahub.io/football/worldcup
2014,Martín Silva,Uruguay,Goalkeeper,31.0,,,,,,0.0,50.0,,,,,,,,,,True,0.0,0.0,0.0,Veteran,,0.0,0.0,0.0,0.0,0.0,,0.0,0.0,0.0,0.0,Fjelstul World Cup Database via DataHub,https://datahub.io/football/worldcup
2014,Maxi Pereira,Uruguay,Defender,30.0,,,,,,0.0,50.0,,,,,,,,,,False,661.0,7.0,99.7,Veteran,,224.0,2.0,3.0,1.0,0.0,,0.0,0.0,1.0,59.0,Fjelstul World Cup Database via DataHub,https://datahub.io/football/worldcup
2014,Nicolás Lodeiro,Uruguay,Midfielder,25.0,,,,,,0.0,50.0,,,,,,,,,,False,117.0,3.0,39.5,U25,,143.0,2.0,3.0,1.0,0.0,,0.0,0.0,0.0,54.2,Fjelstul World Cup Database via DataHub,https://datahub.io/football/worldcup
2014,Rodrigo Muñoz,Uruguay,Goalkeeper,32.0,,,,,,0.0,50.0,,,,,,,,,,True,0.0,0.0,,Veteran,,0.0,0.0,0.0,0.0,0.0,,0.0,0.0,0.0,0.0,Fjelstul World Cup Database via DataHub,https://datahub.io/football/worldcup
2014,Sebastián Coates,Uruguay,Defender,23.0,,,,,,0.0,50.0,,,,,,,,,,True,0.0,0.0,,U23,,2.0,0.0,1.0,1.0,0.0,,0.0,0.0,0.0,31.9,Fjelstul World Cup Database via DataHub,https://datahub.io/football/worldcup
2014,Walter Gargano,Uruguay,Midfielder,29.0,,,,,,0.0,50.0,,,,,,,,,,False,104.0,3.0,48.4,Prime,,60.0,1.0,1.0,0.0,0.0,,0.0,1.0,0.0,41.2,Fjelstul World Cup Database via DataHub,https://datahub.io/football/worldcup
2014,Álvaro González,Uruguay,Midfielder,29.0,,,,,,0.0,50.0,,,,,,,,,,True,0.0,0.0,,Prime,,266.0,3.0,4.0,1.0,0.0,,0.0,0.0,0.0,68.5,Fjelstul World Cup Database via DataHub,https://datahub.io/football/worldcup
2014,Álvaro Pereira,Uruguay,Midfielder,28.0,,,,,,0.0,50.0,,,,,,,,,,False,409.0,5.0,95.5,Prime,,206.0,3.0,3.0,0.0,0.0,,0.0,0.0,0.0,63.4,Fjelstul World Cup Database via DataHub,https://datahub.io/football/worldcup
2018,Cristian Ansaldi,Argentina,Defender,31.0,,,,,,66.66666666666666,33.3,,,,,,,,,,True,0.0,0.0,,Veteran,,0.0,0.0,0.0,0.0,0.0,,0.0,0.0,0.0,0.0,Fjelstul World Cup Database via DataHub,https://datahub.io/football/worldcup
2018,Cristian Pavón,Argentina,Midfielder,22.0,,,,,,66.66666666666666,33.3,,,,,,,,,,True,0.0,0.0,,U23,,158.0,1.0,4.0,3.0,0.0,,0.0,0.0,0.0,52.3,Fjelstul World Cup Database via DataHub,https://datahub.io/football/worldcup
2018,Eduardo Salvio,Argentina,Defender,27.0,,,,,,66.66666666666666,33.3,,,,,,,,,,True,0.0,0.0,,Prime,,146.0,2.0,2.0,0.0,0.0,,0.0,0.0,0.0,50.8,Fjelstul World Cup Database via DataHub,https://datahub.io/football/worldcup
2018,Enzo Pérez,Argentina,Midfielder,32.0,,,,,,66.66666666666666,33.3,,,,,,,,,,False,224.0,3.0,62.1,Veteran,,195.0,3.0,3.0,0.0,0.0,,0.0,0.0,0.0,63.0,Fjelstul World Cup Database via DataHub,https://datahub.io/football/worldcup
2018,Federico Fazio,Argentina,Defender,31.0,,,,,,66.66666666666666,33.3,,,,,,,,,,True,0.0,0.0,,Veteran,,44.0,0.0,1.0,1.0,0.0,,0.0,0.0,0.0,35.5,Fjelstul World Cup Database via DataHub,https://datahub.io/football/worldcup
2018,Franco Armani,Argentina,Goalkeeper,31.0,,,,,,66.66666666666666,33.3,,,,,,,,,,True,0.0,0.0,,Veteran,,182.0,2.0,2.0,0.0,0.0,,0.0,0.0,0.0,73.3,Fjelstul World Cup Database via DataHub,https://datahub.io/football/worldcup
2018,Gabriel Mercado,Argentina,Defender,31.0,,,,,,66.66666666666666,33.3,,,,,,,,,,True,0.0,0.0,,Veteran,,275.0,3.0,3.0,0.0,1.0,,0.0,1.0,0.0,95.8,Fjelstul World Cup Database via DataHub,https://datahub.io/football/worldcup
2018,Giovani Lo Celso,Argentina,Midfielder,22.0,,,,,,66.66666666666666,33.3,,,,,,,,,,True,0.0,0.0,,U23,,0.0,0.0,0.0,0.0,0.0,,0.0,0.0,0.0,0.0,Fjelstul World Cup Database via DataHub,https://datahub.io/football/worldcup
2018,Gonzalo Higuaín,Argentina,Forward,30.0,,,,,,66.66666666666666,33.3,,,,,,,,,,False,912.0,11.0,93.8,Veteran,,137.0,1.0,3.0,2.0,0.0,,0.0,0.0,0.0,59.2,Fjelstul World Cup Database via DataHub,https://datahub.io/football/worldcup
2018,Javier Mascherano,Argentina,Defender,34.0,,,,,,66.66666666666666,33.3,,,,,,,,,,False,1597.0,16.0,89.6,Veteran,,365.0,4.0,4.0,0.0,0.0,,0.0,2.0,0.0,83.9,Fjelstul World Cup Database via DataHub,https://datahub.io/football/worldcup
2018,Lionel Messi,Argentina,Forward,30.0,,,,,,66.66666666666666,33.3,,,,,,,,,,False,1268.0,15.0,99.5,Veteran,,365.0,4.0,4.0,0.0,1.0,,0.0,1.0,0.0,91.2,Fjelstul World Cup Database via DataHub,https://datahub.io/football/worldcup
2018,Lucas Biglia,Argentina,Midfielder,32.0,,,,,,66.66666666666666,33.3,,,,,,,,,,False,347.0,7.0,77.1,Veteran,,54.0,1.0,1.0,0.0,0.0,,0.0,0.0,0.0,40.8,Fjelstul World Cup Database via DataHub,https://datahub.io/football/worldcup
2018,Marcos Acuña,Argentina,Defender,26.0,,,,,,66.66666666666666,33.3,,,,,,,,,,True,0.0,0.0,,Prime,,93.0,1.0,1.0,0.0,0.0,,0.0,1.0,0.0,46.1,Fjelstul World Cup Database via DataHub,https://datahub.io/football/worldcup
2018,Marcos Rojo,Argentina,Defender,28.0,,,,,,66.66666666666666,33.3,,,,,,,,,,False,620.0,6.0,99.0,Prime,,228.0,3.0,3.0,0.0,1.0,,0.0,1.0,0.0,87.6,Fjelstul World Cup Database via DataHub,https://datahub.io/football/worldcup
2018,Maximiliano Meza,Argentina,Midfielder,25.0,,,,,,66.66666666666666,33.3,,,,,,,,,,True,0.0,0.0,,U25,,212.0,2.0,4.0,2.0,0.0,,0.0,0.0,0.0,61.3,Fjelstul World Cup Database via DataHub,https://datahub.io/football/worldcup
2018,Nahuel Guzmán,Argentina,Goalkeeper,32.0,,,,,,66.66666666666666,33.3,,,,,,,,,,True,0.0,0.0,,Veteran,,0.0,0.0,0.0,0.0,0.0,,0.0,0.0,0.0,0.0,Fjelstul World Cup Database via DataHub,https://datahub.io/football/worldcup
2018,Nicolás Otamendi,Argentina,Defender,30.0,,,,,,66.66666666666666,33.3,,,,,,,,,,False,250.0,3.0,61.7,Veteran,,365.0,4.0,4.0,0.0,0.0,,0.0,2.0,0.0,83.9,Fjelstul World Cup Database via DataHub,https://datahub.io/football/worldcup
2018,Nicolás Tagliafico,Argentina,Defender,25.0,,,,,,66.66666666666666,33.3,,,,,,,,,,True,0.0,0.0,,U25,,353.0,4.0,4.0,0.0,0.0,,0.0,1.0,0.0,79.5,Fjelstul World Cup Database via DataHub,https://datahub.io/football/worldcup
2018,Paulo Dybala,Argentina,Forward,24.0,,,,,,66.66666666666666,33.3,,,,,,,,,,True,0.0,0.0,,U25,,25.0,0.0,1.0,1.0,0.0,,0.0,0.0,0.0,33.3,Fjelstul World Cup Database via DataHub,https://datahub.io/football/worldcup
2018,Sergio Agüero,Argentina,Forward,30.0,,,,,,66.66666666666666,33.3,,,,,,,,,,False,421.0,8.0,76.5,Veteran,,180.0,2.0,4.0,2.0,2.0,,0.0,0.0,0.0,83.3,Fjelstul World Cup Database via DataHub,https://datahub.io/football/worldcup
2018,Willy Caballero,Argentina,Goalkeeper,36.0,,,,,,66.66666666666666,33.3,,,,,,,,,,True,0.0,0.0,,Veteran,,183.0,2.0,2.0,0.0,0.0,,0.0,0.0,0.0,73.5,Fjelstul World Cup Database via DataHub,https://datahub.io/football/worldcup
2018,Ángel Di María,Argentina,Midfielder,30.0,,,,,,66.66666666666666,33.3,,,,,,,,,,False,783.0,10.0,95.7,Veteran,,237.0,3.0,3.0,0.0,1.0,,0.0,0.0,0.0,86.8,Fjelstul World Cup Database via DataHub,https://datahub.io/football/worldcup
2018,Éver Banega,Argentina,Midfielder,29.0,,,,,,66.66666666666666,33.3,,,,,,,,,,True,0.0,0.0,,Prime,,218.0,2.0,3.0,1.0,0.0,,0.0,2.0,0.0,61.7,Fjelstul World Cup Database via DataHub,https://datahub.io/football/worldcup
2018,Aaron Mooy,Australia,Midfielder,27.0,,,,,,,0.0,,,,,,,,,,True,0.0,0.0,,Prime,,270.0,3.0,3.0,0.0,0.0,,0.0,0.0,0.0,71.4,Fjelstul World Cup Database via DataHub,https://datahub.io/football/worldcup
2018,Andrew Nabbout,Australia,Forward,25.0,,,,,,,0.0,,,,,,,,,,True,0.0,0.0,,U25,,139.0,2.0,2.0,0.0,0.0,,0.0,0.0,0.0,62.2,Fjelstul World Cup Database via DataHub,https://datahub.io/football/worldcup
2018,Aziz Behich,Australia,Defender,27.0,,,,,,,0.0,,,,,,,,,,True,0.0,0.0,,Prime,,270.0,3.0,3.0,0.0,0.0,,0.0,1.0,0.0,67.9,Fjelstul World Cup Database via DataHub,https://datahub.io/football/worldcup
2018,Brad Jones,Australia,Goalkeeper,36.0,,,,,,,0.0,,,,,,,,,,True,0.0,0.0,,Veteran,,0.0,0.0,0.0,0.0,0.0,,0.0,0.0,0.0,0.0,Fjelstul World Cup Database via DataHub,https://datahub.io/football/worldcup
2018,Daniel Arzani,Australia,Forward,19.0,,,,,,,0.0,,,,,,,,,,True,0.0,0.0,,U21,,60.0,0.0,3.0,3.0,0.0,,0.0,1.0,0.0,38.9,Fjelstul World Cup Database via DataHub,https://datahub.io/football/worldcup
2018,Danny Vukovic,Australia,Goalkeeper,33.0,,,,,,,0.0,,,,,,,,,,True,0.0,0.0,,Veteran,,0.0,0.0,0.0,0.0,0.0,,0.0,0.0,0.0,0.0,Fjelstul World Cup Database via DataHub,https://datahub.io/football/worldcup
2018,Dimitri Petratos,Australia,Forward,25.0,,,,,,,0.0,,,,,,,,,,True,0.0,0.0,,U25,,0.0,0.0,0.0,0.0,0.0,,0.0,0.0,0.0,0.0,Fjelstul World Cup Database via DataHub,https://datahub.io/football/worldcup
2018,Jackson Irvine,Australia,Midfielder,25.0,,,,,,,0.0,,,,,,,,,,True,0.0,0.0,,U25,,44.0,0.0,3.0,3.0,0.0,,0.0,0.0,0.0,34.7,Fjelstul World Cup Database via DataHub,https://datahub.io/football/worldcup
2018,James Meredith,Australia,Defender,30.0,,,,,,,0.0,,,,,,,,,,True,0.0,0.0,,Veteran,,0.0,0.0,0.0,0.0,0.0,,0.0,0.0,0.0,0.0,Fjelstul World Cup Database via DataHub,https://datahub.io/football/worldcup
2018,Jamie Maclaren,Australia,Forward,24.0,,,,,,,0.0,,,,,,,,,,True,0.0,0.0,,U25,,0.0,0.0,0.0,0.0,0.0,,0.0,0.0,0.0,0.0,Fjelstul World Cup Database via DataHub,https://datahub.io/football/worldcup
2018,Josh Risdon,Australia,Defender,25.0,,,,,,,0.0,,,,,,,,,,True,0.0,0.0,,U25,,270.0,3.0,3.0,0.0,0.0,,0.0,1.0,0.0,67.9,Fjelstul World Cup Database via DataHub,https://datahub.io/football/worldcup
2018,Mark Milligan,Australia,Defender,32.0,,,,,,,0.0,,,,,,,,,,False,90.0,1.0,45.8,Veteran,,270.0,3.0,3.0,0.0,0.0,,0.0,1.0,0.0,67.9,Fjelstul World Cup Database via DataHub,https://datahub.io/football/worldcup
2018,Massimo Luongo,Australia,Midfielder,25.0,,,,,,,0.0,,,,,,,,,,True,0.0,0.0,0.0,U25,,0.0,0.0,0.0,0.0,0.0,,0.0,0.0,0.0,0.0,Fjelstul World Cup Database via DataHub,https://datahub.io/football/worldcup
2018,Mathew Leckie,Australia,Forward,27.0,,,,,,,0.0,,,,,,,,,,False,270.0,3.0,74.1,Prime,,270.0,3.0,3.0,0.0,0.0,,0.0,1.0,0.0,74.1,Fjelstul World Cup Database via DataHub,https://datahub.io/football/worldcup
2018,Mathew Ryan,Australia,Goalkeeper,26.0,,,,,,,0.0,,,,,,,,,,False,270.0,3.0,76.1,Prime,,270.0,3.0,3.0,0.0,0.0,,0.0,0.0,0.0,76.1,Fjelstul World Cup Database via DataHub,https://datahub.io/football/worldcup
2018,Matthew Jurman,Australia,Defender,28.0,,,,,,,0.0,,,,,,,,,,True,0.0,0.0,,Prime,,0.0,0.0,0.0,0.0,0.0,,0.0,0.0,0.0,0.0,Fjelstul World Cup Database via DataHub,https://datahub.io/football/worldcup
2018,Mile Jedinak,Australia,Midfielder,33.0,,,,,,,0.0,,,,,,,,,,False,286.0,4.0,90.1,Veteran,,270.0,3.0,3.0,0.0,2.0,,0.0,1.0,0.0,91.5,Fjelstul World Cup Database via DataHub,https://datahub.io/football/worldcup
2018,Miloš Degenek,Australia,Defender,24.0,,,,,,,0.0,,,,,,,,,,True,0.0,0.0,,U25,,0.0,0.0,0.0,0.0,0.0,,0.0,0.0,0.0,0.0,Fjelstul World Cup Database via DataHub,https://datahub.io/football/worldcup
2018,Robbie Kruse,Australia,Forward,29.0,,,,,,,0.0,,,,,,,,,,True,0.0,0.0,,Prime,,210.0,3.0,3.0,0.0,0.0,,0.0,0.0,0.0,69.3,Fjelstul World Cup Database via DataHub,https://datahub.io/football/worldcup
2018,Tim Cahill,Australia,Forward,38.0,,,,,,,0.0,,,,,,,,,,False,613.0,8.0,82.4,Veteran,,37.0,0.0,1.0,1.0,0.0,,0.0,0.0,0.0,35.7,Fjelstul World Cup Database via DataHub,https://datahub.io/football/worldcup
2018,Tom Rogic,Australia,Midfielder,25.0,,,,,,,0.0,,,,,,,,,,True,0.0,0.0,,U25,,226.0,3.0,3.0,0.0,0.0,,0.0,1.0,0.0,64.6,Fjelstul World Cup Database via DataHub,https://datahub.io/football/worldcup
2018,Tomi Juric,Australia,Forward,26.0,,,,,,,0.0,,,,,,,,,,True,0.0,0.0,,Prime,,94.0,1.0,3.0,2.0,0.0,,0.0,0.0,0.0,56.2,Fjelstul World Cup Database via DataHub,https://datahub.io/football/worldcup
2018,Trent Sainsbury,Australia,Defender,26.0,,,,,,,0.0,,,,,,,,,,True,0.0,0.0,,Prime,,270.0,3.0,3.0,0.0,0.0,,0.0,0.0,0.0,67.9,Fjelstul World Cup Database via DataHub,https://datahub.io/football/worldcup
2018,Adnan Januzaj,Belgium,Forward,23.0,,,,,,0.0,33.3,,,,,,,,,,False,60.0,1.0,41.2,U23,,86.0,1.0,1.0,0.0,1.0,,0.0,0.0,0.0,72.0,Fjelstul World Cup Database via DataHub,https://datahub.io/football/worldcup
2018,Axel Witsel,Belgium,Midfielder,29.0,,,,,,0.0,33.3,,,,,,,,,,False,390.0,4.0,83.2,Prime,,541.0,6.0,6.0,0.0,0.0,,0.0,1.0,0.0,87.8,Fjelstul World Cup Database via DataHub,https://datahub.io/football/worldcup
2018,Dedryck Boyata,Belgium,Defender,27.0,,,,,,0.0,33.3,,,,,,,,,,True,0.0,0.0,,Prime,,270.0,3.0,3.0,0.0,0.0,,0.0,0.0,0.0,67.9,Fjelstul World Cup Database via DataHub,https://datahub.io/football/worldcup
2018,Dries Mertens,Belgium,Forward,31.0,,,,,,0.0,33.3,,,,,,,,,,False,269.0,5.0,85.8,Veteran,,299.0,3.0,6.0,3.0,1.0,,0.0,0.0,0.0,87.7,Fjelstul World Cup Database via DataHub,https://datahub.io/football/worldcup
2018,Eden Hazard,Belgium,Forward,27.0,,,,,,0.0,33.3,,,,,,,,,,False,368.0,5.0,82.3,Prime,,519.0,6.0,6.0,0.0,3.0,,0.0,1.0,0.0,97.7,Fjelstul World Cup Database via DataHub,https://datahub.io/football/worldcup
2018,Jan Vertonghen,Belgium,Defender,31.0,,,,,,0.0,33.3,,,,,,,,,,False,449.0,5.0,97.3,Veteran,,541.0,6.0,6.0,0.0,1.0,,0.0,2.0,0.0,98.6,Fjelstul World Cup Database via DataHub,https://datahub.io/football/worldcup
2018,Kevin De Bruyne,Belgium,Midfielder,26.0,,,,,,0.0,33.3,,,,,,,,,,False,390.0,4.0,94.6,Prime,,541.0,6.0,6.0,0.0,1.0,,0.0,1.0,0.0,97.3,Fjelstul World Cup Database via DataHub,https://datahub.io/football/worldcup
2018,Koen Casteels,Belgium,Goalkeeper,25.0,,,,,,0.0,33.3,,,,,,,,,,True,0.0,0.0,,U25,,0.0,0.0,0.0,0.0,0.0,,0.0,0.0,0.0,0.0,Fjelstul World Cup Database via DataHub,https://datahub.io/football/worldcup
2018,Leander Dendoncker,Belgium,Defender,23.0,,,,,,0.0,33.3,,,,,,,,,,True,0.0,0.0,,U23,,90.0,1.0,1.0,0.0,0.0,,0.0,1.0,0.0,42.2,Fjelstul World Cup Database via DataHub,https://datahub.io/football/worldcup
2018,Marouane Fellaini,Belgium,Midfielder,30.0,,,,,,0.0,33.3,,,,,,,,,,False,415.0,5.0,95.1,Veteran,,316.0,3.0,5.0,2.0,1.0,,0.0,0.0,0.0,91.8,Fjelstul World Cup Database via DataHub,https://datahub.io/football/worldcup
2018,Michy Batshuayi,Belgium,Forward,24.0,,,,,,0.0,33.3,,,,,,,,,,True,0.0,0.0,,U25,,112.0,1.0,3.0,2.0,1.0,,0.0,0.0,0.0,75.1,Fjelstul World Cup Database via DataHub,https://datahub.io/football/worldcup
2018,Mousa Dembélé,Belgium,Midfielder,30.0,,,,,,0.0,33.3,,,,,,,,,,False,155.0,2.0,55.2,Veteran,,178.0,2.0,4.0,2.0,0.0,,0.0,0.0,0.0,57.0,Fjelstul World Cup Database via DataHub,https://datahub.io/football/worldcup
2018,Nacer Chadli,Belgium,Midfielder,28.0,,,,,,0.0,33.3,,,,,,,,,,False,100.0,4.0,48.0,Prime,,328.0,4.0,6.0,2.0,1.0,,0.0,0.0,0.0,92.7,Fjelstul World Cup Database via DataHub,https://datahub.io/football/worldcup
2018,Romelu Lukaku,Belgium,Forward,25.0,,,,,,0.0,33.3,,,,,,,,,,False,175.0,4.0,79.7,U25,,477.0,6.0,6.0,0.0,4.0,,0.0,0.0,0.0,98.1,Fjelstul World Cup Database via DataHub,https://datahub.io/football/worldcup
2018,Simon Mignolet,Belgium,Goalkeeper,30.0,,,,,,0.0,33.3,,,,,,,,,,True,0.0,0.0,0.0,Veteran,,0.0,0.0,0.0,0.0,0.0,,0.0,0.0,0.0,0.0,Fjelstul World Cup Database via DataHub,https://datahub.io/football/worldcup
2018,Thibaut Courtois,Belgium,Goalkeeper,26.0,,,,,,0.0,33.3,,,,,,,,,,False,480.0,5.0,94.5,Prime,,631.0,7.0,7.0,0.0,0.0,,3.0,0.0,0.0,98.5,Fjelstul World Cup Database via DataHub,https://datahub.io/football/worldcup
2018,Thomas Meunier,Belgium,Defender,26.0,,,,,,0.0,33.3,,,,,,,,,,True,0.0,0.0,,Prime,,450.0,5.0,5.0,0.0,1.0,,0.0,2.0,0.0,97.6,Fjelstul World Cup Database via DataHub,https://datahub.io/football/worldcup
2018,Thomas Vermaelen,Belgium,Defender,32.0,,,,,,0.0,33.3,,,,,,,,,,False,31.0,1.0,37.0,Veteran,,132.0,1.0,3.0,2.0,0.0,,0.0,0.0,0.0,48.7,Fjelstul World Cup Database via DataHub,https://datahub.io/football/worldcup
2018,Thorgan Hazard,Belgium,Midfielder,25.0,,,,,,0.0,33.3,,,,,,,,,,True,0.0,0.0,,U25,,97.0,1.0,2.0,1.0,0.0,,0.0,0.0,0.0,47.7,Fjelstul World Cup Database via DataHub,https://datahub.io/football/worldcup
2018,Toby Alderweireld,Belgium,Defender,29.0,,,,,,0.0,33.3,,,,,,,,,,False,390.0,4.0,85.3,Prime,,541.0,6.0,6.0,0.0,0.0,,0.0,2.0,0.0,92.1,Fjelstul World Cup Database via DataHub,https://datahub.io/football/worldcup
2018,Vincent Kompany,Belgium,Defender,32.0,,,,,,0.0,33.3,,,,,,,,,,False,390.0,4.0,85.3,Veteran,,377.0,4.0,5.0,1.0,0.0,,0.0,0.0,0.0,84.4,Fjelstul World Cup Database via DataHub,https://datahub.io/football/worldcup
2018,Yannick Carrasco,Belgium,Midfielder,24.0,,,,,,0.0,33.3,,,,,,,,,,True,0.0,0.0,,U25,,240.0,3.0,4.0,1.0,0.0,,0.0,0.0,0.0,65.6,Fjelstul World Cup Database via DataHub,https://datahub.io/football/worldcup
2018,Youri Tielemans,Belgium,Midfielder,21.0,,,,,,0.0,33.3,,,,,,,,,,True,0.0,0.0,,U21,,175.0,2.0,4.0,2.0,0.0,,0.0,1.0,0.0,56.8,Fjelstul World Cup Database via DataHub,https://datahub.io/football/worldcup
2018,Douglas Costa,Brazil,Forward,27.0,,,,,,0.0,,,,,,,,,,,True,0.0,0.0,,Prime,,79.0,0.0,2.0,2.0,0.0,,0.0,0.0,0.0,45.3,Fjelstul World Cup Database via DataHub,https://datahub.io/football/worldcup
2018,Filipe Luís,Brazil,Defender,32.0,,,,,,0.0,,,,,,,,,,,True,0.0,0.0,,Veteran,,171.0,1.0,2.0,1.0,0.0,,0.0,1.0,0.0,49.8,Fjelstul World Cup Database via DataHub,https://datahub.io/football/worldcup
2018,Gabriel Jesus,Brazil,Forward,21.0,,,,,,0.0,,,,,,,,,,,True,0.0,0.0,,U21,,411.0,5.0,5.0,0.0,0.0,,0.0,0.0,0.0,80.9,Fjelstul World Cup Database via DataHub,https://datahub.io/football/worldcup
2018,Pedro Geromel,Brazil,Defender,32.0,,,,,,0.0,,,,,,,,,,,True,0.0,0.0,,Veteran,,0.0,0.0,0.0,0.0,0.0,,0.0,0.0,0.0,0.0,Fjelstul World Cup Database via DataHub,https://datahub.io/football/worldcup
2018,Philippe Coutinho,Brazil,Midfielder,26.0,,,,,,0.0,,,,,,,,,,,True,0.0,0.0,,Prime,,439.0,5.0,5.0,0.0,2.0,,0.0,1.0,0.0,97.3,Fjelstul World Cup Database via DataHub,https://datahub.io/football/worldcup
2018,Renato Augusto,Brazil,Midfielder,30.0,,,,,,0.0,,,,,,,,,,,True,0.0,0.0,,Veteran,,50.0,0.0,3.0,3.0,1.0,,0.0,0.0,0.0,57.1,Fjelstul World Cup Database via DataHub,https://datahub.io/football/worldcup
2018,Roberto Firmino,Brazil,Forward,26.0,,,,,,0.0,,,,,,,,,,,True,0.0,0.0,,Prime,,85.0,0.0,4.0,4.0,1.0,,0.0,0.0,0.0,65.1,Fjelstul World Cup Database via DataHub,https://datahub.io/football/worldcup
2018,Thiago Silva,Brazil,Defender,33.0,,,,,,0.0,,,,,,,,,,,False,573.0,6.0,98.9,Veteran,,454.0,5.0,5.0,0.0,1.0,,0.0,0.0,0.0,97.8,Fjelstul World Cup Database via DataHub,https://datahub.io/football/worldcup
2018,not applicable Alisson,Brazil,Goalkeeper,25.0,,,,,,0.0,,,,,,,,,,,True,0.0,0.0,,U25,,454.0,5.0,5.0,0.0,0.0,,3.0,0.0,0.0,95.4,Fjelstul World Cup Database via DataHub,https://datahub.io/football/worldcup
2018,not applicable Casemiro,Brazil,Midfielder,26.0,,,,,,0.0,,,,,,,,,,,True,0.0,0.0,,Prime,,334.0,4.0,4.0,0.0,0.0,,0.0,2.0,0.0,78.7,Fjelstul World Cup Database via DataHub,https://datahub.io/football/worldcup
2018,not applicable Cássio,Brazil,Goalkeeper,31.0,,,,,,0.0,,,,,,,,,,,True,0.0,0.0,,Veteran,,0.0,0.0,0.0,0.0,0.0,,0.0,0.0,0.0,0.0,Fjelstul World Cup Database via DataHub,https://datahub.io/football/worldcup
2018,not applicable Danilo,Brazil,Defender,26.0,,,,,,0.0,,,,,,,,,,,True,0.0,0.0,,Prime,,90.0,1.0,1.0,0.0,0.0,,0.0,0.0,0.0,42.2,Fjelstul World Cup Database via DataHub,https://datahub.io/football/worldcup
2018,not applicable Ederson,Brazil,Goalkeeper,24.0,,,,,,0.0,,,,,,,,,,,True,0.0,0.0,,U25,,0.0,0.0,0.0,0.0,0.0,,0.0,0.0,0.0,0.0,Fjelstul World Cup Database via DataHub,https://datahub.io/football/worldcup
2018,not applicable Fagner,Brazil,Defender,29.0,,,,,,0.0,,,,,,,,,,,True,0.0,0.0,,Prime,,364.0,4.0,4.0,0.0,0.0,,0.0,1.0,0.0,83.7,Fjelstul World Cup Database via DataHub,https://datahub.io/football/worldcup
2018,not applicable Fernandinho,Brazil,Midfielder,33.0,,,,,,0.0,,,,,,,,,,,False,299.0,5.0,91.6,Veteran,,155.0,1.0,5.0,4.0,0.0,,0.0,1.0,0.0,52.2,Fjelstul World Cup Database via DataHub,https://datahub.io/football/worldcup
2018,not applicable Fred,Brazil,Midfielder,25.0,,,,,,0.0,,,,,,,,,,,True,0.0,0.0,,U25,,0.0,0.0,0.0,0.0,0.0,,0.0,0.0,0.0,0.0,Fjelstul World Cup Database via DataHub,https://datahub.io/football/worldcup
2018,not applicable Marcelo,Brazil,Defender,30.0,,,,,,0.0,,,,,,,,,,,False,570.0,6.0,93.1,Veteran,,283.0,4.0,4.0,0.0,0.0,,0.0,0.0,0.0,77.9,Fjelstul World Cup Database via DataHub,https://datahub.io/football/worldcup
2018,not applicable Marquinhos,Brazil,Defender,24.0,,,,,,0.0,,,,,,,,,,,True,0.0,0.0,,U25,,0.0,0.0,1.0,1.0,0.0,,0.0,0.0,0.0,0.0,Fjelstul World Cup Database via DataHub,https://datahub.io/football/worldcup
2018,not applicable Miranda,Brazil,Defender,33.0,,,,,,0.0,,,,,,,,,,,True,0.0,0.0,,Veteran,,454.0,5.0,5.0,0.0,0.0,,0.0,0.0,0.0,88.9,Fjelstul World Cup Database via DataHub,https://datahub.io/football/worldcup
2018,not applicable Neymar,Brazil,Forward,26.0,,,,,,0.0,,,,,,,,,,,False,457.0,5.0,97.6,Prime,,454.0,5.0,5.0,0.0,2.0,,0.0,1.0,0.0,95.8,Fjelstul World Cup Database via DataHub,https://datahub.io/football/worldcup
2018,not applicable Paulinho,Brazil,Midfielder,29.0,,,,,,0.0,,,,,,,,,,,False,386.0,6.0,84.0,Prime,,354.0,5.0,5.0,0.0,1.0,,0.0,0.0,0.0,94.1,Fjelstul World Cup Database via DataHub,https://datahub.io/football/worldcup
2018,not applicable Taison,Brazil,Forward,30.0,,,,,,0.0,,,,,,,,,,,True,0.0,0.0,,Veteran,,0.0,0.0,0.0,0.0,0.0,,0.0,0.0,0.0,0.0,Fjelstul World Cup Database via DataHub,https://datahub.io/football/worldcup
2018,not applicable Willian,Brazil,Midfielder,29.0,,,,,,0.0,,,,,,,,,,,False,152.0,5.0,52.1,Prime,,363.0,5.0,5.0,0.0,0.0,,0.0,0.0,0.0,83.7,Fjelstul World Cup Database via DataHub,https://datahub.io/football/worldcup
2018,Abel Aguilar,Colombia,Midfielder,33.0,,,,,,,50.0,,,,,,,,,,False,238.0,3.0,65.4,Veteran,,32.0,1.0,1.0,0.0,0.0,,0.0,0.0,0.0,38.0,Fjelstul World Cup Database via DataHub,https://datahub.io/football/worldcup
2018,Camilo Vargas,Colombia,Goalkeeper,29.0,,,,,,,50.0,,,,,,,,,,True,0.0,0.0,0.0,Prime,,0.0,0.0,0.0,0.0,0.0,,0.0,0.0,0.0,0.0,Fjelstul World Cup Database via DataHub,https://datahub.io/football/worldcup
2018,Carlos Bacca,Colombia,Forward,31.0,,,,,,,50.0,,,,,,,,,,False,20.0,1.0,32.3,Veteran,,91.0,0.0,3.0,3.0,0.0,,0.0,1.0,0.0,45.7,Fjelstul World Cup Database via DataHub,https://datahub.io/football/worldcup
2018,Carlos Sánchez,Colombia,Midfielder,32.0,,,,,,,50.0,,,,,,,,,,False,360.0,4.0,80.8,Veteran,,259.0,3.0,3.0,0.0,0.0,,0.0,1.0,1.0,67.7,Fjelstul World Cup Database via DataHub,https://datahub.io/football/worldcup
2018,Cristián Zapata,Colombia,Defender,31.0,,,,,,,50.0,,,,,,,,,,False,360.0,4.0,81.0,Veteran,,4.0,0.0,1.0,1.0,0.0,,0.0,0.0,0.0,32.1,Fjelstul World Cup Database via DataHub,https://datahub.io/football/worldcup
2018,David Ospina,Colombia,Goalkeeper,29.0,,,,,,,50.0,,,,,,,,,,False,445.0,5.0,93.5,Prime,,390.0,4.0,4.0,0.0,0.0,,2.0,0.0,0.0,92.2,Fjelstul World Cup Database via DataHub,https://datahub.io/football/worldcup
2018,Davinson Sánchez,Colombia,Defender,22.0,,,,,,,50.0,,,,,,,,,,True,0.0,0.0,,U23,,390.0,4.0,4.0,0.0,0.0,,0.0,0.0,0.0,85.3,Fjelstul World Cup Database via DataHub,https://datahub.io/football/worldcup
2018,Farid Díaz,Colombia,Defender,34.0,,,,,,,50.0,,,,,,,,,,True,0.0,0.0,,Veteran,,0.0,0.0,0.0,0.0,0.0,,0.0,0.0,0.0,0.0,Fjelstul World Cup Database via DataHub,https://datahub.io/football/worldcup
2018,James Rodríguez,Colombia,Midfielder,26.0,,,,,,,50.0,,,,,,,,,,False,399.0,5.0,96.7,Prime,,152.0,2.0,3.0,1.0,0.0,,0.0,1.0,0.0,54.7,Fjelstul World Cup Database via DataHub,https://datahub.io/football/worldcup
2018,Jefferson Lerma,Colombia,Midfielder,23.0,,,,,,,50.0,,,,,,,,,,True,0.0,0.0,,U23,,175.0,2.0,4.0,2.0,0.0,,0.0,0.0,0.0,56.8,Fjelstul World Cup Database via DataHub,https://datahub.io/football/worldcup
2018,Johan Mojica,Colombia,Defender,25.0,,,,,,,50.0,,,,,,,,,,True,0.0,0.0,,U25,,390.0,4.0,4.0,0.0,0.0,,0.0,1.0,0.0,85.3,Fjelstul World Cup Database via DataHub,https://datahub.io/football/worldcup
2018,José Fernando Cuadrado,Colombia,Goalkeeper,33.0,,,,,,,50.0,,,,,,,,,,True,0.0,0.0,,Veteran,,0.0,0.0,0.0,0.0,0.0,,0.0,0.0,0.0,0.0,Fjelstul World Cup Database via DataHub,https://datahub.io/football/worldcup
2018,José Izquierdo,Colombia,Forward,25.0,,,,,,,50.0,,,,,,,,,,True,0.0,0.0,,U25,,70.0,1.0,1.0,0.0,0.0,,0.0,0.0,0.0,51.6,Fjelstul World Cup Database via DataHub,https://datahub.io/football/worldcup
2018,Juan Cuadrado,Colombia,Midfielder,30.0,,,,,,,50.0,,,,,,,,,,False,387.0,5.0,95.2,Veteran,,331.0,4.0,4.0,0.0,1.0,,0.0,1.0,0.0,92.8,Fjelstul World Cup Database via DataHub,https://datahub.io/football/worldcup
2018,Juan Fernando Quintero,Colombia,Midfielder,25.0,,,,,,,50.0,,,,,,,,,,False,93.0,3.0,69.0,U25,,310.0,4.0,4.0,0.0,1.0,,0.0,0.0,0.0,92.4,Fjelstul World Cup Database via DataHub,https://datahub.io/football/worldcup
2018,Luis Muriel,Colombia,Forward,27.0,,,,,,,50.0,,,,,,,,,,True,0.0,0.0,,Prime,,91.0,0.0,2.0,2.0,0.0,,0.0,0.0,0.0,45.7,Fjelstul World Cup Database via DataHub,https://datahub.io/football/worldcup
2018,Mateus Uribe,Colombia,Midfielder,27.0,,,,,,,50.0,,,,,,,,,,True,0.0,0.0,,Prime,,182.0,1.0,3.0,2.0,0.0,,0.0,0.0,0.0,54.8,Fjelstul World Cup Database via DataHub,https://datahub.io/football/worldcup
2018,Miguel Borja,Colombia,Forward,25.0,,,,,,,50.0,,,,,,,,,,True,0.0,0.0,,U25,,1.0,0.0,1.0,1.0,0.0,,0.0,0.0,0.0,28.2,Fjelstul World Cup Database via DataHub,https://datahub.io/football/worldcup
2018,Radamel Falcao,Colombia,Forward,32.0,,,,,,,50.0,,,,,,,,,,True,0.0,0.0,,Veteran,,377.0,4.0,4.0,0.0,1.0,,0.0,1.0,0.0,91.5,Fjelstul World Cup Database via DataHub,https://datahub.io/football/worldcup
2018,Santiago Arias,Colombia,Defender,26.0,,,,,,,50.0,,,,,,,,,,False,124.0,3.0,48.4,Prime,,386.0,4.0,4.0,0.0,0.0,,0.0,1.0,0.0,84.6,Fjelstul World Cup Database via DataHub,https://datahub.io/football/worldcup
2018,Wilmar Barrios,Colombia,Midfielder,24.0,,,,,,,50.0,,,,,,,,,,True,0.0,0.0,,U25,,269.0,2.0,3.0,1.0,0.0,,0.0,2.0,0.0,64.4,Fjelstul World Cup Database via DataHub,https://datahub.io/football/worldcup
2018,Yerry Mina,Colombia,Defender,23.0,,,,,,,50.0,,,,,,,,,,True,0.0,0.0,,U23,,300.0,3.0,3.0,0.0,3.0,,0.0,0.0,0.0,96.1,Fjelstul World Cup Database via DataHub,https://datahub.io/football/worldcup
2018,Óscar Murillo,Colombia,Defender,30.0,,,,,,,50.0,,,,,,,,,,True,0.0,0.0,,Veteran,,90.0,1.0,1.0,0.0,0.0,,0.0,0.0,0.0,42.2,Fjelstul World Cup Database via DataHub,https://datahub.io/football/worldcup
2018,Bryan Oviedo,Costa Rica,Defender,28.0,,,,,,,0.0,,,,,,,,,,True,0.0,0.0,,Prime,,186.0,2.0,2.0,0.0,0.0,,0.0,0.0,0.0,57.3,Fjelstul World Cup Database via DataHub,https://datahub.io/football/worldcup
2018,Bryan Ruiz,Costa Rica,Midfielder,32.0,,,,,,,0.0,,,,,,,,,,False,495.0,5.0,96.1,Veteran,,276.0,3.0,3.0,0.0,0.0,,0.0,0.0,0.0,75.6,Fjelstul World Cup Database via DataHub,https://datahub.io/football/worldcup
2018,Celso Borges,Costa Rica,Midfielder,30.0,,,,,,,0.0,,,,,,,,,,False,499.0,5.0,86.4,Veteran,,276.0,3.0,3.0,0.0,0.0,,0.0,0.0,0.0,75.6,Fjelstul World Cup Database via DataHub,https://datahub.io/football/worldcup
2018,Christian Bolaños,Costa Rica,Midfielder,34.0,,,,,,,0.0,,,,,,,,,,False,505.0,7.0,83.9,Veteran,,69.0,0.0,2.0,2.0,0.0,,0.0,0.0,0.0,37.1,Fjelstul World Cup Database via DataHub,https://datahub.io/football/worldcup
2018,Cristian Gamboa,Costa Rica,Defender,28.0,,,,,,,0.0,,,,,,,,,,False,426.0,5.0,87.4,Prime,,258.0,3.0,3.0,0.0,0.0,,0.0,1.0,0.0,62.3,Fjelstul World Cup Database via DataHub,https://datahub.io/football/worldcup
2018,Daniel Colindres,Costa Rica,Midfielder,33.0,,,,,,,0.0,,,,,,,,,,True,0.0,0.0,,Veteran,,98.0,1.0,2.0,1.0,0.0,,0.0,0.0,0.0,47.8,Fjelstul World Cup Database via DataHub,https://datahub.io/football/worldcup
2018,David Guzmán,Costa Rica,Midfielder,28.0,,,,,,,0.0,,,,,,,,,,True,0.0,0.0,,Prime,,247.0,3.0,3.0,0.0,0.0,,0.0,1.0,0.0,66.5,Fjelstul World Cup Database via DataHub,https://datahub.io/football/worldcup
2018,Francisco Calvo,Costa Rica,Defender,25.0,,,,,,,0.0,,,,,,,,,,True,0.0,0.0,,U25,,108.0,1.0,2.0,1.0,0.0,,0.0,1.0,0.0,47.5,Fjelstul World Cup Database via DataHub,https://datahub.io/football/worldcup
2018,Giancarlo González,Costa Rica,Defender,30.0,,,,,,,0.0,,,,,,,,,,False,511.0,5.0,90.8,Veteran,,276.0,3.0,3.0,0.0,0.0,,0.0,0.0,0.0,75.9,Fjelstul World Cup Database via DataHub,https://datahub.io/football/worldcup
2018,Ian Smith,Costa Rica,Defender,20.0,,,,,,,0.0,,,,,,,,,,True,0.0,0.0,,U21,,0.0,0.0,1.0,1.0,0.0,,0.0,0.0,0.0,0.0,Fjelstul World Cup Database via DataHub,https://datahub.io/football/worldcup
2018,Jhonny Acosta,Costa Rica,Defender,34.0,,,,,,,0.0,,,,,,,,,,False,164.0,2.0,49.7,Veteran,,276.0,3.0,3.0,0.0,0.0,,0.0,1.0,0.0,75.9,Fjelstul World Cup Database via DataHub,https://datahub.io/football/worldcup
2018,Joel Campbell,Costa Rica,Forward,25.0,,,,,,,0.0,,,,,,,,,,False,415.0,5.0,92.0,U25,,117.0,1.0,2.0,1.0,0.0,,0.0,1.0,0.0,57.8,Fjelstul World Cup Database via DataHub,https://datahub.io/football/worldcup
2018,Johan Venegas,Costa Rica,Forward,29.0,,,,,,,0.0,,,,,,,,,,True,0.0,0.0,,Prime,,153.0,2.0,2.0,0.0,0.0,,0.0,0.0,0.0,63.0,Fjelstul World Cup Database via DataHub,https://datahub.io/football/worldcup
2018,Kendall Waston,Costa Rica,Defender,30.0,,,,,,,0.0,,,,,,,,,,True,0.0,0.0,,Veteran,,93.0,1.0,1.0,0.0,1.0,,0.0,1.0,0.0,72.9,Fjelstul World Cup Database via DataHub,https://datahub.io/football/worldcup
2018,Kenner Gutiérrez,Costa Rica,Defender,29.0,,,,,,,0.0,,,,,,,,,,True,0.0,0.0,,Prime,,0.0,0.0,0.0,0.0,0.0,,0.0,0.0,0.0,0.0,Fjelstul World Cup Database via DataHub,https://datahub.io/football/worldcup
2018,Keylor Navas,Costa Rica,Goalkeeper,31.0,,,,,,,0.0,,,,,,,,,,False,511.0,5.0,96.5,Veteran,,276.0,3.0,3.0,0.0,0.0,,0.0,0.0,0.0,79.2,Fjelstul World Cup Database via DataHub,https://datahub.io/football/worldcup
2018,Leonel Moreira,Costa Rica,Goalkeeper,28.0,,,,,,,0.0,,,,,,,,,,True,0.0,0.0,,Prime,,0.0,0.0,0.0,0.0,0.0,,0.0,0.0,0.0,0.0,Fjelstul World Cup Database via DataHub,https://datahub.io/football/worldcup
2018,Marco Ureña,Costa Rica,Forward,28.0,,,,,,,0.0,,,,,,,,,,False,103.0,4.0,67.2,Prime,,120.0,2.0,2.0,0.0,0.0,,0.0,0.0,0.0,60.5,Fjelstul World Cup Database via DataHub,https://datahub.io/football/worldcup
2018,Patrick Pemberton,Costa Rica,Goalkeeper,36.0,,,,,,,0.0,,,,,,,,,,True,0.0,0.0,0.0,Veteran,,0.0,0.0,0.0,0.0,0.0,,0.0,0.0,0.0,0.0,Fjelstul World Cup Database via DataHub,https://datahub.io/football/worldcup
2018,Randall Azofeifa,Costa Rica,Midfielder,33.0,,,,,,,0.0,,,,,,,,,,False,0.0,1.0,0.0,Veteran,,2.0,0.0,1.0,1.0,0.0,,0.0,0.0,0.0,26.4,Fjelstul World Cup Database via DataHub,https://datahub.io/football/worldcup
2018,Rodney Wallace,Costa Rica,Midfielder,29.0,,,,,,,0.0,,,,,,,,,,True,0.0,0.0,,Prime,,12.0,0.0,1.0,1.0,0.0,,0.0,0.0,0.0,28.6,Fjelstul World Cup Database via DataHub,https://datahub.io/football/worldcup
2018,Yeltsin Tejeda,Costa Rica,Midfielder,26.0,,,,,,,0.0,,,,,,,,,,False,396.0,5.0,84.3,Prime,,10.0,0.0,1.0,1.0,0.0,,0.0,0.0,0.0,27.9,Fjelstul World Cup Database via DataHub,https://datahub.io/football/worldcup
2018,Óscar Duarte,Costa Rica,Defender,29.0,,,,,,,0.0,,,,,,,,,,False,390.0,4.0,97.1,Prime,,183.0,2.0,2.0,0.0,0.0,,0.0,0.0,0.0,57.1,Fjelstul World Cup Database via DataHub,https://datahub.io/football/worldcup
2018,Andrej Kramarić,Croatia,Forward,26.0,,,,,,33.33333333333333,66.7,,,,,,,,,,True,0.0,0.0,,Prime,,335.0,3.0,7.0,4.0,1.0,,0.0,0.0,0.0,88.2,Fjelstul World Cup Database via DataHub,https://datahub.io/football/worldcup
2018,Ante Rebić,Croatia,Forward,24.0,,,,,,33.33333333333333,66.7,,,,,,,,,,False,45.0,3.0,37.1,U25,,547.0,6.0,6.0,0.0,1.0,,0.0,2.0,0.0,93.6,Fjelstul World Cup Database via DataHub,https://datahub.io/football/worldcup
2018,Danijel Subašić,Croatia,Goalkeeper,33.0,,,,,,33.33333333333333,66.7,,,,,,,,,,True,0.0,0.0,0.0,Veteran,,633.0,6.0,6.0,0.0,0.0,,2.0,0.0,0.0,96.7,Fjelstul World Cup Database via DataHub,https://datahub.io/football/worldcup
2018,Dejan Lovren,Croatia,Defender,28.0,,,,,,33.33333333333333,66.7,,,,,,,,,,False,270.0,3.0,67.9,Prime,,653.0,6.0,7.0,1.0,0.0,,0.0,1.0,0.0,93.9,Fjelstul World Cup Database via DataHub,https://datahub.io/football/worldcup
2018,Domagoj Vida,Croatia,Defender,29.0,,,,,,33.33333333333333,66.7,,,,,,,,,,True,0.0,0.0,0.0,Prime,,633.0,6.0,6.0,0.0,1.0,,0.0,1.0,0.0,99.1,Fjelstul World Cup Database via DataHub,https://datahub.io/football/worldcup
2018,Dominik Livaković,Croatia,Goalkeeper,23.0,,,,,,33.33333333333333,66.7,,,,,,,,,,True,0.0,0.0,,U23,,0.0,0.0,0.0,0.0,0.0,,0.0,0.0,0.0,0.0,Fjelstul World Cup Database via DataHub,https://datahub.io/football/worldcup
2018,Duje Ćaleta-Car,Croatia,Defender,21.0,,,,,,33.33333333333333,66.7,,,,,,,,,,True,0.0,0.0,,U21,,90.0,1.0,1.0,0.0,0.0,,0.0,0.0,0.0,42.2,Fjelstul World Cup Database via DataHub,https://datahub.io/football/worldcup
2018,Filip Bradarić,Croatia,Midfielder,26.0,,,,,,33.33333333333333,66.7,,,,,,,,,,True,0.0,0.0,,Prime,,25.0,0.0,1.0,1.0,0.0,,0.0,0.0,0.0,31.5,Fjelstul World Cup Database via DataHub,https://datahub.io/football/worldcup
2018,Ivan Perišić,Croatia,Forward,29.0,,,,,,33.33333333333333,66.7,,,,,,,,,,False,258.0,3.0,90.7,Prime,,632.0,7.0,7.0,0.0,3.0,,0.0,0.0,0.0,98.7,Fjelstul World Cup Database via DataHub,https://datahub.io/football/worldcup
2018,Ivan Rakitić,Croatia,Midfielder,30.0,,,,,,33.33333333333333,66.7,,,,,,,,,,False,270.0,3.0,71.4,Veteran,,642.0,6.0,7.0,1.0,1.0,,0.0,1.0,0.0,98.1,Fjelstul World Cup Database via DataHub,https://datahub.io/football/worldcup
2018,Ivan Strinić,Croatia,Defender,30.0,,,,,,33.33333333333333,66.7,,,,,,,,,,True,0.0,0.0,,Veteran,,514.0,6.0,6.0,0.0,0.0,,0.0,1.0,0.0,91.2,Fjelstul World Cup Database via DataHub,https://datahub.io/football/worldcup
2018,Josip Pivarić,Croatia,Defender,29.0,,,,,,33.33333333333333,66.7,,,,,,,,,,True,0.0,0.0,,Prime,,200.0,1.0,4.0,3.0,0.0,,0.0,1.0,0.0,52.5,Fjelstul World Cup Database via DataHub,https://datahub.io/football/worldcup
2018,Lovre Kalinić,Croatia,Goalkeeper,28.0,,,,,,33.33333333333333,66.7,,,,,,,,,,True,0.0,0.0,,Prime,,90.0,1.0,1.0,0.0,0.0,,0.0,0.0,0.0,68.3,Fjelstul World Cup Database via DataHub,https://datahub.io/football/worldcup
2018,Luka Modrić,Croatia,Midfielder,32.0,,,,,,33.33333333333333,66.7,,,,,,,,,,False,298.0,5.0,71.4,Veteran,,697.0,7.0,7.0,0.0,2.0,,0.0,0.0,0.0,99.7,Fjelstul World Cup Database via DataHub,https://datahub.io/football/worldcup
2018,Marcelo Brozović,Croatia,Midfielder,25.0,,,,,,33.33333333333333,66.7,,,,,,,,,,False,29.0,1.0,32.4,U25,,461.0,4.0,6.0,2.0,0.0,,0.0,1.0,0.0,84.2,Fjelstul World Cup Database via DataHub,https://datahub.io/football/worldcup
2018,Mario Mandžukić,Croatia,Forward,32.0,,,,,,33.33333333333333,66.7,,,,,,,,,,False,180.0,2.0,83.3,Veteran,,612.0,6.0,6.0,0.0,3.0,,0.0,2.0,0.0,98.3,Fjelstul World Cup Database via DataHub,https://datahub.io/football/worldcup
2018,Marko Pjaca,Croatia,Forward,23.0,,,,,,33.33333333333333,66.7,,,,,,,,,,True,0.0,0.0,,U23,,83.0,1.0,3.0,2.0,0.0,,0.0,1.0,0.0,53.5,Fjelstul World Cup Database via DataHub,https://datahub.io/football/worldcup
2018,Mateo Kovačić,Croatia,Midfielder,24.0,,,,,,33.33333333333333,66.7,,,,,,,,,,False,111.0,3.0,49.1,U25,,185.0,1.0,5.0,4.0,0.0,,0.0,0.0,0.0,55.1,Fjelstul World Cup Database via DataHub,https://datahub.io/football/worldcup
2018,Milan Badelj,Croatia,Midfielder,29.0,,,,,,33.33333333333333,66.7,,,,,,,,,,True,0.0,0.0,0.0,Prime,,103.0,1.0,3.0,2.0,1.0,,0.0,0.0,0.0,69.1,Fjelstul World Cup Database via DataHub,https://datahub.io/football/worldcup
2018,Nikola Kalinić,Croatia,Forward,30.0,,,,,,33.33333333333333,66.7,,,,,,,,,,True,0.0,0.0,,Veteran,,0.0,0.0,0.0,0.0,0.0,,0.0,0.0,0.0,0.0,Fjelstul World Cup Database via DataHub,https://datahub.io/football/worldcup
2018,Tin Jedvaj,Croatia,Defender,22.0,,,,,,33.33333333333333,66.7,,,,,,,,,,True,0.0,0.0,,U23,,90.0,1.0,1.0,0.0,0.0,,0.0,1.0,0.0,42.2,Fjelstul World Cup Database via DataHub,https://datahub.io/football/worldcup
2018,Vedran Ćorluka,Croatia,Defender,32.0,,,,,,33.33333333333333,66.7,,,,,,,,,,False,270.0,3.0,67.9,Veteran,,118.0,1.0,4.0,3.0,0.0,,0.0,1.0,0.0,47.9,Fjelstul World Cup Database via DataHub,https://datahub.io/football/worldcup
2018,Šime Vrsaljko,Croatia,Defender,26.0,,,,,,33.33333333333333,66.7,,,,,,,,,,False,148.0,2.0,51.0,Prime,,610.0,6.0,6.0,0.0,0.0,,0.0,2.0,0.0,93.6,Fjelstul World Cup Database via DataHub,https://datahub.io/football/worldcup
2018,Andreas Christensen,Denmark,Defender,22.0,,,,,,,0.0,,,,,,,,,,True,0.0,0.0,,U23,,309.0,4.0,4.0,0.0,0.0,,0.0,0.0,0.0,78.1,Fjelstul World Cup Database via DataHub,https://datahub.io/football/worldcup
2018,Andreas Cornelius,Denmark,Forward,25.0,,,,,,,0.0,,,,,,,,,,True,0.0,0.0,,U25,,163.0,2.0,3.0,1.0,0.0,,0.0,0.0,0.0,63.7,Fjelstul World Cup Database via DataHub,https://datahub.io/football/worldcup
2018,Christian Eriksen,Denmark,Midfielder,26.0,,,,,,,0.0,,,,,,,,,,False,45.0,2.0,35.0,Prime,,392.0,4.0,4.0,0.0,1.0,,0.0,0.0,0.0,94.8,Fjelstul World Cup Database via DataHub,https://datahub.io/football/worldcup
2018,Frederik Rønnow,Denmark,Goalkeeper,25.0,,,,,,,0.0,,,,,,,,,,True,0.0,0.0,,U25,,0.0,0.0,0.0,0.0,0.0,,0.0,0.0,0.0,0.0,Fjelstul World Cup Database via DataHub,https://datahub.io/football/worldcup
2018,Henrik Dalsgaard,Denmark,Defender,28.0,,,,,,,0.0,,,,,,,,,,True,0.0,0.0,,Prime,,392.0,4.0,4.0,0.0,0.0,,0.0,0.0,0.0,86.2,Fjelstul World Cup Database via DataHub,https://datahub.io/football/worldcup
2018,Jannik Vestergaard,Denmark,Defender,25.0,,,,,,,0.0,,,,,,,,,,True,0.0,0.0,,U25,,0.0,0.0,0.0,0.0,0.0,,0.0,0.0,0.0,0.0,Fjelstul World Cup Database via DataHub,https://datahub.io/football/worldcup
2018,Jens Stryger Larsen,Denmark,Defender,27.0,,,,,,,0.0,,,,,,,,,,True,0.0,0.0,,Prime,,272.0,3.0,3.0,0.0,0.0,,0.0,0.0,0.0,74.1,Fjelstul World Cup Database via DataHub,https://datahub.io/football/worldcup
2018,Jonas Knudsen,Denmark,Defender,25.0,,,,,,,0.0,,,,,,,,,,True,0.0,0.0,,U25,,120.0,1.0,1.0,0.0,0.0,,0.0,0.0,0.0,48.1,Fjelstul World Cup Database via DataHub,https://datahub.io/football/worldcup
2018,Jonas Lössl,Denmark,Goalkeeper,29.0,,,,,,,0.0,,,,,,,,,,True,0.0,0.0,,Prime,,0.0,0.0,0.0,0.0,0.0,,0.0,0.0,0.0,0.0,Fjelstul World Cup Database via DataHub,https://datahub.io/football/worldcup
2018,Kasper Dolberg,Denmark,Forward,20.0,,,,,,,0.0,,,,,,,,,,True,0.0,0.0,,U21,,17.0,0.0,1.0,1.0,0.0,,0.0,0.0,0.0,31.7,Fjelstul World Cup Database via DataHub,https://datahub.io/football/worldcup
2018,Kasper Schmeichel,Denmark,Goalkeeper,31.0,,,,,,,0.0,,,,,,,,,,True,0.0,0.0,,Veteran,,392.0,4.0,4.0,0.0,0.0,,2.0,0.0,0.0,92.8,Fjelstul World Cup Database via DataHub,https://datahub.io/football/worldcup
2018,Lasse Schöne,Denmark,Midfielder,32.0,,,,,,,0.0,,,,,,,,,,True,0.0,0.0,,Veteran,,219.0,1.0,3.0,2.0,0.0,,0.0,0.0,0.0,58.7,Fjelstul World Cup Database via DataHub,https://datahub.io/football/worldcup
2018,Lukas Lerager,Denmark,Midfielder,24.0,,,,,,,0.0,,,,,,,,,,True,0.0,0.0,,U25,,0.0,0.0,1.0,1.0,0.0,,0.0,0.0,0.0,0.0,Fjelstul World Cup Database via DataHub,https://datahub.io/football/worldcup
2018,Martin Braithwaite,Denmark,Forward,27.0,,,,,,,0.0,,,,,,,,,,True,0.0,0.0,,Prime,,252.0,2.0,4.0,2.0,0.0,,0.0,0.0,0.0,69.5,Fjelstul World Cup Database via DataHub,https://datahub.io/football/worldcup
2018,Mathias Jørgensen,Denmark,Defender,28.0,,,,,,,0.0,,,,,,,,,,True,0.0,0.0,,Prime,,221.0,2.0,3.0,1.0,1.0,,0.0,2.0,0.0,84.0,Fjelstul World Cup Database via DataHub,https://datahub.io/football/worldcup
2018,Michael Krohn-Dehli,Denmark,Midfielder,35.0,,,,,,,0.0,,,,,,,,,,True,0.0,0.0,,Veteran,,22.0,0.0,1.0,1.0,0.0,,0.0,0.0,0.0,31.0,Fjelstul World Cup Database via DataHub,https://datahub.io/football/worldcup
2018,Nicolai Jørgensen,Denmark,Forward,27.0,,,,,,,0.0,,,,,,,,,,True,0.0,0.0,,Prime,,212.0,2.0,3.0,1.0,0.0,,0.0,0.0,0.0,67.6,Fjelstul World Cup Database via DataHub,https://datahub.io/football/worldcup
2018,Pione Sisto,Denmark,Forward,23.0,,,,,,,0.0,,,,,,,,,,True,0.0,0.0,,U23,,231.0,3.0,4.0,1.0,0.0,,0.0,1.0,0.0,70.7,Fjelstul World Cup Database via DataHub,https://datahub.io/football/worldcup
2018,Simon Kjær,Denmark,Defender,29.0,,,,,,,0.0,,,,,,,,,,False,180.0,2.0,54.5,Prime,,392.0,4.0,4.0,0.0,0.0,,0.0,0.0,0.0,86.2,Fjelstul World Cup Database via DataHub,https://datahub.io/football/worldcup
2018,Thomas Delaney,Denmark,Midfielder,26.0,,,,,,,0.0,,,,,,,,,,True,0.0,0.0,,Prime,,370.0,4.0,4.0,0.0,0.0,,0.0,1.0,0.0,82.4,Fjelstul World Cup Database via DataHub,https://datahub.io/football/worldcup
2018,Viktor Fischer,Denmark,Forward,24.0,,,,,,,0.0,,,,,,,,,,True,0.0,0.0,,U25,,32.0,0.0,1.0,1.0,0.0,,0.0,0.0,0.0,34.8,Fjelstul World Cup Database via DataHub,https://datahub.io/football/worldcup
2018,William Kvist,Denmark,Midfielder,33.0,,,,,,,0.0,,,,,,,,,,True,0.0,0.0,0.0,Veteran,,35.0,1.0,1.0,0.0,0.0,,0.0,0.0,0.0,38.1,Fjelstul World Cup Database via DataHub,https://datahub.io/football/worldcup
2018,Yussuf Poulsen,Denmark,Forward,23.0,,,,,,,0.0,,,,,,,,,,True,0.0,0.0,,U23,,269.0,3.0,3.0,0.0,1.0,,0.0,2.0,0.0,85.8,Fjelstul World Cup Database via DataHub,https://datahub.io/football/worldcup
2018,Abdallah El Said,Egypt,Midfielder,32.0,,,,,,,0.0,,,,,,,,,,True,0.0,0.0,,Veteran,,232.0,3.0,3.0,0.0,0.0,,0.0,0.0,0.0,65.0,Fjelstul World Cup Database via DataHub,https://datahub.io/football/worldcup
2018,Ahmed Elmohamady,Egypt,Defender,30.0,,,,,,,0.0,,,,,,,,,,True,0.0,0.0,,Veteran,,0.0,0.0,0.0,0.0,0.0,,0.0,0.0,0.0,0.0,Fjelstul World Cup Database via DataHub,https://datahub.io/football/worldcup
2018,Ahmed Fathy,Egypt,Defender,33.0,,,,,,,0.0,,,,,,,,,,True,0.0,0.0,,Veteran,,270.0,3.0,3.0,0.0,0.0,,0.0,1.0,0.0,67.9,Fjelstul World Cup Database via DataHub,https://datahub.io/football/worldcup
2018,Ahmed Hegazi,Egypt,Defender,27.0,,,,,,,0.0,,,,,,,,,,True,0.0,0.0,,Prime,,270.0,3.0,3.0,0.0,0.0,,0.0,1.0,0.0,67.9,Fjelstul World Cup Database via DataHub,https://datahub.io/football/worldcup
2018,Ali Gabr,Egypt,Defender,29.0,,,,,,,0.0,,,,,,,,,,True,0.0,0.0,,Prime,,270.0,3.0,3.0,0.0,0.0,,0.0,1.0,0.0,67.9,Fjelstul World Cup Database via DataHub,https://datahub.io/football/worldcup
2018,Amr Warda,Egypt,Forward,24.0,,,,,,,0.0,,,,,,,,,,True,0.0,0.0,,U25,,146.0,1.0,3.0,2.0,0.0,,0.0,0.0,0.0,59.7,Fjelstul World Cup Database via DataHub,https://datahub.io/football/worldcup
2018,Ayman Ashraf,Egypt,Defender,27.0,,,,,,,0.0,,,,,,,,,,True,0.0,0.0,,Prime,,0.0,0.0,0.0,0.0,0.0,,0.0,0.0,0.0,0.0,Fjelstul World Cup Database via DataHub,https://datahub.io/football/worldcup
2018,Essam El Hadary,Egypt,Goalkeeper,45.0,,,,,,,0.0,,,,,,,,,,True,0.0,0.0,,Veteran,,90.0,1.0,1.0,0.0,0.0,,0.0,0.0,0.0,68.3,Fjelstul World Cup Database via DataHub,https://datahub.io/football/worldcup
2018,Mahmoud Hamdy,Egypt,Defender,23.0,,,,,,,0.0,,,,,,,,,,True,0.0,0.0,,U23,,0.0,0.0,0.0,0.0,0.0,,0.0,0.0,0.0,0.0,Fjelstul World Cup Database via DataHub,https://datahub.io/football/worldcup
2018,Marwan Mohsen,Egypt,Forward,29.0,,,,,,,0.0,,,,,,,,,,True,0.0,0.0,,Prime,,209.0,3.0,3.0,0.0,0.0,,0.0,0.0,0.0,69.2,Fjelstul World Cup Database via DataHub,https://datahub.io/football/worldcup
2018,Mohamed Abdel Shafy,Egypt,Defender,32.0,,,,,,,0.0,,,,,,,,,,True,0.0,0.0,,Veteran,,270.0,3.0,3.0,0.0,0.0,,0.0,0.0,0.0,67.9,Fjelstul World Cup Database via DataHub,https://datahub.io/football/worldcup
2018,Mohamed El Shenawy,Egypt,Goalkeeper,29.0,,,,,,,0.0,,,,,,,,,,True,0.0,0.0,,Prime,,180.0,2.0,2.0,0.0,0.0,,0.0,0.0,0.0,72.2,Fjelstul World Cup Database via DataHub,https://datahub.io/football/worldcup
2018,Mohamed Elneny,Egypt,Midfielder,25.0,,,,,,,0.0,,,,,,,,,,True,0.0,0.0,,U25,,244.0,3.0,3.0,0.0,0.0,,0.0,0.0,0.0,66.1,Fjelstul World Cup Database via DataHub,https://datahub.io/football/worldcup
2018,Mohamed Salah,Egypt,Forward,25.0,,,,,,,0.0,,,,,,,,,,True,0.0,0.0,,U25,,180.0,2.0,2.0,0.0,2.0,,0.0,0.0,0.0,83.3,Fjelstul World Cup Database via DataHub,https://datahub.io/football/worldcup
2018,Omar Gaber,Egypt,Midfielder,26.0,,,,,,,0.0,,,,,,,,,,True,0.0,0.0,,Prime,,0.0,0.0,0.0,0.0,0.0,,0.0,0.0,0.0,0.0,Fjelstul World Cup Database via DataHub,https://datahub.io/football/worldcup
2018,Ramadan Sobhi,Egypt,Forward,21.0,,,,,,,0.0,,,,,,,,,,True,0.0,0.0,,U21,,56.0,0.0,3.0,3.0,0.0,,0.0,0.0,0.0,38.6,Fjelstul World Cup Database via DataHub,https://datahub.io/football/worldcup
2018,Saad Samir,Egypt,Defender,29.0,,,,,,,0.0,,,,,,,,,,True,0.0,0.0,,Prime,,0.0,0.0,0.0,0.0,0.0,,0.0,0.0,0.0,0.0,Fjelstul World Cup Database via DataHub,https://datahub.io/football/worldcup
2018,Sam Morsy,Egypt,Midfielder,26.0,,,,,,,0.0,,,,,,,,,,True,0.0,0.0,,Prime,,40.0,0.0,1.0,1.0,0.0,,0.0,1.0,0.0,33.9,Fjelstul World Cup Database via DataHub,https://datahub.io/football/worldcup
2018,Sherif Ekramy,Egypt,Goalkeeper,34.0,,,,,,,0.0,,,,,,,,,,True,0.0,0.0,,Veteran,,0.0,0.0,0.0,0.0,0.0,,0.0,0.0,0.0,0.0,Fjelstul World Cup Database via DataHub,https://datahub.io/football/worldcup
2018,Tarek Hamed,Egypt,Midfielder,29.0,,,,,,,0.0,,,,,,,,,,True,0.0,0.0,,Prime,,230.0,3.0,3.0,0.0,0.0,,0.0,0.0,0.0,64.9,Fjelstul World Cup Database via DataHub,https://datahub.io/football/worldcup
2018,not applicable Kahraba,Egypt,Forward,24.0,,,,,,,0.0,,,,,,,,,,True,0.0,0.0,,U25,,44.0,0.0,3.0,3.0,0.0,,0.0,0.0,0.0,36.9,Fjelstul World Cup Database via DataHub,https://datahub.io/football/worldcup
2018,not applicable Shikabala,Egypt,Forward,32.0,,,,,,,0.0,,,,,,,,,,True,0.0,0.0,,Veteran,,0.0,0.0,0.0,0.0,0.0,,0.0,0.0,0.0,0.0,Fjelstul World Cup Database via DataHub,https://datahub.io/football/worldcup
2018,not applicable Trézéguet,Egypt,Midfielder,23.0,,,,,,,0.0,,,,,,,,,,True,0.0,0.0,,U23,,239.0,3.0,3.0,0.0,0.0,,0.0,1.0,0.0,65.5,Fjelstul World Cup Database via DataHub,https://datahub.io/football/worldcup
2018,Ashley Young,England,Defender,32.0,,,,,,33.33333333333333,0.0,,,,,,,,,,True,0.0,0.0,,Veteran,,467.0,5.0,5.0,0.0,0.0,,0.0,0.0,0.0,89.2,Fjelstul World Cup Database via DataHub,https://datahub.io/football/worldcup
2018,Danny Rose,England,Defender,27.0,,,,,,33.33333333333333,0.0,,,,,,,,,,True,0.0,0.0,,Prime,,203.0,2.0,5.0,3.0,0.0,,0.0,0.0,0.0,58.2,Fjelstul World Cup Database via DataHub,https://datahub.io/football/worldcup
2018,Danny Welbeck,England,Forward,27.0,,,,,,33.33333333333333,0.0,,,,,,,,,,False,132.0,2.0,61.4,Prime,,11.0,0.0,1.0,1.0,0.0,,0.0,0.0,0.0,30.3,Fjelstul World Cup Database via DataHub,https://datahub.io/football/worldcup
2018,Dele Alli,England,Midfielder,22.0,,,,,,33.33333333333333,0.0,,,,,,,,,,True,0.0,0.0,,U23,,364.0,4.0,5.0,1.0,1.0,,0.0,0.0,0.0,94.0,Fjelstul World Cup Database via DataHub,https://datahub.io/football/worldcup
2018,Eric Dier,England,Midfielder,24.0,,,,,,33.33333333333333,0.0,,,,,,,,,,True,0.0,0.0,,U25,,248.0,2.0,6.0,4.0,0.0,,0.0,0.0,0.0,63.2,Fjelstul World Cup Database via DataHub,https://datahub.io/football/worldcup
2018,Fabian Delph,England,Defender,28.0,,,,,,33.33333333333333,0.0,,,,,,,,,,True,0.0,0.0,,Prime,,221.0,2.0,4.0,2.0,0.0,,0.0,0.0,0.0,58.9,Fjelstul World Cup Database via DataHub,https://datahub.io/football/worldcup
2018,Gary Cahill,England,Defender,32.0,,,,,,33.33333333333333,0.0,,,,,,,,,,False,270.0,3.0,67.9,Veteran,,90.0,1.0,1.0,0.0,0.0,,0.0,0.0,0.0,42.2,Fjelstul World Cup Database via DataHub,https://datahub.io/football/worldcup
2018,Harry Kane,England,Forward,24.0,,,,,,33.33333333333333,0.0,,,,,,,,,,True,0.0,0.0,,U25,,577.0,6.0,6.0,0.0,6.0,,0.0,0.0,0.0,99.4,Fjelstul World Cup Database via DataHub,https://datahub.io/football/worldcup
2018,Harry Maguire,England,Defender,25.0,,,,,,33.33333333333333,0.0,,,,,,,,,,True,0.0,0.0,,U25,,648.0,6.0,7.0,1.0,1.0,,0.0,2.0,0.0,99.2,Fjelstul World Cup Database via DataHub,https://datahub.io/football/worldcup
2018,Jack Butland,England,Goalkeeper,25.0,,,,,,33.33333333333333,0.0,,,,,,,,,,True,0.0,0.0,,U25,,0.0,0.0,0.0,0.0,0.0,,0.0,0.0,0.0,0.0,Fjelstul World Cup Database via DataHub,https://datahub.io/football/worldcup
2018,Jamie Vardy,England,Forward,31.0,,,,,,33.33333333333333,0.0,,,,,,,,,,True,0.0,0.0,,Veteran,,157.0,1.0,4.0,3.0,0.0,,0.0,0.0,0.0,60.6,Fjelstul World Cup Database via DataHub,https://datahub.io/football/worldcup
2018,Jesse Lingard,England,Midfielder,25.0,,,,,,33.33333333333333,0.0,,,,,,,,,,True,0.0,0.0,,U25,,531.0,5.0,6.0,1.0,1.0,,0.0,1.0,0.0,96.7,Fjelstul World Cup Database via DataHub,https://datahub.io/football/worldcup
2018,John Stones,England,Defender,24.0,,,,,,33.33333333333333,0.0,,,,,,,,,,True,0.0,0.0,,U25,,650.0,7.0,7.0,0.0,2.0,,0.0,1.0,0.0,100.0,Fjelstul World Cup Database via DataHub,https://datahub.io/football/worldcup
2018,Jordan Henderson,England,Midfielder,27.0,,,,,,33.33333333333333,0.0,,,,,,,,,,False,160.0,2.0,55.8,Prime,,485.0,5.0,5.0,0.0,0.0,,0.0,1.0,0.0,86.2,Fjelstul World Cup Database via DataHub,https://datahub.io/football/worldcup
2018,Jordan Pickford,England,Goalkeeper,24.0,,,,,,33.33333333333333,0.0,,,,,,,,,,True,0.0,0.0,,U25,,694.0,7.0,7.0,0.0,0.0,,1.0,0.0,0.0,96.1,Fjelstul World Cup Database via DataHub,https://datahub.io/football/worldcup
2018,Kieran Trippier,England,Defender,27.0,,,,,,33.33333333333333,0.0,,,,,,,,,,True,0.0,0.0,,Prime,,584.0,6.0,6.0,0.0,1.0,,0.0,0.0,0.0,98.9,Fjelstul World Cup Database via DataHub,https://datahub.io/football/worldcup
2018,Kyle Walker,England,Defender,28.0,,,,,,33.33333333333333,0.0,,,,,,,,,,True,0.0,0.0,,Prime,,499.0,5.0,5.0,0.0,0.0,,0.0,2.0,0.0,90.4,Fjelstul World Cup Database via DataHub,https://datahub.io/football/worldcup
2018,Marcus Rashford,England,Forward,20.0,,,,,,33.33333333333333,0.0,,,,,,,,,,True,0.0,0.0,,U21,,212.0,1.0,6.0,5.0,0.0,,0.0,0.0,0.0,64.9,Fjelstul World Cup Database via DataHub,https://datahub.io/football/worldcup
2018,Nick Pope,England,Goalkeeper,26.0,,,,,,33.33333333333333,0.0,,,,,,,,,,True,0.0,0.0,,Prime,,0.0,0.0,0.0,0.0,0.0,,0.0,0.0,0.0,0.0,Fjelstul World Cup Database via DataHub,https://datahub.io/football/worldcup
2018,Phil Jones,England,Defender,26.0,,,,,,33.33333333333333,0.0,,,,,,,,,,False,90.0,1.0,42.2,Prime,,180.0,2.0,2.0,0.0,0.0,,0.0,0.0,0.0,54.5,Fjelstul World Cup Database via DataHub,https://datahub.io/football/worldcup
2018,Raheem Sterling,England,Forward,23.0,,,,,,33.33333333333333,0.0,,,,,,,,,,False,182.0,3.0,59.0,U23,,457.0,6.0,6.0,0.0,0.0,,0.0,0.0,0.0,81.9,Fjelstul World Cup Database via DataHub,https://datahub.io/football/worldcup
2018,Ruben Loftus-Cheek,England,Midfielder,22.0,,,,,,33.33333333333333,0.0,,,,,,,,,,True,0.0,0.0,,U23,,277.0,3.0,4.0,1.0,0.0,,0.0,1.0,0.0,75.7,Fjelstul World Cup Database via DataHub,https://datahub.io/football/worldcup
2018,Trent Alexander-Arnold,England,Defender,19.0,,,,,,33.33333333333333,0.0,,,,,,,,,,True,0.0,0.0,,U21,,79.0,1.0,1.0,0.0,0.0,,0.0,0.0,0.0,38.9,Fjelstul World Cup Database via DataHub,https://datahub.io/football/worldcup
2018,Adil Rami,France,Defender,32.0,,,,,,0.0,,,,,,,,,,,True,0.0,0.0,,Veteran,,0.0,0.0,0.0,0.0,0.0,,0.0,0.0,0.0,0.0,Fjelstul World Cup Database via DataHub,https://datahub.io/football/worldcup
2018,Alphonse Areola,France,Goalkeeper,25.0,,,,,,0.0,,,,,,,,,,,True,0.0,0.0,,U25,,0.0,0.0,0.0,0.0,0.0,,0.0,0.0,0.0,0.0,Fjelstul World Cup Database via DataHub,https://datahub.io/football/worldcup
2018,Antoine Griezmann,France,Forward,27.0,,,,,,0.0,,,,,,,,,,,False,302.0,5.0,76.3,Prime,,575.0,7.0,7.0,0.0,4.0,,0.0,0.0,0.0,99.2,Fjelstul World Cup Database via DataHub,https://datahub.io/football/worldcup
2018,Benjamin Mendy,France,Defender,23.0,,,,,,0.0,,,,,,,,,,,True,0.0,0.0,,U23,,42.0,0.0,1.0,1.0,0.0,,0.0,0.0,0.0,35.3,Fjelstul World Cup Database via DataHub,https://datahub.io/football/worldcup
2018,Benjamin Pavard,France,Defender,22.0,,,,,,0.0,,,,,,,,,,,True,0.0,0.0,,U23,,544.0,6.0,6.0,0.0,1.0,,0.0,1.0,0.0,98.7,Fjelstul World Cup Database via DataHub,https://datahub.io/football/worldcup
2018,Blaise Matuidi,France,Midfielder,31.0,,,,,,0.0,,,,,,,,,,,False,434.0,5.0,95.8,Veteran,,336.0,4.0,5.0,1.0,0.0,,0.0,2.0,0.0,78.8,Fjelstul World Cup Database via DataHub,https://datahub.io/football/worldcup
2018,Corentin Tolisso,France,Midfielder,23.0,,,,,,0.0,,,,,,,,,,,True,0.0,0.0,,U23,,195.0,2.0,5.0,3.0,0.0,,0.0,1.0,0.0,59.8,Fjelstul World Cup Database via DataHub,https://datahub.io/football/worldcup
2018,Djibril Sidibé,France,Defender,25.0,,,,,,0.0,,,,,,,,,,,True,0.0,0.0,,U25,,92.0,1.0,1.0,0.0,0.0,,0.0,0.0,0.0,45.9,Fjelstul World Cup Database via DataHub,https://datahub.io/football/worldcup
2018,Florian Thauvin,France,Forward,25.0,,,,,,0.0,,,,,,,,,,,True,0.0,0.0,,U25,,1.0,0.0,1.0,1.0,0.0,,0.0,0.0,0.0,28.2,Fjelstul World Cup Database via DataHub,https://datahub.io/football/worldcup
2018,Hugo Lloris,France,Goalkeeper,31.0,,,,,,0.0,,,,,,,,,,,False,727.0,8.0,95.7,Veteran,,544.0,6.0,6.0,0.0,0.0,,3.0,0.0,0.0,97.2,Fjelstul World Cup Database via DataHub,https://datahub.io/football/worldcup
2018,Kylian Mbappé,France,Forward,19.0,,,,,,0.0,,,,,,,,,,,True,0.0,0.0,,U21,,537.0,6.0,7.0,1.0,4.0,,0.0,2.0,0.0,98.4,Fjelstul World Cup Database via DataHub,https://datahub.io/football/worldcup
2018,Lucas Hernandez,France,Defender,22.0,,,,,,0.0,,,,,,,,,,,True,0.0,0.0,,U23,,594.0,7.0,7.0,0.0,0.0,,0.0,2.0,0.0,93.8,Fjelstul World Cup Database via DataHub,https://datahub.io/football/worldcup
2018,N'Golo Kanté,France,Midfielder,27.0,,,,,,0.0,,,,,,,,,,,True,0.0,0.0,,Prime,,601.0,7.0,7.0,0.0,0.0,,0.0,2.0,0.0,88.7,Fjelstul World Cup Database via DataHub,https://datahub.io/football/worldcup
2018,Nabil Fekir,France,Forward,24.0,,,,,,0.0,,,,,,,,,,,True,0.0,0.0,,U25,,70.0,0.0,6.0,6.0,0.0,,0.0,0.0,0.0,44.9,Fjelstul World Cup Database via DataHub,https://datahub.io/football/worldcup
2018,Olivier Giroud,France,Forward,31.0,,,,,,0.0,,,,,,,,,,,False,169.0,5.0,79.3,Veteran,,551.0,6.0,7.0,1.0,0.0,,0.0,1.0,0.0,82.6,Fjelstul World Cup Database via DataHub,https://datahub.io/football/worldcup
2018,Ousmane Dembélé,France,Forward,21.0,,,,,,0.0,,,,,,,,,,,True,0.0,0.0,,U21,,168.0,2.0,4.0,2.0,0.0,,0.0,0.0,0.0,64.0,Fjelstul World Cup Database via DataHub,https://datahub.io/football/worldcup
2018,Paul Pogba,France,Midfielder,25.0,,,,,,0.0,,,,,,,,,,,False,361.0,5.0,93.9,U25,,543.0,6.0,6.0,0.0,1.0,,0.0,1.0,0.0,97.4,Fjelstul World Cup Database via DataHub,https://datahub.io/football/worldcup
2018,Presnel Kimpembe,France,Defender,22.0,,,,,,0.0,,,,,,,,,,,True,0.0,0.0,,U23,,92.0,1.0,1.0,0.0,0.0,,0.0,0.0,0.0,45.9,Fjelstul World Cup Database via DataHub,https://datahub.io/football/worldcup
2018,Raphaël Varane,France,Defender,25.0,,,,,,0.0,,,,,,,,,,,False,396.0,5.0,86.4,U25,,636.0,7.0,7.0,0.0,1.0,,0.0,0.0,0.0,99.6,Fjelstul World Cup Database via DataHub,https://datahub.io/football/worldcup
2018,Samuel Umtiti,France,Defender,24.0,,,,,,0.0,,,,,,,,,,,True,0.0,0.0,,U25,,544.0,6.0,6.0,0.0,1.0,,0.0,0.0,0.0,98.7,Fjelstul World Cup Database via DataHub,https://datahub.io/football/worldcup
2018,Steve Mandanda,France,Goalkeeper,33.0,,,,,,0.0,,,,,,,,,,,True,0.0,0.0,0.0,Veteran,,92.0,1.0,1.0,0.0,0.0,,1.0,0.0,0.0,81.2,Fjelstul World Cup Database via DataHub,https://datahub.io/football/worldcup
2018,Steven Nzonzi,France,Midfielder,29.0,,,,,,0.0,,,,,,,,,,,True,0.0,0.0,,Prime,,147.0,1.0,5.0,4.0,0.0,,0.0,0.0,0.0,51.6,Fjelstul World Cup Database via DataHub,https://datahub.io/football/worldcup
2018,Thomas Lemar,France,Forward,22.0,,,,,,0.0,,,,,,,,,,,True,0.0,0.0,,U23,,92.0,1.0,1.0,0.0,0.0,,0.0,0.0,0.0,56.1,Fjelstul World Cup Database via DataHub,https://datahub.io/football/worldcup
2018,Antonio Rüdiger,Germany,Defender,25.0,,,,,,0.0,16.7,,,,,,,,,,True,0.0,0.0,,U25,,90.0,1.0,1.0,0.0,0.0,,0.0,0.0,0.0,42.2,Fjelstul World Cup Database via DataHub,https://datahub.io/football/worldcup
2018,Jonas Hector,Germany,Defender,28.0,,,,,,0.0,16.7,,,,,,,,,,True,0.0,0.0,,Prime,,165.0,2.0,2.0,0.0,0.0,,0.0,0.0,0.0,51.9,Fjelstul World Cup Database via DataHub,https://datahub.io/football/worldcup
2018,Joshua Kimmich,Germany,Defender,23.0,,,,,,0.0,16.7,,,,,,,,,,True,0.0,0.0,,U23,,270.0,3.0,3.0,0.0,0.0,,0.0,0.0,0.0,67.9,Fjelstul World Cup Database via DataHub,https://datahub.io/football/worldcup
2018,Julian Brandt,Germany,Midfielder,22.0,,,,,,0.0,16.7,,,,,,,,,,True,0.0,0.0,,U23,,19.0,0.0,3.0,3.0,0.0,,0.0,0.0,0.0,30.3,Fjelstul World Cup Database via DataHub,https://datahub.io/football/worldcup
2018,Julian Draxler,Germany,Midfielder,24.0,,,,,,0.0,16.7,,,,,,,,,,False,14.0,1.0,29.2,U25,,136.0,2.0,2.0,0.0,0.0,,0.0,0.0,0.0,53.7,Fjelstul World Cup Database via DataHub,https://datahub.io/football/worldcup
2018,Jérôme Boateng,Germany,Defender,29.0,,,,,,0.0,16.7,,,,,,,,,,False,1027.0,12.0,94.7,Prime,,180.0,2.0,2.0,0.0,0.0,,0.0,1.0,1.0,54.5,Fjelstul World Cup Database via DataHub,https://datahub.io/football/worldcup
2018,Kevin Trapp,Germany,Goalkeeper,27.0,,,,,,0.0,16.7,,,,,,,,,,True,0.0,0.0,,Prime,,0.0,0.0,0.0,0.0,0.0,,0.0,0.0,0.0,0.0,Fjelstul World Cup Database via DataHub,https://datahub.io/football/worldcup
2018,Leon Goretzka,Germany,Midfielder,23.0,,,,,,0.0,16.7,,,,,,,,,,True,0.0,0.0,,U23,,63.0,1.0,1.0,0.0,0.0,,0.0,0.0,0.0,41.6,Fjelstul World Cup Database via DataHub,https://datahub.io/football/worldcup
2018,Manuel Neuer,Germany,Goalkeeper,32.0,,,,,,0.0,16.7,,,,,,,,,,False,1238.0,13.0,99.7,Veteran,,270.0,3.0,3.0,0.0,0.0,,0.0,0.0,0.0,76.1,Fjelstul World Cup Database via DataHub,https://datahub.io/football/worldcup
2018,Marc-André ter Stegen,Germany,Goalkeeper,26.0,,,,,,0.0,16.7,,,,,,,,,,True,0.0,0.0,,Prime,,0.0,0.0,0.0,0.0,0.0,,0.0,0.0,0.0,0.0,Fjelstul World Cup Database via DataHub,https://datahub.io/football/worldcup
2018,Marco Reus,Germany,Forward,29.0,,,,,,0.0,16.7,,,,,,,,,,True,0.0,0.0,,Prime,,210.0,2.0,3.0,1.0,1.0,,0.0,0.0,0.0,81.6,Fjelstul World Cup Database via DataHub,https://datahub.io/football/worldcup
2018,Mario Gómez,Germany,Forward,32.0,,,,,,0.0,16.7,,,,,,,,,,False,59.0,4.0,38.8,Veteran,,87.0,0.0,3.0,3.0,0.0,,0.0,0.0,0.0,45.5,Fjelstul World Cup Database via DataHub,https://datahub.io/football/worldcup
2018,Marvin Plattenhardt,Germany,Defender,26.0,,,,,,0.0,16.7,,,,,,,,,,True,0.0,0.0,,Prime,,79.0,1.0,1.0,0.0,0.0,,0.0,0.0,0.0,38.9,Fjelstul World Cup Database via DataHub,https://datahub.io/football/worldcup
2018,Mats Hummels,Germany,Defender,29.0,,,,,,0.0,16.7,,,,,,,,,,False,512.0,6.0,98.8,Prime,,180.0,2.0,2.0,0.0,0.0,,0.0,1.0,0.0,54.5,Fjelstul World Cup Database via DataHub,https://datahub.io/football/worldcup
2018,Matthias Ginter,Germany,Defender,24.0,,,,,,0.0,16.7,,,,,,,,,,True,0.0,0.0,0.0,U25,,0.0,0.0,0.0,0.0,0.0,,0.0,0.0,0.0,0.0,Fjelstul World Cup Database via DataHub,https://datahub.io/football/worldcup
2018,Mesut Özil,Germany,Midfielder,29.0,,,,,,0.0,16.7,,,,,,,,,,False,1248.0,14.0,98.6,Prime,,180.0,2.0,2.0,0.0,0.0,,0.0,0.0,0.0,57.9,Fjelstul World Cup Database via DataHub,https://datahub.io/football/worldcup
2018,Niklas Süle,Germany,Defender,22.0,,,,,,0.0,16.7,,,,,,,,,,True,0.0,0.0,,U23,,90.0,1.0,1.0,0.0,0.0,,0.0,0.0,0.0,42.2,Fjelstul World Cup Database via DataHub,https://datahub.io/football/worldcup
2018,Sami Khedira,Germany,Midfielder,31.0,,,,,,0.0,16.7,,,,,,,,,,False,990.0,12.0,94.3,Veteran,,118.0,2.0,2.0,0.0,0.0,,0.0,0.0,0.0,52.3,Fjelstul World Cup Database via DataHub,https://datahub.io/football/worldcup
2018,Sebastian Rudy,Germany,Midfielder,28.0,,,,,,0.0,16.7,,,,,,,,,,True,0.0,0.0,,Prime,,31.0,1.0,1.0,0.0,0.0,,0.0,0.0,0.0,37.9,Fjelstul World Cup Database via DataHub,https://datahub.io/football/worldcup
2018,Thomas Müller,Germany,Midfielder,28.0,,,,,,0.0,16.7,,,,,,,,,,False,1159.0,13.0,99.9,Prime,,207.0,2.0,3.0,1.0,0.0,,0.0,1.0,0.0,60.6,Fjelstul World Cup Database via DataHub,https://datahub.io/football/worldcup
2018,Timo Werner,Germany,Forward,22.0,,,,,,0.0,16.7,,,,,,,,,,True,0.0,0.0,,U23,,266.0,3.0,3.0,0.0,0.0,,0.0,0.0,0.0,73.1,Fjelstul World Cup Database via DataHub,https://datahub.io/football/worldcup
2018,Toni Kroos,Germany,Midfielder,28.0,,,,,,0.0,16.7,,,,,,,,,,False,758.0,11.0,99.7,Prime,,270.0,3.0,3.0,0.0,1.0,,0.0,0.0,0.0,90.1,Fjelstul World Cup Database via DataHub,https://datahub.io/football/worldcup
2018,İlkay Gündoğan,Germany,Midfielder,27.0,,,,,,0.0,16.7,,,,,,,,,,True,0.0,0.0,,Prime,,59.0,0.0,1.0,1.0,0.0,,0.0,0.0,0.0,36.3,Fjelstul World Cup Database via DataHub,https://datahub.io/football/worldcup
2018,Albert Guðmundsson,Iceland,Midfielder,20.0,,,,,,,50.0,,,,,,,,,,True,0.0,0.0,,U21,,5.0,0.0,1.0,1.0,0.0,,0.0,0.0,0.0,27.0,Fjelstul World Cup Database via DataHub,https://datahub.io/football/worldcup
2018,Alfreð Finnbogason,Iceland,Forward,29.0,,,,,,,50.0,,,,,,,,,,True,0.0,0.0,,Prime,,264.0,3.0,3.0,0.0,1.0,,0.0,1.0,0.0,85.4,Fjelstul World Cup Database via DataHub,https://datahub.io/football/worldcup
2018,Ari Freyr Skúlason,Iceland,Defender,31.0,,,,,,,50.0,,,,,,,,,,True,0.0,0.0,,Veteran,,17.0,0.0,2.0,2.0,0.0,,0.0,0.0,0.0,33.8,Fjelstul World Cup Database via DataHub,https://datahub.io/football/worldcup
2018,Arnór Ingvi Traustason,Iceland,Midfielder,25.0,,,,,,,50.0,,,,,,,,,,True,0.0,0.0,,U25,,0.0,0.0,1.0,1.0,0.0,,0.0,0.0,0.0,0.0,Fjelstul World Cup Database via DataHub,https://datahub.io/football/worldcup
2018,Aron Gunnarsson,Iceland,Midfielder,29.0,,,,,,,50.0,,,,,,,,,,True,0.0,0.0,,Prime,,253.0,3.0,3.0,0.0,0.0,,0.0,0.0,0.0,67.1,Fjelstul World Cup Database via DataHub,https://datahub.io/football/worldcup
2018,Birkir Bjarnason,Iceland,Midfielder,30.0,,,,,,,50.0,,,,,,,,,,True,0.0,0.0,,Veteran,,270.0,3.0,3.0,0.0,0.0,,0.0,0.0,0.0,71.4,Fjelstul World Cup Database via DataHub,https://datahub.io/football/worldcup
2018,Birkir Már Sævarsson,Iceland,Defender,33.0,,,,,,,50.0,,,,,,,,,,True,0.0,0.0,,Veteran,,270.0,3.0,3.0,0.0,0.0,,0.0,1.0,0.0,67.9,Fjelstul World Cup Database via DataHub,https://datahub.io/football/worldcup
2018,Björn Bergmann Sigurðarson,Iceland,Forward,27.0,,,,,,,50.0,,,,,,,,,,True,0.0,0.0,,Prime,,40.0,0.0,3.0,3.0,0.0,,0.0,0.0,0.0,36.3,Fjelstul World Cup Database via DataHub,https://datahub.io/football/worldcup
2018,Emil Hallfreðsson,Iceland,Midfielder,33.0,,,,,,,50.0,,,,,,,,,,True,0.0,0.0,,Veteran,,180.0,2.0,2.0,0.0,0.0,,0.0,1.0,0.0,57.9,Fjelstul World Cup Database via DataHub,https://datahub.io/football/worldcup
2018,Frederik Schram,Iceland,Goalkeeper,23.0,,,,,,,50.0,,,,,,,,,,True,0.0,0.0,,U23,,0.0,0.0,0.0,0.0,0.0,,0.0,0.0,0.0,0.0,Fjelstul World Cup Database via DataHub,https://datahub.io/football/worldcup
2018,Gylfi Sigurðsson,Iceland,Midfielder,28.0,,,,,,,50.0,,,,,,,,,,True,0.0,0.0,,Prime,,270.0,3.0,3.0,0.0,1.0,,0.0,0.0,0.0,90.1,Fjelstul World Cup Database via DataHub,https://datahub.io/football/worldcup
2018,Hannes Þór Halldórsson,Iceland,Goalkeeper,34.0,,,,,,,50.0,,,,,,,,,,True,0.0,0.0,,Veteran,,270.0,3.0,3.0,0.0,0.0,,0.0,0.0,0.0,76.1,Fjelstul World Cup Database via DataHub,https://datahub.io/football/worldcup
2018,Hólmar Örn Eyjólfsson,Iceland,Defender,27.0,,,,,,,50.0,,,,,,,,,,True,0.0,0.0,,Prime,,0.0,0.0,0.0,0.0,0.0,,0.0,0.0,0.0,0.0,Fjelstul World Cup Database via DataHub,https://datahub.io/football/worldcup
2018,Hörður Björgvin Magnússon,Iceland,Defender,25.0,,,,,,,50.0,,,,,,,,,,True,0.0,0.0,,U25,,270.0,3.0,3.0,0.0,0.0,,0.0,0.0,0.0,67.9,Fjelstul World Cup Database via DataHub,https://datahub.io/football/worldcup
2018,Jóhann Berg Guðmundsson,Iceland,Midfielder,27.0,,,,,,,50.0,,,,,,,,,,True,0.0,0.0,,Prime,,153.0,2.0,2.0,0.0,0.0,,0.0,0.0,0.0,54.9,Fjelstul World Cup Database via DataHub,https://datahub.io/football/worldcup
2018,Jón Daði Böðvarsson,Iceland,Forward,26.0,,,,,,,50.0,,,,,,,,,,True,0.0,0.0,,Prime,,71.0,1.0,1.0,0.0,0.0,,0.0,0.0,0.0,51.7,Fjelstul World Cup Database via DataHub,https://datahub.io/football/worldcup
2018,Kári Árnason,Iceland,Defender,35.0,,,,,,,50.0,,,,,,,,,,True,0.0,0.0,,Veteran,,180.0,2.0,2.0,0.0,0.0,,0.0,0.0,0.0,54.5,Fjelstul World Cup Database via DataHub,https://datahub.io/football/worldcup
2018,Ragnar Sigurðsson,Iceland,Defender,31.0,,,,,,,50.0,,,,,,,,,,True,0.0,0.0,,Veteran,,225.0,3.0,3.0,0.0,0.0,,0.0,0.0,0.0,60.5,Fjelstul World Cup Database via DataHub,https://datahub.io/football/worldcup
2018,Rúnar Alex Rúnarsson,Iceland,Goalkeeper,23.0,,,,,,,50.0,,,,,,,,,,True,0.0,0.0,,U23,,0.0,0.0,0.0,0.0,0.0,,0.0,0.0,0.0,0.0,Fjelstul World Cup Database via DataHub,https://datahub.io/football/worldcup
2018,Rúrik Gíslason,Iceland,Midfielder,30.0,,,,,,,50.0,,,,,,,,,,True,0.0,0.0,,Veteran,,117.0,1.0,2.0,1.0,0.0,,0.0,0.0,0.0,49.6,Fjelstul World Cup Database via DataHub,https://datahub.io/football/worldcup
2018,Samúel Friðjónsson,Iceland,Midfielder,22.0,,,,,,,50.0,,,,,,,,,,True,0.0,0.0,,U23,,0.0,0.0,0.0,0.0,0.0,,0.0,0.0,0.0,0.0,Fjelstul World Cup Database via DataHub,https://datahub.io/football/worldcup
2018,Sverrir Ingi Ingason,Iceland,Defender,24.0,,,,,,,50.0,,,,,,,,,,True,0.0,0.0,,U25,,115.0,1.0,2.0,1.0,0.0,,0.0,0.0,0.0,47.8,Fjelstul World Cup Database via DataHub,https://datahub.io/football/worldcup
2018,Ólafur Ingi Skúlason,Iceland,Midfielder,35.0,,,,,,,50.0,,,,,,,,,,True,0.0,0.0,,Veteran,,0.0,0.0,0.0,0.0,0.0,,0.0,0.0,0.0,0.0,Fjelstul World Cup Database via DataHub,https://datahub.io/football/worldcup
2018,Alireza Beiranvand,Iran,Goalkeeper,25.0,,,,,,,50.0,,,,,,,,,,True,0.0,0.0,,U25,,276.0,3.0,3.0,0.0,0.0,,1.0,0.0,0.0,87.1,Fjelstul World Cup Database via DataHub,https://datahub.io/football/worldcup
2018,Alireza Jahanbakhsh,Iran,Forward,24.0,,,,,,,50.0,,,,,,,,,,False,53.0,3.0,38.2,U25,,171.0,2.0,3.0,1.0,0.0,,0.0,1.0,0.0,64.3,Fjelstul World Cup Database via DataHub,https://datahub.io/football/worldcup
2018,Amir Abedzadeh,Iran,Goalkeeper,25.0,,,,,,,50.0,,,,,,,,,,True,0.0,0.0,,U25,,0.0,0.0,0.0,0.0,0.0,,0.0,0.0,0.0,0.0,Fjelstul World Cup Database via DataHub,https://datahub.io/football/worldcup
2018,Ashkan Dejagah,Iran,Midfielder,31.0,,,,,,,50.0,,,,,,,,,,False,226.0,3.0,64.6,Veteran,,0.0,0.0,0.0,0.0,0.0,,0.0,0.0,0.0,0.0,Fjelstul World Cup Database via DataHub,https://datahub.io/football/worldcup
2018,Ehsan Hajsafi,Iran,Defender,28.0,,,,,,,50.0,,,,,,,,,,False,241.0,3.0,65.8,Prime,,215.0,3.0,3.0,0.0,0.0,,0.0,1.0,0.0,60.2,Fjelstul World Cup Database via DataHub,https://datahub.io/football/worldcup
2018,Karim Ansarifard,Iran,Forward,28.0,,,,,,,50.0,,,,,,,,,,False,22.0,1.0,32.7,Prime,,184.0,2.0,3.0,1.0,1.0,,0.0,1.0,0.0,80.5,Fjelstul World Cup Database via DataHub,https://datahub.io/football/worldcup
2018,Majid Hosseini,Iran,Defender,21.0,,,,,,,50.0,,,,,,,,,,True,0.0,0.0,,U21,,195.0,2.0,3.0,1.0,0.0,,0.0,0.0,0.0,57.8,Fjelstul World Cup Database via DataHub,https://datahub.io/football/worldcup
2018,Masoud Shojaei,Iran,Midfielder,34.0,,,,,,,50.0,,,,,,,,,,False,200.0,4.0,52.7,Veteran,,68.0,1.0,1.0,0.0,0.0,,0.0,1.0,0.0,42.4,Fjelstul World Cup Database via DataHub,https://datahub.io/football/worldcup
2018,Mehdi Taremi,Iran,Forward,25.0,,,,,,,50.0,,,,,,,,,,True,0.0,0.0,,U25,,208.0,2.0,3.0,1.0,0.0,,0.0,0.0,0.0,67.3,Fjelstul World Cup Database via DataHub,https://datahub.io/football/worldcup
2018,Mehdi Torabi,Iran,Midfielder,23.0,,,,,,,50.0,,,,,,,,,,True,0.0,0.0,,U23,,0.0,0.0,0.0,0.0,0.0,,0.0,0.0,0.0,0.0,Fjelstul World Cup Database via DataHub,https://datahub.io/football/worldcup
2018,Milad Mohammadi,Iran,Defender,24.0,,,,,,,50.0,,,,,,,,,,True,0.0,0.0,,U25,,61.0,0.0,2.0,2.0,0.0,,0.0,0.0,0.0,36.4,Fjelstul World Cup Database via DataHub,https://datahub.io/football/worldcup
2018,Mohammad Rashid Mazaheri,Iran,Goalkeeper,29.0,,,,,,,50.0,,,,,,,,,,True,0.0,0.0,,Prime,,0.0,0.0,0.0,0.0,0.0,,0.0,0.0,0.0,0.0,Fjelstul World Cup Database via DataHub,https://datahub.io/football/worldcup
2018,Mohammad Reza Khanzadeh,Iran,Defender,27.0,,,,,,,50.0,,,,,,,,,,True,0.0,0.0,,Prime,,0.0,0.0,0.0,0.0,0.0,,0.0,0.0,0.0,0.0,Fjelstul World Cup Database via DataHub,https://datahub.io/football/worldcup
2018,Morteza Pouraliganji,Iran,Defender,26.0,,,,,,,50.0,,,,,,,,,,True,0.0,0.0,,Prime,,276.0,3.0,3.0,0.0,0.0,,0.0,0.0,0.0,75.9,Fjelstul World Cup Database via DataHub,https://datahub.io/football/worldcup
2018,Omid Ebrahimi,Iran,Midfielder,30.0,,,,,,,50.0,,,,,,,,,,True,0.0,0.0,,Veteran,,267.0,3.0,3.0,0.0,0.0,,0.0,1.0,0.0,68.6,Fjelstul World Cup Database via DataHub,https://datahub.io/football/worldcup
2018,Pejman Montazeri,Iran,Defender,34.0,,,,,,,50.0,,,,,,,,,,False,274.0,3.0,75.4,Veteran,,0.0,0.0,0.0,0.0,0.0,,0.0,0.0,0.0,0.0,Fjelstul World Cup Database via DataHub,https://datahub.io/football/worldcup
2018,Ramin Rezaeian,Iran,Defender,28.0,,,,,,,50.0,,,,,,,,,,True,0.0,0.0,,Prime,,276.0,3.0,3.0,0.0,0.0,,0.0,0.0,0.0,75.9,Fjelstul World Cup Database via DataHub,https://datahub.io/football/worldcup
2018,Reza Ghoochannejhad,Iran,Forward,30.0,,,,,,,50.0,,,,,,,,,,False,274.0,3.0,87.4,Veteran,,0.0,0.0,0.0,0.0,0.0,,0.0,0.0,0.0,0.0,Fjelstul World Cup Database via DataHub,https://datahub.io/football/worldcup
2018,Rouzbeh Cheshmi,Iran,Defender,24.0,,,,,,,50.0,,,,,,,,,,True,0.0,0.0,,U25,,90.0,1.0,1.0,0.0,0.0,,0.0,0.0,0.0,42.2,Fjelstul World Cup Database via DataHub,https://datahub.io/football/worldcup
2018,Saeid Ezatolahi,Iran,Midfielder,21.0,,,,,,,50.0,,,,,,,,,,True,0.0,0.0,,U21,,166.0,2.0,2.0,0.0,0.0,,0.0,0.0,0.0,56.3,Fjelstul World Cup Database via DataHub,https://datahub.io/football/worldcup
2018,Saman Ghoddos,Iran,Forward,24.0,,,,,,,50.0,,,,,,,,,,True,0.0,0.0,,U25,,35.0,0.0,3.0,3.0,0.0,,0.0,0.0,0.0,35.3,Fjelstul World Cup Database via DataHub,https://datahub.io/football/worldcup
2018,Sardar Azmoun,Iran,Forward,23.0,,,,,,,50.0,,,,,,,,,,True,0.0,0.0,,U23,,276.0,3.0,3.0,0.0,0.0,,0.0,1.0,0.0,76.1,Fjelstul World Cup Database via DataHub,https://datahub.io/football/worldcup
2018,Vahid Amiri,Iran,Midfielder,30.0,,,,,,,50.0,,,,,,,,,,True,0.0,0.0,,Veteran,,272.0,3.0,3.0,0.0,0.0,,0.0,1.0,0.0,74.7,Fjelstul World Cup Database via DataHub,https://datahub.io/football/worldcup
2018,Eiji Kawashima,Japan,Goalkeeper,35.0,,,,,,66.66666666666666,33.3,,,,,,,,,,False,661.0,7.0,84.2,Veteran,,360.0,4.0,4.0,0.0,0.0,,0.0,1.0,0.0,79.7,Fjelstul World Cup Database via DataHub,https://datahub.io/football/worldcup
2018,Gaku Shibasaki,Japan,Midfielder,26.0,,,,,,66.66666666666666,33.3,,,,,,,,,,True,0.0,0.0,,Prime,,341.0,4.0,4.0,0.0,0.0,,0.0,1.0,0.0,79.0,Fjelstul World Cup Database via DataHub,https://datahub.io/football/worldcup
2018,Gen Shoji,Japan,Defender,25.0,,,,,,66.66666666666666,33.3,,,,,,,,,,True,0.0,0.0,,U25,,270.0,3.0,3.0,0.0,0.0,,0.0,0.0,0.0,67.9,Fjelstul World Cup Database via DataHub,https://datahub.io/football/worldcup
2018,Genki Haraguchi,Japan,Midfielder,27.0,,,,,,66.66666666666666,33.3,,,,,,,,,,True,0.0,0.0,,Prime,,246.0,3.0,3.0,0.0,1.0,,0.0,0.0,0.0,87.0,Fjelstul World Cup Database via DataHub,https://datahub.io/football/worldcup
2018,Gōtoku Sakai,Japan,Defender,27.0,,,,,,66.66666666666666,33.3,,,,,,,,,,True,0.0,0.0,0.0,Prime,,90.0,1.0,1.0,0.0,0.0,,0.0,0.0,0.0,42.2,Fjelstul World Cup Database via DataHub,https://datahub.io/football/worldcup
2018,Hiroki Sakai,Japan,Defender,28.0,,,,,,66.66666666666666,33.3,,,,,,,,,,True,0.0,0.0,0.0,Prime,,360.0,4.0,4.0,0.0,0.0,,0.0,0.0,0.0,81.0,Fjelstul World Cup Database via DataHub,https://datahub.io/football/worldcup
2018,Hotaru Yamaguchi,Japan,Midfielder,27.0,,,,,,66.66666666666666,33.3,,,,,,,,,,False,208.0,3.0,60.7,Prime,,109.0,1.0,3.0,2.0,0.0,,0.0,0.0,0.0,48.9,Fjelstul World Cup Database via DataHub,https://datahub.io/football/worldcup
2018,Keisuke Honda,Japan,Midfielder,32.0,,,,,,66.66666666666666,33.3,,,,,,,,,,False,661.0,7.0,90.1,Veteran,,47.0,0.0,3.0,3.0,1.0,,0.0,0.0,0.0,57.0,Fjelstul World Cup Database via DataHub,https://datahub.io/football/worldcup
2018,Kosuke Nakamura,Japan,Goalkeeper,23.0,,,,,,66.66666666666666,33.3,,,,,,,,,,True,0.0,0.0,,U23,,0.0,0.0,0.0,0.0,0.0,,0.0,0.0,0.0,0.0,Fjelstul World Cup Database via DataHub,https://datahub.io/football/worldcup
2018,Makoto Hasebe,Japan,Midfielder,34.0,,,,,,66.66666666666666,33.3,,,,,,,,,,False,566.0,7.0,62.9,Veteran,,278.0,3.0,4.0,1.0,0.0,,0.0,1.0,0.0,75.8,Fjelstul World Cup Database via DataHub,https://datahub.io/football/worldcup
2018,Masaaki Higashiguchi,Japan,Goalkeeper,32.0,,,,,,66.66666666666666,33.3,,,,,,,,,,True,0.0,0.0,,Veteran,,0.0,0.0,0.0,0.0,0.0,,0.0,0.0,0.0,0.0,Fjelstul World Cup Database via DataHub,https://datahub.io/football/worldcup
2018,Maya Yoshida,Japan,Defender,29.0,,,,,,66.66666666666666,33.3,,,,,,,,,,False,270.0,3.0,67.9,Prime,,360.0,4.0,4.0,0.0,0.0,,0.0,0.0,0.0,81.0,Fjelstul World Cup Database via DataHub,https://datahub.io/football/worldcup
2018,Naomichi Ueda,Japan,Defender,23.0,,,,,,66.66666666666666,33.3,,,,,,,,,,True,0.0,0.0,,U23,,0.0,0.0,0.0,0.0,0.0,,0.0,0.0,0.0,0.0,Fjelstul World Cup Database via DataHub,https://datahub.io/football/worldcup
2018,Ryota Oshima,Japan,Midfielder,25.0,,,,,,66.66666666666666,33.3,,,,,,,,,,True,0.0,0.0,,U25,,0.0,0.0,0.0,0.0,0.0,,0.0,0.0,0.0,0.0,Fjelstul World Cup Database via DataHub,https://datahub.io/football/worldcup
2018,Shinji Kagawa,Japan,Midfielder,29.0,,,,,,66.66666666666666,33.3,,,,,,,,,,False,204.0,3.0,60.4,Prime,,232.0,3.0,3.0,0.0,1.0,,0.0,0.0,0.0,86.5,Fjelstul World Cup Database via DataHub,https://datahub.io/football/worldcup
2018,Shinji Okazaki,Japan,Forward,32.0,,,,,,66.66666666666666,33.3,,,,,,,,,,False,355.0,7.0,84.5,Veteran,,67.0,1.0,3.0,2.0,0.0,,0.0,0.0,0.0,51.3,Fjelstul World Cup Database via DataHub,https://datahub.io/football/worldcup
2018,Takashi Inui,Japan,Midfielder,30.0,,,,,,66.66666666666666,33.3,,,,,,,,,,True,0.0,0.0,,Veteran,,292.0,3.0,4.0,1.0,2.0,,0.0,1.0,0.0,92.2,Fjelstul World Cup Database via DataHub,https://datahub.io/football/worldcup
2018,Takashi Usami,Japan,Midfielder,26.0,,,,,,66.66666666666666,33.3,,,,,,,,,,True,0.0,0.0,,Prime,,68.0,1.0,2.0,1.0,0.0,,0.0,0.0,0.0,42.4,Fjelstul World Cup Database via DataHub,https://datahub.io/football/worldcup
2018,Tomoaki Makino,Japan,Defender,31.0,,,,,,66.66666666666666,33.3,,,,,,,,,,True,0.0,0.0,,Veteran,,90.0,1.0,1.0,0.0,0.0,,0.0,1.0,0.0,42.2,Fjelstul World Cup Database via DataHub,https://datahub.io/football/worldcup
2018,Wataru Endo,Japan,Defender,25.0,,,,,,66.66666666666666,33.3,,,,,,,,,,True,0.0,0.0,,U25,,0.0,0.0,0.0,0.0,0.0,,0.0,0.0,0.0,0.0,Fjelstul World Cup Database via DataHub,https://datahub.io/football/worldcup
2018,Yoshinori Muto,Japan,Forward,25.0,,,,,,66.66666666666666,33.3,,,,,,,,,,True,0.0,0.0,,U25,,82.0,1.0,1.0,0.0,0.0,,0.0,0.0,0.0,53.4,Fjelstul World Cup Database via DataHub,https://datahub.io/football/worldcup
2018,Yuto Nagatomo,Japan,Defender,31.0,,,,,,66.66666666666666,33.3,,,,,,,,,,False,661.0,7.0,67.9,Veteran,,360.0,4.0,4.0,0.0,0.0,,0.0,0.0,0.0,81.0,Fjelstul World Cup Database via DataHub,https://datahub.io/football/worldcup
2018,Yuya Osako,Japan,Forward,28.0,,,,,,66.66666666666666,33.3,,,,,,,,,,False,124.0,2.0,60.9,Prime,,308.0,3.0,4.0,1.0,1.0,,0.0,0.0,0.0,87.9,Fjelstul World Cup Database via DataHub,https://datahub.io/football/worldcup
2018,Alfredo Talavera,Mexico,Goalkeeper,35.0,,,,,,,11.1,,,,,,,,,,True,0.0,0.0,0.0,Veteran,,0.0,0.0,0.0,0.0,0.0,,0.0,0.0,0.0,0.0,Fjelstul World Cup Database via DataHub,https://datahub.io/football/worldcup
2018,Andrés Guardado,Mexico,Midfielder,31.0,,,,,,,11.1,,,,,,,,,,False,541.0,8.0,92.9,Veteran,,308.0,4.0,4.0,0.0,0.0,,0.0,1.0,0.0,77.8,Fjelstul World Cup Database via DataHub,https://datahub.io/football/worldcup
2018,Carlos Salcedo,Mexico,Defender,24.0,,,,,,,11.1,,,,,,,,,,True,0.0,0.0,,U25,,361.0,4.0,4.0,0.0,0.0,,0.0,1.0,0.0,82.6,Fjelstul World Cup Database via DataHub,https://datahub.io/football/worldcup
2018,Carlos Vela,Mexico,Forward,29.0,,,,,,,11.1,,,,,,,,,,False,100.0,2.0,59.1,Prime,,316.0,4.0,4.0,0.0,1.0,,0.0,0.0,0.0,89.0,Fjelstul World Cup Database via DataHub,https://datahub.io/football/worldcup
2018,Edson Álvarez,Mexico,Defender,20.0,,,,,,,11.1,,,,,,,,,,True,0.0,0.0,,U21,,267.0,3.0,4.0,1.0,0.0,,0.0,1.0,0.0,63.1,Fjelstul World Cup Database via DataHub,https://datahub.io/football/worldcup
2018,Giovani dos Santos,Mexico,Midfielder,29.0,,,,,,,11.1,,,,,,,,,,False,658.0,8.0,92.3,Prime,,13.0,0.0,1.0,1.0,0.0,,0.0,0.0,0.0,28.9,Fjelstul World Cup Database via DataHub,https://datahub.io/football/worldcup
2018,Guillermo Ochoa,Mexico,Goalkeeper,32.0,,,,,,,11.1,,,,,,,,,,False,361.0,4.0,91.0,Veteran,,361.0,4.0,4.0,0.0,0.0,,1.0,0.0,0.0,88.7,Fjelstul World Cup Database via DataHub,https://datahub.io/football/worldcup
2018,Hirving Lozano,Mexico,Forward,22.0,,,,,,,11.1,,,,,,,,,,True,0.0,0.0,,U23,,318.0,4.0,4.0,0.0,1.0,,0.0,0.0,0.0,89.0,Fjelstul World Cup Database via DataHub,https://datahub.io/football/worldcup
2018,Hugo Ayala,Mexico,Defender,31.0,,,,,,,11.1,,,,,,,,,,True,0.0,0.0,,Veteran,,181.0,2.0,2.0,0.0,0.0,,0.0,0.0,0.0,56.6,Fjelstul World Cup Database via DataHub,https://datahub.io/football/worldcup
2018,Héctor Herrera,Mexico,Defender,28.0,,,,,,,11.1,,,,,,,,,,False,347.0,4.0,79.5,Prime,,361.0,4.0,4.0,0.0,0.0,,0.0,2.0,0.0,82.6,Fjelstul World Cup Database via DataHub,https://datahub.io/football/worldcup
2018,Héctor Moreno,Mexico,Defender,30.0,,,,,,,11.1,,,,,,,,,,False,464.0,6.0,78.3,Veteran,,270.0,3.0,3.0,0.0,0.0,,0.0,2.0,0.0,67.9,Fjelstul World Cup Database via DataHub,https://datahub.io/football/worldcup
2018,Javier Aquino,Mexico,Midfielder,28.0,,,,,,,11.1,,,,,,,,,,False,29.0,1.0,32.4,Prime,,0.0,0.0,0.0,0.0,0.0,,0.0,0.0,0.0,0.0,Fjelstul World Cup Database via DataHub,https://datahub.io/football/worldcup
2018,Javier Hernández,Mexico,Forward,30.0,,,,,,,11.1,,,,,,,,,,False,245.0,8.0,64.4,Veteran,,330.0,4.0,4.0,0.0,1.0,,0.0,0.0,0.0,89.2,Fjelstul World Cup Database via DataHub,https://datahub.io/football/worldcup
2018,Jesús Gallardo,Mexico,Midfielder,23.0,,,,,,,11.1,,,,,,,,,,True,0.0,0.0,,U23,,336.0,4.0,4.0,0.0,0.0,,0.0,1.0,0.0,78.8,Fjelstul World Cup Database via DataHub,https://datahub.io/football/worldcup
2018,Jesús Manuel Corona,Mexico,Midfielder,25.0,,,,,,,11.1,,,,,,,,,,True,0.0,0.0,,U25,,34.0,0.0,2.0,2.0,0.0,,0.0,0.0,0.0,33.2,Fjelstul World Cup Database via DataHub,https://datahub.io/football/worldcup
2018,Jonathan dos Santos,Mexico,Midfielder,28.0,,,,,,,11.1,,,,,,,,,,True,0.0,0.0,,Prime,,36.0,0.0,1.0,1.0,0.0,,0.0,0.0,0.0,33.4,Fjelstul World Cup Database via DataHub,https://datahub.io/football/worldcup
2018,José de Jesús Corona,Mexico,Goalkeeper,37.0,,,,,,,11.1,,,,,,,,,,True,0.0,0.0,0.0,Veteran,,0.0,0.0,0.0,0.0,0.0,,0.0,0.0,0.0,0.0,Fjelstul World Cup Database via DataHub,https://datahub.io/football/worldcup
2018,Marco Fabián,Mexico,Forward,28.0,,,,,,,11.1,,,,,,,,,,False,42.0,3.0,34.1,Prime,,25.0,0.0,1.0,1.0,0.0,,0.0,0.0,0.0,33.3,Fjelstul World Cup Database via DataHub,https://datahub.io/football/worldcup
2018,Miguel Layún,Mexico,Midfielder,29.0,,,,,,,11.1,,,,,,,,,,False,361.0,4.0,82.6,Prime,,314.0,3.0,4.0,1.0,0.0,,0.0,1.0,0.0,76.8,Fjelstul World Cup Database via DataHub,https://datahub.io/football/worldcup
2018,Oribe Peralta,Mexico,Forward,34.0,,,,,,,11.1,,,,,,,,,,False,302.0,4.0,88.8,Veteran,,1.0,0.0,1.0,1.0,0.0,,0.0,0.0,0.0,28.2,Fjelstul World Cup Database via DataHub,https://datahub.io/football/worldcup
2018,Rafael Márquez,Mexico,Defender,39.0,,,,,,,11.1,,,,,,,,,,False,1474.0,16.0,96.7,Veteran,,84.0,1.0,3.0,2.0,0.0,,0.0,0.0,0.0,39.3,Fjelstul World Cup Database via DataHub,https://datahub.io/football/worldcup
2018,Raúl Jiménez,Mexico,Forward,27.0,,,,,,,11.1,,,,,,,,,,False,6.0,1.0,29.1,Prime,,55.0,0.0,2.0,2.0,0.0,,0.0,0.0,0.0,38.4,Fjelstul World Cup Database via DataHub,https://datahub.io/football/worldcup
2018,Érick Gutiérrez,Mexico,Midfielder,22.0,,,,,,,11.1,,,,,,,,,,True,0.0,0.0,,U23,,0.0,0.0,0.0,0.0,0.0,,0.0,0.0,0.0,0.0,Fjelstul World Cup Database via DataHub,https://datahub.io/football/worldcup
2018,Achraf Hakimi,Morocco,Defender,19.0,,,,,,,50.0,,,,,,,,,,True,0.0,0.0,,U21,,270.0,3.0,3.0,0.0,0.0,,0.0,1.0,0.0,67.9,Fjelstul World Cup Database via DataHub,https://datahub.io/football/worldcup
2018,Ahmed Reda Tagnaouti,Morocco,Goalkeeper,22.0,,,,,,,50.0,,,,,,,,,,True,0.0,0.0,,U23,,0.0,0.0,0.0,0.0,0.0,,0.0,0.0,0.0,0.0,Fjelstul World Cup Database via DataHub,https://datahub.io/football/worldcup
2018,Amine Harit,Morocco,Midfielder,20.0,,,,,,,50.0,,,,,,,,,,True,0.0,0.0,,U21,,82.0,1.0,1.0,0.0,0.0,,0.0,0.0,0.0,43.9,Fjelstul World Cup Database via DataHub,https://datahub.io/football/worldcup
2018,Ayoub El Kaabi,Morocco,Forward,24.0,,,,,,,50.0,,,,,,,,,,True,0.0,0.0,,U25,,97.0,1.0,2.0,1.0,0.0,,0.0,0.0,0.0,56.4,Fjelstul World Cup Database via DataHub,https://datahub.io/football/worldcup
2018,Aziz Bouhaddouz,Morocco,Forward,31.0,,,,,,,50.0,,,,,,,,,,True,0.0,0.0,,Veteran,,18.0,0.0,2.0,2.0,0.0,,0.0,0.0,0.0,31.9,Fjelstul World Cup Database via DataHub,https://datahub.io/football/worldcup
2018,Fayçal Fajr,Morocco,Midfielder,29.0,,,,,,,50.0,,,,,,,,,,True,0.0,0.0,,Prime,,31.0,0.0,2.0,2.0,0.0,,0.0,0.0,0.0,32.7,Fjelstul World Cup Database via DataHub,https://datahub.io/football/worldcup
2018,Hakim Ziyech,Morocco,Midfielder,25.0,,,,,,,50.0,,,,,,,,,,True,0.0,0.0,,U25,,265.0,3.0,3.0,0.0,0.0,,0.0,0.0,0.0,68.4,Fjelstul World Cup Database via DataHub,https://datahub.io/football/worldcup
2018,Hamza Mendyl,Morocco,Defender,20.0,,,,,,,50.0,,,,,,,,,,True,0.0,0.0,,U21,,0.0,0.0,0.0,0.0,0.0,,0.0,0.0,0.0,0.0,Fjelstul World Cup Database via DataHub,https://datahub.io/football/worldcup
2018,Karim El Ahmadi,Morocco,Midfielder,33.0,,,,,,,50.0,,,,,,,,,,True,0.0,0.0,,Veteran,,266.0,3.0,3.0,0.0,0.0,,0.0,2.0,0.0,68.5,Fjelstul World Cup Database via DataHub,https://datahub.io/football/worldcup
2018,Khalid Boutaïb,Morocco,Forward,31.0,,,,,,,50.0,,,,,,,,,,True,0.0,0.0,,Veteran,,142.0,2.0,2.0,0.0,1.0,,0.0,0.0,0.0,78.1,Fjelstul World Cup Database via DataHub,https://datahub.io/football/worldcup
2018,Manuel da Costa,Morocco,Defender,32.0,,,,,,,50.0,,,,,,,,,,True,0.0,0.0,,Veteran,,188.0,2.0,3.0,1.0,0.0,,0.0,1.0,0.0,57.5,Fjelstul World Cup Database via DataHub,https://datahub.io/football/worldcup
2018,Mbark Boussoufa,Morocco,Midfielder,33.0,,,,,,,50.0,,,,,,,,,,True,0.0,0.0,,Veteran,,270.0,3.0,3.0,0.0,0.0,,0.0,1.0,0.0,71.4,Fjelstul World Cup Database via DataHub,https://datahub.io/football/worldcup
2018,Medhi Benatia,Morocco,Defender,31.0,,,,,,,50.0,,,,,,,,,,True,0.0,0.0,,Veteran,,180.0,2.0,2.0,0.0,0.0,,0.0,1.0,0.0,54.5,Fjelstul World Cup Database via DataHub,https://datahub.io/football/worldcup
2018,Mehdi Carcela,Morocco,Midfielder,28.0,,,,,,,50.0,,,,,,,,,,True,0.0,0.0,,Prime,,15.0,0.0,1.0,1.0,0.0,,0.0,0.0,0.0,29.5,Fjelstul World Cup Database via DataHub,https://datahub.io/football/worldcup
2018,Munir Mohamedi,Morocco,Goalkeeper,29.0,,,,,,,50.0,,,,,,,,,,True,0.0,0.0,,Prime,,270.0,3.0,3.0,0.0,0.0,,0.0,1.0,0.0,76.1,Fjelstul World Cup Database via DataHub,https://datahub.io/football/worldcup
2018,Nabil Dirar,Morocco,Defender,32.0,,,,,,,50.0,,,,,,,,,,True,0.0,0.0,,Veteran,,180.0,2.0,2.0,0.0,0.0,,0.0,0.0,0.0,54.5,Fjelstul World Cup Database via DataHub,https://datahub.io/football/worldcup
2018,Nordin Amrabat,Morocco,Midfielder,31.0,,,,,,,50.0,,,,,,,,,,True,0.0,0.0,,Veteran,,256.0,3.0,3.0,0.0,0.0,,0.0,1.0,0.0,67.5,Fjelstul World Cup Database via DataHub,https://datahub.io/football/worldcup
2018,Romain Saïss,Morocco,Defender,28.0,,,,,,,50.0,,,,,,,,,,True,0.0,0.0,,Prime,,180.0,2.0,2.0,0.0,0.0,,0.0,0.0,0.0,54.5,Fjelstul World Cup Database via DataHub,https://datahub.io/football/worldcup
2018,Sofyan Amrabat,Morocco,Midfielder,21.0,,,,,,,50.0,,,,,,,,,,True,0.0,0.0,,U21,,14.0,0.0,1.0,1.0,0.0,,0.0,0.0,0.0,29.2,Fjelstul World Cup Database via DataHub,https://datahub.io/football/worldcup
2018,Yassine Bounou,Morocco,Goalkeeper,27.0,,,,,,,50.0,,,,,,,,,,True,0.0,0.0,,Prime,,0.0,0.0,0.0,0.0,0.0,,0.0,0.0,0.0,0.0,Fjelstul World Cup Database via DataHub,https://datahub.io/football/worldcup
2018,Younès Belhanda,Morocco,Midfielder,28.0,,,,,,,50.0,,,,,,,,,,True,0.0,0.0,,Prime,,228.0,3.0,3.0,0.0,0.0,,0.0,0.0,0.0,64.8,Fjelstul World Cup Database via DataHub,https://datahub.io/football/worldcup
2018,Youssef Aït Bennasser,Morocco,Midfielder,21.0,,,,,,,50.0,,,,,,,,,,True,0.0,0.0,,U21,,0.0,0.0,0.0,0.0,0.0,,0.0,0.0,0.0,0.0,Fjelstul World Cup Database via DataHub,https://datahub.io/football/worldcup
2018,Youssef En-Nesyri,Morocco,Forward,21.0,,,,,,,50.0,,,,,,,,,,True,0.0,0.0,,U21,,18.0,0.0,1.0,1.0,1.0,,0.0,0.0,0.0,57.7,Fjelstul World Cup Database via DataHub,https://datahub.io/football/worldcup
2018,Ahmed Musa,Nigeria,Forward,25.0,,,,,,,50.0,,,,,,,,,,False,339.0,4.0,92.9,U25,,210.0,2.0,3.0,1.0,2.0,,0.0,0.0,0.0,84.7,Fjelstul World Cup Database via DataHub,https://datahub.io/football/worldcup
2018,Alex Iwobi,Nigeria,Forward,22.0,,,,,,,50.0,,,,,,,,,,True,0.0,0.0,,U23,,64.0,1.0,3.0,2.0,0.0,,0.0,0.0,0.0,49.8,Fjelstul World Cup Database via DataHub,https://datahub.io/football/worldcup
2018,Brian Idowu,Nigeria,Defender,26.0,,,,,,,50.0,,,,,,,,,,True,0.0,0.0,,Prime,,228.0,3.0,3.0,0.0,0.0,,0.0,1.0,0.0,60.7,Fjelstul World Cup Database via DataHub,https://datahub.io/football/worldcup
2018,Chidozie Awaziem,Nigeria,Defender,21.0,,,,,,,50.0,,,,,,,,,,True,0.0,0.0,,U21,,0.0,0.0,0.0,0.0,0.0,,0.0,0.0,0.0,0.0,Fjelstul World Cup Database via DataHub,https://datahub.io/football/worldcup
2018,Daniel Akpeyi,Nigeria,Goalkeeper,32.0,,,,,,,50.0,,,,,,,,,,True,0.0,0.0,,Veteran,,0.0,0.0,0.0,0.0,0.0,,0.0,0.0,0.0,0.0,Fjelstul World Cup Database via DataHub,https://datahub.io/football/worldcup
2018,Elderson Echiéjilé,Nigeria,Defender,30.0,,,,,,,50.0,,,,,,,,,,False,82.0,2.0,36.7,Veteran,,0.0,0.0,0.0,0.0,0.0,,0.0,0.0,0.0,0.0,Fjelstul World Cup Database via DataHub,https://datahub.io/football/worldcup
2018,Francis Uzoho,Nigeria,Goalkeeper,19.0,,,,,,,50.0,,,,,,,,,,True,0.0,0.0,,U21,,272.0,3.0,3.0,0.0,0.0,,1.0,0.0,0.0,85.7,Fjelstul World Cup Database via DataHub,https://datahub.io/football/worldcup
2018,Ikechukwu Ezenwa,Nigeria,Goalkeeper,29.0,,,,,,,50.0,,,,,,,,,,True,0.0,0.0,,Prime,,0.0,0.0,0.0,0.0,0.0,,0.0,0.0,0.0,0.0,Fjelstul World Cup Database via DataHub,https://datahub.io/football/worldcup
2018,Joel Obi,Nigeria,Midfielder,27.0,,,,,,,50.0,,,,,,,,,,True,0.0,0.0,,Prime,,0.0,0.0,0.0,0.0,0.0,,0.0,0.0,0.0,0.0,Fjelstul World Cup Database via DataHub,https://datahub.io/football/worldcup
2018,John Obi Mikel,Nigeria,Midfielder,31.0,,,,,,,50.0,,,,,,,,,,False,364.0,4.0,82.1,Veteran,,270.0,3.0,3.0,0.0,0.0,,0.0,1.0,0.0,71.4,Fjelstul World Cup Database via DataHub,https://datahub.io/football/worldcup
2018,John Ogu,Nigeria,Midfielder,30.0,,,,,,,50.0,,,,,,,,,,True,0.0,0.0,,Veteran,,0.0,0.0,0.0,0.0,0.0,,0.0,0.0,0.0,0.0,Fjelstul World Cup Database via DataHub,https://datahub.io/football/worldcup
2018,Kelechi Iheanacho,Nigeria,Forward,22.0,,,,,,,50.0,,,,,,,,,,True,0.0,0.0,,U23,,149.0,2.0,3.0,1.0,0.0,,0.0,0.0,0.0,62.9,Fjelstul World Cup Database via DataHub,https://datahub.io/football/worldcup
2018,Kenneth Omeruo,Nigeria,Defender,24.0,,,,,,,50.0,,,,,,,,,,False,364.0,4.0,83.7,U25,,180.0,2.0,2.0,0.0,0.0,,0.0,0.0,0.0,54.5,Fjelstul World Cup Database via DataHub,https://datahub.io/football/worldcup
2018,Leon Balogun,Nigeria,Defender,29.0,,,,,,,50.0,,,,,,,,,,True,0.0,0.0,,Prime,,272.0,3.0,3.0,0.0,0.0,,0.0,1.0,0.0,74.1,Fjelstul World Cup Database via DataHub,https://datahub.io/football/worldcup
2018,Odion Ighalo,Nigeria,Forward,28.0,,,,,,,50.0,,,,,,,,,,True,0.0,0.0,,Prime,,123.0,1.0,3.0,2.0,0.0,,0.0,0.0,0.0,58.2,Fjelstul World Cup Database via DataHub,https://datahub.io/football/worldcup
2018,Ogenyi Onazi,Nigeria,Midfielder,25.0,,,,,,,50.0,,,,,,,,,,False,329.0,4.0,78.4,U25,,0.0,0.0,0.0,0.0,0.0,,0.0,0.0,0.0,0.0,Fjelstul World Cup Database via DataHub,https://datahub.io/football/worldcup
2018,Peter Etebo,Nigeria,Midfielder,22.0,,,,,,,50.0,,,,,,,,,,True,0.0,0.0,,U23,,272.0,3.0,3.0,0.0,0.0,,0.0,0.0,0.0,74.7,Fjelstul World Cup Database via DataHub,https://datahub.io/football/worldcup
2018,Shehu Abdullahi,Nigeria,Defender,25.0,,,,,,,50.0,,,,,,,,,,True,0.0,0.0,,U25,,90.0,1.0,1.0,0.0,0.0,,0.0,0.0,0.0,42.2,Fjelstul World Cup Database via DataHub,https://datahub.io/football/worldcup
2018,Simeon Nwankwo,Nigeria,Forward,26.0,,,,,,,50.0,,,,,,,,,,True,0.0,0.0,,Prime,,2.0,0.0,2.0,2.0,0.0,,0.0,0.0,0.0,28.4,Fjelstul World Cup Database via DataHub,https://datahub.io/football/worldcup
2018,Tyronne Ebuehi,Nigeria,Defender,22.0,,,,,,,50.0,,,,,,,,,,True,0.0,0.0,,U23,,44.0,0.0,1.0,1.0,0.0,,0.0,0.0,0.0,35.5,Fjelstul World Cup Database via DataHub,https://datahub.io/football/worldcup
2018,Victor Moses,Nigeria,Forward,27.0,,,,,,,50.0,,,,,,,,,,False,141.0,2.0,54.1,Prime,,272.0,3.0,3.0,0.0,1.0,,0.0,0.0,0.0,87.1,Fjelstul World Cup Database via DataHub,https://datahub.io/football/worldcup
2018,Wilfred Ndidi,Nigeria,Midfielder,21.0,,,,,,,50.0,,,,,,,,,,True,0.0,0.0,,U21,,272.0,3.0,3.0,0.0,0.0,,0.0,0.0,0.0,74.7,Fjelstul World Cup Database via DataHub,https://datahub.io/football/worldcup
2018,William Troost-Ekong,Nigeria,Defender,24.0,,,,,,,50.0,,,,,,,,,,True,0.0,0.0,,U25,,272.0,3.0,3.0,0.0,0.0,,0.0,1.0,0.0,74.1,Fjelstul World Cup Database via DataHub,https://datahub.io/football/worldcup
2018,Abdiel Arroyo,Panama,Forward,24.0,,,,,,,16.7,,,,,,,,,,True,0.0,0.0,,U25,,30.0,0.0,2.0,2.0,0.0,,0.0,0.0,0.0,34.2,Fjelstul World Cup Database via DataHub,https://datahub.io/football/worldcup
2018,Adolfo Machado,Panama,Defender,33.0,,,,,,,16.7,,,,,,,,,,True,0.0,0.0,,Veteran,,90.0,1.0,1.0,0.0,0.0,,0.0,0.0,0.0,42.2,Fjelstul World Cup Database via DataHub,https://datahub.io/football/worldcup
2018,Aníbal Godoy,Panama,Midfielder,28.0,,,,,,,16.7,,,,,,,,,,True,0.0,0.0,,Prime,,242.0,3.0,3.0,0.0,0.0,,0.0,1.0,0.0,65.9,Fjelstul World Cup Database via DataHub,https://datahub.io/football/worldcup
2018,Armando Cooper,Panama,Midfielder,30.0,,,,,,,16.7,,,,,,,,,,True,0.0,0.0,,Veteran,,180.0,2.0,2.0,0.0,0.0,,0.0,2.0,0.0,57.9,Fjelstul World Cup Database via DataHub,https://datahub.io/football/worldcup
2018,Blas Pérez,Panama,Forward,37.0,,,,,,,16.7,,,,,,,,,,True,0.0,0.0,,Veteran,,163.0,2.0,2.0,0.0,0.0,,0.0,0.0,0.0,63.7,Fjelstul World Cup Database via DataHub,https://datahub.io/football/worldcup
2018,Erick Davis,Panama,Defender,27.0,,,,,,,16.7,,,,,,,,,,True,0.0,0.0,,Prime,,180.0,2.0,2.0,0.0,0.0,,0.0,1.0,0.0,54.5,Fjelstul World Cup Database via DataHub,https://datahub.io/football/worldcup
2018,Felipe Baloy,Panama,Defender,37.0,,,,,,,16.7,,,,,,,,,,True,0.0,0.0,,Veteran,,21.0,0.0,1.0,1.0,1.0,,0.0,0.0,0.0,56.8,Fjelstul World Cup Database via DataHub,https://datahub.io/football/worldcup
2018,Fidel Escobar,Panama,Defender,23.0,,,,,,,16.7,,,,,,,,,,True,0.0,0.0,,U23,,270.0,3.0,3.0,0.0,0.0,,0.0,1.0,0.0,67.9,Fjelstul World Cup Database via DataHub,https://datahub.io/football/worldcup
2018,Gabriel Gómez,Panama,Midfielder,34.0,,,,,,,16.7,,,,,,,,,,True,0.0,0.0,,Veteran,,249.0,3.0,3.0,0.0,0.0,,0.0,1.0,0.0,66.7,Fjelstul World Cup Database via DataHub,https://datahub.io/football/worldcup
2018,Gabriel Torres,Panama,Forward,29.0,,,,,,,16.7,,,,,,,,,,True,0.0,0.0,,Prime,,73.0,1.0,2.0,1.0,0.0,,0.0,0.0,0.0,51.8,Fjelstul World Cup Database via DataHub,https://datahub.io/football/worldcup
2018,Harold Cummings,Panama,Defender,26.0,,,,,,,16.7,,,,,,,,,,True,0.0,0.0,,Prime,,44.0,0.0,1.0,1.0,0.0,,0.0,0.0,0.0,35.5,Fjelstul World Cup Database via DataHub,https://datahub.io/football/worldcup
2018,Ismael Díaz,Panama,Forward,21.0,,,,,,,16.7,,,,,,,,,,True,0.0,0.0,,U21,,27.0,0.0,1.0,1.0,0.0,,0.0,0.0,0.0,33.7,Fjelstul World Cup Database via DataHub,https://datahub.io/football/worldcup
2018,Jaime Penedo,Panama,Goalkeeper,36.0,,,,,,,16.7,,,,,,,,,,True,0.0,0.0,,Veteran,,270.0,3.0,3.0,0.0,0.0,,0.0,0.0,0.0,76.1,Fjelstul World Cup Database via DataHub,https://datahub.io/football/worldcup
2018,José Calderón,Panama,Goalkeeper,32.0,,,,,,,16.7,,,,,,,,,,True,0.0,0.0,,Veteran,,0.0,0.0,0.0,0.0,0.0,,0.0,0.0,0.0,0.0,Fjelstul World Cup Database via DataHub,https://datahub.io/football/worldcup
2018,José Luis Rodríguez,Panama,Midfielder,19.0,,,,,,,16.7,,,,,,,,,,True,0.0,0.0,,U21,,243.0,3.0,3.0,0.0,0.0,,0.0,0.0,0.0,66.0,Fjelstul World Cup Database via DataHub,https://datahub.io/football/worldcup
2018,Luis Ovalle,Panama,Defender,29.0,,,,,,,16.7,,,,,,,,,,True,0.0,0.0,,Prime,,90.0,1.0,1.0,0.0,0.0,,0.0,0.0,0.0,42.2,Fjelstul World Cup Database via DataHub,https://datahub.io/football/worldcup
2018,Luis Tejada,Panama,Forward,36.0,,,,,,,16.7,,,,,,,,,,True,0.0,0.0,,Veteran,,51.0,0.0,2.0,2.0,0.0,,0.0,1.0,0.0,37.9,Fjelstul World Cup Database via DataHub,https://datahub.io/football/worldcup
2018,Michael Amir Murillo,Panama,Defender,22.0,,,,,,,16.7,,,,,,,,,,True,0.0,0.0,,U23,,180.0,2.0,2.0,0.0,0.0,,0.0,2.0,0.0,54.5,Fjelstul World Cup Database via DataHub,https://datahub.io/football/worldcup
2018,Ricardo Ávila,Panama,Midfielder,21.0,,,,,,,16.7,,,,,,,,,,True,0.0,0.0,,U21,,109.0,1.0,2.0,1.0,0.0,,0.0,1.0,0.0,48.9,Fjelstul World Cup Database via DataHub,https://datahub.io/football/worldcup
2018,Román Torres,Panama,Defender,32.0,,,,,,,16.7,,,,,,,,,,True,0.0,0.0,,Veteran,,236.0,3.0,3.0,0.0,0.0,,0.0,0.0,0.0,61.0,Fjelstul World Cup Database via DataHub,https://datahub.io/football/worldcup
2018,Valentín Pimentel,Panama,Midfielder,27.0,,,,,,,16.7,,,,,,,,,,True,0.0,0.0,,Prime,,0.0,0.0,0.0,0.0,0.0,,0.0,0.0,0.0,0.0,Fjelstul World Cup Database via DataHub,https://datahub.io/football/worldcup
2018,Álex Rodríguez,Panama,Goalkeeper,27.0,,,,,,,16.7,,,,,,,,,,True,0.0,0.0,,Prime,,0.0,0.0,0.0,0.0,0.0,,0.0,0.0,0.0,0.0,Fjelstul World Cup Database via DataHub,https://datahub.io/football/worldcup
2018,Édgar Bárcenas,Panama,Midfielder,24.0,,,,,,,16.7,,,,,,,,,,True,0.0,0.0,,U25,,222.0,3.0,3.0,0.0,0.0,,0.0,1.0,0.0,64.3,Fjelstul World Cup Database via DataHub,https://datahub.io/football/worldcup
2018,Alberto Rodríguez,Peru,Defender,34.0,,,,,,,0.0,,,,,,,,,,True,0.0,0.0,,Veteran,,136.0,2.0,2.0,0.0,0.0,,0.0,0.0,0.0,50.5,Fjelstul World Cup Database via DataHub,https://datahub.io/football/worldcup
2018,Aldo Corzo,Peru,Defender,29.0,,,,,,,0.0,,,,,,,,,,True,0.0,0.0,,Prime,,0.0,0.0,0.0,0.0,0.0,,0.0,0.0,0.0,0.0,Fjelstul World Cup Database via DataHub,https://datahub.io/football/worldcup
2018,Anderson Santamaría,Peru,Defender,26.0,,,,,,,0.0,,,,,,,,,,True,0.0,0.0,,Prime,,134.0,1.0,2.0,1.0,0.0,,0.0,0.0,0.0,48.8,Fjelstul World Cup Database via DataHub,https://datahub.io/football/worldcup
2018,André Carrillo,Peru,Forward,27.0,,,,,,,0.0,,,,,,,,,,True,0.0,0.0,,Prime,,259.0,3.0,3.0,0.0,1.0,,0.0,0.0,0.0,85.1,Fjelstul World Cup Database via DataHub,https://datahub.io/football/worldcup
2018,Andy Polo,Peru,Midfielder,23.0,,,,,,,0.0,,,,,,,,,,True,0.0,0.0,,U23,,0.0,0.0,0.0,0.0,0.0,,0.0,0.0,0.0,0.0,Fjelstul World Cup Database via DataHub,https://datahub.io/football/worldcup
2018,Carlos Cáceda,Peru,Goalkeeper,26.0,,,,,,,0.0,,,,,,,,,,True,0.0,0.0,,Prime,,0.0,0.0,0.0,0.0,0.0,,0.0,0.0,0.0,0.0,Fjelstul World Cup Database via DataHub,https://datahub.io/football/worldcup
2018,Christian Cueva,Peru,Midfielder,26.0,,,,,,,0.0,,,,,,,,,,True,0.0,0.0,,Prime,,262.0,3.0,3.0,0.0,0.0,,0.0,0.0,0.0,68.2,Fjelstul World Cup Database via DataHub,https://datahub.io/football/worldcup
2018,Christian Ramos,Peru,Defender,29.0,,,,,,,0.0,,,,,,,,,,True,0.0,0.0,,Prime,,270.0,3.0,3.0,0.0,0.0,,0.0,0.0,0.0,67.9,Fjelstul World Cup Database via DataHub,https://datahub.io/football/worldcup
2018,Edison Flores,Peru,Forward,24.0,,,,,,,0.0,,,,,,,,,,True,0.0,0.0,,U25,,242.0,3.0,3.0,0.0,0.0,,0.0,0.0,0.0,71.3,Fjelstul World Cup Database via DataHub,https://datahub.io/football/worldcup
2018,Jefferson Farfán,Peru,Forward,33.0,,,,,,,0.0,,,,,,,,,,True,0.0,0.0,,Veteran,,129.0,1.0,2.0,1.0,0.0,,0.0,0.0,0.0,58.5,Fjelstul World Cup Database via DataHub,https://datahub.io/football/worldcup
2018,José Carvallo,Peru,Goalkeeper,32.0,,,,,,,0.0,,,,,,,,,,True,0.0,0.0,,Veteran,,0.0,0.0,0.0,0.0,0.0,,0.0,0.0,0.0,0.0,Fjelstul World Cup Database via DataHub,https://datahub.io/football/worldcup
2018,Luis Advíncula,Peru,Defender,28.0,,,,,,,0.0,,,,,,,,,,True,0.0,0.0,,Prime,,270.0,3.0,3.0,0.0,0.0,,0.0,0.0,0.0,67.9,Fjelstul World Cup Database via DataHub,https://datahub.io/football/worldcup
2018,Miguel Araujo,Peru,Defender,23.0,,,,,,,0.0,,,,,,,,,,True,0.0,0.0,,U23,,0.0,0.0,0.0,0.0,0.0,,0.0,0.0,0.0,0.0,Fjelstul World Cup Database via DataHub,https://datahub.io/football/worldcup
2018,Miguel Trauco,Peru,Defender,25.0,,,,,,,0.0,,,,,,,,,,True,0.0,0.0,,U25,,270.0,3.0,3.0,0.0,0.0,,0.0,0.0,0.0,67.9,Fjelstul World Cup Database via DataHub,https://datahub.io/football/worldcup
2018,Nilson Loyola,Peru,Defender,23.0,,,,,,,0.0,,,,,,,,,,True,0.0,0.0,,U23,,0.0,0.0,0.0,0.0,0.0,,0.0,0.0,0.0,0.0,Fjelstul World Cup Database via DataHub,https://datahub.io/football/worldcup
2018,Paolo Guerrero,Peru,Forward,34.0,,,,,,,0.0,,,,,,,,,,True,0.0,0.0,,Veteran,,208.0,2.0,3.0,1.0,1.0,,0.0,1.0,0.0,81.6,Fjelstul World Cup Database via DataHub,https://datahub.io/football/worldcup
2018,Paolo Hurtado,Peru,Midfielder,27.0,,,,,,,0.0,,,,,,,,,,True,0.0,0.0,,Prime,,27.0,0.0,1.0,1.0,0.0,,0.0,1.0,0.0,31.8,Fjelstul World Cup Database via DataHub,https://datahub.io/football/worldcup
2018,Pedro Aquino,Peru,Midfielder,23.0,,,,,,,0.0,,,,,,,,,,True,0.0,0.0,,U23,,137.0,1.0,3.0,2.0,0.0,,0.0,1.0,0.0,51.0,Fjelstul World Cup Database via DataHub,https://datahub.io/football/worldcup
2018,Pedro Gallese,Peru,Goalkeeper,28.0,,,,,,,0.0,,,,,,,,,,True,0.0,0.0,,Prime,,270.0,3.0,3.0,0.0,0.0,,1.0,0.0,0.0,84.2,Fjelstul World Cup Database via DataHub,https://datahub.io/football/worldcup
2018,Raúl Ruidíaz,Peru,Forward,27.0,,,,,,,0.0,,,,,,,,,,True,0.0,0.0,,Prime,,13.0,0.0,2.0,2.0,0.0,,0.0,0.0,0.0,30.9,Fjelstul World Cup Database via DataHub,https://datahub.io/football/worldcup
2018,Renato Tapia,Peru,Midfielder,22.0,,,,,,,0.0,,,,,,,,,,True,0.0,0.0,,U23,,150.0,2.0,2.0,0.0,0.0,,0.0,1.0,0.0,54.6,Fjelstul World Cup Database via DataHub,https://datahub.io/football/worldcup
2018,Wilder Cartagena,Peru,Midfielder,23.0,,,,,,,0.0,,,,,,,,,,True,0.0,0.0,,U23,,11.0,0.0,1.0,1.0,0.0,,0.0,0.0,0.0,28.2,Fjelstul World Cup Database via DataHub,https://datahub.io/football/worldcup
2018,Yoshimar Yotún,Peru,Midfielder,28.0,,,,,,,0.0,,,,,,,,,,True,0.0,0.0,,Prime,,182.0,3.0,3.0,0.0,0.0,,0.0,1.0,0.0,62.5,Fjelstul World Cup Database via DataHub,https://datahub.io/football/worldcup
2018,Arkadiusz Milik,Poland,Forward,24.0,,,,,,33.33333333333333,66.7,,,,,,,,,,True,0.0,0.0,,U25,,73.0,1.0,1.0,0.0,0.0,,0.0,0.0,0.0,51.8,Fjelstul World Cup Database via DataHub,https://datahub.io/football/worldcup
2018,Artur Jędrzejczyk,Poland,Defender,30.0,,,,,,33.33333333333333,66.7,,,,,,,,,,True,0.0,0.0,,Veteran,,90.0,1.0,1.0,0.0,0.0,,0.0,0.0,0.0,42.2,Fjelstul World Cup Database via DataHub,https://datahub.io/football/worldcup
2018,Bartosz Bereszyński,Poland,Defender,25.0,,,,,,33.33333333333333,66.7,,,,,,,,,,True,0.0,0.0,,U25,,169.0,2.0,3.0,1.0,0.0,,0.0,0.0,0.0,52.1,Fjelstul World Cup Database via DataHub,https://datahub.io/football/worldcup
2018,Bartosz Białkowski,Poland,Goalkeeper,30.0,,,,,,33.33333333333333,66.7,,,,,,,,,,True,0.0,0.0,,Veteran,,0.0,0.0,0.0,0.0,0.0,,0.0,0.0,0.0,0.0,Fjelstul World Cup Database via DataHub,https://datahub.io/football/worldcup
2018,Dawid Kownacki,Poland,Forward,21.0,,,,,,33.33333333333333,66.7,,,,,,,,,,True,0.0,0.0,,U21,,74.0,1.0,2.0,1.0,0.0,,0.0,0.0,0.0,51.9,Fjelstul World Cup Database via DataHub,https://datahub.io/football/worldcup
2018,Grzegorz Krychowiak,Poland,Midfielder,28.0,,,,,,33.33333333333333,66.7,,,,,,,,,,True,0.0,0.0,,Prime,,270.0,3.0,3.0,0.0,1.0,,0.0,1.0,0.0,90.1,Fjelstul World Cup Database via DataHub,https://datahub.io/football/worldcup
2018,Jacek Góralski,Poland,Midfielder,25.0,,,,,,33.33333333333333,66.7,,,,,,,,,,True,0.0,0.0,,U25,,180.0,2.0,2.0,0.0,0.0,,0.0,1.0,0.0,57.9,Fjelstul World Cup Database via DataHub,https://datahub.io/football/worldcup
2018,Jakub Błaszczykowski,Poland,Midfielder,32.0,,,,,,33.33333333333333,66.7,,,,,,,,,,True,0.0,0.0,,Veteran,,46.0,1.0,1.0,0.0,0.0,,0.0,0.0,0.0,39.1,Fjelstul World Cup Database via DataHub,https://datahub.io/football/worldcup
2018,Jan Bednarek,Poland,Defender,22.0,,,,,,33.33333333333333,66.7,,,,,,,,,,True,0.0,0.0,,U23,,224.0,2.0,3.0,1.0,1.0,,0.0,1.0,0.0,84.4,Fjelstul World Cup Database via DataHub,https://datahub.io/football/worldcup
2018,Kamil Glik,Poland,Defender,30.0,,,,,,33.33333333333333,66.7,,,,,,,,,,True,0.0,0.0,,Veteran,,100.0,1.0,2.0,1.0,0.0,,0.0,0.0,0.0,46.8,Fjelstul World Cup Database via DataHub,https://datahub.io/football/worldcup
2018,Kamil Grosicki,Poland,Midfielder,30.0,,,,,,33.33333333333333,66.7,,,,,,,,,,True,0.0,0.0,,Veteran,,213.0,2.0,3.0,1.0,0.0,,0.0,0.0,0.0,61.4,Fjelstul World Cup Database via DataHub,https://datahub.io/football/worldcup
2018,Karol Linetty,Poland,Midfielder,23.0,,,,,,33.33333333333333,66.7,,,,,,,,,,True,0.0,0.0,,U23,,0.0,0.0,0.0,0.0,0.0,,0.0,0.0,0.0,0.0,Fjelstul World Cup Database via DataHub,https://datahub.io/football/worldcup
2018,Maciej Rybus,Poland,Midfielder,28.0,,,,,,33.33333333333333,66.7,,,,,,,,,,True,0.0,0.0,,Prime,,180.0,2.0,2.0,0.0,0.0,,0.0,0.0,0.0,57.9,Fjelstul World Cup Database via DataHub,https://datahub.io/football/worldcup
2018,Michał Pazdan,Poland,Defender,30.0,,,,,,33.33333333333333,66.7,,,,,,,,,,True,0.0,0.0,,Veteran,,170.0,2.0,2.0,0.0,0.0,,0.0,0.0,0.0,52.1,Fjelstul World Cup Database via DataHub,https://datahub.io/football/worldcup
2018,Piotr Zieliński,Poland,Midfielder,24.0,,,,,,33.33333333333333,66.7,,,,,,,,,,True,0.0,0.0,,U25,,259.0,3.0,3.0,0.0,0.0,,0.0,0.0,0.0,67.7,Fjelstul World Cup Database via DataHub,https://datahub.io/football/worldcup
2018,Rafał Kurzawa,Poland,Midfielder,25.0,,,,,,33.33333333333333,66.7,,,,,,,,,,True,0.0,0.0,,U25,,79.0,1.0,1.0,0.0,0.0,,0.0,0.0,0.0,43.6,Fjelstul World Cup Database via DataHub,https://datahub.io/football/worldcup
2018,Robert Lewandowski,Poland,Forward,29.0,,,,,,33.33333333333333,66.7,,,,,,,,,,True,0.0,0.0,,Prime,,270.0,3.0,3.0,0.0,0.0,,0.0,0.0,0.0,74.1,Fjelstul World Cup Database via DataHub,https://datahub.io/football/worldcup
2018,Sławomir Peszko,Poland,Midfielder,33.0,,,,,,33.33333333333333,66.7,,,,,,,,,,True,0.0,0.0,,Veteran,,11.0,0.0,1.0,1.0,0.0,,0.0,0.0,0.0,28.2,Fjelstul World Cup Database via DataHub,https://datahub.io/football/worldcup
2018,Thiago Cionek,Poland,Defender,32.0,,,,,,33.33333333333333,66.7,,,,,,,,,,True,0.0,0.0,,Veteran,,90.0,1.0,1.0,0.0,0.0,,0.0,0.0,0.0,42.2,Fjelstul World Cup Database via DataHub,https://datahub.io/football/worldcup
2018,Wojciech Szczęsny,Poland,Goalkeeper,28.0,,,,,,33.33333333333333,66.7,,,,,,,,,,True,0.0,0.0,,Prime,,180.0,2.0,2.0,0.0,0.0,,0.0,0.0,0.0,72.2,Fjelstul World Cup Database via DataHub,https://datahub.io/football/worldcup
2018,Łukasz Fabiański,Poland,Goalkeeper,33.0,,,,,,33.33333333333333,66.7,,,,,,,,,,True,0.0,0.0,0.0,Veteran,,90.0,1.0,1.0,0.0,0.0,,1.0,0.0,0.0,80.4,Fjelstul World Cup Database via DataHub,https://datahub.io/football/worldcup
2018,Łukasz Piszczek,Poland,Defender,33.0,,,,,,33.33333333333333,66.7,,,,,,,,,,True,0.0,0.0,,Veteran,,173.0,2.0,2.0,0.0,0.0,,0.0,0.0,0.0,52.2,Fjelstul World Cup Database via DataHub,https://datahub.io/football/worldcup
2018,Łukasz Teodorczyk,Poland,Forward,27.0,,,,,,33.33333333333333,66.7,,,,,,,,,,True,0.0,0.0,,Prime,,29.0,0.0,2.0,2.0,0.0,,0.0,0.0,0.0,34.0,Fjelstul World Cup Database via DataHub,https://datahub.io/football/worldcup
2018,Adrien Silva,Portugal,Midfielder,29.0,,,,,,0.0,100.0,,,,,,,,,,True,0.0,0.0,,Prime,,162.0,2.0,3.0,1.0,0.0,,0.0,1.0,0.0,55.9,Fjelstul World Cup Database via DataHub,https://datahub.io/football/worldcup
2018,André Silva,Portugal,Forward,22.0,,,,,,0.0,100.0,,,,,,,,,,True,0.0,0.0,,U23,,122.0,1.0,3.0,2.0,0.0,,0.0,0.0,0.0,58.1,Fjelstul World Cup Database via DataHub,https://datahub.io/football/worldcup
2018,Anthony Lopes,Portugal,Goalkeeper,27.0,,,,,,0.0,100.0,,,,,,,,,,True,0.0,0.0,,Prime,,0.0,0.0,0.0,0.0,0.0,,0.0,0.0,0.0,0.0,Fjelstul World Cup Database via DataHub,https://datahub.io/football/worldcup
2018,Bernardo Silva,Portugal,Midfielder,23.0,,,,,,0.0,100.0,,,,,,,,,,True,0.0,0.0,,U23,,244.0,3.0,4.0,1.0,0.0,,0.0,0.0,0.0,66.1,Fjelstul World Cup Database via DataHub,https://datahub.io/football/worldcup
2018,Bruno Alves,Portugal,Defender,36.0,,,,,,0.0,100.0,,,,,,,,,,False,634.0,7.0,73.3,Veteran,,0.0,0.0,0.0,0.0,0.0,,0.0,0.0,0.0,0.0,Fjelstul World Cup Database via DataHub,https://datahub.io/football/worldcup
2018,Bruno Fernandes,Portugal,Midfielder,23.0,,,,,,0.0,100.0,,,,,,,,,,True,0.0,0.0,,U23,,88.0,1.0,2.0,1.0,0.0,,0.0,1.0,0.0,44.8,Fjelstul World Cup Database via DataHub,https://datahub.io/football/worldcup
2018,Cristiano Ronaldo,Portugal,Forward,33.0,,,,,,0.0,100.0,,,,,,,,,,False,1118.0,13.0,87.0,Veteran,,366.0,4.0,4.0,0.0,4.0,,0.0,2.0,0.0,96.0,Fjelstul World Cup Database via DataHub,https://datahub.io/football/worldcup
2018,Gelson Martins,Portugal,Forward,23.0,,,,,,0.0,100.0,,,,,,,,,,True,0.0,0.0,,U23,,31.0,0.0,1.0,1.0,0.0,,0.0,0.0,0.0,34.5,Fjelstul World Cup Database via DataHub,https://datahub.io/football/worldcup
2018,Gonçalo Guedes,Portugal,Forward,21.0,,,,,,0.0,100.0,,,,,,,,,,True,0.0,0.0,,U21,,244.0,3.0,4.0,1.0,0.0,,0.0,0.0,0.0,71.5,Fjelstul World Cup Database via DataHub,https://datahub.io/football/worldcup
2018,José Fonte,Portugal,Defender,34.0,,,,,,0.0,100.0,,,,,,,,,,True,0.0,0.0,,Veteran,,366.0,4.0,4.0,0.0,0.0,,0.0,0.0,0.0,84.0,Fjelstul World Cup Database via DataHub,https://datahub.io/football/worldcup
2018,João Moutinho,Portugal,Midfielder,31.0,,,,,,0.0,100.0,,,,,,,,,,False,271.0,3.0,74.3,Veteran,,191.0,2.0,3.0,1.0,0.0,,0.0,0.0,0.0,59.5,Fjelstul World Cup Database via DataHub,https://datahub.io/football/worldcup
2018,João Mário,Portugal,Midfielder,25.0,,,,,,0.0,100.0,,,,,,,,,,True,0.0,0.0,,U25,,260.0,3.0,4.0,1.0,0.0,,0.0,0.0,0.0,67.9,Fjelstul World Cup Database via DataHub,https://datahub.io/football/worldcup
2018,Manuel Fernandes,Portugal,Midfielder,32.0,,,,,,0.0,100.0,,,,,,,,,,True,0.0,0.0,,Veteran,,6.0,0.0,1.0,1.0,0.0,,0.0,0.0,0.0,27.2,Fjelstul World Cup Database via DataHub,https://datahub.io/football/worldcup
2018,Mário Rui,Portugal,Defender,27.0,,,,,,0.0,100.0,,,,,,,,,,True,0.0,0.0,,Prime,,0.0,0.0,0.0,0.0,0.0,,0.0,0.0,0.0,0.0,Fjelstul World Cup Database via DataHub,https://datahub.io/football/worldcup
2018,Raphaël Guerreiro,Portugal,Defender,24.0,,,,,,0.0,100.0,,,,,,,,,,True,0.0,0.0,,U25,,366.0,4.0,4.0,0.0,0.0,,0.0,1.0,0.0,84.0,Fjelstul World Cup Database via DataHub,https://datahub.io/football/worldcup
2018,Ricardo Pereira,Portugal,Defender,24.0,,,,,,0.0,100.0,,,,,,,,,,True,0.0,0.0,,U25,,90.0,1.0,1.0,0.0,0.0,,0.0,0.0,0.0,42.2,Fjelstul World Cup Database via DataHub,https://datahub.io/football/worldcup
2018,Ricardo Quaresma,Portugal,Forward,34.0,,,,,,0.0,100.0,,,,,,,,,,True,0.0,0.0,,Veteran,,116.0,1.0,3.0,2.0,1.0,,0.0,1.0,0.0,75.3,Fjelstul World Cup Database via DataHub,https://datahub.io/football/worldcup
2018,Rui Patrício,Portugal,Goalkeeper,30.0,,,,,,0.0,100.0,,,,,,,,,,False,90.0,1.0,68.3,Veteran,,366.0,4.0,4.0,0.0,0.0,,1.0,0.0,0.0,89.3,Fjelstul World Cup Database via DataHub,https://datahub.io/football/worldcup
2018,Rúben Dias,Portugal,Defender,21.0,,,,,,0.0,100.0,,,,,,,,,,True,0.0,0.0,,U21,,0.0,0.0,0.0,0.0,0.0,,0.0,0.0,0.0,0.0,Fjelstul World Cup Database via DataHub,https://datahub.io/football/worldcup
2018,William Carvalho,Portugal,Midfielder,26.0,,,,,,0.0,100.0,,,,,,,,,,False,135.0,2.0,50.9,Prime,,366.0,4.0,4.0,0.0,0.0,,0.0,0.0,0.0,82.3,Fjelstul World Cup Database via DataHub,https://datahub.io/football/worldcup
2018,not applicable Beto,Portugal,Goalkeeper,36.0,,,,,,0.0,100.0,,,,,,,,,,False,180.0,2.0,72.2,Veteran,,0.0,0.0,0.0,0.0,0.0,,0.0,0.0,0.0,0.0,Fjelstul World Cup Database via DataHub,https://datahub.io/football/worldcup
2018,not applicable Cédric,Portugal,Defender,26.0,,,,,,0.0,100.0,,,,,,,,,,True,0.0,0.0,,Prime,,276.0,3.0,3.0,0.0,0.0,,0.0,1.0,0.0,75.9,Fjelstul World Cup Database via DataHub,https://datahub.io/football/worldcup
2018,not applicable Pepe,Portugal,Defender,35.0,,,,,,0.0,100.0,,,,,,,,,,False,316.0,4.0,54.5,Veteran,,366.0,4.0,4.0,0.0,1.0,,0.0,0.0,0.0,96.9,Fjelstul World Cup Database via DataHub,https://datahub.io/football/worldcup
2018,Alan Dzagoev,Russia,Midfielder,27.0,,,,,,,0.0,,,,,,,,,,False,63.0,3.0,36.7,Prime,,42.0,1.0,2.0,1.0,0.0,,0.0,0.0,0.0,38.4,Fjelstul World Cup Database via DataHub,https://datahub.io/football/worldcup
2018,Aleksandr Golovin,Russia,Midfielder,22.0,,,,,,,0.0,,,,,,,,,,True,0.0,0.0,,U23,,402.0,4.0,4.0,0.0,1.0,,0.0,1.0,0.0,95.0,Fjelstul World Cup Database via DataHub,https://datahub.io/football/worldcup
2018,Aleksandr Samedov,Russia,Midfielder,33.0,,,,,,,0.0,,,,,,,,,,False,272.0,3.0,75.6,Veteran,,362.0,5.0,5.0,0.0,0.0,,0.0,0.0,0.0,83.5,Fjelstul World Cup Database via DataHub,https://datahub.io/football/worldcup
2018,Aleksandr Yerokhin,Russia,Midfielder,28.0,,,,,,,0.0,,,,,,,,,,True,0.0,0.0,,Prime,,89.0,0.0,2.0,2.0,0.0,,0.0,0.0,0.0,37.8,Fjelstul World Cup Database via DataHub,https://datahub.io/football/worldcup
2018,Aleksei Miranchuk,Russia,Midfielder,22.0,,,,,,,0.0,,,,,,,,,,True,0.0,0.0,,U23,,60.0,1.0,1.0,0.0,0.0,,0.0,0.0,0.0,41.2,Fjelstul World Cup Database via DataHub,https://datahub.io/football/worldcup
2018,Andrei Semyonov,Russia,Defender,29.0,,,,,,,0.0,,,,,,,,,,True,0.0,0.0,0.0,Prime,,0.0,0.0,0.0,0.0,0.0,,0.0,0.0,0.0,0.0,Fjelstul World Cup Database via DataHub,https://datahub.io/football/worldcup
2018,Andrey Lunyov,Russia,Goalkeeper,26.0,,,,,,,0.0,,,,,,,,,,True,0.0,0.0,,Prime,,0.0,0.0,0.0,0.0,0.0,,0.0,0.0,0.0,0.0,Fjelstul World Cup Database via DataHub,https://datahub.io/football/worldcup
2018,Anton Miranchuk,Russia,Midfielder,22.0,,,,,,,0.0,,,,,,,,,,True,0.0,0.0,,U23,,0.0,0.0,0.0,0.0,0.0,,0.0,0.0,0.0,0.0,Fjelstul World Cup Database via DataHub,https://datahub.io/football/worldcup
2018,Artem Dzyuba,Russia,Forward,29.0,,,,,,,0.0,,,,,,,,,,True,0.0,0.0,,Prime,,336.0,4.0,5.0,1.0,3.0,,0.0,0.0,0.0,94.1,Fjelstul World Cup Database via DataHub,https://datahub.io/football/worldcup
2018,Daler Kuzyayev,Russia,Midfielder,25.0,,,,,,,0.0,,,,,,,,,,True,0.0,0.0,,U25,,306.0,2.0,5.0,3.0,0.0,,0.0,0.0,0.0,73.8,Fjelstul World Cup Database via DataHub,https://datahub.io/football/worldcup
2018,Denis Cheryshev,Russia,Midfielder,27.0,,,,,,,0.0,,,,,,,,,,True,0.0,0.0,,Prime,,304.0,3.0,5.0,2.0,4.0,,0.0,0.0,0.0,92.8,Fjelstul World Cup Database via DataHub,https://datahub.io/football/worldcup
2018,Fyodor Kudryashov,Russia,Defender,31.0,,,,,,,0.0,,,,,,,,,,True,0.0,0.0,,Veteran,,337.0,3.0,4.0,1.0,0.0,,0.0,0.0,0.0,77.7,Fjelstul World Cup Database via DataHub,https://datahub.io/football/worldcup
2018,Fyodor Smolov,Russia,Forward,28.0,,,,,,,0.0,,,,,,,,,,True,0.0,0.0,,Prime,,222.0,1.0,5.0,4.0,0.0,,0.0,1.0,0.0,65.8,Fjelstul World Cup Database via DataHub,https://datahub.io/football/worldcup
2018,Igor Akinfeev,Russia,Goalkeeper,32.0,,,,,,,0.0,,,,,,,,,,False,272.0,3.0,78.8,Veteran,,513.0,5.0,5.0,0.0,0.0,,1.0,0.0,0.0,93.2,Fjelstul World Cup Database via DataHub,https://datahub.io/football/worldcup
2018,Igor Smolnikov,Russia,Defender,29.0,,,,,,,0.0,,,,,,,,,,True,0.0,0.0,,Prime,,93.0,1.0,1.0,0.0,0.0,,0.0,1.0,1.0,46.1,Fjelstul World Cup Database via DataHub,https://datahub.io/football/worldcup
2018,Ilya Kutepov,Russia,Defender,24.0,,,,,,,0.0,,,,,,,,,,True,0.0,0.0,,U25,,513.0,5.0,5.0,0.0,0.0,,0.0,1.0,0.0,90.8,Fjelstul World Cup Database via DataHub,https://datahub.io/football/worldcup
2018,Mário Fernandes,Russia,Defender,27.0,,,,,,,0.0,,,,,,,,,,True,0.0,0.0,,Prime,,475.0,4.0,5.0,1.0,1.0,,0.0,0.0,0.0,97.3,Fjelstul World Cup Database via DataHub,https://datahub.io/football/worldcup
2018,Roman Zobnin,Russia,Midfielder,24.0,,,,,,,0.0,,,,,,,,,,True,0.0,0.0,,U25,,513.0,5.0,5.0,0.0,0.0,,0.0,1.0,0.0,86.5,Fjelstul World Cup Database via DataHub,https://datahub.io/football/worldcup
2018,Sergei Ignashevich,Russia,Defender,38.0,,,,,,,0.0,,,,,,,,,,False,272.0,3.0,74.1,Veteran,,513.0,5.0,5.0,0.0,0.0,,0.0,0.0,0.0,90.8,Fjelstul World Cup Database via DataHub,https://datahub.io/football/worldcup
2018,Vladimir Gabulov,Russia,Goalkeeper,34.0,,,,,,,0.0,,,,,,,,,,True,0.0,0.0,,Veteran,,0.0,0.0,0.0,0.0,0.0,,0.0,0.0,0.0,0.0,Fjelstul World Cup Database via DataHub,https://datahub.io/football/worldcup
2018,Vladimir Granat,Russia,Defender,31.0,,,,,,,0.0,,,,,,,,,,True,0.0,0.0,0.0,Veteran,,74.0,0.0,1.0,1.0,0.0,,0.0,0.0,0.0,36.5,Fjelstul World Cup Database via DataHub,https://datahub.io/football/worldcup
2018,Yuri Zhirkov,Russia,Midfielder,34.0,,,,,,,0.0,,,,,,,,,,False,71.0,1.0,38.7,Veteran,,222.0,3.0,3.0,0.0,0.0,,0.0,0.0,0.0,64.3,Fjelstul World Cup Database via DataHub,https://datahub.io/football/worldcup
2018,Yury Gazinsky,Russia,Midfielder,28.0,,,,,,,0.0,,,,,,,,,,True,0.0,0.0,,Prime,,267.0,3.0,4.0,1.0,1.0,,0.0,2.0,0.0,88.6,Fjelstul World Cup Database via DataHub,https://datahub.io/football/worldcup
2018,Abdullah Al-Khaibari,Saudi Arabia,Midfielder,21.0,,,,,,,0.0,,,,,,,,,,True,0.0,0.0,,U21,,0.0,0.0,0.0,0.0,0.0,,0.0,0.0,0.0,0.0,Fjelstul World Cup Database via DataHub,https://datahub.io/football/worldcup
2018,Abdullah Al-Mayouf,Saudi Arabia,Goalkeeper,31.0,,,,,,,0.0,,,,,,,,,,True,0.0,0.0,,Veteran,,90.0,1.0,1.0,0.0,0.0,,0.0,0.0,0.0,68.3,Fjelstul World Cup Database via DataHub,https://datahub.io/football/worldcup
2018,Abdullah Otayf,Saudi Arabia,Midfielder,25.0,,,,,,,0.0,,,,,,,,,,True,0.0,0.0,,U25,,244.0,3.0,3.0,0.0,0.0,,0.0,0.0,0.0,66.1,Fjelstul World Cup Database via DataHub,https://datahub.io/football/worldcup
2018,Abdulmalek Al-Khaibri,Saudi Arabia,Midfielder,32.0,,,,,,,0.0,,,,,,,,,,True,0.0,0.0,,Veteran,,0.0,0.0,0.0,0.0,0.0,,0.0,0.0,0.0,0.0,Fjelstul World Cup Database via DataHub,https://datahub.io/football/worldcup
2018,Ali Al-Bulaihi,Saudi Arabia,Defender,28.0,,,,,,,0.0,,,,,,,,,,True,0.0,0.0,,Prime,,90.0,1.0,1.0,0.0,0.0,,0.0,0.0,0.0,42.2,Fjelstul World Cup Database via DataHub,https://datahub.io/football/worldcup
2018,Fahad Al-Muwallad,Saudi Arabia,Forward,23.0,,,,,,,0.0,,,,,,,,,,True,0.0,0.0,,U23,,183.0,2.0,3.0,1.0,0.0,,0.0,0.0,0.0,66.0,Fjelstul World Cup Database via DataHub,https://datahub.io/football/worldcup
2018,Hattan Bahebri,Saudi Arabia,Midfielder,25.0,,,,,,,0.0,,,,,,,,,,True,0.0,0.0,,U25,,158.0,2.0,3.0,1.0,0.0,,0.0,0.0,0.0,55.5,Fjelstul World Cup Database via DataHub,https://datahub.io/football/worldcup
2018,Housain Al-Mogahwi,Saudi Arabia,Midfielder,30.0,,,,,,,0.0,,,,,,,,,,True,0.0,0.0,,Veteran,,136.0,1.0,2.0,1.0,0.0,,0.0,0.0,0.0,51.0,Fjelstul World Cup Database via DataHub,https://datahub.io/football/worldcup
2018,Mansoor Al-Harbi,Saudi Arabia,Defender,30.0,,,,,,,0.0,,,,,,,,,,True,0.0,0.0,,Veteran,,0.0,0.0,0.0,0.0,0.0,,0.0,0.0,0.0,0.0,Fjelstul World Cup Database via DataHub,https://datahub.io/football/worldcup
2018,Mohamed Kanno,Saudi Arabia,Midfielder,23.0,,,,,,,0.0,,,,,,,,,,True,0.0,0.0,,U23,,15.0,0.0,1.0,1.0,0.0,,0.0,0.0,0.0,29.5,Fjelstul World Cup Database via DataHub,https://datahub.io/football/worldcup
2018,Mohammad Al-Sahlawi,Saudi Arabia,Forward,31.0,,,,,,,0.0,,,,,,,,,,True,0.0,0.0,,Veteran,,97.0,1.0,2.0,1.0,0.0,,0.0,0.0,0.0,56.4,Fjelstul World Cup Database via DataHub,https://datahub.io/football/worldcup
2018,Mohammed Al-Breik,Saudi Arabia,Defender,25.0,,,,,,,0.0,,,,,,,,,,True,0.0,0.0,,U25,,270.0,3.0,3.0,0.0,0.0,,0.0,0.0,0.0,67.9,Fjelstul World Cup Database via DataHub,https://datahub.io/football/worldcup
2018,Mohammed Al-Owais,Saudi Arabia,Goalkeeper,26.0,,,,,,,0.0,,,,,,,,,,True,0.0,0.0,,Prime,,90.0,1.0,1.0,0.0,0.0,,0.0,0.0,0.0,68.3,Fjelstul World Cup Database via DataHub,https://datahub.io/football/worldcup
2018,Motaz Hawsawi,Saudi Arabia,Defender,26.0,,,,,,,0.0,,,,,,,,,,True,0.0,0.0,,Prime,,90.0,1.0,1.0,0.0,0.0,,0.0,0.0,0.0,42.2,Fjelstul World Cup Database via DataHub,https://datahub.io/football/worldcup
2018,Muhannad Assiri,Saudi Arabia,Forward,31.0,,,,,,,0.0,,,,,,,,,,True,0.0,0.0,,Veteran,,30.0,0.0,2.0,2.0,0.0,,0.0,0.0,0.0,34.2,Fjelstul World Cup Database via DataHub,https://datahub.io/football/worldcup
2018,Omar Hawsawi,Saudi Arabia,Defender,32.0,,,,,,,0.0,,,,,,,,,,True,0.0,0.0,,Veteran,,90.0,1.0,1.0,0.0,0.0,,0.0,0.0,0.0,42.2,Fjelstul World Cup Database via DataHub,https://datahub.io/football/worldcup
2018,Osama Hawsawi,Saudi Arabia,Defender,34.0,,,,,,,0.0,,,,,,,,,,True,0.0,0.0,,Veteran,,270.0,3.0,3.0,0.0,0.0,,0.0,0.0,0.0,67.9,Fjelstul World Cup Database via DataHub,https://datahub.io/football/worldcup
2018,Salem Al-Dawsari,Saudi Arabia,Midfielder,26.0,,,,,,,0.0,,,,,,,,,,True,0.0,0.0,,Prime,,270.0,3.0,3.0,0.0,1.0,,0.0,0.0,0.0,90.1,Fjelstul World Cup Database via DataHub,https://datahub.io/football/worldcup
2018,Salman Al-Faraj,Saudi Arabia,Midfielder,28.0,,,,,,,0.0,,,,,,,,,,True,0.0,0.0,,Prime,,270.0,3.0,3.0,0.0,1.0,,0.0,0.0,0.0,90.1,Fjelstul World Cup Database via DataHub,https://datahub.io/football/worldcup
2018,Taisir Al-Jassim,Saudi Arabia,Midfielder,33.0,,,,,,,0.0,,,,,,,,,,True,0.0,0.0,,Veteran,,134.0,2.0,2.0,0.0,0.0,,0.0,1.0,0.0,53.3,Fjelstul World Cup Database via DataHub,https://datahub.io/football/worldcup
2018,Yahya Al-Shehri,Saudi Arabia,Midfielder,27.0,,,,,,,0.0,,,,,,,,,,True,0.0,0.0,,Prime,,83.0,1.0,2.0,1.0,0.0,,0.0,0.0,0.0,44.0,Fjelstul World Cup Database via DataHub,https://datahub.io/football/worldcup
2018,Yasser Al-Mosailem,Saudi Arabia,Goalkeeper,34.0,,,,,,,0.0,,,,,,,,,,True,0.0,0.0,,Veteran,,90.0,1.0,1.0,0.0,0.0,,0.0,0.0,0.0,68.3,Fjelstul World Cup Database via DataHub,https://datahub.io/football/worldcup
2018,Yasser Al-Shahrani,Saudi Arabia,Defender,26.0,,,,,,,0.0,,,,,,,,,,True,0.0,0.0,,Prime,,270.0,3.0,3.0,0.0,0.0,,0.0,0.0,0.0,67.9,Fjelstul World Cup Database via DataHub,https://datahub.io/football/worldcup
2018,Abdoulaye Diallo,Senegal,Goalkeeper,26.0,,,,,,,50.0,,,,,,,,,,True,0.0,0.0,,Prime,,0.0,0.0,0.0,0.0,0.0,,0.0,0.0,0.0,0.0,Fjelstul World Cup Database via DataHub,https://datahub.io/football/worldcup
2018,Adama Mbengue,Senegal,Defender,24.0,,,,,,,50.0,,,,,,,,,,True,0.0,0.0,,U25,,0.0,0.0,0.0,0.0,0.0,,0.0,0.0,0.0,0.0,Fjelstul World Cup Database via DataHub,https://datahub.io/football/worldcup
2018,Alfred Gomis,Senegal,Goalkeeper,24.0,,,,,,,50.0,,,,,,,,,,True,0.0,0.0,,U25,,0.0,0.0,0.0,0.0,0.0,,0.0,0.0,0.0,0.0,Fjelstul World Cup Database via DataHub,https://datahub.io/football/worldcup
2018,Alfred N'Diaye,Senegal,Midfielder,28.0,,,,,,,50.0,,,,,,,,,,True,0.0,0.0,,Prime,,152.0,2.0,2.0,0.0,0.0,,0.0,0.0,0.0,54.7,Fjelstul World Cup Database via DataHub,https://datahub.io/football/worldcup
2018,Badou Ndiaye,Senegal,Midfielder,27.0,,,,,,,50.0,,,,,,,,,,True,0.0,0.0,,Prime,,81.0,1.0,1.0,0.0,0.0,,0.0,0.0,0.0,43.8,Fjelstul World Cup Database via DataHub,https://datahub.io/football/worldcup
2018,Cheikh N'Doye,Senegal,Midfielder,32.0,,,,,,,50.0,,,,,,,,,,True,0.0,0.0,,Veteran,,37.0,0.0,2.0,2.0,0.0,,0.0,1.0,0.0,33.5,Fjelstul World Cup Database via DataHub,https://datahub.io/football/worldcup
2018,Cheikhou Kouyaté,Senegal,Midfielder,28.0,,,,,,,50.0,,,,,,,,,,True,0.0,0.0,,Prime,,118.0,1.0,3.0,2.0,0.0,,0.0,0.0,0.0,49.7,Fjelstul World Cup Database via DataHub,https://datahub.io/football/worldcup
2018,Diafra Sakho,Senegal,Forward,28.0,,,,,,,50.0,,,,,,,,,,True,0.0,0.0,,Prime,,4.0,0.0,1.0,1.0,0.0,,0.0,0.0,0.0,28.7,Fjelstul World Cup Database via DataHub,https://datahub.io/football/worldcup
2018,Idrissa Gueye,Senegal,Midfielder,28.0,,,,,,,50.0,,,,,,,,,,True,0.0,0.0,,Prime,,270.0,3.0,3.0,0.0,0.0,,0.0,1.0,0.0,71.4,Fjelstul World Cup Database via DataHub,https://datahub.io/football/worldcup
2018,Ismaïla Sarr,Senegal,Forward,20.0,,,,,,,50.0,,,,,,,,,,True,0.0,0.0,,U21,,270.0,3.0,3.0,0.0,0.0,,0.0,0.0,0.0,74.1,Fjelstul World Cup Database via DataHub,https://datahub.io/football/worldcup
2018,Kalidou Koulibaly,Senegal,Defender,26.0,,,,,,,50.0,,,,,,,,,,True,0.0,0.0,,Prime,,270.0,3.0,3.0,0.0,0.0,,0.0,0.0,0.0,67.9,Fjelstul World Cup Database via DataHub,https://datahub.io/football/worldcup
2018,Kara Mbodji,Senegal,Defender,28.0,,,,,,,50.0,,,,,,,,,,True,0.0,0.0,,Prime,,0.0,0.0,0.0,0.0,0.0,,0.0,0.0,0.0,0.0,Fjelstul World Cup Database via DataHub,https://datahub.io/football/worldcup
2018,Keita Baldé,Senegal,Forward,23.0,,,,,,,50.0,,,,,,,,,,True,0.0,0.0,,U23,,80.0,1.0,1.0,0.0,0.0,,0.0,0.0,0.0,53.3,Fjelstul World Cup Database via DataHub,https://datahub.io/football/worldcup
2018,Khadim N'Diaye,Senegal,Goalkeeper,33.0,,,,,,,50.0,,,,,,,,,,True,0.0,0.0,,Veteran,,270.0,3.0,3.0,0.0,0.0,,0.0,0.0,0.0,76.1,Fjelstul World Cup Database via DataHub,https://datahub.io/football/worldcup
2018,Lamine Gassama,Senegal,Defender,28.0,,,,,,,50.0,,,,,,,,,,True,0.0,0.0,,Prime,,90.0,1.0,1.0,0.0,0.0,,0.0,0.0,0.0,42.2,Fjelstul World Cup Database via DataHub,https://datahub.io/football/worldcup
2018,M'Baye Niang,Senegal,Forward,23.0,,,,,,,50.0,,,,,,,,,,True,0.0,0.0,,U23,,247.0,3.0,3.0,0.0,1.0,,0.0,2.0,0.0,84.3,Fjelstul World Cup Database via DataHub,https://datahub.io/football/worldcup
2018,Mame Biram Diouf,Senegal,Forward,30.0,,,,,,,50.0,,,,,,,,,,True,0.0,0.0,,Veteran,,66.0,1.0,2.0,1.0,0.0,,0.0,0.0,0.0,50.0,Fjelstul World Cup Database via DataHub,https://datahub.io/football/worldcup
2018,Moussa Konaté,Senegal,Forward,25.0,,,,,,,50.0,,,,,,,,,,True,0.0,0.0,,U25,,25.0,0.0,2.0,2.0,0.0,,0.0,0.0,0.0,33.3,Fjelstul World Cup Database via DataHub,https://datahub.io/football/worldcup
2018,Moussa Sow,Senegal,Forward,32.0,,,,,,,50.0,,,,,,,,,,True,0.0,0.0,,Veteran,,0.0,0.0,0.0,0.0,0.0,,0.0,0.0,0.0,0.0,Fjelstul World Cup Database via DataHub,https://datahub.io/football/worldcup
2018,Moussa Wagué,Senegal,Defender,19.0,,,,,,,50.0,,,,,,,,,,True,0.0,0.0,,U21,,196.0,2.0,3.0,1.0,1.0,,0.0,0.0,0.0,82.9,Fjelstul World Cup Database via DataHub,https://datahub.io/football/worldcup
2018,Sadio Mané,Senegal,Forward,26.0,,,,,,,50.0,,,,,,,,,,True,0.0,0.0,,Prime,,270.0,3.0,3.0,0.0,1.0,,0.0,0.0,0.0,86.4,Fjelstul World Cup Database via DataHub,https://datahub.io/football/worldcup
2018,Salif Sané,Senegal,Midfielder,27.0,,,,,,,50.0,,,,,,,,,,True,0.0,0.0,,Prime,,270.0,3.0,3.0,0.0,0.0,,0.0,1.0,0.0,71.4,Fjelstul World Cup Database via DataHub,https://datahub.io/football/worldcup
2018,Youssouf Sabaly,Senegal,Defender,25.0,,,,,,,50.0,,,,,,,,,,True,0.0,0.0,,U25,,254.0,3.0,3.0,0.0,0.0,,0.0,1.0,0.0,61.9,Fjelstul World Cup Database via DataHub,https://datahub.io/football/worldcup
2018,Adem Ljajić,Serbia,Midfielder,26.0,,,,,,,0.0,,,,,,,,,,True,0.0,0.0,,Prime,,175.0,2.0,3.0,1.0,0.0,,0.0,1.0,0.0,56.8,Fjelstul World Cup Database via DataHub,https://datahub.io/football/worldcup
2018,Aleksandar Kolarov,Serbia,Defender,32.0,,,,,,,0.0,,,,,,,,,,False,183.0,2.0,57.1,Veteran,,274.0,3.0,3.0,0.0,1.0,,0.0,0.0,0.0,95.8,Fjelstul World Cup Database via DataHub,https://datahub.io/football/worldcup
2018,Aleksandar Mitrović,Serbia,Forward,23.0,,,,,,,0.0,,,,,,,,,,True,0.0,0.0,,U23,,273.0,3.0,3.0,0.0,1.0,,0.0,2.0,0.0,87.2,Fjelstul World Cup Database via DataHub,https://datahub.io/football/worldcup
2018,Aleksandar Prijović,Serbia,Forward,28.0,,,,,,,0.0,,,,,,,,,,True,0.0,0.0,,Prime,,0.0,0.0,1.0,1.0,0.0,,0.0,1.0,0.0,0.0,Fjelstul World Cup Database via DataHub,https://datahub.io/football/worldcup
2018,Andrija Živković,Serbia,Midfielder,21.0,,,,,,,0.0,,,,,,,,,,True,0.0,0.0,,U21,,15.0,0.0,1.0,1.0,0.0,,0.0,0.0,0.0,29.5,Fjelstul World Cup Database via DataHub,https://datahub.io/football/worldcup
2018,Antonio Rukavina,Serbia,Defender,34.0,,,,,,,0.0,,,,,,,,,,True,0.0,0.0,0.0,Veteran,,97.0,1.0,2.0,1.0,0.0,,0.0,0.0,0.0,46.6,Fjelstul World Cup Database via DataHub,https://datahub.io/football/worldcup
2018,Branislav Ivanović,Serbia,Defender,34.0,,,,,,,0.0,,,,,,,,,,False,273.0,3.0,74.9,Veteran,,184.0,2.0,2.0,0.0,0.0,,0.0,1.0,0.0,57.2,Fjelstul World Cup Database via DataHub,https://datahub.io/football/worldcup
2018,Dušan Tadić,Serbia,Midfielder,29.0,,,,,,,0.0,,,,,,,,,,True,0.0,0.0,,Prime,,267.0,3.0,3.0,0.0,0.0,,0.0,0.0,0.0,68.6,Fjelstul World Cup Database via DataHub,https://datahub.io/football/worldcup
2018,Duško Tošić,Serbia,Defender,33.0,,,,,,,0.0,,,,,,,,,,True,0.0,0.0,,Veteran,,184.0,2.0,2.0,0.0,0.0,,0.0,0.0,0.0,57.2,Fjelstul World Cup Database via DataHub,https://datahub.io/football/worldcup
2018,Filip Kostić,Serbia,Midfielder,25.0,,,,,,,0.0,,,,,,,,,,True,0.0,0.0,,U25,,166.0,2.0,3.0,1.0,0.0,,0.0,0.0,0.0,56.3,Fjelstul World Cup Database via DataHub,https://datahub.io/football/worldcup
2018,Luka Jović,Serbia,Forward,20.0,,,,,,,0.0,,,,,,,,,,True,0.0,0.0,,U21,,1.0,0.0,1.0,1.0,0.0,,0.0,0.0,0.0,28.2,Fjelstul World Cup Database via DataHub,https://datahub.io/football/worldcup
2018,Luka Milivojević,Serbia,Midfielder,27.0,,,,,,,0.0,,,,,,,,,,True,0.0,0.0,,Prime,,171.0,2.0,2.0,0.0,0.0,,0.0,1.0,0.0,56.6,Fjelstul World Cup Database via DataHub,https://datahub.io/football/worldcup
2018,Marko Dmitrović,Serbia,Goalkeeper,26.0,,,,,,,0.0,,,,,,,,,,True,0.0,0.0,,Prime,,0.0,0.0,0.0,0.0,0.0,,0.0,0.0,0.0,0.0,Fjelstul World Cup Database via DataHub,https://datahub.io/football/worldcup
2018,Marko Grujić,Serbia,Midfielder,22.0,,,,,,,0.0,,,,,,,,,,True,0.0,0.0,,U23,,0.0,0.0,0.0,0.0,0.0,,0.0,0.0,0.0,0.0,Fjelstul World Cup Database via DataHub,https://datahub.io/football/worldcup
2018,Milan Rodić,Serbia,Defender,27.0,,,,,,,0.0,,,,,,,,,,True,0.0,0.0,,Prime,,0.0,0.0,0.0,0.0,0.0,,0.0,0.0,0.0,0.0,Fjelstul World Cup Database via DataHub,https://datahub.io/football/worldcup
2018,Miloš Veljković,Serbia,Defender,22.0,,,,,,,0.0,,,,,,,,,,True,0.0,0.0,,U23,,90.0,1.0,1.0,0.0,0.0,,0.0,0.0,0.0,42.2,Fjelstul World Cup Database via DataHub,https://datahub.io/football/worldcup
2018,Nemanja Matić,Serbia,Midfielder,29.0,,,,,,,0.0,,,,,,,,,,True,0.0,0.0,,Prime,,274.0,3.0,3.0,0.0,0.0,,0.0,2.0,0.0,75.4,Fjelstul World Cup Database via DataHub,https://datahub.io/football/worldcup
2018,Nemanja Radonjić,Serbia,Forward,22.0,,,,,,,0.0,,,,,,,,,,True,0.0,0.0,,U23,,21.0,0.0,2.0,2.0,0.0,,0.0,0.0,0.0,32.4,Fjelstul World Cup Database via DataHub,https://datahub.io/football/worldcup
2018,Nikola Milenković,Serbia,Defender,20.0,,,,,,,0.0,,,,,,,,,,True,0.0,0.0,,U21,,274.0,3.0,3.0,0.0,0.0,,0.0,0.0,0.0,75.4,Fjelstul World Cup Database via DataHub,https://datahub.io/football/worldcup
2018,Predrag Rajković,Serbia,Goalkeeper,22.0,,,,,,,0.0,,,,,,,,,,True,0.0,0.0,,U23,,0.0,0.0,0.0,0.0,0.0,,0.0,0.0,0.0,0.0,Fjelstul World Cup Database via DataHub,https://datahub.io/football/worldcup
2018,Sergej Milinković-Savić,Serbia,Midfielder,23.0,,,,,,,0.0,,,,,,,,,,True,0.0,0.0,,U23,,274.0,3.0,3.0,0.0,0.0,,0.0,1.0,0.0,75.4,Fjelstul World Cup Database via DataHub,https://datahub.io/football/worldcup
2018,Uroš Spajić,Serbia,Defender,25.0,,,,,,,0.0,,,,,,,,,,True,0.0,0.0,,U25,,0.0,0.0,0.0,0.0,0.0,,0.0,0.0,0.0,0.0,Fjelstul World Cup Database via DataHub,https://datahub.io/football/worldcup
2018,Vladimir Stojković,Serbia,Goalkeeper,34.0,,,,,,,0.0,,,,,,,,,,False,273.0,3.0,86.5,Veteran,,274.0,3.0,3.0,0.0,0.0,,1.0,0.0,0.0,86.9,Fjelstul World Cup Database via DataHub,https://datahub.io/football/worldcup
2018,Ban-suk Oh,South Korea,Defender,30.0,,,,,,0.0,16.7,,,,,,,,,,True,0.0,0.0,,Veteran,,0.0,0.0,0.0,0.0,0.0,,0.0,0.0,0.0,0.0,Fjelstul World Cup Database via DataHub,https://datahub.io/football/worldcup
2018,Chul Hong,South Korea,Defender,27.0,,,,,,0.0,16.7,,,,,,,,,,True,0.0,0.0,,Prime,,96.0,1.0,2.0,1.0,0.0,,0.0,0.0,0.0,46.5,Fjelstul World Cup Database via DataHub,https://datahub.io/football/worldcup
2018,Hee-chan Hwang,South Korea,Forward,22.0,,,,,,0.0,16.7,,,,,,,,,,True,0.0,0.0,,U23,,214.0,2.0,3.0,1.0,0.0,,0.0,1.0,0.0,67.6,Fjelstul World Cup Database via DataHub,https://datahub.io/football/worldcup
2018,Heung-min Son,South Korea,Forward,25.0,,,,,,0.0,16.7,,,,,,,,,,False,247.0,3.0,84.3,U25,,270.0,3.0,3.0,0.0,2.0,,0.0,1.0,0.0,89.6,Fjelstul World Cup Database via DataHub,https://datahub.io/football/worldcup
2018,Hyeon-woo Jo,South Korea,Goalkeeper,26.0,,,,,,0.0,16.7,,,,,,,,,,True,0.0,0.0,,Prime,,270.0,3.0,3.0,0.0,0.0,,1.0,0.0,0.0,84.2,Fjelstul World Cup Database via DataHub,https://datahub.io/football/worldcup
2018,Hyun-soo Jang,South Korea,Defender,26.0,,,,,,0.0,16.7,,,,,,,,,,True,0.0,0.0,,Prime,,270.0,3.0,3.0,0.0,0.0,,0.0,0.0,0.0,67.9,Fjelstul World Cup Database via DataHub,https://datahub.io/football/worldcup
2018,Ja-cheol Koo,South Korea,Midfielder,29.0,,,,,,0.0,16.7,,,,,,,,,,False,270.0,3.0,90.1,Prime,,129.0,2.0,2.0,0.0,0.0,,0.0,0.0,0.0,53.1,Fjelstul World Cup Database via DataHub,https://datahub.io/football/worldcup
2018,Jae-sung Lee,South Korea,Midfielder,25.0,,,,,,0.0,16.7,,,,,,,,,,True,0.0,0.0,,U25,,270.0,3.0,3.0,0.0,0.0,,0.0,1.0,0.0,71.4,Fjelstul World Cup Database via DataHub,https://datahub.io/football/worldcup
2018,Jin-hyeon Kim,South Korea,Goalkeeper,30.0,,,,,,0.0,16.7,,,,,,,,,,True,0.0,0.0,,Veteran,,0.0,0.0,0.0,0.0,0.0,,0.0,0.0,0.0,0.0,Fjelstul World Cup Database via DataHub,https://datahub.io/football/worldcup
2018,Joo-ho Park,South Korea,Defender,31.0,,,,,,0.0,16.7,,,,,,,,,,True,0.0,0.0,0.0,Veteran,,28.0,1.0,1.0,0.0,0.0,,0.0,0.0,0.0,36.9,Fjelstul World Cup Database via DataHub,https://datahub.io/football/worldcup
2018,Min-woo Kim,South Korea,Defender,28.0,,,,,,0.0,16.7,,,,,,,,,,True,0.0,0.0,,Prime,,146.0,1.0,2.0,1.0,0.0,,0.0,0.0,0.0,49.3,Fjelstul World Cup Database via DataHub,https://datahub.io/football/worldcup
2018,Se-jong Ju,South Korea,Midfielder,27.0,,,,,,0.0,16.7,,,,,,,,,,True,0.0,0.0,,Prime,,85.0,1.0,2.0,1.0,0.0,,0.0,0.0,0.0,44.2,Fjelstul World Cup Database via DataHub,https://datahub.io/football/worldcup
2018,Seon-min Moon,South Korea,Midfielder,26.0,,,,,,0.0,16.7,,,,,,,,,,True,0.0,0.0,,Prime,,146.0,2.0,2.0,0.0,0.0,,0.0,1.0,0.0,54.3,Fjelstul World Cup Database via DataHub,https://datahub.io/football/worldcup
2018,Seung-gyu Kim,South Korea,Goalkeeper,27.0,,,,,,0.0,16.7,,,,,,,,,,False,90.0,1.0,68.3,Prime,,0.0,0.0,0.0,0.0,0.0,,0.0,0.0,0.0,0.0,Fjelstul World Cup Database via DataHub,https://datahub.io/football/worldcup
2018,Seung-hyun Jung,South Korea,Defender,24.0,,,,,,0.0,16.7,,,,,,,,,,True,0.0,0.0,,U25,,0.0,0.0,0.0,0.0,0.0,,0.0,0.0,0.0,0.0,Fjelstul World Cup Database via DataHub,https://datahub.io/football/worldcup
2018,Seung-woo Lee,South Korea,Midfielder,20.0,,,,,,0.0,16.7,,,,,,,,,,True,0.0,0.0,,U21,,43.0,0.0,2.0,2.0,0.0,,0.0,1.0,0.0,34.3,Fjelstul World Cup Database via DataHub,https://datahub.io/football/worldcup
2018,Shin-wook Kim,South Korea,Forward,30.0,,,,,,0.0,16.7,,,,,,,,,,False,99.0,2.0,56.5,Veteran,,66.0,1.0,1.0,0.0,0.0,,0.0,1.0,0.0,50.0,Fjelstul World Cup Database via DataHub,https://datahub.io/football/worldcup
2018,Sung-yueng Ki,South Korea,Midfielder,29.0,,,,,,0.0,16.7,,,,,,,,,,False,562.0,7.0,71.4,Prime,,180.0,2.0,2.0,0.0,0.0,,0.0,0.0,0.0,57.9,Fjelstul World Cup Database via DataHub,https://datahub.io/football/worldcup
2018,Woo-young Jung,South Korea,Midfielder,28.0,,,,,,0.0,16.7,,,,,,,,,,True,0.0,0.0,,Prime,,127.0,1.0,3.0,2.0,0.0,,0.0,2.0,0.0,50.3,Fjelstul World Cup Database via DataHub,https://datahub.io/football/worldcup
2018,Yo-han Go,South Korea,Defender,30.0,,,,,,0.0,16.7,,,,,,,,,,True,0.0,0.0,,Veteran,,11.0,0.0,1.0,1.0,0.0,,0.0,0.0,0.0,32.9,Fjelstul World Cup Database via DataHub,https://datahub.io/football/worldcup
2018,Yong Lee,South Korea,Defender,31.0,,,,,,0.0,16.7,,,,,,,,,,False,270.0,3.0,67.9,Veteran,,270.0,3.0,3.0,0.0,0.0,,0.0,1.0,0.0,67.9,Fjelstul World Cup Database via DataHub,https://datahub.io/football/worldcup
2018,Young-gwon Kim,South Korea,Defender,28.0,,,,,,0.0,16.7,,,,,,,,,,False,270.0,3.0,67.9,Prime,,270.0,3.0,3.0,0.0,1.0,,0.0,1.0,0.0,92.7,Fjelstul World Cup Database via DataHub,https://datahub.io/football/worldcup
2018,Young-sun Yun,South Korea,Defender,29.0,,,,,,0.0,16.7,,,,,,,,,,True,0.0,0.0,,Prime,,90.0,1.0,1.0,0.0,0.0,,0.0,0.0,0.0,42.2,Fjelstul World Cup Database via DataHub,https://datahub.io/football/worldcup
2018,Andrés Iniesta,Spain,Midfielder,34.0,,,,,,100.0,0.0,,,,,,,,,,False,923.0,10.0,71.4,Veteran,,284.0,3.0,4.0,1.0,0.0,,0.0,0.0,0.0,76.0,Fjelstul World Cup Database via DataHub,https://datahub.io/football/worldcup
2018,César Azpilicueta,Spain,Defender,28.0,,,,,,100.0,0.0,,,,,,,,,,False,180.0,2.0,54.5,Prime,,0.0,0.0,0.0,0.0,0.0,,0.0,0.0,0.0,0.0,Fjelstul World Cup Database via DataHub,https://datahub.io/football/worldcup
2018,Dani Carvajal,Spain,Defender,26.0,,,,,,100.0,0.0,,,,,,,,,,True,0.0,0.0,,Prime,,230.0,2.0,3.0,1.0,0.0,,0.0,0.0,0.0,59.2,Fjelstul World Cup Database via DataHub,https://datahub.io/football/worldcup
2018,David Silva,Spain,Forward,32.0,,,,,,100.0,0.0,,,,,,,,,,False,244.0,5.0,56.8,Veteran,,327.0,4.0,4.0,0.0,0.0,,0.0,0.0,0.0,77.8,Fjelstul World Cup Database via DataHub,https://datahub.io/football/worldcup
2018,David de Gea,Spain,Goalkeeper,27.0,,,,,,100.0,0.0,,,,,,,,,,True,0.0,0.0,0.0,Prime,,390.0,4.0,4.0,0.0,0.0,,1.0,0.0,0.0,89.7,Fjelstul World Cup Database via DataHub,https://datahub.io/football/worldcup
2018,Diego Costa,Spain,Forward,29.0,,,,,,100.0,0.0,,,,,,,,,,False,126.0,2.0,61.0,Prime,,320.0,4.0,4.0,0.0,3.0,,0.0,0.0,0.0,93.9,Fjelstul World Cup Database via DataHub,https://datahub.io/football/worldcup
2018,Gerard Piqué,Spain,Defender,31.0,,,,,,100.0,0.0,,,,,,,,,,False,758.0,8.0,42.2,Veteran,,390.0,4.0,4.0,0.0,0.0,,0.0,1.0,0.0,85.3,Fjelstul World Cup Database via DataHub,https://datahub.io/football/worldcup
2018,Iago Aspas,Spain,Forward,30.0,,,,,,100.0,0.0,,,,,,,,,,True,0.0,0.0,,Veteran,,69.0,0.0,3.0,3.0,1.0,,0.0,0.0,0.0,63.6,Fjelstul World Cup Database via DataHub,https://datahub.io/football/worldcup
2018,Jordi Alba,Spain,Defender,29.0,,,,,,100.0,0.0,,,,,,,,,,False,270.0,3.0,67.9,Prime,,390.0,4.0,4.0,0.0,0.0,,0.0,0.0,0.0,85.3,Fjelstul World Cup Database via DataHub,https://datahub.io/football/worldcup
2018,Kepa Arrizabalaga,Spain,Goalkeeper,23.0,,,,,,100.0,0.0,,,,,,,,,,True,0.0,0.0,,U23,,0.0,0.0,0.0,0.0,0.0,,0.0,0.0,0.0,0.0,Fjelstul World Cup Database via DataHub,https://datahub.io/football/worldcup
2018,Lucas Vázquez,Spain,Forward,26.0,,,,,,100.0,0.0,,,,,,,,,,True,0.0,0.0,,Prime,,83.0,1.0,2.0,1.0,0.0,,0.0,0.0,0.0,53.5,Fjelstul World Cup Database via DataHub,https://datahub.io/football/worldcup
2018,Marco Asensio,Spain,Midfielder,22.0,,,,,,100.0,0.0,,,,,,,,,,True,0.0,0.0,,U23,,131.0,1.0,3.0,2.0,0.0,,0.0,0.0,0.0,50.4,Fjelstul World Cup Database via DataHub,https://datahub.io/football/worldcup
2018,Nacho Monreal,Spain,Defender,32.0,,,,,,100.0,0.0,,,,,,,,,,True,0.0,0.0,,Veteran,,0.0,0.0,0.0,0.0,0.0,,0.0,0.0,0.0,0.0,Fjelstul World Cup Database via DataHub,https://datahub.io/football/worldcup
2018,Pepe Reina,Spain,Goalkeeper,35.0,,,,,,100.0,0.0,,,,,,,,,,False,90.0,1.0,80.4,Veteran,,0.0,0.0,0.0,0.0,0.0,,0.0,0.0,0.0,0.0,Fjelstul World Cup Database via DataHub,https://datahub.io/football/worldcup
2018,Sergio Busquets,Spain,Midfielder,29.0,,,,,,100.0,0.0,,,,,,,,,,False,817.0,9.0,57.9,Prime,,390.0,4.0,4.0,0.0,0.0,,0.0,1.0,0.0,83.2,Fjelstul World Cup Database via DataHub,https://datahub.io/football/worldcup
2018,Sergio Ramos,Spain,Defender,32.0,,,,,,100.0,0.0,,,,,,,,,,False,1195.0,13.0,67.9,Veteran,,390.0,4.0,4.0,0.0,0.0,,0.0,0.0,0.0,85.3,Fjelstul World Cup Database via DataHub,https://datahub.io/football/worldcup
2018,not applicable Isco,Spain,Midfielder,26.0,,,,,,100.0,0.0,,,,,,,,,,True,0.0,0.0,,Prime,,390.0,4.0,4.0,0.0,1.0,,0.0,0.0,0.0,94.6,Fjelstul World Cup Database via DataHub,https://datahub.io/football/worldcup
2018,not applicable Koke,Spain,Midfielder,26.0,,,,,,100.0,0.0,,,,,,,,,,False,134.0,2.0,50.7,Prime,,229.0,2.0,3.0,1.0,0.0,,0.0,0.0,0.0,62.3,Fjelstul World Cup Database via DataHub,https://datahub.io/football/worldcup
2018,not applicable Nacho,Spain,Defender,28.0,,,,,,100.0,0.0,,,,,,,,,,True,0.0,0.0,,Prime,,160.0,2.0,2.0,0.0,1.0,,0.0,0.0,0.0,77.8,Fjelstul World Cup Database via DataHub,https://datahub.io/football/worldcup
2018,not applicable Rodrigo,Spain,Forward,27.0,,,,,,100.0,0.0,,,,,,,,,,True,0.0,0.0,,Prime,,23.0,0.0,3.0,3.0,0.0,,0.0,0.0,0.0,32.9,Fjelstul World Cup Database via DataHub,https://datahub.io/football/worldcup
2018,not applicable Saúl,Spain,Midfielder,23.0,,,,,,100.0,0.0,,,,,,,,,,True,0.0,0.0,,U23,,0.0,0.0,0.0,0.0,0.0,,0.0,0.0,0.0,0.0,Fjelstul World Cup Database via DataHub,https://datahub.io/football/worldcup
2018,not applicable Thiago,Spain,Midfielder,27.0,,,,,,100.0,0.0,,,,,,,,,,True,0.0,0.0,,Prime,,94.0,1.0,2.0,1.0,0.0,,0.0,0.0,0.0,47.4,Fjelstul World Cup Database via DataHub,https://datahub.io/football/worldcup
2018,Álvaro Odriozola,Spain,Defender,22.0,,,,,,100.0,0.0,,,,,,,,,,True,0.0,0.0,,U23,,0.0,0.0,0.0,0.0,0.0,,0.0,0.0,0.0,0.0,Fjelstul World Cup Database via DataHub,https://datahub.io/football/worldcup
2018,Albin Ekdal,Sweden,Midfielder,28.0,,,,,,33.33333333333333,0.0,,,,,,,,,,True,0.0,0.0,,Prime,,423.0,5.0,5.0,0.0,0.0,,0.0,1.0,0.0,84.6,Fjelstul World Cup Database via DataHub,https://datahub.io/football/worldcup
2018,Andreas Granqvist,Sweden,Defender,33.0,,,,,,33.33333333333333,0.0,,,,,,,,,,True,0.0,0.0,,Veteran,,452.0,5.0,5.0,0.0,2.0,,0.0,0.0,0.0,98.1,Fjelstul World Cup Database via DataHub,https://datahub.io/football/worldcup
2018,Emil Forsberg,Sweden,Midfielder,26.0,,,,,,33.33333333333333,0.0,,,,,,,,,,True,0.0,0.0,,Prime,,417.0,5.0,5.0,0.0,1.0,,0.0,0.0,0.0,95.6,Fjelstul World Cup Database via DataHub,https://datahub.io/football/worldcup
2018,Emil Krafth,Sweden,Defender,23.0,,,,,,33.33333333333333,0.0,,,,,,,,,,True,0.0,0.0,,U23,,94.0,1.0,2.0,1.0,0.0,,0.0,0.0,0.0,46.3,Fjelstul World Cup Database via DataHub,https://datahub.io/football/worldcup
2018,Filip Helander,Sweden,Defender,25.0,,,,,,33.33333333333333,0.0,,,,,,,,,,True,0.0,0.0,,U25,,0.0,0.0,0.0,0.0,0.0,,0.0,0.0,0.0,0.0,Fjelstul World Cup Database via DataHub,https://datahub.io/football/worldcup
2018,Gustav Svensson,Sweden,Midfielder,31.0,,,,,,33.33333333333333,0.0,,,,,,,,,,True,0.0,0.0,,Veteran,,133.0,1.0,3.0,2.0,0.0,,0.0,0.0,0.0,50.5,Fjelstul World Cup Database via DataHub,https://datahub.io/football/worldcup
2018,Isaac Kiese Thelin,Sweden,Forward,25.0,,,,,,33.33333333333333,0.0,,,,,,,,,,True,0.0,0.0,,U25,,35.0,0.0,4.0,4.0,0.0,,0.0,0.0,0.0,35.3,Fjelstul World Cup Database via DataHub,https://datahub.io/football/worldcup
2018,Jimmy Durmaz,Sweden,Midfielder,29.0,,,,,,33.33333333333333,0.0,,,,,,,,,,True,0.0,0.0,,Prime,,16.0,0.0,1.0,1.0,0.0,,0.0,0.0,0.0,29.8,Fjelstul World Cup Database via DataHub,https://datahub.io/football/worldcup
2018,John Guidetti,Sweden,Forward,26.0,,,,,,33.33333333333333,0.0,,,,,,,,,,True,0.0,0.0,,Prime,,38.0,0.0,2.0,2.0,0.0,,0.0,1.0,0.0,36.0,Fjelstul World Cup Database via DataHub,https://datahub.io/football/worldcup
2018,Karl-Johan Johnsson,Sweden,Goalkeeper,28.0,,,,,,33.33333333333333,0.0,,,,,,,,,,True,0.0,0.0,,Prime,,0.0,0.0,0.0,0.0,0.0,,0.0,0.0,0.0,0.0,Fjelstul World Cup Database via DataHub,https://datahub.io/football/worldcup
2018,Kristoffer Nordfeldt,Sweden,Goalkeeper,28.0,,,,,,33.33333333333333,0.0,,,,,,,,,,True,0.0,0.0,,Prime,,0.0,0.0,0.0,0.0,0.0,,0.0,0.0,0.0,0.0,Fjelstul World Cup Database via DataHub,https://datahub.io/football/worldcup
2018,Ludwig Augustinsson,Sweden,Defender,24.0,,,,,,33.33333333333333,0.0,,,,,,,,,,True,0.0,0.0,,U25,,452.0,5.0,5.0,0.0,1.0,,0.0,0.0,0.0,97.8,Fjelstul World Cup Database via DataHub,https://datahub.io/football/worldcup
2018,Marcus Berg,Sweden,Forward,31.0,,,,,,33.33333333333333,0.0,,,,,,,,,,True,0.0,0.0,,Veteran,,430.0,5.0,5.0,0.0,0.0,,0.0,0.0,0.0,81.1,Fjelstul World Cup Database via DataHub,https://datahub.io/football/worldcup
2018,Marcus Rohdén,Sweden,Midfielder,27.0,,,,,,33.33333333333333,0.0,,,,,,,,,,True,0.0,0.0,,Prime,,0.0,0.0,0.0,0.0,0.0,,0.0,0.0,0.0,0.0,Fjelstul World Cup Database via DataHub,https://datahub.io/football/worldcup
2018,Martin Olsson,Sweden,Defender,30.0,,,,,,33.33333333333333,0.0,,,,,,,,,,True,0.0,0.0,,Veteran,,35.0,0.0,2.0,2.0,0.0,,0.0,0.0,0.0,35.0,Fjelstul World Cup Database via DataHub,https://datahub.io/football/worldcup
2018,Mikael Lustig,Sweden,Defender,31.0,,,,,,33.33333333333333,0.0,,,,,,,,,,True,0.0,0.0,,Veteran,,352.0,4.0,4.0,0.0,0.0,,0.0,2.0,0.0,79.5,Fjelstul World Cup Database via DataHub,https://datahub.io/football/worldcup
2018,Ola Toivonen,Sweden,Forward,31.0,,,,,,33.33333333333333,0.0,,,,,,,,,,True,0.0,0.0,,Veteran,,401.0,5.0,5.0,0.0,1.0,,0.0,0.0,0.0,91.9,Fjelstul World Cup Database via DataHub,https://datahub.io/football/worldcup
2018,Oscar Hiljemark,Sweden,Midfielder,25.0,,,,,,33.33333333333333,0.0,,,,,,,,,,True,0.0,0.0,,U25,,29.0,0.0,2.0,2.0,0.0,,0.0,0.0,0.0,32.4,Fjelstul World Cup Database via DataHub,https://datahub.io/football/worldcup
2018,Pontus Jansson,Sweden,Defender,27.0,,,,,,33.33333333333333,0.0,,,,,,,,,,True,0.0,0.0,,Prime,,96.0,1.0,2.0,1.0,0.0,,0.0,0.0,0.0,46.5,Fjelstul World Cup Database via DataHub,https://datahub.io/football/worldcup
2018,Robin Olsen,Sweden,Goalkeeper,28.0,,,,,,33.33333333333333,0.0,,,,,,,,,,True,0.0,0.0,,Prime,,452.0,5.0,5.0,0.0,0.0,,3.0,0.0,0.0,95.3,Fjelstul World Cup Database via DataHub,https://datahub.io/football/worldcup
2018,Sebastian Larsson,Sweden,Midfielder,33.0,,,,,,33.33333333333333,0.0,,,,,,,,,,True,0.0,0.0,,Veteran,,319.0,4.0,4.0,0.0,0.0,,0.0,3.0,0.0,78.1,Fjelstul World Cup Database via DataHub,https://datahub.io/football/worldcup
2018,Victor Lindelöf,Sweden,Defender,23.0,,,,,,33.33333333333333,0.0,,,,,,,,,,True,0.0,0.0,,U23,,362.0,4.0,4.0,0.0,0.0,,0.0,0.0,0.0,83.1,Fjelstul World Cup Database via DataHub,https://datahub.io/football/worldcup
2018,Viktor Claesson,Sweden,Midfielder,26.0,,,,,,33.33333333333333,0.0,,,,,,,,,,True,0.0,0.0,,Prime,,436.0,5.0,5.0,0.0,0.0,,0.0,1.0,0.0,84.8,Fjelstul World Cup Database via DataHub,https://datahub.io/football/worldcup
2018,Blerim Džemaili,Switzerland,Midfielder,32.0,,,,,,,0.0,,,,,,,,,,False,54.0,3.0,58.7,Veteran,,329.0,4.0,4.0,0.0,1.0,,0.0,0.0,0.0,92.7,Fjelstul World Cup Database via DataHub,https://datahub.io/football/worldcup
2018,Breel Embolo,Switzerland,Forward,21.0,,,,,,,0.0,,,,,,,,,,True,0.0,0.0,,U21,,142.0,1.0,4.0,3.0,0.0,,0.0,0.0,0.0,59.5,Fjelstul World Cup Database via DataHub,https://datahub.io/football/worldcup
2018,Denis Zakaria,Switzerland,Midfielder,21.0,,,,,,,0.0,,,,,,,,,,True,0.0,0.0,,U21,,52.0,0.0,2.0,2.0,0.0,,0.0,1.0,0.0,35.6,Fjelstul World Cup Database via DataHub,https://datahub.io/football/worldcup
2018,Fabian Schär,Switzerland,Defender,26.0,,,,,,,0.0,,,,,,,,,,False,210.0,2.0,58.5,Prime,,277.0,3.0,3.0,0.0,0.0,,0.0,2.0,0.0,76.0,Fjelstul World Cup Database via DataHub,https://datahub.io/football/worldcup
2018,François Moubandje,Switzerland,Defender,27.0,,,,,,,0.0,,,,,,,,,,True,0.0,0.0,,Prime,,0.0,0.0,0.0,0.0,0.0,,0.0,0.0,0.0,0.0,Fjelstul World Cup Database via DataHub,https://datahub.io/football/worldcup
2018,Granit Xhaka,Switzerland,Midfielder,25.0,,,,,,,0.0,,,,,,,,,,False,323.0,4.0,92.6,U25,,368.0,4.0,4.0,0.0,1.0,,0.0,1.0,0.0,94.2,Fjelstul World Cup Database via DataHub,https://datahub.io/football/worldcup
2018,Gélson Fernandes,Switzerland,Midfielder,31.0,,,,,,,0.0,,,,,,,,,,False,269.0,4.0,35.9,Veteran,,0.0,0.0,0.0,0.0,0.0,,0.0,0.0,0.0,0.0,Fjelstul World Cup Database via DataHub,https://datahub.io/football/worldcup
2018,Haris Seferovic,Switzerland,Forward,26.0,,,,,,,0.0,,,,,,,,,,False,138.0,4.0,76.4,Prime,,144.0,2.0,3.0,1.0,0.0,,0.0,0.0,0.0,62.6,Fjelstul World Cup Database via DataHub,https://datahub.io/football/worldcup
2018,Johan Djourou,Switzerland,Defender,31.0,,,,,,,0.0,,,,,,,,,,False,476.0,7.0,85.3,Veteran,,91.0,1.0,1.0,0.0,0.0,,0.0,0.0,0.0,45.7,Fjelstul World Cup Database via DataHub,https://datahub.io/football/worldcup
2018,Josip Drmić,Switzerland,Forward,25.0,,,,,,,0.0,,,,,,,,,,False,252.0,4.0,71.9,U25,,115.0,1.0,3.0,2.0,1.0,,0.0,0.0,0.0,75.2,Fjelstul World Cup Database via DataHub,https://datahub.io/football/worldcup
2018,Manuel Akanji,Switzerland,Defender,22.0,,,,,,,0.0,,,,,,,,,,True,0.0,0.0,,U23,,368.0,4.0,4.0,0.0,0.0,,0.0,0.0,0.0,84.3,Fjelstul World Cup Database via DataHub,https://datahub.io/football/worldcup
2018,Mario Gavranović,Switzerland,Forward,28.0,,,,,,,0.0,,,,,,,,,,True,0.0,0.0,0.0,Prime,,117.0,1.0,2.0,1.0,0.0,,0.0,0.0,0.0,57.8,Fjelstul World Cup Database via DataHub,https://datahub.io/football/worldcup
2018,Michael Lang,Switzerland,Defender,27.0,,,,,,,0.0,,,,,,,,,,False,13.0,1.0,33.1,Prime,,106.0,1.0,3.0,2.0,0.0,,0.0,0.0,1.0,47.3,Fjelstul World Cup Database via DataHub,https://datahub.io/football/worldcup
2018,Nico Elvedi,Switzerland,Defender,21.0,,,,,,,0.0,,,,,,,,,,True,0.0,0.0,,U21,,0.0,0.0,0.0,0.0,0.0,,0.0,0.0,0.0,0.0,Fjelstul World Cup Database via DataHub,https://datahub.io/football/worldcup
2018,Remo Freuler,Switzerland,Midfielder,26.0,,,,,,,0.0,,,,,,,,,,True,0.0,0.0,,Prime,,0.0,0.0,0.0,0.0,0.0,,0.0,0.0,0.0,0.0,Fjelstul World Cup Database via DataHub,https://datahub.io/football/worldcup
2018,Ricardo Rodríguez,Switzerland,Defender,25.0,,,,,,,0.0,,,,,,,,,,False,390.0,4.0,85.3,U25,,368.0,4.0,4.0,0.0,0.0,,0.0,0.0,0.0,84.3,Fjelstul World Cup Database via DataHub,https://datahub.io/football/worldcup
2018,Roman Bürki,Switzerland,Goalkeeper,27.0,,,,,,,0.0,,,,,,,,,,True,0.0,0.0,0.0,Prime,,0.0,0.0,0.0,0.0,0.0,,0.0,0.0,0.0,0.0,Fjelstul World Cup Database via DataHub,https://datahub.io/football/worldcup
2018,Stephan Lichtsteiner,Switzerland,Defender,34.0,,,,,,,0.0,,,,,,,,,,False,662.0,7.0,85.3,Veteran,,274.0,3.0,3.0,0.0,0.0,,0.0,2.0,0.0,75.4,Fjelstul World Cup Database via DataHub,https://datahub.io/football/worldcup
2018,Steven Zuber,Switzerland,Midfielder,26.0,,,,,,,0.0,,,,,,,,,,True,0.0,0.0,,Prime,,257.0,3.0,3.0,0.0,1.0,,0.0,0.0,0.0,88.2,Fjelstul World Cup Database via DataHub,https://datahub.io/football/worldcup
2018,Valon Behrami,Switzerland,Midfielder,33.0,,,,,,,0.0,,,,,,,,,,False,438.0,6.0,79.4,Veteran,,316.0,4.0,4.0,0.0,0.0,,0.0,2.0,0.0,77.9,Fjelstul World Cup Database via DataHub,https://datahub.io/football/worldcup
2018,Xherdan Shaqiri,Switzerland,Midfielder,26.0,,,,,,,0.0,,,,,,,,,,False,399.0,5.0,96.3,Prime,,356.0,4.0,4.0,0.0,1.0,,0.0,1.0,0.0,93.4,Fjelstul World Cup Database via DataHub,https://datahub.io/football/worldcup
2018,Yann Sommer,Switzerland,Goalkeeper,29.0,,,,,,,0.0,,,,,,,,,,True,0.0,0.0,0.0,Prime,,368.0,4.0,4.0,0.0,0.0,,0.0,0.0,0.0,81.1,Fjelstul World Cup Database via DataHub,https://datahub.io/football/worldcup
2018,Yvon Mvogo,Switzerland,Goalkeeper,24.0,,,,,,,0.0,,,,,,,,,,True,0.0,0.0,,U25,,0.0,0.0,0.0,0.0,0.0,,0.0,0.0,0.0,0.0,Fjelstul World Cup Database via DataHub,https://datahub.io/football/worldcup
2018,Ahmed Khalil,Tunisia,Forward,23.0,,,,,,,16.7,,,,,,,,,,True,0.0,0.0,,U23,,13.0,0.0,1.0,1.0,0.0,,0.0,0.0,0.0,30.9,Fjelstul World Cup Database via DataHub,https://datahub.io/football/worldcup
2018,Ali Maâloul,Tunisia,Defender,28.0,,,,,,,16.7,,,,,,,,,,True,0.0,0.0,,Prime,,183.0,2.0,2.0,0.0,0.0,,0.0,0.0,0.0,57.1,Fjelstul World Cup Database via DataHub,https://datahub.io/football/worldcup
2018,Anice Badri,Tunisia,Midfielder,27.0,,,,,,,16.7,,,,,,,,,,True,0.0,0.0,,Prime,,227.0,2.0,3.0,1.0,0.0,,0.0,1.0,0.0,62.2,Fjelstul World Cup Database via DataHub,https://datahub.io/football/worldcup
2018,Aymen Mathlouthi,Tunisia,Goalkeeper,33.0,,,,,,,16.7,,,,,,,,,,True,0.0,0.0,,Veteran,,90.0,1.0,1.0,0.0,0.0,,0.0,0.0,0.0,68.3,Fjelstul World Cup Database via DataHub,https://datahub.io/football/worldcup
2018,Bassem Srarfi,Tunisia,Forward,20.0,,,,,,,16.7,,,,,,,,,,True,0.0,0.0,,U21,,1.0,0.0,1.0,1.0,0.0,,0.0,0.0,0.0,28.2,Fjelstul World Cup Database via DataHub,https://datahub.io/football/worldcup
2018,Dylan Bronn,Tunisia,Defender,22.0,,,,,,,16.7,,,,,,,,,,True,0.0,0.0,,U23,,117.0,2.0,2.0,0.0,1.0,,0.0,0.0,0.0,77.7,Fjelstul World Cup Database via DataHub,https://datahub.io/football/worldcup
2018,Ellyes Skhiri,Tunisia,Midfielder,23.0,,,,,,,16.7,,,,,,,,,,True,0.0,0.0,,U23,,273.0,3.0,3.0,0.0,0.0,,0.0,0.0,0.0,75.1,Fjelstul World Cup Database via DataHub,https://datahub.io/football/worldcup
2018,Fakhreddine Ben Youssef,Tunisia,Forward,26.0,,,,,,,16.7,,,,,,,,,,True,0.0,0.0,,Prime,,273.0,3.0,3.0,0.0,1.0,,0.0,0.0,0.0,87.2,Fjelstul World Cup Database via DataHub,https://datahub.io/football/worldcup
2018,Farouk Ben Mustapha,Tunisia,Goalkeeper,28.0,,,,,,,16.7,,,,,,,,,,True,0.0,0.0,,Prime,,167.0,1.0,2.0,1.0,0.0,,0.0,0.0,0.0,70.9,Fjelstul World Cup Database via DataHub,https://datahub.io/football/worldcup
2018,Ferjani Sassi,Tunisia,Midfielder,26.0,,,,,,,16.7,,,,,,,,,,True,0.0,0.0,,Prime,,198.0,3.0,3.0,0.0,1.0,,0.0,2.0,0.0,84.2,Fjelstul World Cup Database via DataHub,https://datahub.io/football/worldcup
2018,Ghailene Chaalali,Tunisia,Forward,24.0,,,,,,,16.7,,,,,,,,,,True,0.0,0.0,,U25,,90.0,1.0,1.0,0.0,0.0,,0.0,1.0,0.0,55.2,Fjelstul World Cup Database via DataHub,https://datahub.io/football/worldcup
2018,Hamdi Nagguez,Tunisia,Defender,25.0,,,,,,,16.7,,,,,,,,,,True,0.0,0.0,,U25,,156.0,1.0,2.0,1.0,0.0,,0.0,0.0,0.0,49.6,Fjelstul World Cup Database via DataHub,https://datahub.io/football/worldcup
2018,Mohamed Amine Ben Amor,Tunisia,Midfielder,26.0,,,,,,,16.7,,,,,,,,,,True,0.0,0.0,,Prime,,19.0,0.0,1.0,1.0,0.0,,0.0,0.0,0.0,30.3,Fjelstul World Cup Database via DataHub,https://datahub.io/football/worldcup
2018,Mouez Hassen,Tunisia,Goalkeeper,23.0,,,,,,,16.7,,,,,,,,,,True,0.0,0.0,,U23,,16.0,1.0,1.0,0.0,0.0,,0.0,0.0,0.0,66.4,Fjelstul World Cup Database via DataHub,https://datahub.io/football/worldcup
2018,Naïm Sliti,Tunisia,Forward,25.0,,,,,,,16.7,,,,,,,,,,True,0.0,0.0,,U25,,182.0,2.0,3.0,1.0,0.0,,0.0,0.0,0.0,65.9,Fjelstul World Cup Database via DataHub,https://datahub.io/football/worldcup
2018,Oussama Haddadi,Tunisia,Defender,26.0,,,,,,,16.7,,,,,,,,,,True,0.0,0.0,,Prime,,90.0,1.0,1.0,0.0,0.0,,0.0,0.0,0.0,42.2,Fjelstul World Cup Database via DataHub,https://datahub.io/football/worldcup
2018,Rami Bedoui,Tunisia,Defender,28.0,,,,,,,16.7,,,,,,,,,,True,0.0,0.0,,Prime,,90.0,1.0,1.0,0.0,0.0,,0.0,0.0,0.0,42.2,Fjelstul World Cup Database via DataHub,https://datahub.io/football/worldcup
2018,Saber Khalifa,Tunisia,Forward,31.0,,,,,,,16.7,,,,,,,,,,True,0.0,0.0,,Veteran,,8.0,0.0,1.0,1.0,0.0,,0.0,0.0,0.0,29.6,Fjelstul World Cup Database via DataHub,https://datahub.io/football/worldcup
2018,Saîf-Eddine Khaoui,Tunisia,Forward,23.0,,,,,,,16.7,,,,,,,,,,True,0.0,0.0,,U23,,90.0,1.0,1.0,0.0,0.0,,0.0,0.0,0.0,55.2,Fjelstul World Cup Database via DataHub,https://datahub.io/football/worldcup
2018,Syam Ben Youssef,Tunisia,Defender,29.0,,,,,,,16.7,,,,,,,,,,True,0.0,0.0,,Prime,,134.0,2.0,2.0,0.0,0.0,,0.0,0.0,0.0,50.3,Fjelstul World Cup Database via DataHub,https://datahub.io/football/worldcup
2018,Wahbi Khazri,Tunisia,Forward,27.0,,,,,,,16.7,,,,,,,,,,True,0.0,0.0,,Prime,,264.0,3.0,3.0,0.0,2.0,,0.0,0.0,0.0,88.6,Fjelstul World Cup Database via DataHub,https://datahub.io/football/worldcup
2018,Yassine Meriah,Tunisia,Defender,24.0,,,,,,,16.7,,,,,,,,,,True,0.0,0.0,,U25,,273.0,3.0,3.0,0.0,0.0,,0.0,0.0,0.0,74.9,Fjelstul World Cup Database via DataHub,https://datahub.io/football/worldcup
2018,Yohan Benalouane,Tunisia,Defender,31.0,,,,,,,16.7,,,,,,,,,,True,0.0,0.0,,Veteran,,49.0,0.0,1.0,1.0,0.0,,0.0,0.0,0.0,36.0,Fjelstul World Cup Database via DataHub,https://datahub.io/football/worldcup
2018,Carlos Sánchez,Uruguay,Midfielder,33.0,,,,,,0.0,,,,,,,,,,,True,0.0,0.0,,Veteran,,123.0,1.0,3.0,2.0,0.0,,0.0,0.0,0.0,50.1,Fjelstul World Cup Database via DataHub,https://datahub.io/football/worldcup
2018,Cristhian Stuani,Uruguay,Forward,31.0,,,,,,0.0,,,,,,,,,,,False,177.0,4.0,62.1,Veteran,,75.0,1.0,2.0,1.0,0.0,,0.0,0.0,0.0,52.0,Fjelstul World Cup Database via DataHub,https://datahub.io/football/worldcup
2018,Cristian Rodríguez,Uruguay,Midfielder,32.0,,,,,,0.0,,,,,,,,,,,False,334.0,4.0,78.7,Veteran,,171.0,1.0,5.0,4.0,0.0,,0.0,1.0,0.0,53.2,Fjelstul World Cup Database via DataHub,https://datahub.io/football/worldcup
2018,Diego Godín,Uruguay,Defender,32.0,,,,,,0.0,,,,,,,,,,,False,767.0,9.0,96.4,Veteran,,456.0,5.0,5.0,0.0,0.0,,0.0,0.0,0.0,89.1,Fjelstul World Cup Database via DataHub,https://datahub.io/football/worldcup
2018,Diego Laxalt,Uruguay,Midfielder,25.0,,,,,,0.0,,,,,,,,,,,True,0.0,0.0,,U25,,307.0,3.0,4.0,1.0,0.0,,0.0,0.0,0.0,76.7,Fjelstul World Cup Database via DataHub,https://datahub.io/football/worldcup
2018,Edinson Cavani,Uruguay,Forward,31.0,,,,,,0.0,,,,,,,,,,,False,883.0,10.0,90.6,Veteran,,347.0,4.0,4.0,0.0,3.0,,0.0,0.0,0.0,94.5,Fjelstul World Cup Database via DataHub,https://datahub.io/football/worldcup
2018,Fernando Muslera,Uruguay,Goalkeeper,31.0,,,,,,0.0,,,,,,,,,,,False,1021.0,11.0,88.1,Veteran,,456.0,5.0,5.0,0.0,0.0,,3.0,0.0,0.0,95.6,Fjelstul World Cup Database via DataHub,https://datahub.io/football/worldcup
2018,Gastón Silva,Uruguay,Defender,24.0,,,,,,0.0,,,,,,,,,,,True,0.0,0.0,,U25,,0.0,0.0,0.0,0.0,0.0,,0.0,0.0,0.0,0.0,Fjelstul World Cup Database via DataHub,https://datahub.io/football/worldcup
2018,Giorgian De Arrascaeta,Uruguay,Forward,24.0,,,,,,0.0,,,,,,,,,,,True,0.0,0.0,,U25,,89.0,1.0,2.0,1.0,0.0,,0.0,0.0,0.0,54.3,Fjelstul World Cup Database via DataHub,https://datahub.io/football/worldcup
2018,Guillermo Varela,Uruguay,Defender,25.0,,,,,,0.0,,,,,,,,,,,True,0.0,0.0,,U25,,180.0,2.0,2.0,0.0,0.0,,0.0,0.0,0.0,54.5,Fjelstul World Cup Database via DataHub,https://datahub.io/football/worldcup
2018,Jonathan Urretaviscaya,Uruguay,Forward,28.0,,,,,,0.0,,,,,,,,,,,True,0.0,0.0,,Prime,,20.0,0.0,1.0,1.0,0.0,,0.0,0.0,0.0,32.3,Fjelstul World Cup Database via DataHub,https://datahub.io/football/worldcup
2018,José Giménez,Uruguay,Defender,23.0,,,,,,0.0,,,,,,,,,,,False,270.0,3.0,67.9,U23,,363.0,4.0,4.0,0.0,1.0,,0.0,0.0,0.0,96.7,Fjelstul World Cup Database via DataHub,https://datahub.io/football/worldcup
2018,Lucas Torreira,Uruguay,Midfielder,22.0,,,,,,0.0,,,,,,,,,,,True,0.0,0.0,,U23,,310.0,3.0,5.0,2.0,0.0,,0.0,0.0,0.0,76.8,Fjelstul World Cup Database via DataHub,https://datahub.io/football/worldcup
2018,Luis Suárez,Uruguay,Forward,31.0,,,,,,0.0,,,,,,,,,,,False,722.0,8.0,83.0,Veteran,,456.0,5.0,5.0,0.0,2.0,,0.0,0.0,0.0,95.9,Fjelstul World Cup Database via DataHub,https://datahub.io/football/worldcup
2018,Martín Campaña,Uruguay,Goalkeeper,29.0,,,,,,0.0,,,,,,,,,,,True,0.0,0.0,,Prime,,0.0,0.0,0.0,0.0,0.0,,0.0,0.0,0.0,0.0,Fjelstul World Cup Database via DataHub,https://datahub.io/football/worldcup
2018,Martín Cáceres,Uruguay,Defender,31.0,,,,,,0.0,,,,,,,,,,,False,541.0,6.0,81.0,Veteran,,456.0,5.0,5.0,0.0,0.0,,0.0,0.0,0.0,89.1,Fjelstul World Cup Database via DataHub,https://datahub.io/football/worldcup
2018,Martín Silva,Uruguay,Goalkeeper,35.0,,,,,,0.0,,,,,,,,,,,True,0.0,0.0,0.0,Veteran,,0.0,0.0,0.0,0.0,0.0,,0.0,0.0,0.0,0.0,Fjelstul World Cup Database via DataHub,https://datahub.io/football/worldcup
2018,Matías Vecino,Uruguay,Midfielder,26.0,,,,,,0.0,,,,,,,,,,,True,0.0,0.0,,Prime,,422.0,5.0,5.0,0.0,0.0,,0.0,0.0,0.0,84.6,Fjelstul World Cup Database via DataHub,https://datahub.io/football/worldcup
2018,Maxi Gómez,Uruguay,Forward,21.0,,,,,,0.0,,,,,,,,,,,True,0.0,0.0,,U21,,34.0,0.0,2.0,2.0,0.0,,0.0,0.0,0.0,35.0,Fjelstul World Cup Database via DataHub,https://datahub.io/football/worldcup
2018,Maxi Pereira,Uruguay,Defender,34.0,,,,,,0.0,,,,,,,,,,,False,885.0,10.0,59.0,Veteran,,0.0,0.0,0.0,0.0,0.0,,0.0,0.0,0.0,0.0,Fjelstul World Cup Database via DataHub,https://datahub.io/football/worldcup
2018,Nahitan Nández,Uruguay,Midfielder,22.0,,,,,,0.0,,,,,,,,,,,True,0.0,0.0,,U23,,293.0,4.0,5.0,1.0,0.0,,0.0,0.0,0.0,77.5,Fjelstul World Cup Database via DataHub,https://datahub.io/football/worldcup
2018,Rodrigo Bentancur,Uruguay,Midfielder,20.0,,,,,,0.0,,,,,,,,,,,True,0.0,0.0,,U21,,365.0,5.0,5.0,0.0,0.0,,0.0,2.0,0.0,83.8,Fjelstul World Cup Database via DataHub,https://datahub.io/football/worldcup
2018,Sebastián Coates,Uruguay,Defender,27.0,,,,,,0.0,,,,,,,,,,,False,2.0,1.0,31.9,Prime,,93.0,1.0,1.0,0.0,0.0,,0.0,0.0,0.0,46.1,Fjelstul World Cup Database via DataHub,https://datahub.io/football/worldcup
2022,Alexis Mac Allister,Argentina,Midfielder,23.0,,,,,,66.66666666666666,33.3,,,,,,,,,,True,0.0,0.0,,U23,,554.0,6.0,6.0,0.0,1.0,,0.0,0.0,0.0,97.5,Fjelstul World Cup Database via DataHub,https://datahub.io/football/worldcup
2022,Cristian Romero,Argentina,Defender,24.0,,,,,,66.66666666666666,33.3,,,,,,,,,,True,0.0,0.0,,U25,,549.0,6.0,7.0,1.0,0.0,,0.0,2.0,0.0,92.4,Fjelstul World Cup Database via DataHub,https://datahub.io/football/worldcup
2022,Emiliano Martínez,Argentina,Goalkeeper,30.0,,,,,,66.66666666666666,33.3,,,,,,,,,,True,0.0,0.0,,Veteran,,700.0,7.0,7.0,0.0,0.0,,3.0,1.0,0.0,99.3,Fjelstul World Cup Database via DataHub,https://datahub.io/football/worldcup
2022,Enzo Fernández,Argentina,Midfielder,21.0,,,,,,66.66666666666666,33.3,,,,,,,,,,True,0.0,0.0,,U21,,573.0,5.0,7.0,2.0,1.0,,0.0,1.0,0.0,97.1,Fjelstul World Cup Database via DataHub,https://datahub.io/football/worldcup
2022,Exequiel Palacios,Argentina,Midfielder,24.0,,,,,,66.66666666666666,33.3,,,,,,,,,,True,0.0,0.0,,U25,,47.0,0.0,3.0,3.0,0.0,,0.0,0.0,0.0,35.2,Fjelstul World Cup Database via DataHub,https://datahub.io/football/worldcup
2022,Franco Armani,Argentina,Goalkeeper,36.0,,,,,,66.66666666666666,33.3,,,,,,,,,,False,182.0,2.0,73.3,Veteran,,0.0,0.0,0.0,0.0,0.0,,0.0,0.0,0.0,0.0,Fjelstul World Cup Database via DataHub,https://datahub.io/football/worldcup
2022,Germán Pezzella,Argentina,Defender,31.0,,,,,,66.66666666666666,33.3,,,,,,,,,,True,0.0,0.0,,Veteran,,58.0,0.0,3.0,3.0,0.0,,0.0,1.0,0.0,36.3,Fjelstul World Cup Database via DataHub,https://datahub.io/football/worldcup
2022,Gerónimo Rulli,Argentina,Goalkeeper,30.0,,,,,,66.66666666666666,33.3,,,,,,,,,,True,0.0,0.0,,Veteran,,0.0,0.0,0.0,0.0,0.0,,0.0,0.0,0.0,0.0,Fjelstul World Cup Database via DataHub,https://datahub.io/football/worldcup
2022,Gonzalo Montiel,Argentina,Defender,25.0,,,,,,66.66666666666666,33.3,,,,,,,,,,True,0.0,0.0,,U25,,117.0,1.0,4.0,3.0,0.0,,0.0,3.0,0.0,47.8,Fjelstul World Cup Database via DataHub,https://datahub.io/football/worldcup
2022,Guido Rodríguez,Argentina,Midfielder,28.0,,,,,,66.66666666666666,33.3,,,,,,,,,,True,0.0,0.0,,Prime,,57.0,1.0,1.0,0.0,0.0,,0.0,0.0,0.0,41.0,Fjelstul World Cup Database via DataHub,https://datahub.io/football/worldcup
2022,Juan Foyth,Argentina,Defender,24.0,,,,,,66.66666666666666,33.3,,,,,,,,,,True,0.0,0.0,,U25,,4.0,0.0,1.0,1.0,0.0,,0.0,0.0,0.0,32.1,Fjelstul World Cup Database via DataHub,https://datahub.io/football/worldcup
2022,Julián Álvarez,Argentina,Forward,22.0,,,,,,66.66666666666666,33.3,,,,,,,,,,True,0.0,0.0,,U23,,475.0,5.0,7.0,2.0,4.0,,0.0,0.0,0.0,97.7,Fjelstul World Cup Database via DataHub,https://datahub.io/football/worldcup
2022,Lautaro Martínez,Argentina,Forward,25.0,,,,,,66.66666666666666,33.3,,,,,,,,,,True,0.0,0.0,,U25,,249.0,2.0,6.0,4.0,0.0,,0.0,0.0,0.0,69.3,Fjelstul World Cup Database via DataHub,https://datahub.io/football/worldcup
2022,Leandro Paredes,Argentina,Midfielder,28.0,,,,,,66.66666666666666,33.3,,,,,,,,,,True,0.0,0.0,,Prime,,224.0,2.0,5.0,3.0,0.0,,0.0,2.0,0.0,62.1,Fjelstul World Cup Database via DataHub,https://datahub.io/football/worldcup
2022,Lionel Messi,Argentina,Forward,35.0,,,,,,66.66666666666666,33.3,,,,,,,,,,False,1633.0,19.0,91.2,Veteran,,700.0,7.0,7.0,0.0,7.0,,0.0,1.0,0.0,100.0,Fjelstul World Cup Database via DataHub,https://datahub.io/football/worldcup
2022,Lisandro Martínez,Argentina,Defender,24.0,,,,,,66.66666666666666,33.3,,,,,,,,,,True,0.0,0.0,,U25,,310.0,2.0,5.0,3.0,0.0,,0.0,1.0,0.0,72.8,Fjelstul World Cup Database via DataHub,https://datahub.io/football/worldcup
2022,Marcos Acuña,Argentina,Midfielder,31.0,,,,,,66.66666666666666,33.3,,,,,,,,,,False,93.0,1.0,46.1,Veteran,,383.0,4.0,6.0,2.0,0.0,,0.0,3.0,0.0,82.6,Fjelstul World Cup Database via DataHub,https://datahub.io/football/worldcup
2022,Nahuel Molina,Argentina,Defender,24.0,,,,,,66.66666666666666,33.3,,,,,,,,,,True,0.0,0.0,,U25,,579.0,6.0,7.0,1.0,1.0,,0.0,0.0,0.0,98.9,Fjelstul World Cup Database via DataHub,https://datahub.io/football/worldcup
2022,Nicolás Otamendi,Argentina,Defender,34.0,,,,,,66.66666666666666,33.3,,,,,,,,,,False,615.0,7.0,83.9,Veteran,,700.0,7.0,7.0,0.0,0.0,,0.0,2.0,0.0,95.6,Fjelstul World Cup Database via DataHub,https://datahub.io/football/worldcup
2022,Nicolás Tagliafico,Argentina,Defender,30.0,,,,,,66.66666666666666,33.3,,,,,,,,,,False,353.0,4.0,79.5,Veteran,,374.0,3.0,6.0,3.0,0.0,,0.0,0.0,0.0,78.7,Fjelstul World Cup Database via DataHub,https://datahub.io/football/worldcup
2022,Papu Gómez,Argentina,Midfielder,34.0,,,,,,66.66666666666666,33.3,,,,,,,,,,True,0.0,0.0,,Veteran,,109.0,2.0,2.0,0.0,0.0,,0.0,0.0,0.0,51.9,Fjelstul World Cup Database via DataHub,https://datahub.io/football/worldcup
2022,Paulo Dybala,Argentina,Forward,29.0,,,,,,66.66666666666666,33.3,,,,,,,,,,False,25.0,1.0,33.3,Prime,,16.0,0.0,2.0,2.0,0.0,,0.0,0.0,0.0,31.4,Fjelstul World Cup Database via DataHub,https://datahub.io/football/worldcup
2022,Rodrigo De Paul,Argentina,Midfielder,28.0,,,,,,66.66666666666666,33.3,,,,,,,,,,True,0.0,0.0,,Prime,,612.0,7.0,7.0,0.0,0.0,,0.0,0.0,0.0,88.8,Fjelstul World Cup Database via DataHub,https://datahub.io/football/worldcup
2022,Thiago Almada,Argentina,Midfielder,21.0,,,,,,66.66666666666666,33.3,,,,,,,,,,True,0.0,0.0,,U21,,7.0,0.0,1.0,1.0,0.0,,0.0,0.0,0.0,27.3,Fjelstul World Cup Database via DataHub,https://datahub.io/football/worldcup
2022,Ángel Correa,Argentina,Forward,27.0,,,,,,66.66666666666666,33.3,,,,,,,,,,True,0.0,0.0,,Prime,,4.0,0.0,1.0,1.0,0.0,,0.0,0.0,0.0,28.7,Fjelstul World Cup Database via DataHub,https://datahub.io/football/worldcup
2022,Ángel Di María,Argentina,Forward,34.0,,,,,,66.66666666666666,33.3,,,,,,,,,,False,1020.0,13.0,86.8,Veteran,,299.0,4.0,5.0,1.0,1.0,,0.0,0.0,0.0,88.7,Fjelstul World Cup Database via DataHub,https://datahub.io/football/worldcup
2022,Aaron Mooy,Australia,Midfielder,32.0,,,,,,,100.0,,,,,,,,,,False,270.0,3.0,71.4,Veteran,,360.0,4.0,4.0,0.0,0.0,,0.0,1.0,0.0,80.8,Fjelstul World Cup Database via DataHub,https://datahub.io/football/worldcup
2022,Ajdin Hrustic,Australia,Midfielder,26.0,,,,,,,100.0,,,,,,,,,,True,0.0,0.0,,Prime,,59.0,0.0,3.0,3.0,0.0,,0.0,0.0,0.0,36.3,Fjelstul World Cup Database via DataHub,https://datahub.io/football/worldcup
2022,Andrew Redmayne,Australia,Goalkeeper,33.0,,,,,,,100.0,,,,,,,,,,True,0.0,0.0,,Veteran,,0.0,0.0,0.0,0.0,0.0,,0.0,0.0,0.0,0.0,Fjelstul World Cup Database via DataHub,https://datahub.io/football/worldcup
2022,Awer Mabil,Australia,Forward,27.0,,,,,,,100.0,,,,,,,,,,True,0.0,0.0,,Prime,,22.0,0.0,2.0,2.0,0.0,,0.0,0.0,0.0,32.7,Fjelstul World Cup Database via DataHub,https://datahub.io/football/worldcup
2022,Aziz Behich,Australia,Defender,31.0,,,,,,,100.0,,,,,,,,,,False,270.0,3.0,67.9,Veteran,,360.0,4.0,4.0,0.0,0.0,,0.0,1.0,0.0,81.0,Fjelstul World Cup Database via DataHub,https://datahub.io/football/worldcup
2022,Bailey Wright,Australia,Defender,30.0,,,,,,,100.0,,,,,,,,,,True,0.0,0.0,0.0,Veteran,,16.0,0.0,1.0,1.0,0.0,,0.0,0.0,0.0,33.7,Fjelstul World Cup Database via DataHub,https://datahub.io/football/worldcup
2022,Cameron Devlin,Australia,Midfielder,24.0,,,,,,,100.0,,,,,,,,,,True,0.0,0.0,,U25,,0.0,0.0,0.0,0.0,0.0,,0.0,0.0,0.0,0.0,Fjelstul World Cup Database via DataHub,https://datahub.io/football/worldcup
2022,Craig Goodwin,Australia,Forward,30.0,,,,,,,100.0,,,,,,,,,,True,0.0,0.0,,Veteran,,236.0,3.0,4.0,1.0,1.0,,0.0,0.0,0.0,83.9,Fjelstul World Cup Database via DataHub,https://datahub.io/football/worldcup
2022,Danny Vukovic,Australia,Goalkeeper,37.0,,,,,,,100.0,,,,,,,,,,True,0.0,0.0,0.0,Veteran,,0.0,0.0,0.0,0.0,0.0,,0.0,0.0,0.0,0.0,Fjelstul World Cup Database via DataHub,https://datahub.io/football/worldcup
2022,Fran Karačić,Australia,Defender,26.0,,,,,,,100.0,,,,,,,,,,True,0.0,0.0,,Prime,,94.0,1.0,2.0,1.0,0.0,,0.0,0.0,0.0,46.3,Fjelstul World Cup Database via DataHub,https://datahub.io/football/worldcup
2022,Garang Kuol,Australia,Forward,18.0,,,,,,,100.0,,,,,,,,,,True,0.0,0.0,,U21,,36.0,0.0,2.0,2.0,0.0,,0.0,0.0,0.0,35.5,Fjelstul World Cup Database via DataHub,https://datahub.io/football/worldcup
2022,Harry Souttar,Australia,Defender,24.0,,,,,,,100.0,,,,,,,,,,True,0.0,0.0,,U25,,360.0,4.0,4.0,0.0,0.0,,0.0,0.0,0.0,81.0,Fjelstul World Cup Database via DataHub,https://datahub.io/football/worldcup
2022,Jackson Irvine,Australia,Midfielder,29.0,,,,,,,100.0,,,,,,,,,,False,44.0,3.0,34.7,Prime,,355.0,4.0,4.0,0.0,0.0,,0.0,2.0,0.0,79.9,Fjelstul World Cup Database via DataHub,https://datahub.io/football/worldcup
2022,Jamie Maclaren,Australia,Forward,29.0,,,,,,,100.0,,,,,,,,,,True,0.0,0.0,0.0,Prime,,53.0,0.0,3.0,3.0,0.0,,0.0,0.0,0.0,38.2,Fjelstul World Cup Database via DataHub,https://datahub.io/football/worldcup
2022,Jason Cummings,Australia,Forward,27.0,,,,,,,100.0,,,,,,,,,,True,0.0,0.0,,Prime,,34.0,0.0,1.0,1.0,0.0,,0.0,0.0,0.0,35.0,Fjelstul World Cup Database via DataHub,https://datahub.io/football/worldcup
2022,Joel King,Australia,Defender,22.0,,,,,,,100.0,,,,,,,,,,True,0.0,0.0,,U23,,0.0,0.0,0.0,0.0,0.0,,0.0,0.0,0.0,0.0,Fjelstul World Cup Database via DataHub,https://datahub.io/football/worldcup
2022,Keanu Baccus,Australia,Midfielder,24.0,,,,,,,100.0,,,,,,,,,,True,0.0,0.0,,U25,,112.0,1.0,4.0,3.0,0.0,,0.0,0.0,0.0,49.3,Fjelstul World Cup Database via DataHub,https://datahub.io/football/worldcup
2022,Kye Rowles,Australia,Defender,24.0,,,,,,,100.0,,,,,,,,,,True,0.0,0.0,,U25,,360.0,4.0,4.0,0.0,0.0,,0.0,0.0,0.0,81.0,Fjelstul World Cup Database via DataHub,https://datahub.io/football/worldcup
2022,Marco Tilio,Australia,Forward,21.0,,,,,,,100.0,,,,,,,,,,True,0.0,0.0,,U21,,0.0,0.0,0.0,0.0,0.0,,0.0,0.0,0.0,0.0,Fjelstul World Cup Database via DataHub,https://datahub.io/football/worldcup
2022,Mathew Leckie,Australia,Forward,31.0,,,,,,,100.0,,,,,,,,,,False,540.0,6.0,74.1,Veteran,,335.0,4.0,4.0,0.0,1.0,,0.0,0.0,0.0,89.4,Fjelstul World Cup Database via DataHub,https://datahub.io/football/worldcup
2022,Mathew Ryan,Australia,Goalkeeper,30.0,,,,,,,100.0,,,,,,,,,,False,540.0,6.0,76.1,Veteran,,360.0,4.0,4.0,0.0,0.0,,2.0,0.0,0.0,90.6,Fjelstul World Cup Database via DataHub,https://datahub.io/football/worldcup
2022,Miloš Degenek,Australia,Defender,28.0,,,,,,,100.0,,,,,,,,,,True,0.0,0.0,0.0,Prime,,181.0,2.0,4.0,2.0,0.0,,0.0,2.0,0.0,56.6,Fjelstul World Cup Database via DataHub,https://datahub.io/football/worldcup
2022,Mitchell Duke,Australia,Forward,31.0,,,,,,,100.0,,,,,,,,,,True,0.0,0.0,,Veteran,,273.0,4.0,4.0,0.0,1.0,,0.0,1.0,0.0,88.4,Fjelstul World Cup Database via DataHub,https://datahub.io/football/worldcup
2022,Nathaniel Atkinson,Australia,Defender,23.0,,,,,,,100.0,,,,,,,,,,True,0.0,0.0,,U23,,85.0,1.0,1.0,0.0,0.0,,0.0,0.0,0.0,39.3,Fjelstul World Cup Database via DataHub,https://datahub.io/football/worldcup
2022,Riley McGree,Australia,Midfielder,24.0,,,,,,,100.0,,,,,,,,,,True,0.0,0.0,,U25,,269.0,4.0,4.0,0.0,0.0,,0.0,0.0,0.0,74.1,Fjelstul World Cup Database via DataHub,https://datahub.io/football/worldcup
2022,Thomas Deng,Australia,Defender,25.0,,,,,,,100.0,,,,,,,,,,True,0.0,0.0,,U25,,0.0,0.0,0.0,0.0,0.0,,0.0,0.0,0.0,0.0,Fjelstul World Cup Database via DataHub,https://datahub.io/football/worldcup
2022,Amadou Onana,Belgium,Midfielder,21.0,,,,,,33.33333333333333,33.3,,,,,,,,,,True,0.0,0.0,,U21,,104.0,1.0,2.0,1.0,0.0,,0.0,2.0,0.0,48.4,Fjelstul World Cup Database via DataHub,https://datahub.io/football/worldcup
2022,Arthur Theate,Belgium,Defender,22.0,,,,,,33.33333333333333,33.3,,,,,,,,,,True,0.0,0.0,,U23,,0.0,0.0,0.0,0.0,0.0,,0.0,0.0,0.0,0.0,Fjelstul World Cup Database via DataHub,https://datahub.io/football/worldcup
2022,Axel Witsel,Belgium,Midfielder,33.0,,,,,,33.33333333333333,33.3,,,,,,,,,,False,931.0,10.0,87.8,Veteran,,272.0,3.0,3.0,0.0,0.0,,0.0,0.0,0.0,74.7,Fjelstul World Cup Database via DataHub,https://datahub.io/football/worldcup
2022,Charles De Ketelaere,Belgium,Forward,21.0,,,,,,33.33333333333333,33.3,,,,,,,,,,True,0.0,0.0,,U21,,15.0,0.0,1.0,1.0,0.0,,0.0,0.0,0.0,31.2,Fjelstul World Cup Database via DataHub,https://datahub.io/football/worldcup
2022,Dries Mertens,Belgium,Forward,35.0,,,,,,33.33333333333333,33.3,,,,,,,,,,False,568.0,11.0,87.7,Veteran,,76.0,1.0,2.0,1.0,0.0,,0.0,0.0,0.0,52.2,Fjelstul World Cup Database via DataHub,https://datahub.io/football/worldcup
2022,Eden Hazard,Belgium,Forward,31.0,,,,,,33.33333333333333,33.3,,,,,,,,,,False,887.0,11.0,97.7,Veteran,,127.0,2.0,3.0,1.0,0.0,,0.0,0.0,0.0,61.1,Fjelstul World Cup Database via DataHub,https://datahub.io/football/worldcup
2022,Hans Vanaken,Belgium,Midfielder,30.0,,,,,,33.33333333333333,33.3,,,,,,,,,,True,0.0,0.0,,Veteran,,0.0,0.0,0.0,0.0,0.0,,0.0,0.0,0.0,0.0,Fjelstul World Cup Database via DataHub,https://datahub.io/football/worldcup
2022,Jan Vertonghen,Belgium,Defender,35.0,,,,,,33.33333333333333,33.3,,,,,,,,,,False,990.0,11.0,98.6,Veteran,,272.0,3.0,3.0,0.0,0.0,,0.0,0.0,0.0,74.1,Fjelstul World Cup Database via DataHub,https://datahub.io/football/worldcup
2022,Jérémy Doku,Belgium,Forward,20.0,,,,,,33.33333333333333,33.3,,,,,,,,,,True,0.0,0.0,,U21,,20.0,0.0,1.0,1.0,0.0,,0.0,0.0,0.0,32.3,Fjelstul World Cup Database via DataHub,https://datahub.io/football/worldcup
2022,Kevin De Bruyne,Belgium,Midfielder,31.0,,,,,,33.33333333333333,33.3,,,,,,,,,,False,931.0,10.0,97.3,Veteran,,272.0,3.0,3.0,0.0,0.0,,0.0,0.0,0.0,74.7,Fjelstul World Cup Database via DataHub,https://datahub.io/football/worldcup
2022,Koen Casteels,Belgium,Goalkeeper,30.0,,,,,,33.33333333333333,33.3,,,,,,,,,,True,0.0,0.0,0.0,Veteran,,0.0,0.0,0.0,0.0,0.0,,0.0,0.0,0.0,0.0,Fjelstul World Cup Database via DataHub,https://datahub.io/football/worldcup
2022,Leander Dendoncker,Belgium,Defender,27.0,,,,,,33.33333333333333,33.3,,,,,,,,,,False,90.0,1.0,42.2,Prime,,162.0,2.0,2.0,0.0,0.0,,0.0,1.0,0.0,51.7,Fjelstul World Cup Database via DataHub,https://datahub.io/football/worldcup
2022,Leandro Trossard,Belgium,Forward,27.0,,,,,,33.33333333333333,33.3,,,,,,,,,,True,0.0,0.0,,Prime,,102.0,1.0,3.0,2.0,0.0,,0.0,0.0,0.0,56.7,Fjelstul World Cup Database via DataHub,https://datahub.io/football/worldcup
2022,Loïs Openda,Belgium,Forward,22.0,,,,,,33.33333333333333,33.3,,,,,,,,,,True,0.0,0.0,,U23,,12.0,0.0,1.0,1.0,0.0,,0.0,0.0,0.0,30.6,Fjelstul World Cup Database via DataHub,https://datahub.io/football/worldcup
2022,Michy Batshuayi,Belgium,Forward,29.0,,,,,,33.33333333333333,33.3,,,,,,,,,,False,112.0,3.0,75.1,Prime,,153.0,2.0,2.0,0.0,1.0,,0.0,0.0,0.0,78.6,Fjelstul World Cup Database via DataHub,https://datahub.io/football/worldcup
2022,Romelu Lukaku,Belgium,Forward,29.0,,,,,,33.33333333333333,33.3,,,,,,,,,,False,652.0,10.0,98.1,Prime,,55.0,0.0,2.0,2.0,0.0,,0.0,0.0,0.0,38.4,Fjelstul World Cup Database via DataHub,https://datahub.io/football/worldcup
2022,Simon Mignolet,Belgium,Goalkeeper,34.0,,,,,,33.33333333333333,33.3,,,,,,,,,,True,0.0,0.0,0.0,Veteran,,0.0,0.0,0.0,0.0,0.0,,0.0,0.0,0.0,0.0,Fjelstul World Cup Database via DataHub,https://datahub.io/football/worldcup
2022,Thibaut Courtois,Belgium,Goalkeeper,30.0,,,,,,33.33333333333333,33.3,,,,,,,,,,False,1111.0,12.0,98.5,Veteran,,272.0,3.0,3.0,0.0,0.0,,2.0,0.0,0.0,87.4,Fjelstul World Cup Database via DataHub,https://datahub.io/football/worldcup
2022,Thomas Meunier,Belgium,Midfielder,31.0,,,,,,33.33333333333333,33.3,,,,,,,,,,False,450.0,5.0,97.6,Veteran,,212.0,2.0,3.0,1.0,0.0,,0.0,1.0,0.0,61.3,Fjelstul World Cup Database via DataHub,https://datahub.io/football/worldcup
2022,Thorgan Hazard,Belgium,Midfielder,29.0,,,,,,33.33333333333333,33.3,,,,,,,,,,False,97.0,2.0,47.7,Prime,,108.0,1.0,2.0,1.0,0.0,,0.0,0.0,0.0,48.8,Fjelstul World Cup Database via DataHub,https://datahub.io/football/worldcup
2022,Timothy Castagne,Belgium,Midfielder,26.0,,,,,,33.33333333333333,33.3,,,,,,,,,,True,0.0,0.0,,Prime,,272.0,3.0,3.0,0.0,0.0,,0.0,0.0,0.0,74.7,Fjelstul World Cup Database via DataHub,https://datahub.io/football/worldcup
2022,Toby Alderweireld,Belgium,Defender,33.0,,,,,,33.33333333333333,33.3,,,,,,,,,,False,931.0,10.0,92.1,Veteran,,272.0,3.0,3.0,0.0,0.0,,0.0,0.0,0.0,74.1,Fjelstul World Cup Database via DataHub,https://datahub.io/football/worldcup
2022,Wout Faes,Belgium,Defender,24.0,,,,,,33.33333333333333,33.3,,,,,,,,,,True,0.0,0.0,,U25,,0.0,0.0,0.0,0.0,0.0,,0.0,0.0,0.0,0.0,Fjelstul World Cup Database via DataHub,https://datahub.io/football/worldcup
2022,Yannick Carrasco,Belgium,Forward,29.0,,,,,,33.33333333333333,33.3,,,,,,,,,,False,240.0,4.0,65.6,Prime,,118.0,2.0,2.0,0.0,0.0,,0.0,1.0,0.0,60.3,Fjelstul World Cup Database via DataHub,https://datahub.io/football/worldcup
2022,Youri Tielemans,Belgium,Midfielder,25.0,,,,,,33.33333333333333,33.3,,,,,,,,,,False,175.0,4.0,56.8,U25,,96.0,1.0,3.0,2.0,0.0,,0.0,0.0,0.0,47.6,Fjelstul World Cup Database via DataHub,https://datahub.io/football/worldcup
2022,Zeno Debast,Belgium,Defender,19.0,,,,,,33.33333333333333,33.3,,,,,,,,,,True,0.0,0.0,,U21,,0.0,0.0,0.0,0.0,0.0,,0.0,0.0,0.0,0.0,Fjelstul World Cup Database via DataHub,https://datahub.io/football/worldcup
2022,Alex Sandro,Brazil,Defender,31.0,,,,,,0.0,,,,,,,,,,,True,0.0,0.0,,Veteran,,190.0,2.0,3.0,1.0,0.0,,0.0,0.0,0.0,57.6,Fjelstul World Cup Database via DataHub,https://datahub.io/football/worldcup
2022,Alex Telles,Brazil,Defender,29.0,,,,,,0.0,,,,,,,,,,,True,0.0,0.0,,Prime,,58.0,1.0,2.0,1.0,0.0,,0.0,0.0,0.0,38.1,Fjelstul World Cup Database via DataHub,https://datahub.io/football/worldcup
2022,Bruno Guimarães,Brazil,Midfielder,25.0,,,,,,0.0,,,,,,,,,,,True,0.0,0.0,,U25,,68.0,0.0,2.0,2.0,0.0,,0.0,1.0,0.0,37.0,Fjelstul World Cup Database via DataHub,https://datahub.io/football/worldcup
2022,Dani Alves,Brazil,Defender,39.0,,,,,,0.0,,,,,,,,,,,False,703.0,9.0,85.3,Veteran,,117.0,1.0,2.0,1.0,0.0,,0.0,0.0,0.0,47.8,Fjelstul World Cup Database via DataHub,https://datahub.io/football/worldcup
2022,Gabriel Jesus,Brazil,Forward,25.0,,,,,,0.0,,,,,,,,,,,False,411.0,5.0,80.9,U25,,92.0,1.0,3.0,2.0,0.0,,0.0,0.0,0.0,56.1,Fjelstul World Cup Database via DataHub,https://datahub.io/football/worldcup
2022,Gabriel Martinelli,Brazil,Forward,21.0,,,,,,0.0,,,,,,,,,,,True,0.0,0.0,,U21,,111.0,1.0,3.0,2.0,0.0,,0.0,0.0,0.0,57.3,Fjelstul World Cup Database via DataHub,https://datahub.io/football/worldcup
2022,Lucas Paquetá,Brazil,Midfielder,25.0,,,,,,0.0,,,,,,,,,,,True,0.0,0.0,,U25,,317.0,4.0,4.0,0.0,1.0,,0.0,0.0,0.0,92.5,Fjelstul World Cup Database via DataHub,https://datahub.io/football/worldcup
2022,Thiago Silva,Brazil,Defender,38.0,,,,,,0.0,,,,,,,,,,,False,1027.0,11.0,97.8,Veteran,,390.0,4.0,4.0,0.0,0.0,,0.0,0.0,0.0,85.3,Fjelstul World Cup Database via DataHub,https://datahub.io/football/worldcup
2022,Vinícius Júnior,Brazil,Forward,22.0,,,,,,0.0,,,,,,,,,,,True,0.0,0.0,,U23,,301.0,4.0,4.0,0.0,1.0,,0.0,0.0,0.0,88.8,Fjelstul World Cup Database via DataHub,https://datahub.io/football/worldcup
2022,not applicable Alisson,Brazil,Goalkeeper,30.0,,,,,,0.0,,,,,,,,,,,False,454.0,5.0,95.4,Veteran,,380.0,4.0,4.0,0.0,0.0,,2.0,0.0,0.0,91.5,Fjelstul World Cup Database via DataHub,https://datahub.io/football/worldcup
2022,not applicable Antony,Brazil,Forward,22.0,,,,,,0.0,,,,,,,,,,,True,0.0,0.0,,U23,,171.0,1.0,4.0,3.0,0.0,,0.0,0.0,0.0,61.6,Fjelstul World Cup Database via DataHub,https://datahub.io/football/worldcup
2022,not applicable Bremer,Brazil,Defender,25.0,,,,,,0.0,,,,,,,,,,,True,0.0,0.0,,U25,,108.0,1.0,2.0,1.0,0.0,,0.0,0.0,0.0,47.5,Fjelstul World Cup Database via DataHub,https://datahub.io/football/worldcup
2022,not applicable Casemiro,Brazil,Midfielder,30.0,,,,,,0.0,,,,,,,,,,,False,334.0,4.0,78.7,Veteran,,390.0,4.0,4.0,0.0,1.0,,0.0,1.0,0.0,94.6,Fjelstul World Cup Database via DataHub,https://datahub.io/football/worldcup
2022,not applicable Danilo,Brazil,Defender,31.0,,,,,,0.0,,,,,,,,,,,False,90.0,1.0,42.2,Veteran,,282.0,3.0,3.0,0.0,0.0,,0.0,1.0,0.0,76.3,Fjelstul World Cup Database via DataHub,https://datahub.io/football/worldcup
2022,not applicable Ederson,Brazil,Goalkeeper,29.0,,,,,,0.0,,,,,,,,,,,True,0.0,0.0,0.0,Prime,,90.0,1.0,1.0,0.0,0.0,,0.0,0.0,0.0,68.3,Fjelstul World Cup Database via DataHub,https://datahub.io/football/worldcup
2022,not applicable Fabinho,Brazil,Midfielder,29.0,,,,,,0.0,,,,,,,,,,,True,0.0,0.0,,Prime,,90.0,1.0,1.0,0.0,0.0,,0.0,0.0,0.0,45.8,Fjelstul World Cup Database via DataHub,https://datahub.io/football/worldcup
2022,not applicable Fred,Brazil,Midfielder,29.0,,,,,,0.0,,,,,,,,,,,True,0.0,0.0,0.0,Prime,,141.0,2.0,4.0,2.0,0.0,,0.0,1.0,0.0,54.1,Fjelstul World Cup Database via DataHub,https://datahub.io/football/worldcup
2022,not applicable Marquinhos,Brazil,Defender,28.0,,,,,,0.0,,,,,,,,,,,False,0.0,1.0,0.0,Prime,,426.0,4.0,5.0,1.0,0.0,,0.0,1.0,0.0,86.8,Fjelstul World Cup Database via DataHub,https://datahub.io/football/worldcup
2022,not applicable Neymar,Brazil,Forward,30.0,,,,,,0.0,,,,,,,,,,,False,911.0,10.0,95.8,Veteran,,279.0,3.0,3.0,0.0,2.0,,0.0,0.0,0.0,91.2,Fjelstul World Cup Database via DataHub,https://datahub.io/football/worldcup
2022,not applicable Pedro,Brazil,Forward,25.0,,,,,,0.0,,,,,,,,,,,True,0.0,0.0,,U25,,62.0,0.0,2.0,2.0,0.0,,0.0,0.0,0.0,39.1,Fjelstul World Cup Database via DataHub,https://datahub.io/football/worldcup
2022,not applicable Raphinha,Brazil,Forward,25.0,,,,,,0.0,,,,,,,,,,,True,0.0,0.0,,U25,,317.0,4.0,5.0,1.0,0.0,,0.0,0.0,0.0,77.6,Fjelstul World Cup Database via DataHub,https://datahub.io/football/worldcup
2022,not applicable Richarlison,Brazil,Forward,25.0,,,,,,0.0,,,,,,,,,,,True,0.0,0.0,,U25,,326.0,4.0,4.0,0.0,3.0,,0.0,0.0,0.0,93.9,Fjelstul World Cup Database via DataHub,https://datahub.io/football/worldcup
2022,not applicable Rodrygo,Brazil,Forward,21.0,,,,,,0.0,,,,,,,,,,,True,0.0,0.0,,U21,,179.0,1.0,5.0,4.0,0.0,,0.0,0.0,0.0,62.3,Fjelstul World Cup Database via DataHub,https://datahub.io/football/worldcup
2022,not applicable Weverton,Brazil,Goalkeeper,34.0,,,,,,0.0,,,,,,,,,,,True,0.0,0.0,,Veteran,,10.0,0.0,1.0,1.0,0.0,,0.0,0.0,0.0,65.6,Fjelstul World Cup Database via DataHub,https://datahub.io/football/worldcup
2022,Éder Militão,Brazil,Defender,24.0,,,,,,0.0,,,,,,,,,,,True,0.0,0.0,,U25,,349.0,4.0,4.0,0.0,0.0,,0.0,1.0,0.0,79.1,Fjelstul World Cup Database via DataHub,https://datahub.io/football/worldcup
2022,Éverton Ribeiro,Brazil,Midfielder,33.0,,,,,,0.0,,,,,,,,,,,True,0.0,0.0,,Veteran,,36.0,0.0,1.0,1.0,0.0,,0.0,0.0,0.0,33.4,Fjelstul World Cup Database via DataHub,https://datahub.io/football/worldcup
2022,André Onana,Cameroon,Goalkeeper,26.0,,,,,,,0.0,,,,,,,,,,True,0.0,0.0,,Prime,,90.0,1.0,1.0,0.0,0.0,,0.0,0.0,0.0,68.3,Fjelstul World Cup Database via DataHub,https://datahub.io/football/worldcup
2022,André-Frank Zambo Anguissa,Cameroon,Midfielder,27.0,,,,,,,0.0,,,,,,,,,,True,0.0,0.0,,Prime,,261.0,3.0,3.0,0.0,0.0,,0.0,0.0,0.0,68.1,Fjelstul World Cup Database via DataHub,https://datahub.io/football/worldcup
2022,Bryan Mbeumo,Cameroon,Forward,23.0,,,,,,,0.0,,,,,,,,,,True,0.0,0.0,,U23,,226.0,3.0,3.0,0.0,0.0,,0.0,0.0,0.0,70.2,Fjelstul World Cup Database via DataHub,https://datahub.io/football/worldcup
2022,Christian Bassogog,Cameroon,Forward,27.0,,,,,,,0.0,,,,,,,,,,True,0.0,0.0,,Prime,,25.0,0.0,1.0,1.0,0.0,,0.0,1.0,0.0,33.3,Fjelstul World Cup Database via DataHub,https://datahub.io/football/worldcup
2022,Christopher Wooh,Cameroon,Defender,21.0,,,,,,,0.0,,,,,,,,,,True,0.0,0.0,,U21,,90.0,1.0,1.0,0.0,0.0,,0.0,0.0,0.0,42.2,Fjelstul World Cup Database via DataHub,https://datahub.io/football/worldcup
2022,Collins Fai,Cameroon,Defender,30.0,,,,,,,0.0,,,,,,,,,,True,0.0,0.0,,Veteran,,272.0,3.0,3.0,0.0,0.0,,0.0,2.0,0.0,74.1,Fjelstul World Cup Database via DataHub,https://datahub.io/football/worldcup
2022,Devis Epassy,Cameroon,Goalkeeper,29.0,,,,,,,0.0,,,,,,,,,,True,0.0,0.0,,Prime,,182.0,2.0,2.0,0.0,0.0,,1.0,0.0,0.0,82.5,Fjelstul World Cup Database via DataHub,https://datahub.io/football/worldcup
2022,Enzo Ebosse,Cameroon,Defender,23.0,,,,,,,0.0,,,,,,,,,,True,0.0,0.0,,U23,,90.0,1.0,1.0,0.0,0.0,,0.0,0.0,0.0,42.2,Fjelstul World Cup Database via DataHub,https://datahub.io/football/worldcup
2022,Eric Maxim Choupo-Moting,Cameroon,Forward,33.0,,,,,,,0.0,,,,,,,,,,False,394.0,5.0,71.7,Veteran,,256.0,3.0,3.0,0.0,1.0,,0.0,0.0,0.0,84.9,Fjelstul World Cup Database via DataHub,https://datahub.io/football/worldcup
2022,Gaël Ondoua,Cameroon,Midfielder,27.0,,,,,,,0.0,,,,,,,,,,True,0.0,0.0,,Prime,,47.0,0.0,2.0,2.0,0.0,,0.0,0.0,0.0,35.2,Fjelstul World Cup Database via DataHub,https://datahub.io/football/worldcup
2022,Georges-Kévin Nkoudou,Cameroon,Midfielder,27.0,,,,,,,0.0,,,,,,,,,,True,0.0,0.0,,Prime,,27.0,0.0,2.0,2.0,0.0,,0.0,0.0,0.0,31.8,Fjelstul World Cup Database via DataHub,https://datahub.io/football/worldcup
2022,Jean-Charles Castelletto,Cameroon,Defender,27.0,,,,,,,0.0,,,,,,,,,,True,0.0,0.0,,Prime,,182.0,2.0,2.0,0.0,1.0,,0.0,0.0,0.0,82.3,Fjelstul World Cup Database via DataHub,https://datahub.io/football/worldcup
2022,Jean-Pierre Nsame,Cameroon,Forward,29.0,,,,,,,0.0,,,,,,,,,,True,0.0,0.0,,Prime,,0.0,0.0,0.0,0.0,0.0,,0.0,0.0,0.0,0.0,Fjelstul World Cup Database via DataHub,https://datahub.io/football/worldcup
2022,Jerome Ngom Mbekeli,Cameroon,Defender,24.0,,,,,,,0.0,,,,,,,,,,True,0.0,0.0,,U25,,4.0,0.0,1.0,1.0,0.0,,0.0,0.0,0.0,32.1,Fjelstul World Cup Database via DataHub,https://datahub.io/football/worldcup
2022,Karl Toko Ekambi,Cameroon,Forward,30.0,,,,,,,0.0,,,,,,,,,,True,0.0,0.0,,Veteran,,167.0,2.0,3.0,1.0,0.0,,0.0,0.0,0.0,63.9,Fjelstul World Cup Database via DataHub,https://datahub.io/football/worldcup
2022,Martin Hongla,Cameroon,Midfielder,24.0,,,,,,,0.0,,,,,,,,,,True,0.0,0.0,,U25,,123.0,2.0,2.0,0.0,0.0,,0.0,0.0,0.0,52.7,Fjelstul World Cup Database via DataHub,https://datahub.io/football/worldcup
2022,Moumi Ngamaleu,Cameroon,Forward,28.0,,,,,,,0.0,,,,,,,,,,True,0.0,0.0,,Prime,,95.0,1.0,2.0,1.0,0.0,,0.0,0.0,0.0,56.3,Fjelstul World Cup Database via DataHub,https://datahub.io/football/worldcup
2022,Nicolas Nkoulou,Cameroon,Defender,32.0,,,,,,,0.0,,,,,,,,,,False,524.0,6.0,73.3,Veteran,,182.0,2.0,2.0,0.0,0.0,,0.0,1.0,0.0,56.9,Fjelstul World Cup Database via DataHub,https://datahub.io/football/worldcup
2022,Nouhou Tolo,Cameroon,Defender,25.0,,,,,,,0.0,,,,,,,,,,True,0.0,0.0,,U25,,272.0,3.0,3.0,0.0,0.0,,0.0,1.0,0.0,74.1,Fjelstul World Cup Database via DataHub,https://datahub.io/football/worldcup
2022,Olivier Mbaizo,Cameroon,Defender,25.0,,,,,,,0.0,,,,,,,,,,True,0.0,0.0,,U25,,0.0,0.0,0.0,0.0,0.0,,0.0,0.0,0.0,0.0,Fjelstul World Cup Database via DataHub,https://datahub.io/football/worldcup
2022,Olivier Ntcham,Cameroon,Midfielder,26.0,,,,,,,0.0,,,,,,,,,,True,0.0,0.0,,Prime,,22.0,0.0,1.0,1.0,0.0,,0.0,0.0,0.0,31.0,Fjelstul World Cup Database via DataHub,https://datahub.io/football/worldcup
2022,Pierre Kunde,Cameroon,Midfielder,27.0,,,,,,,0.0,,,,,,,,,,True,0.0,0.0,,Prime,,135.0,2.0,2.0,0.0,0.0,,0.0,1.0,0.0,53.5,Fjelstul World Cup Database via DataHub,https://datahub.io/football/worldcup
2022,Samuel Gouet,Cameroon,Midfielder,24.0,,,,,,,0.0,,,,,,,,,,True,0.0,0.0,,U25,,101.0,1.0,2.0,1.0,0.0,,0.0,0.0,0.0,48.1,Fjelstul World Cup Database via DataHub,https://datahub.io/football/worldcup
2022,Simon Ngapandouetnbu,Cameroon,Goalkeeper,19.0,,,,,,,0.0,,,,,,,,,,True,0.0,0.0,,U21,,0.0,0.0,0.0,0.0,0.0,,0.0,0.0,0.0,0.0,Fjelstul World Cup Database via DataHub,https://datahub.io/football/worldcup
2022,Souaibou Marou,Cameroon,Midfielder,21.0,,,,,,,0.0,,,,,,,,,,True,0.0,0.0,,U21,,0.0,0.0,0.0,0.0,0.0,,0.0,0.0,0.0,0.0,Fjelstul World Cup Database via DataHub,https://datahub.io/football/worldcup
2022,Vincent Aboubakar,Cameroon,Forward,30.0,,,,,,,0.0,,,,,,,,,,False,188.0,4.0,62.4,Veteran,,143.0,1.0,3.0,2.0,2.0,,0.0,1.0,1.0,80.3,Fjelstul World Cup Database via DataHub,https://datahub.io/football/worldcup
2022,Alistair Johnston,Canada,Defender,24.0,,,,,,0.0,50.0,,,,,,,,,,True,0.0,0.0,,U25,,270.0,3.0,3.0,0.0,0.0,,0.0,1.0,0.0,67.9,Fjelstul World Cup Database via DataHub,https://datahub.io/football/worldcup
2022,Alphonso Davies,Canada,Forward,22.0,,,,,,0.0,50.0,,,,,,,,,,True,0.0,0.0,,U23,,270.0,3.0,3.0,0.0,1.0,,0.0,1.0,0.0,86.4,Fjelstul World Cup Database via DataHub,https://datahub.io/football/worldcup
2022,Atiba Hutchinson,Canada,Midfielder,39.0,,,,,,0.0,50.0,,,,,,,,,,True,0.0,0.0,,Veteran,,160.0,2.0,3.0,1.0,0.0,,0.0,0.0,0.0,55.8,Fjelstul World Cup Database via DataHub,https://datahub.io/football/worldcup
2022,Cyle Larin,Canada,Forward,27.0,,,,,,0.0,50.0,,,,,,,,,,True,0.0,0.0,,Prime,,138.0,2.0,3.0,1.0,0.0,,0.0,0.0,0.0,62.1,Fjelstul World Cup Database via DataHub,https://datahub.io/football/worldcup
2022,David Wotherspoon,Canada,Midfielder,32.0,,,,,,0.0,50.0,,,,,,,,,,True,0.0,0.0,,Veteran,,14.0,0.0,1.0,1.0,0.0,,0.0,0.0,0.0,29.2,Fjelstul World Cup Database via DataHub,https://datahub.io/football/worldcup
2022,Dayne St. Clair,Canada,Goalkeeper,25.0,,,,,,0.0,50.0,,,,,,,,,,True,0.0,0.0,,U25,,0.0,0.0,0.0,0.0,0.0,,0.0,0.0,0.0,0.0,Fjelstul World Cup Database via DataHub,https://datahub.io/football/worldcup
2022,Derek Cornelius,Canada,Defender,24.0,,,,,,0.0,50.0,,,,,,,,,,True,0.0,0.0,,U25,,0.0,0.0,0.0,0.0,0.0,,0.0,0.0,0.0,0.0,Fjelstul World Cup Database via DataHub,https://datahub.io/football/worldcup
2022,Iké Ugbo,Canada,Forward,24.0,,,,,,0.0,50.0,,,,,,,,,,True,0.0,0.0,,U25,,0.0,0.0,0.0,0.0,0.0,,0.0,0.0,0.0,0.0,Fjelstul World Cup Database via DataHub,https://datahub.io/football/worldcup
2022,Ismaël Koné,Canada,Midfielder,20.0,,,,,,0.0,50.0,,,,,,,,,,True,0.0,0.0,,U21,,106.0,0.0,3.0,3.0,0.0,,0.0,0.0,0.0,38.6,Fjelstul World Cup Database via DataHub,https://datahub.io/football/worldcup
2022,James Pantemis,Canada,Goalkeeper,25.0,,,,,,0.0,50.0,,,,,,,,,,True,0.0,0.0,,U25,,0.0,0.0,0.0,0.0,0.0,,0.0,0.0,0.0,0.0,Fjelstul World Cup Database via DataHub,https://datahub.io/football/worldcup
2022,Joel Waterman,Canada,Defender,26.0,,,,,,0.0,50.0,,,,,,,,,,True,0.0,0.0,,Prime,,0.0,0.0,0.0,0.0,0.0,,0.0,0.0,0.0,0.0,Fjelstul World Cup Database via DataHub,https://datahub.io/football/worldcup
2022,Jonathan David,Canada,Forward,22.0,,,,,,0.0,50.0,,,,,,,,,,True,0.0,0.0,,U23,,192.0,2.0,3.0,1.0,0.0,,0.0,0.0,0.0,66.3,Fjelstul World Cup Database via DataHub,https://datahub.io/football/worldcup
2022,Jonathan Osorio,Canada,Midfielder,30.0,,,,,,0.0,50.0,,,,,,,,,,True,0.0,0.0,,Veteran,,118.0,1.0,3.0,2.0,0.0,,0.0,1.0,0.0,49.7,Fjelstul World Cup Database via DataHub,https://datahub.io/football/worldcup
2022,Junior Hoilett,Canada,Midfielder,32.0,,,,,,0.0,50.0,,,,,,,,,,True,0.0,0.0,,Veteran,,162.0,2.0,3.0,1.0,0.0,,0.0,1.0,0.0,55.9,Fjelstul World Cup Database via DataHub,https://datahub.io/football/worldcup
2022,Kamal Miller,Canada,Defender,25.0,,,,,,0.0,50.0,,,,,,,,,,True,0.0,0.0,,U25,,270.0,3.0,3.0,0.0,0.0,,0.0,1.0,0.0,67.9,Fjelstul World Cup Database via DataHub,https://datahub.io/football/worldcup
2022,Liam Fraser,Canada,Midfielder,24.0,,,,,,0.0,50.0,,,,,,,,,,True,0.0,0.0,,U25,,0.0,0.0,0.0,0.0,0.0,,0.0,0.0,0.0,0.0,Fjelstul World Cup Database via DataHub,https://datahub.io/football/worldcup
2022,Liam Millar,Canada,Midfielder,23.0,,,,,,0.0,50.0,,,,,,,,,,True,0.0,0.0,,U23,,9.0,0.0,1.0,1.0,0.0,,0.0,0.0,0.0,27.7,Fjelstul World Cup Database via DataHub,https://datahub.io/football/worldcup
2022,Lucas Cavallini,Canada,Forward,29.0,,,,,,0.0,50.0,,,,,,,,,,True,0.0,0.0,,Prime,,18.0,0.0,1.0,1.0,0.0,,0.0,0.0,0.0,31.9,Fjelstul World Cup Database via DataHub,https://datahub.io/football/worldcup
2022,Mark-Anthony Kaye,Canada,Midfielder,27.0,,,,,,0.0,50.0,,,,,,,,,,True,0.0,0.0,,Prime,,60.0,1.0,1.0,0.0,0.0,,0.0,0.0,0.0,41.2,Fjelstul World Cup Database via DataHub,https://datahub.io/football/worldcup
2022,Milan Borjan,Canada,Goalkeeper,35.0,,,,,,0.0,50.0,,,,,,,,,,True,0.0,0.0,,Veteran,,270.0,3.0,3.0,0.0,0.0,,0.0,0.0,0.0,76.1,Fjelstul World Cup Database via DataHub,https://datahub.io/football/worldcup
2022,Richie Laryea,Canada,Defender,27.0,,,,,,0.0,50.0,,,,,,,,,,True,0.0,0.0,,Prime,,161.0,2.0,3.0,1.0,0.0,,0.0,0.0,0.0,51.6,Fjelstul World Cup Database via DataHub,https://datahub.io/football/worldcup
2022,Sam Adekugbe,Canada,Defender,27.0,,,,,,0.0,50.0,,,,,,,,,,True,0.0,0.0,,Prime,,94.0,1.0,3.0,2.0,0.0,,0.0,1.0,0.0,46.3,Fjelstul World Cup Database via DataHub,https://datahub.io/football/worldcup
2022,Samuel Piette,Canada,Midfielder,28.0,,,,,,0.0,50.0,,,,,,,,,,True,0.0,0.0,,Prime,,0.0,0.0,0.0,0.0,0.0,,0.0,0.0,0.0,0.0,Fjelstul World Cup Database via DataHub,https://datahub.io/football/worldcup
2022,Stephen Eustáquio,Canada,Midfielder,25.0,,,,,,0.0,50.0,,,,,,,,,,True,0.0,0.0,,U25,,127.0,2.0,2.0,0.0,0.0,,0.0,0.0,0.0,52.9,Fjelstul World Cup Database via DataHub,https://datahub.io/football/worldcup
2022,Steven Vitória,Canada,Defender,35.0,,,,,,0.0,50.0,,,,,,,,,,True,0.0,0.0,,Veteran,,270.0,3.0,3.0,0.0,0.0,,0.0,1.0,0.0,67.9,Fjelstul World Cup Database via DataHub,https://datahub.io/football/worldcup
2022,Tajon Buchanan,Canada,Forward,23.0,,,,,,0.0,50.0,,,,,,,,,,True,0.0,0.0,,U23,,261.0,3.0,3.0,0.0,0.0,,0.0,1.0,0.0,72.7,Fjelstul World Cup Database via DataHub,https://datahub.io/football/worldcup
2022,Anthony Contreras,Costa Rica,Forward,22.0,,,,,,,55.6,,,,,,,,,,True,0.0,0.0,,U23,,126.0,2.0,3.0,1.0,0.0,,0.0,1.0,0.0,61.0,Fjelstul World Cup Database via DataHub,https://datahub.io/football/worldcup
2022,Anthony Hernández,Costa Rica,Midfielder,21.0,,,,,,,55.6,,,,,,,,,,True,0.0,0.0,,U21,,0.0,0.0,0.0,0.0,0.0,,0.0,0.0,0.0,0.0,Fjelstul World Cup Database via DataHub,https://datahub.io/football/worldcup
2022,Brandon Aguilera,Costa Rica,Midfielder,19.0,,,,,,,55.6,,,,,,,,,,True,0.0,0.0,,U21,,94.0,1.0,3.0,2.0,0.0,,0.0,0.0,0.0,47.4,Fjelstul World Cup Database via DataHub,https://datahub.io/football/worldcup
2022,Bryan Oviedo,Costa Rica,Defender,32.0,,,,,,,55.6,,,,,,,,,,False,186.0,2.0,57.3,Veteran,,270.0,3.0,3.0,0.0,0.0,,0.0,0.0,0.0,67.9,Fjelstul World Cup Database via DataHub,https://datahub.io/football/worldcup
2022,Bryan Ruiz,Costa Rica,Midfielder,37.0,,,,,,,55.6,,,,,,,,,,False,771.0,8.0,75.6,Veteran,,29.0,0.0,1.0,1.0,0.0,,0.0,0.0,0.0,32.4,Fjelstul World Cup Database via DataHub,https://datahub.io/football/worldcup
2022,Carlos Martínez,Costa Rica,Defender,23.0,,,,,,,55.6,,,,,,,,,,True,0.0,0.0,,U23,,46.0,1.0,1.0,0.0,0.0,,0.0,0.0,0.0,37.6,Fjelstul World Cup Database via DataHub,https://datahub.io/football/worldcup
2022,Celso Borges,Costa Rica,Midfielder,34.0,,,,,,,55.6,,,,,,,,,,False,775.0,8.0,75.6,Veteran,,254.0,3.0,3.0,0.0,0.0,,0.0,1.0,0.0,67.3,Fjelstul World Cup Database via DataHub,https://datahub.io/football/worldcup
2022,Daniel Chacón,Costa Rica,Midfielder,21.0,,,,,,,55.6,,,,,,,,,,True,0.0,0.0,,U21,,0.0,0.0,1.0,1.0,0.0,,0.0,0.0,0.0,0.0,Fjelstul World Cup Database via DataHub,https://datahub.io/football/worldcup
2022,Douglas López,Costa Rica,Midfielder,24.0,,,,,,,55.6,,,,,,,,,,True,0.0,0.0,,U25,,0.0,0.0,0.0,0.0,0.0,,0.0,0.0,0.0,0.0,Fjelstul World Cup Database via DataHub,https://datahub.io/football/worldcup
2022,Esteban Alvarado,Costa Rica,Goalkeeper,33.0,,,,,,,55.6,,,,,,,,,,True,0.0,0.0,,Veteran,,0.0,0.0,0.0,0.0,0.0,,0.0,0.0,0.0,0.0,Fjelstul World Cup Database via DataHub,https://datahub.io/football/worldcup
2022,Francisco Calvo,Costa Rica,Defender,30.0,,,,,,,55.6,,,,,,,,,,False,108.0,2.0,47.5,Veteran,,185.0,2.0,2.0,0.0,0.0,,0.0,2.0,0.0,57.3,Fjelstul World Cup Database via DataHub,https://datahub.io/football/worldcup
2022,Gerson Torres,Costa Rica,Midfielder,25.0,,,,,,,55.6,,,,,,,,,,True,0.0,0.0,,U25,,65.0,1.0,1.0,0.0,0.0,,0.0,0.0,0.0,41.7,Fjelstul World Cup Database via DataHub,https://datahub.io/football/worldcup
2022,Jewison Bennette,Costa Rica,Midfielder,18.0,,,,,,,55.6,,,,,,,,,,True,0.0,0.0,,U21,,110.0,1.0,3.0,2.0,0.0,,0.0,0.0,0.0,49.0,Fjelstul World Cup Database via DataHub,https://datahub.io/football/worldcup
2022,Joel Campbell,Costa Rica,Forward,30.0,,,,,,,55.6,,,,,,,,,,False,532.0,7.0,57.8,Veteran,,278.0,3.0,3.0,0.0,0.0,,0.0,1.0,0.0,76.2,Fjelstul World Cup Database via DataHub,https://datahub.io/football/worldcup
2022,Johan Venegas,Costa Rica,Forward,33.0,,,,,,,55.6,,,,,,,,,,False,153.0,2.0,63.0,Veteran,,74.0,1.0,1.0,0.0,0.0,,0.0,0.0,0.0,51.9,Fjelstul World Cup Database via DataHub,https://datahub.io/football/worldcup
2022,Juan Pablo Vargas,Costa Rica,Defender,27.0,,,,,,,55.6,,,,,,,,,,True,0.0,0.0,,Prime,,93.0,1.0,1.0,0.0,1.0,,0.0,0.0,0.0,72.9,Fjelstul World Cup Database via DataHub,https://datahub.io/football/worldcup
2022,Kendall Waston,Costa Rica,Defender,34.0,,,,,,,55.6,,,,,,,,,,False,93.0,1.0,72.9,Veteran,,232.0,2.0,3.0,1.0,0.0,,0.0,0.0,0.0,59.3,Fjelstul World Cup Database via DataHub,https://datahub.io/football/worldcup
2022,Keylor Navas,Costa Rica,Goalkeeper,35.0,,,,,,,55.6,,,,,,,,,,False,787.0,8.0,79.2,Veteran,,278.0,3.0,3.0,0.0,0.0,,1.0,0.0,0.0,87.2,Fjelstul World Cup Database via DataHub,https://datahub.io/football/worldcup
2022,Keysher Fuller,Costa Rica,Defender,28.0,,,,,,,55.6,,,,,,,,,,True,0.0,0.0,,Prime,,259.0,3.0,3.0,0.0,1.0,,0.0,0.0,0.0,89.4,Fjelstul World Cup Database via DataHub,https://datahub.io/football/worldcup
2022,Patrick Sequeira,Costa Rica,Goalkeeper,23.0,,,,,,,55.6,,,,,,,,,,True,0.0,0.0,,U23,,0.0,0.0,0.0,0.0,0.0,,0.0,0.0,0.0,0.0,Fjelstul World Cup Database via DataHub,https://datahub.io/football/worldcup
2022,Roan Wilson,Costa Rica,Midfielder,20.0,,,,,,,55.6,,,,,,,,,,True,0.0,0.0,,U21,,0.0,0.0,1.0,1.0,0.0,,0.0,0.0,0.0,0.0,Fjelstul World Cup Database via DataHub,https://datahub.io/football/worldcup
2022,Rónald Matarrita,Costa Rica,Defender,28.0,,,,,,,55.6,,,,,,,,,,True,0.0,0.0,,Prime,,27.0,0.0,2.0,2.0,0.0,,0.0,0.0,0.0,34.4,Fjelstul World Cup Database via DataHub,https://datahub.io/football/worldcup
2022,Yeltsin Tejeda,Costa Rica,Midfielder,30.0,,,,,,,55.6,,,,,,,,,,False,406.0,6.0,27.9,Veteran,,278.0,3.0,3.0,0.0,1.0,,0.0,0.0,0.0,91.3,Fjelstul World Cup Database via DataHub,https://datahub.io/football/worldcup
2022,Youstin Salas,Costa Rica,Midfielder,26.0,,,,,,,55.6,,,,,,,,,,True,0.0,0.0,,Prime,,53.0,0.0,2.0,2.0,0.0,,0.0,0.0,0.0,35.8,Fjelstul World Cup Database via DataHub,https://datahub.io/football/worldcup
2022,Álvaro Zamora,Costa Rica,Midfielder,20.0,,,,,,,55.6,,,,,,,,,,True,0.0,0.0,,U21,,29.0,0.0,1.0,1.0,0.0,,0.0,0.0,0.0,32.4,Fjelstul World Cup Database via DataHub,https://datahub.io/football/worldcup
2022,Óscar Duarte,Costa Rica,Defender,33.0,,,,,,,55.6,,,,,,,,,,False,573.0,6.0,57.1,Veteran,,278.0,3.0,3.0,0.0,0.0,,0.0,1.0,0.0,76.2,Fjelstul World Cup Database via DataHub,https://datahub.io/football/worldcup
2022,Andrej Kramarić,Croatia,Forward,31.0,,,,,,66.66666666666666,16.7,,,,,,,,,,False,335.0,7.0,88.2,Veteran,,480.0,7.0,7.0,0.0,2.0,,0.0,0.0,0.0,96.5,Fjelstul World Cup Database via DataHub,https://datahub.io/football/worldcup
2022,Ante Budimir,Croatia,Forward,31.0,,,,,,66.66666666666666,16.7,,,,,,,,,,True,0.0,0.0,,Veteran,,68.0,0.0,2.0,2.0,0.0,,0.0,0.0,0.0,44.7,Fjelstul World Cup Database via DataHub,https://datahub.io/football/worldcup
2022,Borna Barišić,Croatia,Defender,30.0,,,,,,66.66666666666666,16.7,,,,,,,,,,True,0.0,0.0,,Veteran,,120.0,1.0,1.0,0.0,0.0,,0.0,1.0,0.0,48.1,Fjelstul World Cup Database via DataHub,https://datahub.io/football/worldcup
2022,Borna Sosa,Croatia,Defender,24.0,,,,,,66.66666666666666,16.7,,,,,,,,,,True,0.0,0.0,,U25,,428.0,5.0,5.0,0.0,0.0,,0.0,0.0,0.0,87.4,Fjelstul World Cup Database via DataHub,https://datahub.io/football/worldcup
2022,Bruno Petković,Croatia,Forward,28.0,,,,,,66.66666666666666,16.7,,,,,,,,,,True,0.0,0.0,,Prime,,237.0,1.0,6.0,5.0,1.0,,0.0,1.0,0.0,81.0,Fjelstul World Cup Database via DataHub,https://datahub.io/football/worldcup
2022,Dejan Lovren,Croatia,Defender,33.0,,,,,,66.66666666666666,16.7,,,,,,,,,,False,923.0,10.0,93.9,Veteran,,602.0,6.0,6.0,0.0,0.0,,0.0,1.0,0.0,93.6,Fjelstul World Cup Database via DataHub,https://datahub.io/football/worldcup
2022,Domagoj Vida,Croatia,Defender,33.0,,,,,,66.66666666666666,16.7,,,,,,,,,,False,633.0,6.0,99.1,Veteran,,0.0,0.0,0.0,0.0,0.0,,0.0,0.0,0.0,0.0,Fjelstul World Cup Database via DataHub,https://datahub.io/football/worldcup
2022,Dominik Livaković,Croatia,Goalkeeper,27.0,,,,,,66.66666666666666,16.7,,,,,,,,,,True,0.0,0.0,0.0,Prime,,697.0,7.0,7.0,0.0,0.0,,2.0,1.0,0.0,98.2,Fjelstul World Cup Database via DataHub,https://datahub.io/football/worldcup
2022,Ivan Perišić,Croatia,Forward,33.0,,,,,,66.66666666666666,16.7,,,,,,,,,,False,890.0,10.0,98.7,Veteran,,679.0,7.0,7.0,0.0,1.0,,0.0,0.0,0.0,94.6,Fjelstul World Cup Database via DataHub,https://datahub.io/football/worldcup
2022,Ivica Ivušić,Croatia,Goalkeeper,27.0,,,,,,66.66666666666666,16.7,,,,,,,,,,True,0.0,0.0,,Prime,,0.0,0.0,0.0,0.0,0.0,,0.0,0.0,0.0,0.0,Fjelstul World Cup Database via DataHub,https://datahub.io/football/worldcup
2022,Ivo Grbić,Croatia,Goalkeeper,26.0,,,,,,66.66666666666666,16.7,,,,,,,,,,True,0.0,0.0,,Prime,,0.0,0.0,0.0,0.0,0.0,,0.0,0.0,0.0,0.0,Fjelstul World Cup Database via DataHub,https://datahub.io/football/worldcup
2022,Josip Juranović,Croatia,Defender,27.0,,,,,,66.66666666666666,16.7,,,,,,,,,,True,0.0,0.0,,Prime,,602.0,6.0,6.0,0.0,0.0,,0.0,0.0,0.0,93.6,Fjelstul World Cup Database via DataHub,https://datahub.io/football/worldcup
2022,Josip Stanišić,Croatia,Defender,22.0,,,,,,66.66666666666666,16.7,,,,,,,,,,True,0.0,0.0,,U23,,95.0,1.0,1.0,0.0,0.0,,0.0,0.0,0.0,46.4,Fjelstul World Cup Database via DataHub,https://datahub.io/football/worldcup
2022,Josip Šutalo,Croatia,Defender,22.0,,,,,,66.66666666666666,16.7,,,,,,,,,,True,0.0,0.0,,U23,,95.0,1.0,1.0,0.0,0.0,,0.0,0.0,0.0,46.4,Fjelstul World Cup Database via DataHub,https://datahub.io/football/worldcup
2022,Joško Gvardiol,Croatia,Defender,20.0,,,,,,66.66666666666666,16.7,,,,,,,,,,True,0.0,0.0,,U21,,697.0,7.0,7.0,0.0,1.0,,0.0,0.0,0.0,99.9,Fjelstul World Cup Database via DataHub,https://datahub.io/football/worldcup
2022,Kristijan Jakić,Croatia,Midfielder,25.0,,,,,,66.66666666666666,16.7,,,,,,,,,,True,0.0,0.0,,U25,,0.0,0.0,1.0,1.0,0.0,,0.0,0.0,0.0,0.0,Fjelstul World Cup Database via DataHub,https://datahub.io/football/worldcup
2022,Lovro Majer,Croatia,Midfielder,24.0,,,,,,66.66666666666666,16.7,,,,,,,,,,True,0.0,0.0,,U25,,125.0,1.0,7.0,6.0,1.0,,0.0,0.0,0.0,74.1,Fjelstul World Cup Database via DataHub,https://datahub.io/football/worldcup
2022,Luka Modrić,Croatia,Midfielder,37.0,,,,,,66.66666666666666,16.7,,,,,,,,,,False,995.0,12.0,99.7,Veteran,,663.0,7.0,7.0,0.0,0.0,,0.0,1.0,0.0,89.5,Fjelstul World Cup Database via DataHub,https://datahub.io/football/worldcup
2022,Luka Sučić,Croatia,Midfielder,20.0,,,,,,66.66666666666666,16.7,,,,,,,,,,True,0.0,0.0,,U21,,0.0,0.0,0.0,0.0,0.0,,0.0,0.0,0.0,0.0,Fjelstul World Cup Database via DataHub,https://datahub.io/football/worldcup
2022,Marcelo Brozović,Croatia,Midfielder,30.0,,,,,,66.66666666666666,16.7,,,,,,,,,,False,490.0,7.0,84.2,Veteran,,556.0,6.0,6.0,0.0,0.0,,0.0,1.0,0.0,88.1,Fjelstul World Cup Database via DataHub,https://datahub.io/football/worldcup
2022,Mario Pašalić,Croatia,Midfielder,27.0,,,,,,66.66666666666666,16.7,,,,,,,,,,True,0.0,0.0,,Prime,,275.0,2.0,7.0,5.0,0.0,,0.0,0.0,0.0,69.0,Fjelstul World Cup Database via DataHub,https://datahub.io/football/worldcup
2022,Marko Livaja,Croatia,Forward,29.0,,,,,,66.66666666666666,16.7,,,,,,,,,,True,0.0,0.0,,Prime,,241.0,3.0,6.0,3.0,1.0,,0.0,0.0,0.0,84.1,Fjelstul World Cup Database via DataHub,https://datahub.io/football/worldcup
2022,Martin Erlić,Croatia,Defender,24.0,,,,,,66.66666666666666,16.7,,,,,,,,,,True,0.0,0.0,,U25,,0.0,0.0,0.0,0.0,0.0,,0.0,0.0,0.0,0.0,Fjelstul World Cup Database via DataHub,https://datahub.io/football/worldcup
2022,Mateo Kovačić,Croatia,Midfielder,28.0,,,,,,66.66666666666666,16.7,,,,,,,,,,False,296.0,8.0,55.1,Prime,,647.0,7.0,7.0,0.0,0.0,,0.0,2.0,0.0,89.3,Fjelstul World Cup Database via DataHub,https://datahub.io/football/worldcup
2022,Mislav Oršić,Croatia,Forward,29.0,,,,,,66.66666666666666,16.7,,,,,,,,,,True,0.0,0.0,,Prime,,163.0,1.0,6.0,5.0,1.0,,0.0,0.0,0.0,77.2,Fjelstul World Cup Database via DataHub,https://datahub.io/football/worldcup
2022,Nikola Vlašić,Croatia,Midfielder,25.0,,,,,,66.66666666666666,16.7,,,,,,,,,,True,0.0,0.0,,U25,,211.0,1.0,6.0,5.0,0.0,,0.0,0.0,0.0,57.1,Fjelstul World Cup Database via DataHub,https://datahub.io/football/worldcup
2022,Alexander Bah,Denmark,Defender,24.0,,,,,,,100.0,,,,,,,,,,True,0.0,0.0,,U25,,45.0,0.0,2.0,2.0,0.0,,0.0,0.0,0.0,35.8,Fjelstul World Cup Database via DataHub,https://datahub.io/football/worldcup
2022,Andreas Christensen,Denmark,Defender,26.0,,,,,,,100.0,,,,,,,,,,False,309.0,4.0,78.1,Prime,,273.0,3.0,3.0,0.0,1.0,,0.0,1.0,0.0,95.7,Fjelstul World Cup Database via DataHub,https://datahub.io/football/worldcup
2022,Andreas Cornelius,Denmark,Forward,29.0,,,,,,,100.0,,,,,,,,,,False,163.0,3.0,63.7,Prime,,92.0,1.0,3.0,2.0,0.0,,0.0,1.0,0.0,56.1,Fjelstul World Cup Database via DataHub,https://datahub.io/football/worldcup
2022,Andreas Skov Olsen,Denmark,Midfielder,22.0,,,,,,,100.0,,,,,,,,,,True,0.0,0.0,,U23,,134.0,2.0,2.0,0.0,0.0,,0.0,0.0,0.0,53.3,Fjelstul World Cup Database via DataHub,https://datahub.io/football/worldcup
2022,Christian Eriksen,Denmark,Midfielder,30.0,,,,,,,100.0,,,,,,,,,,False,437.0,6.0,94.8,Veteran,,273.0,3.0,3.0,0.0,0.0,,0.0,0.0,0.0,75.1,Fjelstul World Cup Database via DataHub,https://datahub.io/football/worldcup
2022,Christian Nørgaard,Denmark,Midfielder,28.0,,,,,,,100.0,,,,,,,,,,True,0.0,0.0,,Prime,,8.0,0.0,1.0,1.0,0.0,,0.0,0.0,0.0,27.5,Fjelstul World Cup Database via DataHub,https://datahub.io/football/worldcup
2022,Daniel Wass,Denmark,Defender,33.0,,,,,,,100.0,,,,,,,,,,True,0.0,0.0,,Veteran,,0.0,0.0,0.0,0.0,0.0,,0.0,0.0,0.0,0.0,Fjelstul World Cup Database via DataHub,https://datahub.io/football/worldcup
2022,Frederik Rønnow,Denmark,Goalkeeper,30.0,,,,,,,100.0,,,,,,,,,,True,0.0,0.0,0.0,Veteran,,0.0,0.0,0.0,0.0,0.0,,0.0,0.0,0.0,0.0,Fjelstul World Cup Database via DataHub,https://datahub.io/football/worldcup
2022,Jens Stryger Larsen,Denmark,Defender,31.0,,,,,,,100.0,,,,,,,,,,False,272.0,3.0,74.1,Veteran,,0.0,0.0,0.0,0.0,0.0,,0.0,0.0,0.0,0.0,Fjelstul World Cup Database via DataHub,https://datahub.io/football/worldcup
2022,Jesper Lindstrøm,Denmark,Midfielder,22.0,,,,,,,100.0,,,,,,,,,,True,0.0,0.0,,U23,,200.0,2.0,3.0,1.0,0.0,,0.0,0.0,0.0,60.1,Fjelstul World Cup Database via DataHub,https://datahub.io/football/worldcup
2022,Joachim Andersen,Denmark,Defender,26.0,,,,,,,100.0,,,,,,,,,,True,0.0,0.0,,Prime,,273.0,3.0,3.0,0.0,0.0,,0.0,0.0,0.0,74.9,Fjelstul World Cup Database via DataHub,https://datahub.io/football/worldcup
2022,Joakim Mæhle,Denmark,Defender,25.0,,,,,,,100.0,,,,,,,,,,True,0.0,0.0,,U25,,252.0,3.0,3.0,0.0,0.0,,0.0,0.0,0.0,61.8,Fjelstul World Cup Database via DataHub,https://datahub.io/football/worldcup
2022,Jonas Wind,Denmark,Forward,23.0,,,,,,,100.0,,,,,,,,,,True,0.0,0.0,,U23,,0.0,0.0,0.0,0.0,0.0,,0.0,0.0,0.0,0.0,Fjelstul World Cup Database via DataHub,https://datahub.io/football/worldcup
2022,Kasper Dolberg,Denmark,Forward,25.0,,,,,,,100.0,,,,,,,,,,False,17.0,1.0,31.7,U25,,116.0,1.0,3.0,2.0,0.0,,0.0,0.0,0.0,57.7,Fjelstul World Cup Database via DataHub,https://datahub.io/football/worldcup
2022,Kasper Schmeichel,Denmark,Goalkeeper,36.0,,,,,,,100.0,,,,,,,,,,False,392.0,4.0,92.8,Veteran,,273.0,3.0,3.0,0.0,0.0,,1.0,0.0,0.0,86.5,Fjelstul World Cup Database via DataHub,https://datahub.io/football/worldcup
2022,Martin Braithwaite,Denmark,Forward,31.0,,,,,,,100.0,,,,,,,,,,False,252.0,4.0,69.5,Veteran,,106.0,1.0,2.0,1.0,0.0,,0.0,0.0,0.0,57.0,Fjelstul World Cup Database via DataHub,https://datahub.io/football/worldcup
2022,Mathias Jensen,Denmark,Midfielder,26.0,,,,,,,100.0,,,,,,,,,,True,0.0,0.0,,Prime,,84.0,1.0,2.0,1.0,0.0,,0.0,1.0,0.0,44.1,Fjelstul World Cup Database via DataHub,https://datahub.io/football/worldcup
2022,Mikkel Damsgaard,Denmark,Midfielder,22.0,,,,,,,100.0,,,,,,,,,,True,0.0,0.0,,U23,,148.0,1.0,3.0,2.0,0.0,,0.0,0.0,0.0,51.8,Fjelstul World Cup Database via DataHub,https://datahub.io/football/worldcup
2022,Oliver Christensen,Denmark,Goalkeeper,23.0,,,,,,,100.0,,,,,,,,,,True,0.0,0.0,,U23,,0.0,0.0,0.0,0.0,0.0,,0.0,0.0,0.0,0.0,Fjelstul World Cup Database via DataHub,https://datahub.io/football/worldcup
2022,Pierre-Emile Højbjerg,Denmark,Midfielder,27.0,,,,,,,100.0,,,,,,,,,,True,0.0,0.0,,Prime,,273.0,3.0,3.0,0.0,0.0,,0.0,0.0,0.0,75.1,Fjelstul World Cup Database via DataHub,https://datahub.io/football/worldcup
2022,Rasmus Kristensen,Denmark,Defender,25.0,,,,,,,100.0,,,,,,,,,,True,0.0,0.0,,U25,,228.0,3.0,3.0,0.0,0.0,,0.0,1.0,0.0,60.7,Fjelstul World Cup Database via DataHub,https://datahub.io/football/worldcup
2022,Robert Skov,Denmark,Midfielder,26.0,,,,,,,100.0,,,,,,,,,,True,0.0,0.0,,Prime,,21.0,0.0,1.0,1.0,0.0,,0.0,1.0,0.0,30.8,Fjelstul World Cup Database via DataHub,https://datahub.io/football/worldcup
2022,Simon Kjær,Denmark,Defender,33.0,,,,,,,100.0,,,,,,,,,,False,572.0,6.0,86.2,Veteran,,65.0,1.0,1.0,0.0,0.0,,0.0,0.0,0.0,38.4,Fjelstul World Cup Database via DataHub,https://datahub.io/football/worldcup
2022,Thomas Delaney,Denmark,Midfielder,31.0,,,,,,,100.0,,,,,,,,,,False,370.0,4.0,82.4,Veteran,,46.0,1.0,1.0,0.0,0.0,,0.0,0.0,0.0,39.1,Fjelstul World Cup Database via DataHub,https://datahub.io/football/worldcup
2022,Victor Nelsson,Denmark,Defender,24.0,,,,,,,100.0,,,,,,,,,,True,0.0,0.0,,U25,,93.0,1.0,1.0,0.0,0.0,,0.0,0.0,0.0,46.1,Fjelstul World Cup Database via DataHub,https://datahub.io/football/worldcup
2022,Yussuf Poulsen,Denmark,Forward,28.0,,,,,,,100.0,,,,,,,,,,False,269.0,3.0,85.8,Prime,,0.0,0.0,0.0,0.0,0.0,,0.0,0.0,0.0,0.0,Fjelstul World Cup Database via DataHub,https://datahub.io/football/worldcup
2022,Alan Franco,Ecuador,Midfielder,24.0,,,,,,,66.7,,,,,,,,,,True,0.0,0.0,,U25,,46.0,1.0,2.0,1.0,0.0,,0.0,0.0,0.0,39.1,Fjelstul World Cup Database via DataHub,https://datahub.io/football/worldcup
2022,Alexander Domínguez,Ecuador,Goalkeeper,35.0,,,,,,,66.7,,,,,,,,,,False,272.0,3.0,85.7,Veteran,,0.0,0.0,0.0,0.0,0.0,,0.0,0.0,0.0,0.0,Fjelstul World Cup Database via DataHub,https://datahub.io/football/worldcup
2022,Ayrton Preciado,Ecuador,Midfielder,28.0,,,,,,,66.7,,,,,,,,,,True,0.0,0.0,,Prime,,0.0,0.0,0.0,0.0,0.0,,0.0,0.0,0.0,0.0,Fjelstul World Cup Database via DataHub,https://datahub.io/football/worldcup
2022,Carlos Gruezo,Ecuador,Midfielder,27.0,,,,,,,66.7,,,,,,,,,,False,99.0,2.0,47.9,Prime,,46.0,1.0,1.0,0.0,0.0,,0.0,0.0,0.0,39.1,Fjelstul World Cup Database via DataHub,https://datahub.io/football/worldcup
2022,Diego Palacios,Ecuador,Defender,23.0,,,,,,,66.7,,,,,,,,,,True,0.0,0.0,,U23,,0.0,0.0,0.0,0.0,0.0,,0.0,0.0,0.0,0.0,Fjelstul World Cup Database via DataHub,https://datahub.io/football/worldcup
2022,Djorkaeff Reasco,Ecuador,Forward,23.0,,,,,,,66.7,,,,,,,,,,True,0.0,0.0,,U23,,31.0,0.0,1.0,1.0,0.0,,0.0,0.0,0.0,34.5,Fjelstul World Cup Database via DataHub,https://datahub.io/football/worldcup
2022,Enner Valencia,Ecuador,Forward,33.0,,,,,,,66.7,,,,,,,,,,False,272.0,3.0,91.8,Veteran,,262.0,3.0,3.0,0.0,3.0,,0.0,0.0,0.0,90.3,Fjelstul World Cup Database via DataHub,https://datahub.io/football/worldcup
2022,Félix Torres,Ecuador,Defender,25.0,,,,,,,66.7,,,,,,,,,,True,0.0,0.0,,U25,,275.0,3.0,3.0,0.0,0.0,,0.0,0.0,0.0,75.7,Fjelstul World Cup Database via DataHub,https://datahub.io/football/worldcup
2022,Gonzalo Plata,Ecuador,Midfielder,22.0,,,,,,,66.7,,,,,,,,,,True,0.0,0.0,,U23,,275.0,3.0,3.0,0.0,0.0,,0.0,0.0,0.0,75.5,Fjelstul World Cup Database via DataHub,https://datahub.io/football/worldcup
2022,Hernán Galíndez,Ecuador,Goalkeeper,35.0,,,,,,,66.7,,,,,,,,,,True,0.0,0.0,,Veteran,,275.0,3.0,3.0,0.0,0.0,,1.0,0.0,0.0,87.0,Fjelstul World Cup Database via DataHub,https://datahub.io/football/worldcup
2022,Jackson Porozo,Ecuador,Defender,22.0,,,,,,,66.7,,,,,,,,,,True,0.0,0.0,,U23,,100.0,1.0,2.0,1.0,0.0,,0.0,0.0,0.0,46.8,Fjelstul World Cup Database via DataHub,https://datahub.io/football/worldcup
2022,Jeremy Sarmiento,Ecuador,Midfielder,20.0,,,,,,,66.7,,,,,,,,,,True,0.0,0.0,,U21,,87.0,0.0,3.0,3.0,0.0,,0.0,0.0,0.0,37.7,Fjelstul World Cup Database via DataHub,https://datahub.io/football/worldcup
2022,José Cifuentes,Ecuador,Midfielder,23.0,,,,,,,66.7,,,,,,,,,,True,0.0,0.0,,U23,,62.0,0.0,2.0,2.0,0.0,,0.0,0.0,0.0,36.6,Fjelstul World Cup Database via DataHub,https://datahub.io/football/worldcup
2022,Kevin Rodríguez,Ecuador,Forward,22.0,,,,,,,66.7,,,,,,,,,,True,0.0,0.0,,U23,,0.0,0.0,2.0,2.0,0.0,,0.0,0.0,0.0,0.0,Fjelstul World Cup Database via DataHub,https://datahub.io/football/worldcup
2022,Michael Estrada,Ecuador,Forward,26.0,,,,,,,66.7,,,,,,,,,,True,0.0,0.0,,Prime,,228.0,3.0,3.0,0.0,0.0,,0.0,0.0,0.0,70.5,Fjelstul World Cup Database via DataHub,https://datahub.io/football/worldcup
2022,Moisés Caicedo,Ecuador,Midfielder,21.0,,,,,,,66.7,,,,,,,,,,True,0.0,0.0,,U21,,275.0,3.0,3.0,0.0,1.0,,0.0,1.0,0.0,91.3,Fjelstul World Cup Database via DataHub,https://datahub.io/football/worldcup
2022,Moisés Ramírez,Ecuador,Goalkeeper,22.0,,,,,,,66.7,,,,,,,,,,True,0.0,0.0,,U23,,0.0,0.0,0.0,0.0,0.0,,0.0,0.0,0.0,0.0,Fjelstul World Cup Database via DataHub,https://datahub.io/football/worldcup
2022,Pervis Estupiñán,Ecuador,Defender,24.0,,,,,,,66.7,,,,,,,,,,True,0.0,0.0,,U25,,275.0,3.0,3.0,0.0,0.0,,0.0,0.0,0.0,75.7,Fjelstul World Cup Database via DataHub,https://datahub.io/football/worldcup
2022,Piero Hincapié,Ecuador,Defender,20.0,,,,,,,66.7,,,,,,,,,,True,0.0,0.0,,U21,,275.0,3.0,3.0,0.0,0.0,,0.0,0.0,0.0,75.7,Fjelstul World Cup Database via DataHub,https://datahub.io/football/worldcup
2022,Robert Arboleda,Ecuador,Defender,31.0,,,,,,,66.7,,,,,,,,,,True,0.0,0.0,,Veteran,,0.0,0.0,0.0,0.0,0.0,,0.0,0.0,0.0,0.0,Fjelstul World Cup Database via DataHub,https://datahub.io/football/worldcup
2022,Romario Ibarra,Ecuador,Midfielder,28.0,,,,,,,66.7,,,,,,,,,,True,0.0,0.0,,Prime,,68.0,1.0,2.0,1.0,0.0,,0.0,0.0,0.0,42.4,Fjelstul World Cup Database via DataHub,https://datahub.io/football/worldcup
2022,Sebas Méndez,Ecuador,Midfielder,25.0,,,,,,,66.7,,,,,,,,,,True,0.0,0.0,,U25,,180.0,2.0,2.0,0.0,0.0,,0.0,2.0,0.0,57.9,Fjelstul World Cup Database via DataHub,https://datahub.io/football/worldcup
2022,William Pacho,Ecuador,Defender,21.0,,,,,,,66.7,,,,,,,,,,True,0.0,0.0,,U21,,0.0,0.0,0.0,0.0,0.0,,0.0,0.0,0.0,0.0,Fjelstul World Cup Database via DataHub,https://datahub.io/football/worldcup
2022,Xavier Arreaga,Ecuador,Defender,28.0,,,,,,,66.7,,,,,,,,,,True,0.0,0.0,,Prime,,0.0,0.0,0.0,0.0,0.0,,0.0,0.0,0.0,0.0,Fjelstul World Cup Database via DataHub,https://datahub.io/football/worldcup
2022,Ángel Mena,Ecuador,Midfielder,34.0,,,,,,,66.7,,,,,,,,,,True,0.0,0.0,,Veteran,,0.0,0.0,0.0,0.0,0.0,,0.0,0.0,0.0,0.0,Fjelstul World Cup Database via DataHub,https://datahub.io/football/worldcup
2022,Ángelo Preciado,Ecuador,Defender,24.0,,,,,,,66.7,,,,,,,,,,True,0.0,0.0,,U25,,265.0,3.0,3.0,0.0,0.0,,0.0,0.0,0.0,62.9,Fjelstul World Cup Database via DataHub,https://datahub.io/football/worldcup
2022,Aaron Ramsdale,England,Goalkeeper,24.0,,,,,,0.0,100.0,,,,,,,,,,True,0.0,0.0,,U25,,0.0,0.0,0.0,0.0,0.0,,0.0,0.0,0.0,0.0,Fjelstul World Cup Database via DataHub,https://datahub.io/football/worldcup
2022,Ben White,England,Defender,25.0,,,,,,0.0,100.0,,,,,,,,,,True,0.0,0.0,,U25,,0.0,0.0,0.0,0.0,0.0,,0.0,0.0,0.0,0.0,Fjelstul World Cup Database via DataHub,https://datahub.io/football/worldcup
2022,Bukayo Saka,England,Forward,21.0,,,,,,0.0,100.0,,,,,,,,,,True,0.0,0.0,,U21,,291.0,4.0,4.0,0.0,3.0,,0.0,0.0,0.0,93.4,Fjelstul World Cup Database via DataHub,https://datahub.io/football/worldcup
2022,Callum Wilson,England,Forward,30.0,,,,,,0.0,100.0,,,,,,,,,,True,0.0,0.0,,Veteran,,48.0,0.0,2.0,2.0,0.0,,0.0,0.0,0.0,37.5,Fjelstul World Cup Database via DataHub,https://datahub.io/football/worldcup
2022,Conor Coady,England,Defender,29.0,,,,,,0.0,100.0,,,,,,,,,,True,0.0,0.0,,Prime,,0.0,0.0,0.0,0.0,0.0,,0.0,0.0,0.0,0.0,Fjelstul World Cup Database via DataHub,https://datahub.io/football/worldcup
2022,Conor Gallagher,England,Midfielder,22.0,,,,,,0.0,100.0,,,,,,,,,,True,0.0,0.0,,U23,,0.0,0.0,0.0,0.0,0.0,,0.0,0.0,0.0,0.0,Fjelstul World Cup Database via DataHub,https://datahub.io/football/worldcup
2022,Declan Rice,England,Midfielder,23.0,,,,,,0.0,100.0,,,,,,,,,,True,0.0,0.0,,U23,,425.0,5.0,5.0,0.0,0.0,,0.0,0.0,0.0,84.7,Fjelstul World Cup Database via DataHub,https://datahub.io/football/worldcup
2022,Eric Dier,England,Defender,28.0,,,,,,0.0,100.0,,,,,,,,,,False,248.0,6.0,63.2,Prime,,34.0,0.0,2.0,2.0,0.0,,0.0,0.0,0.0,34.9,Fjelstul World Cup Database via DataHub,https://datahub.io/football/worldcup
2022,Harry Kane,England,Forward,29.0,,,,,,0.0,100.0,,,,,,,,,,False,577.0,6.0,99.4,Prime,,410.0,5.0,5.0,0.0,2.0,,0.0,0.0,0.0,95.0,Fjelstul World Cup Database via DataHub,https://datahub.io/football/worldcup
2022,Harry Maguire,England,Defender,29.0,,,,,,0.0,100.0,,,,,,,,,,False,648.0,7.0,99.2,Prime,,438.0,5.0,5.0,0.0,0.0,,0.0,1.0,0.0,87.6,Fjelstul World Cup Database via DataHub,https://datahub.io/football/worldcup
2022,Jack Grealish,England,Forward,27.0,,,,,,0.0,100.0,,,,,,,,,,True,0.0,0.0,,Prime,,82.0,0.0,5.0,5.0,1.0,,0.0,0.0,0.0,64.8,Fjelstul World Cup Database via DataHub,https://datahub.io/football/worldcup
2022,James Maddison,England,Midfielder,25.0,,,,,,0.0,100.0,,,,,,,,,,True,0.0,0.0,,U25,,0.0,0.0,0.0,0.0,0.0,,0.0,0.0,0.0,0.0,Fjelstul World Cup Database via DataHub,https://datahub.io/football/worldcup
2022,John Stones,England,Defender,28.0,,,,,,0.0,100.0,,,,,,,,,,False,650.0,7.0,100.0,Prime,,444.0,5.0,5.0,0.0,0.0,,0.0,0.0,0.0,87.7,Fjelstul World Cup Database via DataHub,https://datahub.io/football/worldcup
2022,Jordan Henderson,England,Midfielder,32.0,,,,,,0.0,100.0,,,,,,,,,,False,645.0,7.0,86.2,Veteran,,273.0,3.0,4.0,1.0,1.0,,0.0,0.0,0.0,91.2,Fjelstul World Cup Database via DataHub,https://datahub.io/football/worldcup
2022,Jordan Pickford,England,Goalkeeper,28.0,,,,,,0.0,100.0,,,,,,,,,,False,694.0,7.0,96.1,Prime,,458.0,5.0,5.0,0.0,0.0,,3.0,0.0,0.0,95.7,Fjelstul World Cup Database via DataHub,https://datahub.io/football/worldcup
2022,Jude Bellingham,England,Midfielder,19.0,,,,,,0.0,100.0,,,,,,,,,,True,0.0,0.0,,U21,,422.0,5.0,5.0,0.0,1.0,,0.0,0.0,0.0,95.7,Fjelstul World Cup Database via DataHub,https://datahub.io/football/worldcup
2022,Kalvin Phillips,England,Midfielder,26.0,,,,,,0.0,100.0,,,,,,,,,,True,0.0,0.0,,Prime,,41.0,0.0,2.0,2.0,0.0,,0.0,0.0,0.0,34.0,Fjelstul World Cup Database via DataHub,https://datahub.io/football/worldcup
2022,Kieran Trippier,England,Defender,32.0,,,,,,0.0,100.0,,,,,,,,,,False,584.0,6.0,98.9,Veteran,,205.0,2.0,3.0,1.0,0.0,,0.0,0.0,0.0,58.2,Fjelstul World Cup Database via DataHub,https://datahub.io/football/worldcup
2022,Kyle Walker,England,Defender,32.0,,,,,,0.0,100.0,,,,,,,,,,False,499.0,5.0,90.4,Veteran,,245.0,3.0,3.0,0.0,0.0,,0.0,0.0,0.0,61.5,Fjelstul World Cup Database via DataHub,https://datahub.io/football/worldcup
2022,Luke Shaw,England,Defender,27.0,,,,,,0.0,100.0,,,,,,,,,,False,90.0,1.0,42.2,Prime,,433.0,5.0,5.0,0.0,0.0,,0.0,0.0,0.0,87.5,Fjelstul World Cup Database via DataHub,https://datahub.io/football/worldcup
2022,Marcus Rashford,England,Forward,25.0,,,,,,0.0,100.0,,,,,,,,,,False,212.0,6.0,64.9,U25,,146.0,1.0,5.0,4.0,3.0,,0.0,0.0,0.0,81.9,Fjelstul World Cup Database via DataHub,https://datahub.io/football/worldcup
2022,Mason Mount,England,Midfielder,23.0,,,,,,0.0,100.0,,,,,,,,,,True,0.0,0.0,,U23,,193.0,2.0,4.0,2.0,0.0,,0.0,0.0,0.0,59.7,Fjelstul World Cup Database via DataHub,https://datahub.io/football/worldcup
2022,Nick Pope,England,Goalkeeper,30.0,,,,,,0.0,100.0,,,,,,,,,,True,0.0,0.0,0.0,Veteran,,0.0,0.0,0.0,0.0,0.0,,0.0,0.0,0.0,0.0,Fjelstul World Cup Database via DataHub,https://datahub.io/football/worldcup
2022,Phil Foden,England,Midfielder,22.0,,,,,,0.0,100.0,,,,,,,,,,True,0.0,0.0,,U23,,260.0,3.0,4.0,1.0,1.0,,0.0,0.0,0.0,88.3,Fjelstul World Cup Database via DataHub,https://datahub.io/football/worldcup
2022,Raheem Sterling,England,Forward,27.0,,,,,,0.0,100.0,,,,,,,,,,False,639.0,9.0,81.9,Prime,,157.0,2.0,3.0,1.0,1.0,,0.0,0.0,0.0,78.7,Fjelstul World Cup Database via DataHub,https://datahub.io/football/worldcup
2022,Trent Alexander-Arnold,England,Defender,24.0,,,,,,0.0,100.0,,,,,,,,,,False,79.0,1.0,38.9,U25,,33.0,0.0,1.0,1.0,0.0,,0.0,0.0,0.0,34.8,Fjelstul World Cup Database via DataHub,https://datahub.io/football/worldcup
2022,Adrien Rabiot,France,Midfielder,27.0,,,,,,100.0,,,,,,,,,,,True,0.0,0.0,,Prime,,496.0,5.0,6.0,1.0,1.0,,0.0,1.0,0.0,96.6,Fjelstul World Cup Database via DataHub,https://datahub.io/football/worldcup
2022,Alphonse Areola,France,Goalkeeper,29.0,,,,,,100.0,,,,,,,,,,,True,0.0,0.0,0.0,Prime,,0.0,0.0,0.0,0.0,0.0,,0.0,0.0,0.0,0.0,Fjelstul World Cup Database via DataHub,https://datahub.io/football/worldcup
2022,Antoine Griezmann,France,Forward,31.0,,,,,,100.0,,,,,,,,,,,False,877.0,12.0,99.2,Veteran,,551.0,6.0,7.0,1.0,0.0,,0.0,1.0,0.0,82.6,Fjelstul World Cup Database via DataHub,https://datahub.io/football/worldcup
2022,Aurélien Tchouaméni,France,Midfielder,22.0,,,,,,100.0,,,,,,,,,,,True,0.0,0.0,,U23,,635.0,7.0,7.0,0.0,1.0,,0.0,1.0,0.0,98.4,Fjelstul World Cup Database via DataHub,https://datahub.io/football/worldcup
2022,Axel Disasi,France,Defender,24.0,,,,,,100.0,,,,,,,,,,,True,0.0,0.0,,U25,,90.0,1.0,3.0,2.0,0.0,,0.0,0.0,0.0,42.2,Fjelstul World Cup Database via DataHub,https://datahub.io/football/worldcup
2022,Benjamin Pavard,France,Defender,26.0,,,,,,100.0,,,,,,,,,,,False,544.0,6.0,98.7,Prime,,89.0,1.0,1.0,0.0,0.0,,0.0,0.0,0.0,39.4,Fjelstul World Cup Database via DataHub,https://datahub.io/football/worldcup
2022,Dayot Upamecano,France,Defender,24.0,,,,,,100.0,,,,,,,,,,,True,0.0,0.0,,U25,,494.0,5.0,5.0,0.0,0.0,,0.0,0.0,0.0,90.4,Fjelstul World Cup Database via DataHub,https://datahub.io/football/worldcup
2022,Eduardo Camavinga,France,Midfielder,20.0,,,,,,100.0,,,,,,,,,,,True,0.0,0.0,,U21,,140.0,1.0,2.0,1.0,0.0,,0.0,0.0,0.0,51.1,Fjelstul World Cup Database via DataHub,https://datahub.io/football/worldcup
2022,Hugo Lloris,France,Goalkeeper,35.0,,,,,,100.0,,,,,,,,,,,False,1271.0,14.0,97.2,Veteran,,584.0,6.0,6.0,0.0,0.0,,1.0,0.0,0.0,94.2,Fjelstul World Cup Database via DataHub,https://datahub.io/football/worldcup
2022,Ibrahima Konaté,France,Defender,23.0,,,,,,100.0,,,,,,,,,,,True,0.0,0.0,,U23,,296.0,3.0,5.0,2.0,0.0,,0.0,0.0,0.0,76.7,Fjelstul World Cup Database via DataHub,https://datahub.io/football/worldcup
2022,Jordan Veretout,France,Midfielder,29.0,,,,,,100.0,,,,,,,,,,,True,0.0,0.0,,Prime,,63.0,1.0,1.0,0.0,0.0,,0.0,0.0,0.0,41.6,Fjelstul World Cup Database via DataHub,https://datahub.io/football/worldcup
2022,Jules Koundé,France,Defender,24.0,,,,,,100.0,,,,,,,,,,,True,0.0,0.0,,U25,,495.0,5.0,6.0,1.0,0.0,,0.0,1.0,0.0,90.4,Fjelstul World Cup Database via DataHub,https://datahub.io/football/worldcup
2022,Karim Benzema,France,Forward,34.0,,,,,,100.0,,,,,,,,,,,False,457.0,5.0,97.0,Veteran,,0.0,0.0,0.0,0.0,0.0,,0.0,0.0,0.0,0.0,Fjelstul World Cup Database via DataHub,https://datahub.io/football/worldcup
2022,Kingsley Coman,France,Forward,26.0,,,,,,100.0,,,,,,,,,,,True,0.0,0.0,,Prime,,179.0,1.0,6.0,5.0,0.0,,0.0,0.0,0.0,62.3,Fjelstul World Cup Database via DataHub,https://datahub.io/football/worldcup
2022,Kylian Mbappé,France,Forward,23.0,,,,,,100.0,,,,,,,,,,,False,537.0,7.0,98.4,U23,,611.0,6.0,7.0,1.0,8.0,,0.0,0.0,0.0,99.7,Fjelstul World Cup Database via DataHub,https://datahub.io/football/worldcup
2022,Lucas Hernandez,France,Defender,26.0,,,,,,100.0,,,,,,,,,,,False,594.0,7.0,93.8,Prime,,13.0,1.0,1.0,0.0,0.0,,0.0,0.0,0.0,36.8,Fjelstul World Cup Database via DataHub,https://datahub.io/football/worldcup
2022,Marcus Thuram,France,Forward,25.0,,,,,,100.0,,,,,,,,,,,True,0.0,0.0,,U25,,152.0,0.0,5.0,5.0,0.0,,0.0,1.0,0.0,49.6,Fjelstul World Cup Database via DataHub,https://datahub.io/football/worldcup
2022,Matteo Guendouzi,France,Midfielder,23.0,,,,,,100.0,,,,,,,,,,,True,0.0,0.0,,U23,,79.0,1.0,1.0,0.0,0.0,,0.0,0.0,0.0,43.6,Fjelstul World Cup Database via DataHub,https://datahub.io/football/worldcup
2022,Olivier Giroud,France,Forward,36.0,,,,,,100.0,,,,,,,,,,,False,720.0,12.0,82.6,Veteran,,432.0,6.0,6.0,0.0,4.0,,0.0,1.0,0.0,97.5,Fjelstul World Cup Database via DataHub,https://datahub.io/football/worldcup
2022,Ousmane Dembélé,France,Forward,25.0,,,,,,100.0,,,,,,,,,,,False,168.0,4.0,64.0,U25,,437.0,6.0,7.0,1.0,0.0,,0.0,1.0,0.0,81.7,Fjelstul World Cup Database via DataHub,https://datahub.io/football/worldcup
2022,Randal Kolo Muani,France,Forward,23.0,,,,,,100.0,,,,,,,,,,,True,0.0,0.0,,U23,,182.0,1.0,3.0,2.0,1.0,,0.0,0.0,0.0,78.5,Fjelstul World Cup Database via DataHub,https://datahub.io/football/worldcup
2022,Raphaël Varane,France,Defender,29.0,,,,,,100.0,,,,,,,,,,,False,1032.0,12.0,99.6,Prime,,531.0,6.0,6.0,0.0,0.0,,0.0,0.0,0.0,91.4,Fjelstul World Cup Database via DataHub,https://datahub.io/football/worldcup
2022,Steve Mandanda,France,Goalkeeper,37.0,,,,,,100.0,,,,,,,,,,,False,92.0,1.0,81.2,Veteran,,90.0,1.0,1.0,0.0,0.0,,0.0,0.0,0.0,68.3,Fjelstul World Cup Database via DataHub,https://datahub.io/football/worldcup
2022,Théo Hernandez,France,Defender,25.0,,,,,,100.0,,,,,,,,,,,True,0.0,0.0,,U25,,521.0,5.0,6.0,1.0,1.0,,0.0,1.0,0.0,98.2,Fjelstul World Cup Database via DataHub,https://datahub.io/football/worldcup
2022,William Saliba,France,Defender,21.0,,,,,,100.0,,,,,,,,,,,True,0.0,0.0,,U21,,27.0,0.0,1.0,1.0,0.0,,0.0,0.0,0.0,34.4,Fjelstul World Cup Database via DataHub,https://datahub.io/football/worldcup
2022,Youssouf Fofana,France,Midfielder,23.0,,,,,,100.0,,,,,,,,,,,True,0.0,0.0,,U23,,227.0,2.0,6.0,4.0,0.0,,0.0,0.0,0.0,62.2,Fjelstul World Cup Database via DataHub,https://datahub.io/football/worldcup
2022,Antonio Rüdiger,Germany,Defender,29.0,,,,,,0.0,83.3,,,,,,,,,,False,90.0,1.0,42.2,Prime,,273.0,3.0,3.0,0.0,0.0,,0.0,0.0,0.0,74.9,Fjelstul World Cup Database via DataHub,https://datahub.io/football/worldcup
2022,Armel Bella-Kotchap,Germany,Defender,20.0,,,,,,0.0,83.3,,,,,,,,,,True,0.0,0.0,,U21,,0.0,0.0,0.0,0.0,0.0,,0.0,0.0,0.0,0.0,Fjelstul World Cup Database via DataHub,https://datahub.io/football/worldcup
2022,Christian Günter,Germany,Defender,29.0,,,,,,0.0,83.3,,,,,,,,,,True,0.0,0.0,,Prime,,0.0,0.0,0.0,0.0,0.0,,0.0,0.0,0.0,0.0,Fjelstul World Cup Database via DataHub,https://datahub.io/football/worldcup
2022,David Raum,Germany,Defender,24.0,,,,,,0.0,83.3,,,,,,,,,,True,0.0,0.0,,U25,,243.0,3.0,3.0,0.0,0.0,,0.0,0.0,0.0,61.3,Fjelstul World Cup Database via DataHub,https://datahub.io/football/worldcup
2022,Jamal Musiala,Germany,Midfielder,19.0,,,,,,0.0,83.3,,,,,,,,,,True,0.0,0.0,,U21,,262.0,3.0,3.0,0.0,0.0,,0.0,0.0,0.0,68.2,Fjelstul World Cup Database via DataHub,https://datahub.io/football/worldcup
2022,Jonas Hofmann,Germany,Midfielder,30.0,,,,,,0.0,83.3,,,,,,,,,,True,0.0,0.0,,Veteran,,28.0,0.0,2.0,2.0,0.0,,0.0,0.0,0.0,32.1,Fjelstul World Cup Database via DataHub,https://datahub.io/football/worldcup
2022,Joshua Kimmich,Germany,Midfielder,27.0,,,,,,0.0,83.3,,,,,,,,,,False,270.0,3.0,67.9,Prime,,273.0,3.0,3.0,0.0,0.0,,0.0,1.0,0.0,75.1,Fjelstul World Cup Database via DataHub,https://datahub.io/football/worldcup
2022,Julian Brandt,Germany,Midfielder,26.0,,,,,,0.0,83.3,,,,,,,,,,False,19.0,3.0,30.3,Prime,,0.0,0.0,0.0,0.0,0.0,,0.0,0.0,0.0,0.0,Fjelstul World Cup Database via DataHub,https://datahub.io/football/worldcup
2022,Kai Havertz,Germany,Forward,23.0,,,,,,0.0,83.3,,,,,,,,,,True,0.0,0.0,,U23,,106.0,1.0,2.0,1.0,2.0,,0.0,0.0,0.0,78.2,Fjelstul World Cup Database via DataHub,https://datahub.io/football/worldcup
2022,Karim Adeyemi,Germany,Forward,20.0,,,,,,0.0,83.3,,,,,,,,,,True,0.0,0.0,,U21,,0.0,0.0,0.0,0.0,0.0,,0.0,0.0,0.0,0.0,Fjelstul World Cup Database via DataHub,https://datahub.io/football/worldcup
2022,Kevin Trapp,Germany,Goalkeeper,32.0,,,,,,0.0,83.3,,,,,,,,,,True,0.0,0.0,0.0,Veteran,,0.0,0.0,0.0,0.0,0.0,,0.0,0.0,0.0,0.0,Fjelstul World Cup Database via DataHub,https://datahub.io/football/worldcup
2022,Leon Goretzka,Germany,Midfielder,27.0,,,,,,0.0,83.3,,,,,,,,,,False,63.0,1.0,41.6,Prime,,159.0,2.0,3.0,1.0,0.0,,0.0,1.0,0.0,55.6,Fjelstul World Cup Database via DataHub,https://datahub.io/football/worldcup
2022,Leroy Sané,Germany,Midfielder,26.0,,,,,,0.0,83.3,,,,,,,,,,True,0.0,0.0,,Prime,,113.0,1.0,2.0,1.0,0.0,,0.0,0.0,0.0,49.3,Fjelstul World Cup Database via DataHub,https://datahub.io/football/worldcup
2022,Lukas Klostermann,Germany,Defender,26.0,,,,,,0.0,83.3,,,,,,,,,,True,0.0,0.0,,Prime,,67.0,0.0,2.0,2.0,0.0,,0.0,0.0,0.0,36.4,Fjelstul World Cup Database via DataHub,https://datahub.io/football/worldcup
2022,Manuel Neuer,Germany,Goalkeeper,36.0,,,,,,0.0,83.3,,,,,,,,,,False,1508.0,16.0,76.1,Veteran,,273.0,3.0,3.0,0.0,0.0,,0.0,0.0,0.0,79.0,Fjelstul World Cup Database via DataHub,https://datahub.io/football/worldcup
2022,Marc-André ter Stegen,Germany,Goalkeeper,30.0,,,,,,0.0,83.3,,,,,,,,,,True,0.0,0.0,0.0,Veteran,,0.0,0.0,0.0,0.0,0.0,,0.0,0.0,0.0,0.0,Fjelstul World Cup Database via DataHub,https://datahub.io/football/worldcup
2022,Mario Götze,Germany,Midfielder,30.0,,,,,,0.0,83.3,,,,,,,,,,False,261.0,6.0,90.8,Veteran,,38.0,0.0,2.0,2.0,0.0,,0.0,0.0,0.0,33.6,Fjelstul World Cup Database via DataHub,https://datahub.io/football/worldcup
2022,Matthias Ginter,Germany,Defender,28.0,,,,,,0.0,83.3,,,,,,,,,,True,0.0,0.0,0.0,Prime,,0.0,0.0,1.0,1.0,0.0,,0.0,0.0,0.0,0.0,Fjelstul World Cup Database via DataHub,https://datahub.io/football/worldcup
2022,Niclas Füllkrug,Germany,Forward,29.0,,,,,,0.0,83.3,,,,,,,,,,True,0.0,0.0,,Prime,,69.0,0.0,3.0,3.0,2.0,,0.0,0.0,0.0,68.8,Fjelstul World Cup Database via DataHub,https://datahub.io/football/worldcup
2022,Nico Schlotterbeck,Germany,Defender,22.0,,,,,,0.0,83.3,,,,,,,,,,True,0.0,0.0,,U23,,93.0,1.0,2.0,1.0,0.0,,0.0,0.0,0.0,46.1,Fjelstul World Cup Database via DataHub,https://datahub.io/football/worldcup
2022,Niklas Süle,Germany,Defender,27.0,,,,,,0.0,83.3,,,,,,,,,,False,90.0,1.0,42.2,Prime,,273.0,3.0,3.0,0.0,0.0,,0.0,0.0,0.0,74.9,Fjelstul World Cup Database via DataHub,https://datahub.io/football/worldcup
2022,Serge Gnabry,Germany,Forward,27.0,,,,,,0.0,83.3,,,,,,,,,,True,0.0,0.0,,Prime,,268.0,3.0,3.0,0.0,1.0,,0.0,0.0,0.0,85.6,Fjelstul World Cup Database via DataHub,https://datahub.io/football/worldcup
2022,Thilo Kehrer,Germany,Defender,26.0,,,,,,0.0,83.3,,,,,,,,,,True,0.0,0.0,,Prime,,70.0,1.0,1.0,0.0,0.0,,0.0,1.0,0.0,38.6,Fjelstul World Cup Database via DataHub,https://datahub.io/football/worldcup
2022,Thomas Müller,Germany,Midfielder,33.0,,,,,,0.0,83.3,,,,,,,,,,False,1366.0,16.0,60.6,Veteran,,203.0,3.0,3.0,0.0,0.0,,0.0,0.0,0.0,63.3,Fjelstul World Cup Database via DataHub,https://datahub.io/football/worldcup
2022,Youssoufa Moukoko,Germany,Forward,17.0,,,,,,0.0,83.3,,,,,,,,,,True,0.0,0.0,,U21,,0.0,0.0,1.0,1.0,0.0,,0.0,0.0,0.0,0.0,Fjelstul World Cup Database via DataHub,https://datahub.io/football/worldcup
2022,İlkay Gündoğan,Germany,Midfielder,32.0,,,,,,0.0,83.3,,,,,,,,,,False,59.0,1.0,36.3,Veteran,,192.0,3.0,3.0,0.0,1.0,,0.0,0.0,0.0,84.1,Fjelstul World Cup Database via DataHub,https://datahub.io/football/worldcup
2022,Abdul Fatawu Issahaku,Ghana,Midfielder,18.0,,,,,,,0.0,,,,,,,,,,True,0.0,0.0,,U21,,0.0,0.0,1.0,1.0,0.0,,0.0,0.0,0.0,0.0,Fjelstul World Cup Database via DataHub,https://datahub.io/football/worldcup
2022,Abdul Manaf Nurudeen,Ghana,Goalkeeper,23.0,,,,,,,0.0,,,,,,,,,,True,0.0,0.0,,U23,,0.0,0.0,0.0,0.0,0.0,,0.0,0.0,0.0,0.0,Fjelstul World Cup Database via DataHub,https://datahub.io/football/worldcup
2022,Alexander Djiku,Ghana,Defender,28.0,,,,,,,0.0,,,,,,,,,,True,0.0,0.0,,Prime,,101.0,1.0,2.0,1.0,0.0,,0.0,0.0,0.0,46.9,Fjelstul World Cup Database via DataHub,https://datahub.io/football/worldcup
2022,Alidu Seidu,Ghana,Defender,22.0,,,,,,,0.0,,,,,,,,,,True,0.0,0.0,,U23,,164.0,2.0,2.0,0.0,0.0,,0.0,2.0,0.0,51.8,Fjelstul World Cup Database via DataHub,https://datahub.io/football/worldcup
2022,André Ayew,Ghana,Forward,32.0,,,,,,,0.0,,,,,,,,,,False,656.0,7.0,90.8,Veteran,,201.0,3.0,3.0,0.0,1.0,,0.0,1.0,0.0,82.6,Fjelstul World Cup Database via DataHub,https://datahub.io/football/worldcup
2022,Antoine Semenyo,Ghana,Forward,22.0,,,,,,,0.0,,,,,,,,,,True,0.0,0.0,,U23,,26.0,0.0,2.0,2.0,0.0,,0.0,0.0,0.0,33.5,Fjelstul World Cup Database via DataHub,https://datahub.io/football/worldcup
2022,Baba Rahman,Ghana,Defender,28.0,,,,,,,0.0,,,,,,,,,,True,0.0,0.0,,Prime,,194.0,2.0,3.0,1.0,0.0,,0.0,0.0,0.0,57.8,Fjelstul World Cup Database via DataHub,https://datahub.io/football/worldcup
2022,Daniel Afriyie,Ghana,Midfielder,21.0,,,,,,,0.0,,,,,,,,,,True,0.0,0.0,,U21,,0.0,0.0,0.0,0.0,0.0,,0.0,0.0,0.0,0.0,Fjelstul World Cup Database via DataHub,https://datahub.io/football/worldcup
2022,Daniel Amartey,Ghana,Defender,27.0,,,,,,,0.0,,,,,,,,,,True,0.0,0.0,,Prime,,282.0,3.0,3.0,0.0,0.0,,0.0,1.0,0.0,76.3,Fjelstul World Cup Database via DataHub,https://datahub.io/football/worldcup
2022,Daniel-Kofi Kyereh,Ghana,Midfielder,26.0,,,,,,,0.0,,,,,,,,,,True,0.0,0.0,,Prime,,40.0,0.0,3.0,3.0,0.0,,0.0,0.0,0.0,33.9,Fjelstul World Cup Database via DataHub,https://datahub.io/football/worldcup
2022,Denis Odoi,Ghana,Defender,34.0,,,,,,,0.0,,,,,,,,,,True,0.0,0.0,,Veteran,,14.0,0.0,1.0,1.0,0.0,,0.0,0.0,0.0,33.3,Fjelstul World Cup Database via DataHub,https://datahub.io/football/worldcup
2022,Elisha Owusu,Ghana,Midfielder,25.0,,,,,,,0.0,,,,,,,,,,True,0.0,0.0,,U25,,0.0,0.0,0.0,0.0,0.0,,0.0,0.0,0.0,0.0,Fjelstul World Cup Database via DataHub,https://datahub.io/football/worldcup
2022,Gideon Mensah,Ghana,Defender,24.0,,,,,,,0.0,,,,,,,,,,True,0.0,0.0,,U25,,88.0,1.0,1.0,0.0,0.0,,0.0,0.0,0.0,39.4,Fjelstul World Cup Database via DataHub,https://datahub.io/football/worldcup
2022,Ibrahim Danlad,Ghana,Goalkeeper,19.0,,,,,,,0.0,,,,,,,,,,True,0.0,0.0,,U21,,0.0,0.0,0.0,0.0,0.0,,0.0,0.0,0.0,0.0,Fjelstul World Cup Database via DataHub,https://datahub.io/football/worldcup
2022,Iñaki Williams,Ghana,Forward,28.0,,,,,,,0.0,,,,,,,,,,True,0.0,0.0,,Prime,,256.0,3.0,3.0,0.0,0.0,,0.0,1.0,0.0,72.3,Fjelstul World Cup Database via DataHub,https://datahub.io/football/worldcup
2022,Jordan Ayew,Ghana,Forward,31.0,,,,,,,0.0,,,,,,,,,,False,116.0,3.0,57.7,Veteran,,139.0,2.0,3.0,1.0,0.0,,0.0,0.0,0.0,62.2,Fjelstul World Cup Database via DataHub,https://datahub.io/football/worldcup
2022,Joseph Aidoo,Ghana,Defender,27.0,,,,,,,0.0,,,,,,,,,,True,0.0,0.0,,Prime,,0.0,0.0,0.0,0.0,0.0,,0.0,0.0,0.0,0.0,Fjelstul World Cup Database via DataHub,https://datahub.io/football/worldcup
2022,Kamal Sowah,Ghana,Midfielder,22.0,,,,,,,0.0,,,,,,,,,,True,0.0,0.0,,U23,,0.0,0.0,0.0,0.0,0.0,,0.0,0.0,0.0,0.0,Fjelstul World Cup Database via DataHub,https://datahub.io/football/worldcup
2022,Kamaldeen Sulemana,Ghana,Midfielder,20.0,,,,,,,0.0,,,,,,,,,,True,0.0,0.0,,U21,,66.0,0.0,2.0,2.0,0.0,,0.0,1.0,0.0,36.9,Fjelstul World Cup Database via DataHub,https://datahub.io/football/worldcup
2022,Lawrence Ati-Zigi,Ghana,Goalkeeper,25.0,,,,,,,0.0,,,,,,,,,,True,0.0,0.0,,U25,,282.0,3.0,3.0,0.0,0.0,,0.0,0.0,0.0,79.3,Fjelstul World Cup Database via DataHub,https://datahub.io/football/worldcup
2022,Mohammed Kudus,Ghana,Midfielder,22.0,,,,,,,0.0,,,,,,,,,,True,0.0,0.0,,U23,,258.0,3.0,3.0,0.0,2.0,,0.0,1.0,0.0,90.7,Fjelstul World Cup Database via DataHub,https://datahub.io/football/worldcup
2022,Mohammed Salisu,Ghana,Defender,23.0,,,,,,,0.0,,,,,,,,,,True,0.0,0.0,,U23,,282.0,3.0,3.0,0.0,1.0,,0.0,0.0,0.0,95.9,Fjelstul World Cup Database via DataHub,https://datahub.io/football/worldcup
2022,Osman Bukari,Ghana,Midfielder,23.0,,,,,,,0.0,,,,,,,,,,True,0.0,0.0,,U23,,67.0,0.0,2.0,2.0,1.0,,0.0,0.0,0.0,59.7,Fjelstul World Cup Database via DataHub,https://datahub.io/football/worldcup
2022,Salis Abdul Samed,Ghana,Midfielder,22.0,,,,,,,0.0,,,,,,,,,,True,0.0,0.0,,U23,,256.0,3.0,3.0,0.0,0.0,,0.0,0.0,0.0,67.5,Fjelstul World Cup Database via DataHub,https://datahub.io/football/worldcup
2022,Tariq Lamptey,Ghana,Defender,22.0,,,,,,,0.0,,,,,,,,,,True,0.0,0.0,,U23,,104.0,1.0,2.0,1.0,0.0,,0.0,1.0,0.0,47.2,Fjelstul World Cup Database via DataHub,https://datahub.io/football/worldcup
2022,Thomas Partey,Ghana,Midfielder,29.0,,,,,,,0.0,,,,,,,,,,True,0.0,0.0,,Prime,,282.0,3.0,3.0,0.0,0.0,,0.0,0.0,0.0,75.9,Fjelstul World Cup Database via DataHub,https://datahub.io/football/worldcup
2022,Abolfazl Jalali,Iran,Defender,24.0,,,,,,,50.0,,,,,,,,,,True,0.0,0.0,,U25,,19.0,0.0,1.0,1.0,0.0,,0.0,1.0,0.0,34.0,Fjelstul World Cup Database via DataHub,https://datahub.io/football/worldcup
2022,Ahmad Nourollahi,Iran,Midfielder,29.0,,,,,,,50.0,,,,,,,,,,True,0.0,0.0,,Prime,,225.0,3.0,3.0,0.0,0.0,,0.0,0.0,0.0,64.4,Fjelstul World Cup Database via DataHub,https://datahub.io/football/worldcup
2022,Ali Gholizadeh,Iran,Midfielder,26.0,,,,,,,50.0,,,,,,,,,,True,0.0,0.0,,Prime,,198.0,2.0,3.0,1.0,0.0,,0.0,0.0,0.0,60.0,Fjelstul World Cup Database via DataHub,https://datahub.io/football/worldcup
2022,Ali Karimi,Iran,Midfielder,28.0,,,,,,,50.0,,,,,,,,,,True,0.0,0.0,,Prime,,96.0,1.0,3.0,2.0,0.0,,0.0,0.0,0.0,47.6,Fjelstul World Cup Database via DataHub,https://datahub.io/football/worldcup
2022,Alireza Beiranvand,Iran,Goalkeeper,30.0,,,,,,,50.0,,,,,,,,,,False,276.0,3.0,87.1,Veteran,,110.0,2.0,2.0,0.0,0.0,,0.0,0.0,0.0,71.0,Fjelstul World Cup Database via DataHub,https://datahub.io/football/worldcup
2022,Alireza Jahanbakhsh,Iran,Midfielder,29.0,,,,,,,50.0,,,,,,,,,,False,224.0,6.0,64.3,Prime,,59.0,1.0,2.0,1.0,0.0,,0.0,2.0,0.0,41.1,Fjelstul World Cup Database via DataHub,https://datahub.io/football/worldcup
2022,Amir Abedzadeh,Iran,Goalkeeper,29.0,,,,,,,50.0,,,,,,,,,,True,0.0,0.0,0.0,Prime,,0.0,0.0,0.0,0.0,0.0,,0.0,0.0,0.0,0.0,Fjelstul World Cup Database via DataHub,https://datahub.io/football/worldcup
2022,Ehsan Hajsafi,Iran,Defender,32.0,,,,,,,50.0,,,,,,,,,,False,456.0,6.0,60.2,Veteran,,238.0,3.0,3.0,0.0,0.0,,0.0,0.0,0.0,61.1,Fjelstul World Cup Database via DataHub,https://datahub.io/football/worldcup
2022,Hossein Hosseini,Iran,Goalkeeper,30.0,,,,,,,50.0,,,,,,,,,,True,0.0,0.0,,Veteran,,160.0,1.0,2.0,1.0,0.0,,1.0,0.0,0.0,81.4,Fjelstul World Cup Database via DataHub,https://datahub.io/football/worldcup
2022,Hossein Kanaanizadegan,Iran,Defender,28.0,,,,,,,50.0,,,,,,,,,,True,0.0,0.0,,Prime,,44.0,0.0,1.0,1.0,0.0,,0.0,1.0,0.0,35.5,Fjelstul World Cup Database via DataHub,https://datahub.io/football/worldcup
2022,Karim Ansarifard,Iran,Forward,32.0,,,,,,,50.0,,,,,,,,,,False,206.0,4.0,80.5,Veteran,,35.0,0.0,2.0,2.0,0.0,,0.0,0.0,0.0,35.3,Fjelstul World Cup Database via DataHub,https://datahub.io/football/worldcup
2022,Majid Hosseini,Iran,Defender,26.0,,,,,,,50.0,,,,,,,,,,False,195.0,3.0,57.8,Prime,,270.0,3.0,3.0,0.0,0.0,,0.0,1.0,0.0,67.9,Fjelstul World Cup Database via DataHub,https://datahub.io/football/worldcup
2022,Mehdi Taremi,Iran,Forward,30.0,,,,,,,50.0,,,,,,,,,,False,208.0,3.0,67.3,Veteran,,270.0,3.0,3.0,0.0,2.0,,0.0,0.0,0.0,89.6,Fjelstul World Cup Database via DataHub,https://datahub.io/football/worldcup
2022,Mehdi Torabi,Iran,Midfielder,28.0,,,,,,,50.0,,,,,,,,,,True,0.0,0.0,0.0,Prime,,59.0,0.0,3.0,3.0,0.0,,0.0,0.0,0.0,36.3,Fjelstul World Cup Database via DataHub,https://datahub.io/football/worldcup
2022,Milad Mohammadi,Iran,Defender,29.0,,,,,,,50.0,,,,,,,,,,False,61.0,2.0,36.4,Prime,,200.0,3.0,3.0,0.0,0.0,,0.0,0.0,0.0,60.0,Fjelstul World Cup Database via DataHub,https://datahub.io/football/worldcup
2022,Morteza Pouraliganji,Iran,Defender,30.0,,,,,,,50.0,,,,,,,,,,False,276.0,3.0,75.9,Veteran,,270.0,3.0,3.0,0.0,0.0,,0.0,1.0,0.0,67.9,Fjelstul World Cup Database via DataHub,https://datahub.io/football/worldcup
2022,Payam Niazmand,Iran,Goalkeeper,27.0,,,,,,,50.0,,,,,,,,,,True,0.0,0.0,,Prime,,0.0,0.0,0.0,0.0,0.0,,0.0,0.0,0.0,0.0,Fjelstul World Cup Database via DataHub,https://datahub.io/football/worldcup
2022,Ramin Rezaeian,Iran,Defender,32.0,,,,,,,50.0,,,,,,,,,,False,276.0,3.0,75.9,Veteran,,180.0,2.0,2.0,0.0,1.0,,0.0,1.0,0.0,79.2,Fjelstul World Cup Database via DataHub,https://datahub.io/football/worldcup
2022,Rouzbeh Cheshmi,Iran,Defender,29.0,,,,,,,50.0,,,,,,,,,,False,90.0,1.0,42.2,Prime,,59.0,1.0,2.0,1.0,1.0,,0.0,0.0,0.0,63.2,Fjelstul World Cup Database via DataHub,https://datahub.io/football/worldcup
2022,Sadegh Moharrami,Iran,Defender,26.0,,,,,,,50.0,,,,,,,,,,True,0.0,0.0,,Prime,,90.0,1.0,1.0,0.0,0.0,,0.0,0.0,0.0,42.2,Fjelstul World Cup Database via DataHub,https://datahub.io/football/worldcup
2022,Saeid Ezatolahi,Iran,Midfielder,26.0,,,,,,,50.0,,,,,,,,,,False,166.0,2.0,56.3,Prime,,217.0,2.0,3.0,1.0,0.0,,0.0,0.0,0.0,61.6,Fjelstul World Cup Database via DataHub,https://datahub.io/football/worldcup
2022,Saman Ghoddos,Iran,Midfielder,29.0,,,,,,,50.0,,,,,,,,,,False,35.0,3.0,35.3,Prime,,44.0,0.0,1.0,1.0,0.0,,0.0,0.0,0.0,34.7,Fjelstul World Cup Database via DataHub,https://datahub.io/football/worldcup
2022,Sardar Azmoun,Iran,Forward,27.0,,,,,,,50.0,,,,,,,,,,False,276.0,3.0,76.1,Prime,,127.0,2.0,3.0,1.0,0.0,,0.0,0.0,0.0,61.1,Fjelstul World Cup Database via DataHub,https://datahub.io/football/worldcup
2022,Shojae Khalilzadeh,Iran,Defender,33.0,,,,,,,50.0,,,,,,,,,,True,0.0,0.0,,Veteran,,0.0,0.0,0.0,0.0,0.0,,0.0,0.0,0.0,0.0,Fjelstul World Cup Database via DataHub,https://datahub.io/football/worldcup
2022,Vahid Amiri,Iran,Midfielder,34.0,,,,,,,50.0,,,,,,,,,,False,272.0,3.0,74.7,Veteran,,0.0,0.0,0.0,0.0,0.0,,0.0,0.0,0.0,0.0,Fjelstul World Cup Database via DataHub,https://datahub.io/football/worldcup
2022,Ao Tanaka,Japan,Midfielder,24.0,,,,,,66.66666666666666,50.0,,,,,,,,,,True,0.0,0.0,,U25,,172.0,2.0,3.0,1.0,1.0,,0.0,0.0,0.0,78.2,Fjelstul World Cup Database via DataHub,https://datahub.io/football/worldcup
2022,Ayase Ueda,Japan,Forward,24.0,,,,,,66.66666666666666,50.0,,,,,,,,,,True,0.0,0.0,,U25,,46.0,1.0,1.0,0.0,0.0,,0.0,0.0,0.0,48.6,Fjelstul World Cup Database via DataHub,https://datahub.io/football/worldcup
2022,Daichi Kamada,Japan,Midfielder,26.0,,,,,,66.66666666666666,50.0,,,,,,,,,,True,0.0,0.0,,Prime,,328.0,4.0,4.0,0.0,0.0,,0.0,0.0,0.0,78.4,Fjelstul World Cup Database via DataHub,https://datahub.io/football/worldcup
2022,Daizen Maeda,Japan,Forward,25.0,,,,,,66.66666666666666,50.0,,,,,,,,,,True,0.0,0.0,,U25,,183.0,3.0,3.0,0.0,1.0,,0.0,0.0,0.0,82.2,Fjelstul World Cup Database via DataHub,https://datahub.io/football/worldcup
2022,Daniel Schmidt,Japan,Goalkeeper,30.0,,,,,,66.66666666666666,50.0,,,,,,,,,,True,0.0,0.0,,Veteran,,0.0,0.0,0.0,0.0,0.0,,0.0,0.0,0.0,0.0,Fjelstul World Cup Database via DataHub,https://datahub.io/football/worldcup
2022,Eiji Kawashima,Japan,Goalkeeper,39.0,,,,,,66.66666666666666,50.0,,,,,,,,,,False,1021.0,11.0,79.7,Veteran,,0.0,0.0,0.0,0.0,0.0,,0.0,0.0,0.0,0.0,Fjelstul World Cup Database via DataHub,https://datahub.io/football/worldcup
2022,Gaku Shibasaki,Japan,Midfielder,30.0,,,,,,66.66666666666666,50.0,,,,,,,,,,False,341.0,4.0,79.0,Veteran,,0.0,0.0,0.0,0.0,0.0,,0.0,0.0,0.0,0.0,Fjelstul World Cup Database via DataHub,https://datahub.io/football/worldcup
2022,Hidemasa Morita,Japan,Midfielder,27.0,,,,,,66.66666666666666,50.0,,,,,,,,,,True,0.0,0.0,,Prime,,291.0,3.0,3.0,0.0,0.0,,0.0,0.0,0.0,76.2,Fjelstul World Cup Database via DataHub,https://datahub.io/football/worldcup
2022,Hiroki Ito,Japan,Defender,23.0,,,,,,66.66666666666666,50.0,,,,,,,,,,True,0.0,0.0,,U23,,49.0,0.0,1.0,1.0,0.0,,0.0,0.0,0.0,36.0,Fjelstul World Cup Database via DataHub,https://datahub.io/football/worldcup
2022,Hiroki Sakai,Japan,Defender,32.0,,,,,,66.66666666666666,50.0,,,,,,,,,,False,360.0,4.0,81.0,Veteran,,120.0,1.0,2.0,1.0,0.0,,0.0,0.0,0.0,48.1,Fjelstul World Cup Database via DataHub,https://datahub.io/football/worldcup
2022,Junya Ito,Japan,Midfielder,29.0,,,,,,66.66666666666666,50.0,,,,,,,,,,True,0.0,0.0,,Prime,,328.0,3.0,4.0,1.0,0.0,,0.0,0.0,0.0,77.0,Fjelstul World Cup Database via DataHub,https://datahub.io/football/worldcup
2022,Kaoru Mitoma,Japan,Midfielder,25.0,,,,,,66.66666666666666,50.0,,,,,,,,,,True,0.0,0.0,,U25,,166.0,0.0,4.0,4.0,0.0,,0.0,0.0,0.0,44.9,Fjelstul World Cup Database via DataHub,https://datahub.io/football/worldcup
2022,Ko Itakura,Japan,Defender,25.0,,,,,,66.66666666666666,50.0,,,,,,,,,,True,0.0,0.0,,U25,,275.0,3.0,3.0,0.0,0.0,,0.0,2.0,0.0,75.7,Fjelstul World Cup Database via DataHub,https://datahub.io/football/worldcup
2022,Maya Yoshida,Japan,Defender,34.0,,,,,,66.66666666666666,50.0,,,,,,,,,,False,630.0,7.0,81.0,Veteran,,395.0,4.0,4.0,0.0,0.0,,0.0,1.0,0.0,86.4,Fjelstul World Cup Database via DataHub,https://datahub.io/football/worldcup
2022,Miki Yamane,Japan,Defender,28.0,,,,,,66.66666666666666,50.0,,,,,,,,,,True,0.0,0.0,,Prime,,62.0,1.0,1.0,0.0,0.0,,0.0,1.0,0.0,38.2,Fjelstul World Cup Database via DataHub,https://datahub.io/football/worldcup
2022,Ritsu Dōan,Japan,Midfielder,24.0,,,,,,66.66666666666666,50.0,,,,,,,,,,True,0.0,0.0,,U25,,217.0,2.0,4.0,2.0,2.0,,0.0,0.0,0.0,84.9,Fjelstul World Cup Database via DataHub,https://datahub.io/football/worldcup
2022,Shogo Taniguchi,Japan,Defender,31.0,,,,,,66.66666666666666,50.0,,,,,,,,,,True,0.0,0.0,,Veteran,,210.0,2.0,2.0,0.0,0.0,,0.0,1.0,0.0,58.5,Fjelstul World Cup Database via DataHub,https://datahub.io/football/worldcup
2022,Shuto Machino,Japan,Forward,23.0,,,,,,66.66666666666666,50.0,,,,,,,,,,True,0.0,0.0,,U23,,0.0,0.0,0.0,0.0,0.0,,0.0,0.0,0.0,0.0,Fjelstul World Cup Database via DataHub,https://datahub.io/football/worldcup
2022,Shūichi Gonda,Japan,Goalkeeper,33.0,,,,,,66.66666666666666,50.0,,,,,,,,,,True,0.0,0.0,0.0,Veteran,,395.0,4.0,4.0,0.0,0.0,,0.0,0.0,0.0,81.6,Fjelstul World Cup Database via DataHub,https://datahub.io/football/worldcup
2022,Takefusa Kubo,Japan,Midfielder,21.0,,,,,,66.66666666666666,50.0,,,,,,,,,,True,0.0,0.0,,U21,,92.0,2.0,2.0,0.0,0.0,,0.0,0.0,0.0,50.6,Fjelstul World Cup Database via DataHub,https://datahub.io/football/worldcup
2022,Takehiro Tomiyasu,Japan,Defender,24.0,,,,,,66.66666666666666,50.0,,,,,,,,,,True,0.0,0.0,,U25,,186.0,1.0,3.0,2.0,0.0,,0.0,0.0,0.0,52.4,Fjelstul World Cup Database via DataHub,https://datahub.io/football/worldcup
2022,Takuma Asano,Japan,Forward,28.0,,,,,,66.66666666666666,50.0,,,,,,,,,,True,0.0,0.0,,Prime,,166.0,0.0,4.0,4.0,1.0,,0.0,0.0,0.0,70.7,Fjelstul World Cup Database via DataHub,https://datahub.io/football/worldcup
2022,Takumi Minamino,Japan,Midfielder,27.0,,,,,,66.66666666666666,50.0,,,,,,,,,,True,0.0,0.0,,Prime,,61.0,0.0,3.0,3.0,0.0,,0.0,0.0,0.0,36.5,Fjelstul World Cup Database via DataHub,https://datahub.io/football/worldcup
2022,Wataru Endo,Japan,Midfielder,29.0,,,,,,66.66666666666666,50.0,,,,,,,,,,True,0.0,0.0,0.0,Prime,,308.0,3.0,4.0,1.0,0.0,,0.0,1.0,0.0,76.7,Fjelstul World Cup Database via DataHub,https://datahub.io/football/worldcup
2022,Yuki Soma,Japan,Midfielder,25.0,,,,,,66.66666666666666,50.0,,,,,,,,,,True,0.0,0.0,,U25,,82.0,1.0,1.0,0.0,0.0,,0.0,0.0,0.0,43.9,Fjelstul World Cup Database via DataHub,https://datahub.io/football/worldcup
2022,Yuto Nagatomo,Japan,Defender,36.0,,,,,,66.66666666666666,50.0,,,,,,,,,,False,1021.0,11.0,81.0,Veteran,,213.0,4.0,4.0,0.0,0.0,,0.0,0.0,0.0,63.2,Fjelstul World Cup Database via DataHub,https://datahub.io/football/worldcup
2022,Alexis Vega,Mexico,Forward,24.0,,,,,,,50.0,,,,,,,,,,True,0.0,0.0,,U25,,196.0,3.0,3.0,0.0,0.0,,0.0,0.0,0.0,68.6,Fjelstul World Cup Database via DataHub,https://datahub.io/football/worldcup
2022,Alfredo Talavera,Mexico,Goalkeeper,40.0,,,,,,,50.0,,,,,,,,,,True,0.0,0.0,0.0,Veteran,,0.0,0.0,0.0,0.0,0.0,,0.0,0.0,0.0,0.0,Fjelstul World Cup Database via DataHub,https://datahub.io/football/worldcup
2022,Andrés Guardado,Mexico,Midfielder,36.0,,,,,,,50.0,,,,,,,,,,False,849.0,12.0,77.8,Veteran,,42.0,1.0,1.0,0.0,0.0,,0.0,0.0,0.0,38.4,Fjelstul World Cup Database via DataHub,https://datahub.io/football/worldcup
2022,Carlos Rodríguez,Mexico,Midfielder,25.0,,,,,,,50.0,,,,,,,,,,True,0.0,0.0,,U25,,32.0,0.0,2.0,2.0,0.0,,0.0,0.0,0.0,32.9,Fjelstul World Cup Database via DataHub,https://datahub.io/football/worldcup
2022,César Montes,Mexico,Defender,25.0,,,,,,,50.0,,,,,,,,,,True,0.0,0.0,,U25,,270.0,3.0,3.0,0.0,0.0,,0.0,0.0,0.0,67.9,Fjelstul World Cup Database via DataHub,https://datahub.io/football/worldcup
2022,Edson Álvarez,Mexico,Defender,25.0,,,,,,,50.0,,,,,,,,,,False,267.0,4.0,63.1,U25,,176.0,2.0,2.0,0.0,0.0,,0.0,1.0,0.0,52.3,Fjelstul World Cup Database via DataHub,https://datahub.io/football/worldcup
2022,Gerardo Arteaga,Mexico,Defender,24.0,,,,,,,50.0,,,,,,,,,,True,0.0,0.0,,U25,,0.0,0.0,0.0,0.0,0.0,,0.0,0.0,0.0,0.0,Fjelstul World Cup Database via DataHub,https://datahub.io/football/worldcup
2022,Guillermo Ochoa,Mexico,Goalkeeper,37.0,,,,,,,50.0,,,,,,,,,,False,722.0,8.0,88.7,Veteran,,270.0,3.0,3.0,0.0,0.0,,1.0,0.0,0.0,84.2,Fjelstul World Cup Database via DataHub,https://datahub.io/football/worldcup
2022,Henry Martín,Mexico,Forward,30.0,,,,,,,50.0,,,,,,,,,,True,0.0,0.0,,Veteran,,148.0,2.0,2.0,0.0,1.0,,0.0,0.0,0.0,78.4,Fjelstul World Cup Database via DataHub,https://datahub.io/football/worldcup
2022,Hirving Lozano,Mexico,Forward,27.0,,,,,,,50.0,,,,,,,,,,False,318.0,4.0,89.0,Prime,,253.0,3.0,3.0,0.0,0.0,,0.0,0.0,0.0,72.0,Fjelstul World Cup Database via DataHub,https://datahub.io/football/worldcup
2022,Héctor Herrera,Mexico,Midfielder,32.0,,,,,,,50.0,,,,,,,,,,False,708.0,8.0,82.6,Veteran,,161.0,2.0,2.0,0.0,0.0,,0.0,1.0,0.0,55.9,Fjelstul World Cup Database via DataHub,https://datahub.io/football/worldcup
2022,Héctor Moreno,Mexico,Defender,34.0,,,,,,,50.0,,,,,,,,,,False,734.0,9.0,67.9,Veteran,,270.0,3.0,3.0,0.0,0.0,,0.0,1.0,0.0,67.9,Fjelstul World Cup Database via DataHub,https://datahub.io/football/worldcup
2022,Jesús Gallardo,Mexico,Defender,28.0,,,,,,,50.0,,,,,,,,,,False,336.0,4.0,78.8,Prime,,270.0,3.0,3.0,0.0,0.0,,0.0,0.0,0.0,67.9,Fjelstul World Cup Database via DataHub,https://datahub.io/football/worldcup
2022,Johan Vásquez,Mexico,Defender,24.0,,,,,,,50.0,,,,,,,,,,True,0.0,0.0,,U25,,0.0,0.0,0.0,0.0,0.0,,0.0,0.0,0.0,0.0,Fjelstul World Cup Database via DataHub,https://datahub.io/football/worldcup
2022,Jorge Sánchez,Mexico,Defender,24.0,,,,,,,50.0,,,,,,,,,,True,0.0,0.0,,U25,,176.0,2.0,2.0,0.0,0.0,,0.0,1.0,0.0,52.3,Fjelstul World Cup Database via DataHub,https://datahub.io/football/worldcup
2022,Kevin Álvarez,Mexico,Defender,23.0,,,,,,,50.0,,,,,,,,,,True,0.0,0.0,,U23,,70.0,1.0,2.0,1.0,0.0,,0.0,0.0,0.0,38.6,Fjelstul World Cup Database via DataHub,https://datahub.io/football/worldcup
2022,Luis Chávez,Mexico,Midfielder,26.0,,,,,,,50.0,,,,,,,,,,True,0.0,0.0,,Prime,,270.0,3.0,3.0,0.0,1.0,,0.0,0.0,0.0,90.1,Fjelstul World Cup Database via DataHub,https://datahub.io/football/worldcup
2022,Luis Romo,Mexico,Midfielder,27.0,,,,,,,50.0,,,,,,,,,,True,0.0,0.0,,Prime,,0.0,0.0,0.0,0.0,0.0,,0.0,0.0,0.0,0.0,Fjelstul World Cup Database via DataHub,https://datahub.io/football/worldcup
2022,Néstor Araujo,Mexico,Defender,31.0,,,,,,,50.0,,,,,,,,,,True,0.0,0.0,,Veteran,,90.0,1.0,1.0,0.0,0.0,,0.0,1.0,0.0,42.2,Fjelstul World Cup Database via DataHub,https://datahub.io/football/worldcup
2022,Orbelín Pineda,Mexico,Forward,26.0,,,,,,,50.0,,,,,,,,,,True,0.0,0.0,,Prime,,77.0,1.0,1.0,0.0,0.0,,0.0,0.0,0.0,52.3,Fjelstul World Cup Database via DataHub,https://datahub.io/football/worldcup
2022,Raúl Jiménez,Mexico,Forward,31.0,,,,,,,50.0,,,,,,,,,,False,61.0,3.0,38.4,Veteran,,56.0,0.0,3.0,3.0,0.0,,0.0,0.0,0.0,38.6,Fjelstul World Cup Database via DataHub,https://datahub.io/football/worldcup
2022,Roberto Alvarado,Mexico,Forward,24.0,,,,,,,50.0,,,,,,,,,,True,0.0,0.0,,U25,,17.0,0.0,1.0,1.0,0.0,,0.0,1.0,0.0,31.7,Fjelstul World Cup Database via DataHub,https://datahub.io/football/worldcup
2022,Rodolfo Cota,Mexico,Goalkeeper,35.0,,,,,,,50.0,,,,,,,,,,True,0.0,0.0,,Veteran,,0.0,0.0,0.0,0.0,0.0,,0.0,0.0,0.0,0.0,Fjelstul World Cup Database via DataHub,https://datahub.io/football/worldcup
2022,Rogelio Funes Mori,Mexico,Forward,31.0,,,,,,,50.0,,,,,,,,,,True,0.0,0.0,,Veteran,,4.0,0.0,1.0,1.0,0.0,,0.0,0.0,0.0,28.7,Fjelstul World Cup Database via DataHub,https://datahub.io/football/worldcup
2022,Uriel Antuna,Mexico,Forward,25.0,,,,,,,50.0,,,,,,,,,,True,0.0,0.0,,U25,,74.0,0.0,3.0,3.0,0.0,,0.0,0.0,0.0,45.1,Fjelstul World Cup Database via DataHub,https://datahub.io/football/worldcup
2022,Érick Gutiérrez,Mexico,Midfielder,27.0,,,,,,,50.0,,,,,,,,,,True,0.0,0.0,0.0,Prime,,48.0,0.0,1.0,1.0,0.0,,0.0,1.0,0.0,35.3,Fjelstul World Cup Database via DataHub,https://datahub.io/football/worldcup
2022,Abde Ezzalzouli,Morocco,Forward,20.0,,,,,,,33.3,,,,,,,,,,True,0.0,0.0,,U21,,91.0,0.0,3.0,3.0,0.0,,0.0,0.0,0.0,45.7,Fjelstul World Cup Database via DataHub,https://datahub.io/football/worldcup
2022,Abdelhamid Sabiri,Morocco,Forward,25.0,,,,,,,33.3,,,,,,,,,,True,0.0,0.0,,U25,,180.0,2.0,5.0,3.0,0.0,,0.0,1.0,0.0,65.5,Fjelstul World Cup Database via DataHub,https://datahub.io/football/worldcup
2022,Abderrazak Hamdallah,Morocco,Forward,31.0,,,,,,,33.3,,,,,,,,,,True,0.0,0.0,,Veteran,,64.0,0.0,4.0,4.0,0.0,,0.0,0.0,0.0,39.3,Fjelstul World Cup Database via DataHub,https://datahub.io/football/worldcup
2022,Achraf Dari,Morocco,Defender,23.0,,,,,,,33.3,,,,,,,,,,True,0.0,0.0,,U23,,187.0,2.0,3.0,1.0,1.0,,0.0,1.0,0.0,82.3,Fjelstul World Cup Database via DataHub,https://datahub.io/football/worldcup
2022,Achraf Hakimi,Morocco,Defender,24.0,,,,,,,33.3,,,,,,,,,,False,270.0,3.0,67.9,U25,,638.0,7.0,7.0,0.0,0.0,,0.0,0.0,0.0,94.6,Fjelstul World Cup Database via DataHub,https://datahub.io/football/worldcup
2022,Ahmed Reda Tagnaouti,Morocco,Goalkeeper,26.0,,,,,,,33.3,,,,,,,,,,True,0.0,0.0,0.0,Prime,,0.0,0.0,0.0,0.0,0.0,,0.0,0.0,0.0,0.0,Fjelstul World Cup Database via DataHub,https://datahub.io/football/worldcup
2022,Anass Zaroury,Morocco,Midfielder,22.0,,,,,,,33.3,,,,,,,,,,True,0.0,0.0,,U23,,31.0,0.0,1.0,1.0,0.0,,0.0,0.0,0.0,32.7,Fjelstul World Cup Database via DataHub,https://datahub.io/football/worldcup
2022,Azzedine Ounahi,Morocco,Midfielder,22.0,,,,,,,33.3,,,,,,,,,,True,0.0,0.0,,U23,,574.0,6.0,7.0,1.0,0.0,,0.0,1.0,0.0,88.4,Fjelstul World Cup Database via DataHub,https://datahub.io/football/worldcup
2022,Badr Benoun,Morocco,Defender,29.0,,,,,,,33.3,,,,,,,,,,True,0.0,0.0,,Prime,,56.0,0.0,3.0,3.0,0.0,,0.0,0.0,0.0,36.2,Fjelstul World Cup Database via DataHub,https://datahub.io/football/worldcup
2022,Bilal El Khannous,Morocco,Midfielder,18.0,,,,,,,33.3,,,,,,,,,,True,0.0,0.0,,U21,,56.0,1.0,1.0,0.0,0.0,,0.0,0.0,0.0,40.9,Fjelstul World Cup Database via DataHub,https://datahub.io/football/worldcup
2022,Hakim Ziyech,Morocco,Midfielder,29.0,,,,,,,33.3,,,,,,,,,,False,265.0,3.0,68.4,Prime,,643.0,7.0,7.0,0.0,1.0,,0.0,0.0,0.0,98.4,Fjelstul World Cup Database via DataHub,https://datahub.io/football/worldcup
2022,Ilias Chair,Morocco,Midfielder,25.0,,,,,,,33.3,,,,,,,,,,True,0.0,0.0,,U25,,49.0,0.0,1.0,1.0,0.0,,0.0,0.0,0.0,35.4,Fjelstul World Cup Database via DataHub,https://datahub.io/football/worldcup
2022,Jawad El Yamiq,Morocco,Defender,30.0,,,,,,,33.3,,,,,,,,,,True,0.0,0.0,,Veteran,,308.0,3.0,6.0,3.0,0.0,,0.0,0.0,0.0,77.2,Fjelstul World Cup Database via DataHub,https://datahub.io/football/worldcup
2022,Munir Mohamedi,Morocco,Goalkeeper,33.0,,,,,,,33.3,,,,,,,,,,False,270.0,3.0,76.1,Veteran,,90.0,1.0,1.0,0.0,0.0,,1.0,0.0,0.0,80.4,Fjelstul World Cup Database via DataHub,https://datahub.io/football/worldcup
2022,Nayef Aguerd,Morocco,Defender,26.0,,,,,,,33.3,,,,,,,,,,True,0.0,0.0,,Prime,,354.0,4.0,4.0,0.0,0.0,,0.0,0.0,0.0,79.6,Fjelstul World Cup Database via DataHub,https://datahub.io/football/worldcup
2022,Noussair Mazraoui,Morocco,Defender,25.0,,,,,,,33.3,,,,,,,,,,True,0.0,0.0,,U25,,368.0,5.0,5.0,0.0,0.0,,0.0,0.0,0.0,86.7,Fjelstul World Cup Database via DataHub,https://datahub.io/football/worldcup
2022,Romain Saïss,Morocco,Defender,32.0,,,,,,,33.3,,,,,,,,,,False,180.0,2.0,54.5,Veteran,,468.0,6.0,6.0,0.0,1.0,,0.0,1.0,0.0,98.1,Fjelstul World Cup Database via DataHub,https://datahub.io/football/worldcup
2022,Selim Amallah,Morocco,Midfielder,26.0,,,,,,,33.3,,,,,,,,,,True,0.0,0.0,,Prime,,428.0,4.0,7.0,3.0,0.0,,0.0,1.0,0.0,84.0,Fjelstul World Cup Database via DataHub,https://datahub.io/football/worldcup
2022,Sofiane Boufal,Morocco,Midfielder,29.0,,,,,,,33.3,,,,,,,,,,True,0.0,0.0,,Prime,,481.0,7.0,7.0,0.0,0.0,,0.0,1.0,0.0,87.2,Fjelstul World Cup Database via DataHub,https://datahub.io/football/worldcup
2022,Sofyan Amrabat,Morocco,Midfielder,26.0,,,,,,,33.3,,,,,,,,,,False,14.0,1.0,29.2,Prime,,665.0,7.0,7.0,0.0,0.0,,0.0,1.0,0.0,89.5,Fjelstul World Cup Database via DataHub,https://datahub.io/football/worldcup
2022,Walid Cheddira,Morocco,Forward,24.0,,,,,,,33.3,,,,,,,,,,True,0.0,0.0,,U25,,63.0,0.0,2.0,2.0,0.0,,0.0,1.0,1.0,39.2,Fjelstul World Cup Database via DataHub,https://datahub.io/football/worldcup
2022,Yahia Attiyat Allah,Morocco,Defender,27.0,,,,,,,33.3,,,,,,,,,,True,0.0,0.0,,Prime,,319.0,2.0,6.0,4.0,0.0,,0.0,0.0,0.0,72.8,Fjelstul World Cup Database via DataHub,https://datahub.io/football/worldcup
2022,Yahya Jabrane,Morocco,Midfielder,31.0,,,,,,,33.3,,,,,,,,,,True,0.0,0.0,,Veteran,,13.0,0.0,2.0,2.0,0.0,,0.0,0.0,0.0,28.9,Fjelstul World Cup Database via DataHub,https://datahub.io/football/worldcup
2022,Yassine Bounou,Morocco,Goalkeeper,31.0,,,,,,,33.3,,,,,,,,,,True,0.0,0.0,0.0,Veteran,,575.0,6.0,6.0,0.0,0.0,,3.0,0.0,0.0,97.5,Fjelstul World Cup Database via DataHub,https://datahub.io/football/worldcup
2022,Youssef En-Nesyri,Morocco,Forward,25.0,,,,,,,33.3,,,,,,,,,,False,18.0,1.0,57.7,U25,,552.0,7.0,7.0,0.0,2.0,,0.0,0.0,0.0,97.2,Fjelstul World Cup Database via DataHub,https://datahub.io/football/worldcup
2022,Zakaria Aboukhlal,Morocco,Midfielder,22.0,,,,,,,33.3,,,,,,,,,,True,0.0,0.0,,U23,,74.0,0.0,4.0,4.0,1.0,,0.0,0.0,0.0,60.6,Fjelstul World Cup Database via DataHub,https://datahub.io/football/worldcup
2022,Andries Noppert,Netherlands,Goalkeeper,28.0,,,,,,66.66666666666666,,,,,,,,,,,True,0.0,0.0,,Prime,,487.0,5.0,5.0,0.0,0.0,,2.0,0.0,0.0,94.9,Fjelstul World Cup Database via DataHub,https://datahub.io/football/worldcup
2022,Cody Gakpo,Netherlands,Forward,23.0,,,,,,66.66666666666666,,,,,,,,,,,True,0.0,0.0,,U23,,461.0,5.0,5.0,0.0,3.0,,0.0,0.0,0.0,97.0,Fjelstul World Cup Database via DataHub,https://datahub.io/football/worldcup
2022,Daley Blind,Netherlands,Defender,32.0,,,,,,66.66666666666666,,,,,,,,,,,False,671.0,7.0,99.8,Veteran,,431.0,5.0,5.0,0.0,1.0,,0.0,0.0,0.0,97.4,Fjelstul World Cup Database via DataHub,https://datahub.io/football/worldcup
2022,Davy Klaassen,Netherlands,Midfielder,29.0,,,,,,66.66666666666666,,,,,,,,,,,True,0.0,0.0,,Prime,,196.0,3.0,4.0,1.0,1.0,,0.0,0.0,0.0,84.1,Fjelstul World Cup Database via DataHub,https://datahub.io/football/worldcup
2022,Denzel Dumfries,Netherlands,Defender,26.0,,,,,,66.66666666666666,,,,,,,,,,,True,0.0,0.0,,Prime,,487.0,5.0,5.0,0.0,1.0,,0.0,1.0,1.0,98.0,Fjelstul World Cup Database via DataHub,https://datahub.io/football/worldcup
2022,Frenkie de Jong,Netherlands,Midfielder,25.0,,,,,,66.66666666666666,,,,,,,,,,,True,0.0,0.0,,U25,,483.0,5.0,5.0,0.0,1.0,,0.0,1.0,0.0,96.5,Fjelstul World Cup Database via DataHub,https://datahub.io/football/worldcup
2022,Jeremie Frimpong,Netherlands,Defender,21.0,,,,,,66.66666666666666,,,,,,,,,,,True,0.0,0.0,,U21,,0.0,0.0,0.0,0.0,0.0,,0.0,0.0,0.0,0.0,Fjelstul World Cup Database via DataHub,https://datahub.io/football/worldcup
2022,Jurriën Timber,Netherlands,Defender,21.0,,,,,,66.66666666666666,,,,,,,,,,,True,0.0,0.0,,U21,,393.0,4.0,4.0,0.0,0.0,,0.0,1.0,0.0,86.2,Fjelstul World Cup Database via DataHub,https://datahub.io/football/worldcup
2022,Justin Bijlow,Netherlands,Goalkeeper,24.0,,,,,,66.66666666666666,,,,,,,,,,,True,0.0,0.0,,U25,,0.0,0.0,0.0,0.0,0.0,,0.0,0.0,0.0,0.0,Fjelstul World Cup Database via DataHub,https://datahub.io/football/worldcup
2022,Kenneth Taylor,Netherlands,Midfielder,20.0,,,,,,66.66666666666666,,,,,,,,,,,True,0.0,0.0,,U21,,4.0,0.0,1.0,1.0,0.0,,0.0,0.0,0.0,26.7,Fjelstul World Cup Database via DataHub,https://datahub.io/football/worldcup
2022,Luuk de Jong,Netherlands,Forward,32.0,,,,,,66.66666666666666,,,,,,,,,,,True,0.0,0.0,,Veteran,,56.0,0.0,1.0,1.0,0.0,,0.0,0.0,0.0,38.6,Fjelstul World Cup Database via DataHub,https://datahub.io/football/worldcup
2022,Marten de Roon,Netherlands,Midfielder,31.0,,,,,,66.66666666666666,,,,,,,,,,,True,0.0,0.0,,Veteran,,185.0,3.0,5.0,2.0,0.0,,0.0,0.0,0.0,62.7,Fjelstul World Cup Database via DataHub,https://datahub.io/football/worldcup
2022,Matthijs de Ligt,Netherlands,Defender,23.0,,,,,,66.66666666666666,,,,,,,,,,,True,0.0,0.0,,U23,,94.0,1.0,2.0,1.0,0.0,,0.0,1.0,0.0,46.3,Fjelstul World Cup Database via DataHub,https://datahub.io/football/worldcup
2022,Memphis Depay,Netherlands,Forward,28.0,,,,,,66.66666666666666,,,,,,,,,,,False,173.0,4.0,81.7,Prime,,303.0,3.0,5.0,2.0,1.0,,0.0,1.0,0.0,87.8,Fjelstul World Cup Database via DataHub,https://datahub.io/football/worldcup
2022,Nathan Aké,Netherlands,Defender,27.0,,,,,,66.66666666666666,,,,,,,,,,,True,0.0,0.0,,Prime,,487.0,5.0,5.0,0.0,0.0,,0.0,1.0,0.0,90.3,Fjelstul World Cup Database via DataHub,https://datahub.io/football/worldcup
2022,Noa Lang,Netherlands,Forward,23.0,,,,,,66.66666666666666,,,,,,,,,,,True,0.0,0.0,,U23,,7.0,0.0,1.0,1.0,0.0,,0.0,1.0,0.0,29.4,Fjelstul World Cup Database via DataHub,https://datahub.io/football/worldcup
2022,Remko Pasveer,Netherlands,Goalkeeper,39.0,,,,,,66.66666666666666,,,,,,,,,,,True,0.0,0.0,,Veteran,,0.0,0.0,0.0,0.0,0.0,,0.0,0.0,0.0,0.0,Fjelstul World Cup Database via DataHub,https://datahub.io/football/worldcup
2022,Stefan de Vrij,Netherlands,Defender,30.0,,,,,,66.66666666666666,,,,,,,,,,,False,681.0,7.0,99.9,Veteran,,0.0,0.0,0.0,0.0,0.0,,0.0,0.0,0.0,0.0,Fjelstul World Cup Database via DataHub,https://datahub.io/football/worldcup
2022,Steven Berghuis,Netherlands,Midfielder,30.0,,,,,,66.66666666666666,,,,,,,,,,,True,0.0,0.0,,Veteran,,198.0,1.0,4.0,3.0,0.0,,0.0,1.0,0.0,56.2,Fjelstul World Cup Database via DataHub,https://datahub.io/football/worldcup
2022,Steven Bergwijn,Netherlands,Forward,25.0,,,,,,66.66666666666666,,,,,,,,,,,True,0.0,0.0,,U25,,218.0,3.0,4.0,1.0,0.0,,0.0,1.0,0.0,69.8,Fjelstul World Cup Database via DataHub,https://datahub.io/football/worldcup
2022,Teun Koopmeiners,Netherlands,Midfielder,24.0,,,,,,66.66666666666666,,,,,,,,,,,True,0.0,0.0,,U25,,223.0,1.0,5.0,4.0,0.0,,0.0,1.0,0.0,58.8,Fjelstul World Cup Database via DataHub,https://datahub.io/football/worldcup
2022,Tyrell Malacia,Netherlands,Defender,23.0,,,,,,66.66666666666666,,,,,,,,,,,True,0.0,0.0,,U23,,0.0,0.0,0.0,0.0,0.0,,0.0,0.0,0.0,0.0,Fjelstul World Cup Database via DataHub,https://datahub.io/football/worldcup
2022,Vincent Janssen,Netherlands,Forward,28.0,,,,,,66.66666666666666,,,,,,,,,,,True,0.0,0.0,,Prime,,86.0,1.0,2.0,1.0,0.0,,0.0,0.0,0.0,53.8,Fjelstul World Cup Database via DataHub,https://datahub.io/football/worldcup
2022,Virgil van Dijk,Netherlands,Defender,31.0,,,,,,66.66666666666666,,,,,,,,,,,True,0.0,0.0,,Veteran,,487.0,5.0,5.0,0.0,0.0,,0.0,0.0,0.0,90.3,Fjelstul World Cup Database via DataHub,https://datahub.io/football/worldcup
2022,Wout Weghorst,Netherlands,Forward,30.0,,,,,,66.66666666666666,,,,,,,,,,,True,0.0,0.0,,Veteran,,61.0,0.0,4.0,4.0,2.0,,0.0,1.0,0.0,68.0,Fjelstul World Cup Database via DataHub,https://datahub.io/football/worldcup
2022,Xavi Simons,Netherlands,Midfielder,19.0,,,,,,66.66666666666666,,,,,,,,,,,True,0.0,0.0,,U21,,10.0,0.0,1.0,1.0,0.0,,0.0,0.0,0.0,27.9,Fjelstul World Cup Database via DataHub,https://datahub.io/football/worldcup
2022,Arkadiusz Milik,Poland,Forward,28.0,,,,,,33.33333333333333,66.7,,,,,,,,,,False,73.0,1.0,51.8,Prime,,102.0,1.0,3.0,2.0,0.0,,0.0,1.0,0.0,56.7,Fjelstul World Cup Database via DataHub,https://datahub.io/football/worldcup
2022,Artur Jędrzejczyk,Poland,Defender,35.0,,,,,,33.33333333333333,66.7,,,,,,,,,,False,90.0,1.0,42.2,Veteran,,18.0,0.0,1.0,1.0,0.0,,0.0,0.0,0.0,33.9,Fjelstul World Cup Database via DataHub,https://datahub.io/football/worldcup
2022,Bartosz Bereszyński,Poland,Defender,30.0,,,,,,33.33333333333333,66.7,,,,,,,,,,False,169.0,3.0,52.1,Veteran,,349.0,4.0,4.0,0.0,0.0,,0.0,1.0,0.0,79.1,Fjelstul World Cup Database via DataHub,https://datahub.io/football/worldcup
2022,Damian Szymański,Poland,Midfielder,27.0,,,,,,33.33333333333333,66.7,,,,,,,,,,True,0.0,0.0,,Prime,,28.0,0.0,1.0,1.0,0.0,,0.0,0.0,0.0,32.1,Fjelstul World Cup Database via DataHub,https://datahub.io/football/worldcup
2022,Grzegorz Krychowiak,Poland,Midfielder,32.0,,,,,,33.33333333333333,66.7,,,,,,,,,,False,270.0,3.0,90.1,Veteran,,339.0,4.0,4.0,0.0,0.0,,0.0,1.0,0.0,78.9,Fjelstul World Cup Database via DataHub,https://datahub.io/football/worldcup
2022,Jakub Kamiński,Poland,Midfielder,20.0,,,,,,33.33333333333333,66.7,,,,,,,,,,True,0.0,0.0,,U21,,237.0,2.0,4.0,2.0,0.0,,0.0,0.0,0.0,62.7,Fjelstul World Cup Database via DataHub,https://datahub.io/football/worldcup
2022,Jakub Kiwior,Poland,Defender,22.0,,,,,,33.33333333333333,66.7,,,,,,,,,,True,0.0,0.0,,U23,,362.0,4.0,4.0,0.0,0.0,,0.0,1.0,0.0,83.1,Fjelstul World Cup Database via DataHub,https://datahub.io/football/worldcup
2022,Jan Bednarek,Poland,Defender,26.0,,,,,,33.33333333333333,66.7,,,,,,,,,,False,224.0,3.0,84.4,Prime,,5.0,0.0,1.0,1.0,0.0,,0.0,0.0,0.0,32.2,Fjelstul World Cup Database via DataHub,https://datahub.io/football/worldcup
2022,Kamil Glik,Poland,Defender,34.0,,,,,,33.33333333333333,66.7,,,,,,,,,,False,100.0,2.0,46.8,Veteran,,367.0,4.0,4.0,0.0,0.0,,0.0,0.0,0.0,84.2,Fjelstul World Cup Database via DataHub,https://datahub.io/football/worldcup
2022,Kamil Grabara,Poland,Goalkeeper,23.0,,,,,,33.33333333333333,66.7,,,,,,,,,,True,0.0,0.0,,U23,,0.0,0.0,0.0,0.0,0.0,,0.0,0.0,0.0,0.0,Fjelstul World Cup Database via DataHub,https://datahub.io/football/worldcup
2022,Kamil Grosicki,Poland,Midfielder,34.0,,,,,,33.33333333333333,66.7,,,,,,,,,,False,213.0,3.0,61.4,Veteran,,5.0,0.0,1.0,1.0,0.0,,0.0,0.0,0.0,27.0,Fjelstul World Cup Database via DataHub,https://datahub.io/football/worldcup
2022,Karol Świderski,Poland,Forward,25.0,,,,,,33.33333333333333,66.7,,,,,,,,,,True,0.0,0.0,,U25,,46.0,1.0,1.0,0.0,0.0,,0.0,0.0,0.0,48.6,Fjelstul World Cup Database via DataHub,https://datahub.io/football/worldcup
2022,Krystian Bielik,Poland,Midfielder,24.0,,,,,,33.33333333333333,66.7,,,,,,,,,,True,0.0,0.0,,U25,,222.0,2.0,4.0,2.0,0.0,,0.0,0.0,0.0,61.9,Fjelstul World Cup Database via DataHub,https://datahub.io/football/worldcup
2022,Krzysztof Piątek,Poland,Forward,27.0,,,,,,33.33333333333333,66.7,,,,,,,,,,True,0.0,0.0,,Prime,,31.0,0.0,2.0,2.0,0.0,,0.0,0.0,0.0,34.5,Fjelstul World Cup Database via DataHub,https://datahub.io/football/worldcup
2022,Mateusz Wieteska,Poland,Defender,25.0,,,,,,33.33333333333333,66.7,,,,,,,,,,True,0.0,0.0,,U25,,0.0,0.0,0.0,0.0,0.0,,0.0,0.0,0.0,0.0,Fjelstul World Cup Database via DataHub,https://datahub.io/football/worldcup
2022,Matty Cash,Poland,Defender,25.0,,,,,,33.33333333333333,66.7,,,,,,,,,,True,0.0,0.0,,U25,,367.0,4.0,4.0,0.0,0.0,,0.0,2.0,0.0,84.2,Fjelstul World Cup Database via DataHub,https://datahub.io/football/worldcup
2022,Michał Skóraś,Poland,Midfielder,22.0,,,,,,33.33333333333333,66.7,,,,,,,,,,True,0.0,0.0,,U23,,44.0,0.0,1.0,1.0,0.0,,0.0,0.0,0.0,34.7,Fjelstul World Cup Database via DataHub,https://datahub.io/football/worldcup
2022,Nicola Zalewski,Poland,Midfielder,20.0,,,,,,33.33333333333333,66.7,,,,,,,,,,True,0.0,0.0,,U21,,67.0,1.0,2.0,1.0,0.0,,0.0,0.0,0.0,42.2,Fjelstul World Cup Database via DataHub,https://datahub.io/football/worldcup
2022,Piotr Zieliński,Poland,Midfielder,28.0,,,,,,33.33333333333333,66.7,,,,,,,,,,False,259.0,3.0,67.7,Prime,,332.0,4.0,4.0,0.0,1.0,,0.0,0.0,0.0,92.9,Fjelstul World Cup Database via DataHub,https://datahub.io/football/worldcup
2022,Przemysław Frankowski,Poland,Midfielder,27.0,,,,,,33.33333333333333,66.7,,,,,,,,,,True,0.0,0.0,,Prime,,247.0,3.0,4.0,1.0,0.0,,0.0,1.0,0.0,66.5,Fjelstul World Cup Database via DataHub,https://datahub.io/football/worldcup
2022,Robert Gumny,Poland,Defender,24.0,,,,,,33.33333333333333,66.7,,,,,,,,,,True,0.0,0.0,,U25,,0.0,0.0,0.0,0.0,0.0,,0.0,0.0,0.0,0.0,Fjelstul World Cup Database via DataHub,https://datahub.io/football/worldcup
2022,Robert Lewandowski,Poland,Forward,34.0,,,,,,33.33333333333333,66.7,,,,,,,,,,False,270.0,3.0,74.1,Veteran,,367.0,4.0,4.0,0.0,2.0,,0.0,0.0,0.0,93.9,Fjelstul World Cup Database via DataHub,https://datahub.io/football/worldcup
2022,Sebastian Szymański,Poland,Midfielder,23.0,,,,,,33.33333333333333,66.7,,,,,,,,,,True,0.0,0.0,,U23,,135.0,2.0,2.0,0.0,0.0,,0.0,0.0,0.0,53.5,Fjelstul World Cup Database via DataHub,https://datahub.io/football/worldcup
2022,Szymon Żurkowski,Poland,Midfielder,25.0,,,,,,33.33333333333333,66.7,,,,,,,,,,True,0.0,0.0,,U25,,0.0,0.0,0.0,0.0,0.0,,0.0,0.0,0.0,0.0,Fjelstul World Cup Database via DataHub,https://datahub.io/football/worldcup
2022,Wojciech Szczęsny,Poland,Goalkeeper,32.0,,,,,,33.33333333333333,66.7,,,,,,,,,,False,180.0,2.0,72.2,Veteran,,367.0,4.0,4.0,0.0,0.0,,2.0,0.0,0.0,91.4,Fjelstul World Cup Database via DataHub,https://datahub.io/football/worldcup
2022,Łukasz Skorupski,Poland,Goalkeeper,31.0,,,,,,33.33333333333333,66.7,,,,,,,,,,True,0.0,0.0,,Veteran,,0.0,0.0,0.0,0.0,0.0,,0.0,0.0,0.0,0.0,Fjelstul World Cup Database via DataHub,https://datahub.io/football/worldcup
2022,André Silva,Portugal,Forward,27.0,,,,,,0.0,0.0,,,,,,,,,,False,122.0,3.0,58.1,Prime,,28.0,0.0,1.0,1.0,0.0,,0.0,0.0,0.0,33.8,Fjelstul World Cup Database via DataHub,https://datahub.io/football/worldcup
2022,António Silva,Portugal,Defender,19.0,,,,,,0.0,0.0,,,,,,,,,,True,0.0,0.0,,U21,,93.0,1.0,1.0,0.0,0.0,,0.0,0.0,0.0,46.1,Fjelstul World Cup Database via DataHub,https://datahub.io/football/worldcup
2022,Bernardo Silva,Portugal,Forward,28.0,,,,,,0.0,0.0,,,,,,,,,,False,244.0,4.0,66.1,Prime,,361.0,4.0,5.0,1.0,0.0,,0.0,0.0,0.0,79.0,Fjelstul World Cup Database via DataHub,https://datahub.io/football/worldcup
2022,Bruno Fernandes,Portugal,Midfielder,28.0,,,,,,0.0,0.0,,,,,,,,,,False,88.0,2.0,44.8,Prime,,359.0,4.0,4.0,0.0,2.0,,0.0,1.0,0.0,95.0,Fjelstul World Cup Database via DataHub,https://datahub.io/football/worldcup
2022,Cristiano Ronaldo,Portugal,Forward,37.0,,,,,,0.0,0.0,,,,,,,,,,False,1484.0,17.0,96.0,Veteran,,290.0,3.0,5.0,2.0,1.0,,0.0,0.0,0.0,87.6,Fjelstul World Cup Database via DataHub,https://datahub.io/football/worldcup
2022,Danilo Pereira,Portugal,Defender,31.0,,,,,,0.0,0.0,,,,,,,,,,True,0.0,0.0,,Veteran,,92.0,1.0,1.0,0.0,0.0,,0.0,1.0,0.0,45.9,Fjelstul World Cup Database via DataHub,https://datahub.io/football/worldcup
2022,Diogo Costa,Portugal,Goalkeeper,23.0,,,,,,0.0,0.0,,,,,,,,,,True,0.0,0.0,,U23,,455.0,5.0,5.0,0.0,0.0,,1.0,0.0,0.0,92.6,Fjelstul World Cup Database via DataHub,https://datahub.io/football/worldcup
2022,Diogo Dalot,Portugal,Defender,23.0,,,,,,0.0,0.0,,,,,,,,,,True,0.0,0.0,,U23,,262.0,3.0,3.0,0.0,0.0,,0.0,0.0,0.0,62.6,Fjelstul World Cup Database via DataHub,https://datahub.io/football/worldcup
2022,Gonçalo Ramos,Portugal,Forward,21.0,,,,,,0.0,0.0,,,,,,,,,,True,0.0,0.0,,U21,,155.0,2.0,4.0,2.0,3.0,,0.0,0.0,0.0,83.5,Fjelstul World Cup Database via DataHub,https://datahub.io/football/worldcup
2022,José Sá,Portugal,Goalkeeper,29.0,,,,,,0.0,0.0,,,,,,,,,,True,0.0,0.0,,Prime,,0.0,0.0,0.0,0.0,0.0,,0.0,0.0,0.0,0.0,Fjelstul World Cup Database via DataHub,https://datahub.io/football/worldcup
2022,João Cancelo,Portugal,Defender,28.0,,,,,,0.0,0.0,,,,,,,,,,True,0.0,0.0,,Prime,,314.0,3.0,4.0,1.0,0.0,,0.0,0.0,0.0,77.3,Fjelstul World Cup Database via DataHub,https://datahub.io/football/worldcup
2022,João Félix,Portugal,Forward,23.0,,,,,,0.0,0.0,,,,,,,,,,True,0.0,0.0,,U23,,334.0,4.0,4.0,0.0,1.0,,0.0,1.0,0.0,89.3,Fjelstul World Cup Database via DataHub,https://datahub.io/football/worldcup
2022,João Mário,Portugal,Midfielder,29.0,,,,,,0.0,0.0,,,,,,,,,,False,260.0,4.0,67.9,Prime,,85.0,1.0,2.0,1.0,0.0,,0.0,0.0,0.0,44.2,Fjelstul World Cup Database via DataHub,https://datahub.io/football/worldcup
2022,João Palhinha,Portugal,Midfielder,27.0,,,,,,0.0,0.0,,,,,,,,,,True,0.0,0.0,,Prime,,40.0,0.0,3.0,3.0,0.0,,0.0,0.0,0.0,33.9,Fjelstul World Cup Database via DataHub,https://datahub.io/football/worldcup
2022,Matheus Nunes,Portugal,Midfielder,24.0,,,,,,0.0,0.0,,,,,,,,,,True,0.0,0.0,,U25,,73.0,1.0,2.0,1.0,0.0,,0.0,0.0,0.0,43.1,Fjelstul World Cup Database via DataHub,https://datahub.io/football/worldcup
2022,Nuno Mendes,Portugal,Defender,20.0,,,,,,0.0,0.0,,,,,,,,,,True,0.0,0.0,,U21,,42.0,1.0,1.0,0.0,0.0,,0.0,0.0,0.0,37.3,Fjelstul World Cup Database via DataHub,https://datahub.io/football/worldcup
2022,Rafael Leão,Portugal,Forward,23.0,,,,,,0.0,0.0,,,,,,,,,,True,0.0,0.0,,U23,,88.0,0.0,5.0,5.0,2.0,,0.0,0.0,0.0,70.0,Fjelstul World Cup Database via DataHub,https://datahub.io/football/worldcup
2022,Raphaël Guerreiro,Portugal,Defender,28.0,,,,,,0.0,0.0,,,,,,,,,,False,366.0,4.0,84.0,Prime,,281.0,3.0,4.0,1.0,1.0,,0.0,0.0,0.0,95.9,Fjelstul World Cup Database via DataHub,https://datahub.io/football/worldcup
2022,Ricardo Horta,Portugal,Forward,28.0,,,,,,0.0,0.0,,,,,,,,,,True,0.0,0.0,,Prime,,120.0,1.0,3.0,2.0,1.0,,0.0,0.0,0.0,75.7,Fjelstul World Cup Database via DataHub,https://datahub.io/football/worldcup
2022,Rui Patrício,Portugal,Goalkeeper,34.0,,,,,,0.0,0.0,,,,,,,,,,False,456.0,5.0,89.3,Veteran,,0.0,0.0,0.0,0.0,0.0,,0.0,0.0,0.0,0.0,Fjelstul World Cup Database via DataHub,https://datahub.io/football/worldcup
2022,Rúben Dias,Portugal,Defender,25.0,,,,,,0.0,0.0,,,,,,,,,,True,0.0,0.0,0.0,U25,,362.0,4.0,4.0,0.0,0.0,,0.0,1.0,0.0,83.1,Fjelstul World Cup Database via DataHub,https://datahub.io/football/worldcup
2022,Rúben Neves,Portugal,Midfielder,25.0,,,,,,0.0,0.0,,,,,,,,,,True,0.0,0.0,,U25,,271.0,4.0,5.0,1.0,0.0,,0.0,1.0,0.0,77.0,Fjelstul World Cup Database via DataHub,https://datahub.io/football/worldcup
2022,William Carvalho,Portugal,Midfielder,30.0,,,,,,0.0,0.0,,,,,,,,,,False,501.0,6.0,82.3,Veteran,,220.0,2.0,4.0,2.0,0.0,,0.0,0.0,0.0,61.8,Fjelstul World Cup Database via DataHub,https://datahub.io/football/worldcup
2022,not applicable Otávio,Portugal,Midfielder,27.0,,,,,,0.0,0.0,,,,,,,,,,True,0.0,0.0,,Prime,,199.0,3.0,3.0,0.0,0.0,,0.0,0.0,0.0,63.2,Fjelstul World Cup Database via DataHub,https://datahub.io/football/worldcup
2022,not applicable Pepe,Portugal,Defender,39.0,,,,,,0.0,0.0,,,,,,,,,,False,682.0,8.0,96.9,Veteran,,363.0,4.0,4.0,0.0,1.0,,0.0,0.0,0.0,96.7,Fjelstul World Cup Database via DataHub,https://datahub.io/football/worldcup
2022,not applicable Vitinha,Portugal,Midfielder,22.0,,,,,,0.0,0.0,,,,,,,,,,True,0.0,0.0,,U23,,118.0,1.0,3.0,2.0,0.0,,0.0,1.0,0.0,49.7,Fjelstul World Cup Database via DataHub,https://datahub.io/football/worldcup
2022,Abdelkarim Hassan,Qatar,Midfielder,29.0,,,,,,,66.7,,,,,,,,,,True,0.0,0.0,,Prime,,270.0,3.0,3.0,0.0,0.0,,0.0,0.0,0.0,71.4,Fjelstul World Cup Database via DataHub,https://datahub.io/football/worldcup
2022,Abdulaziz Hatem,Qatar,Midfielder,32.0,,,,,,,66.7,,,,,,,,,,True,0.0,0.0,,Veteran,,196.0,2.0,3.0,1.0,0.0,,0.0,0.0,0.0,59.8,Fjelstul World Cup Database via DataHub,https://datahub.io/football/worldcup
2022,Ahmed Alaaeldin,Qatar,Forward,29.0,,,,,,,66.7,,,,,,,,,,True,0.0,0.0,,Prime,,5.0,0.0,1.0,1.0,0.0,,0.0,0.0,0.0,28.9,Fjelstul World Cup Database via DataHub,https://datahub.io/football/worldcup
2022,Akram Afif,Qatar,Forward,26.0,,,,,,,66.7,,,,,,,,,,True,0.0,0.0,,Prime,,270.0,3.0,3.0,0.0,0.0,,0.0,1.0,0.0,74.1,Fjelstul World Cup Database via DataHub,https://datahub.io/football/worldcup
2022,Ali Assadalla,Qatar,Midfielder,29.0,,,,,,,66.7,,,,,,,,,,True,0.0,0.0,,Prime,,26.0,0.0,1.0,1.0,0.0,,0.0,0.0,0.0,31.6,Fjelstul World Cup Database via DataHub,https://datahub.io/football/worldcup
2022,Almoez Ali,Qatar,Forward,26.0,,,,,,,66.7,,,,,,,,,,True,0.0,0.0,,Prime,,226.0,3.0,3.0,0.0,0.0,,0.0,1.0,0.0,70.2,Fjelstul World Cup Database via DataHub,https://datahub.io/football/worldcup
2022,Assim Madibo,Qatar,Midfielder,26.0,,,,,,,66.7,,,,,,,,,,True,0.0,0.0,,Prime,,154.0,2.0,2.0,0.0,0.0,,0.0,1.0,0.0,55.0,Fjelstul World Cup Database via DataHub,https://datahub.io/football/worldcup
2022,Bassam Al-Rawi,Qatar,Defender,24.0,,,,,,,66.7,,,,,,,,,,True,0.0,0.0,,U25,,90.0,1.0,1.0,0.0,0.0,,0.0,0.0,0.0,42.2,Fjelstul World Cup Database via DataHub,https://datahub.io/football/worldcup
2022,Boualem Khoukhi,Qatar,Defender,32.0,,,,,,,66.7,,,,,,,,,,True,0.0,0.0,,Veteran,,270.0,3.0,3.0,0.0,0.0,,0.0,0.0,0.0,67.9,Fjelstul World Cup Database via DataHub,https://datahub.io/football/worldcup
2022,Hassan Al-Haydos,Qatar,Midfielder,31.0,,,,,,,66.7,,,,,,,,,,True,0.0,0.0,,Veteran,,210.0,3.0,3.0,0.0,0.0,,0.0,0.0,0.0,63.6,Fjelstul World Cup Database via DataHub,https://datahub.io/football/worldcup
2022,Homam Ahmed,Qatar,Defender,23.0,,,,,,,66.7,,,,,,,,,,True,0.0,0.0,,U23,,263.0,3.0,3.0,0.0,0.0,,0.0,1.0,0.0,62.7,Fjelstul World Cup Database via DataHub,https://datahub.io/football/worldcup
2022,Ismaeel Mohammad,Qatar,Defender,32.0,,,,,,,66.7,,,,,,,,,,True,0.0,0.0,,Veteran,,175.0,2.0,2.0,0.0,0.0,,0.0,1.0,0.0,52.3,Fjelstul World Cup Database via DataHub,https://datahub.io/football/worldcup
2022,Jassem Gaber,Qatar,Midfielder,20.0,,,,,,,66.7,,,,,,,,,,True,0.0,0.0,,U21,,0.0,0.0,0.0,0.0,0.0,,0.0,0.0,0.0,0.0,Fjelstul World Cup Database via DataHub,https://datahub.io/football/worldcup
2022,Karim Boudiaf,Qatar,Midfielder,32.0,,,,,,,66.7,,,,,,,,,,True,0.0,0.0,,Veteran,,185.0,2.0,3.0,1.0,0.0,,0.0,1.0,0.0,59.2,Fjelstul World Cup Database via DataHub,https://datahub.io/football/worldcup
2022,Khalid Muneer,Qatar,Forward,24.0,,,,,,,66.7,,,,,,,,,,True,0.0,0.0,,U25,,0.0,0.0,0.0,0.0,0.0,,0.0,0.0,0.0,0.0,Fjelstul World Cup Database via DataHub,https://datahub.io/football/worldcup
2022,Meshaal Barsham,Qatar,Goalkeeper,24.0,,,,,,,66.7,,,,,,,,,,True,0.0,0.0,,U25,,180.0,2.0,2.0,0.0,0.0,,0.0,0.0,0.0,72.2,Fjelstul World Cup Database via DataHub,https://datahub.io/football/worldcup
2022,Mohammed Muntari,Qatar,Forward,28.0,,,,,,,66.7,,,,,,,,,,True,0.0,0.0,,Prime,,60.0,0.0,3.0,3.0,1.0,,0.0,0.0,0.0,62.6,Fjelstul World Cup Database via DataHub,https://datahub.io/football/worldcup
2022,Mohammed Waad,Qatar,Defender,23.0,,,,,,,66.7,,,,,,,,,,True,0.0,0.0,,U23,,25.0,0.0,2.0,2.0,0.0,,0.0,0.0,0.0,34.3,Fjelstul World Cup Database via DataHub,https://datahub.io/football/worldcup
2022,Mostafa Meshaal,Qatar,Midfielder,21.0,,,,,,,66.7,,,,,,,,,,True,0.0,0.0,,U21,,0.0,0.0,0.0,0.0,0.0,,0.0,0.0,0.0,0.0,Fjelstul World Cup Database via DataHub,https://datahub.io/football/worldcup
2022,Musab Kheder,Qatar,Defender,29.0,,,,,,,66.7,,,,,,,,,,True,0.0,0.0,,Prime,,5.0,0.0,1.0,1.0,0.0,,0.0,0.0,0.0,32.2,Fjelstul World Cup Database via DataHub,https://datahub.io/football/worldcup
2022,Naif Al-Hadhrami,Qatar,Midfielder,21.0,,,,,,,66.7,,,,,,,,,,True,0.0,0.0,,U21,,0.0,0.0,0.0,0.0,0.0,,0.0,0.0,0.0,0.0,Fjelstul World Cup Database via DataHub,https://datahub.io/football/worldcup
2022,Saad Al-Sheeb,Qatar,Goalkeeper,32.0,,,,,,,66.7,,,,,,,,,,True,0.0,0.0,,Veteran,,90.0,1.0,1.0,0.0,0.0,,0.0,1.0,0.0,68.3,Fjelstul World Cup Database via DataHub,https://datahub.io/football/worldcup
2022,Salem Al-Hajri,Qatar,Midfielder,26.0,,,,,,,66.7,,,,,,,,,,True,0.0,0.0,,Prime,,0.0,0.0,0.0,0.0,0.0,,0.0,0.0,0.0,0.0,Fjelstul World Cup Database via DataHub,https://datahub.io/football/worldcup
2022,Tarek Salman,Qatar,Defender,24.0,,,,,,,66.7,,,,,,,,,,True,0.0,0.0,,U25,,7.0,0.0,1.0,1.0,0.0,,0.0,0.0,0.0,32.4,Fjelstul World Cup Database via DataHub,https://datahub.io/football/worldcup
2022,Yousef Hassan,Qatar,Goalkeeper,26.0,,,,,,,66.7,,,,,,,,,,True,0.0,0.0,,Prime,,0.0,0.0,0.0,0.0,0.0,,0.0,0.0,0.0,0.0,Fjelstul World Cup Database via DataHub,https://datahub.io/football/worldcup
2022,not applicable Ró-Ró,Qatar,Defender,32.0,,,,,,,66.7,,,,,,,,,,True,0.0,0.0,,Veteran,,263.0,3.0,3.0,0.0,0.0,,0.0,0.0,0.0,62.7,Fjelstul World Cup Database via DataHub,https://datahub.io/football/worldcup
2022,Abdulelah Al-Amri,Saudi Arabia,Defender,25.0,,,,,,,50.0,,,,,,,,,,True,0.0,0.0,,U25,,195.0,2.0,3.0,1.0,0.0,,0.0,2.0,0.0,57.8,Fjelstul World Cup Database via DataHub,https://datahub.io/football/worldcup
2022,Abdulellah Al-Malki,Saudi Arabia,Midfielder,28.0,,,,,,,50.0,,,,,,,,,,True,0.0,0.0,,Prime,,184.0,2.0,2.0,0.0,0.0,,0.0,2.0,0.0,59.1,Fjelstul World Cup Database via DataHub,https://datahub.io/football/worldcup
2022,Abdullah Madu,Saudi Arabia,Defender,29.0,,,,,,,50.0,,,,,,,,,,True,0.0,0.0,,Prime,,44.0,0.0,1.0,1.0,0.0,,0.0,1.0,0.0,35.5,Fjelstul World Cup Database via DataHub,https://datahub.io/football/worldcup
2022,Abdullah Otayf,Saudi Arabia,Midfielder,30.0,,,,,,,50.0,,,,,,,,,,False,244.0,3.0,66.1,Veteran,,0.0,0.0,0.0,0.0,0.0,,0.0,0.0,0.0,0.0,Fjelstul World Cup Database via DataHub,https://datahub.io/football/worldcup
2022,Abdulrahman Al-Aboud,Saudi Arabia,Forward,27.0,,,,,,,50.0,,,,,,,,,,True,0.0,0.0,,Prime,,38.0,0.0,2.0,2.0,0.0,,0.0,0.0,0.0,36.0,Fjelstul World Cup Database via DataHub,https://datahub.io/football/worldcup
2022,Ali Al-Bulaihi,Saudi Arabia,Defender,32.0,,,,,,,50.0,,,,,,,,,,False,90.0,1.0,42.2,Veteran,,231.0,3.0,3.0,0.0,0.0,,0.0,1.0,0.0,60.8,Fjelstul World Cup Database via DataHub,https://datahub.io/football/worldcup
2022,Ali Al-Hassan,Saudi Arabia,Midfielder,25.0,,,,,,,50.0,,,,,,,,,,True,0.0,0.0,,U25,,46.0,1.0,1.0,0.0,0.0,,0.0,1.0,0.0,39.1,Fjelstul World Cup Database via DataHub,https://datahub.io/football/worldcup
2022,Firas Al-Buraikan,Saudi Arabia,Forward,22.0,,,,,,,50.0,,,,,,,,,,True,0.0,0.0,,U23,,274.0,3.0,3.0,0.0,0.0,,0.0,0.0,0.0,75.9,Fjelstul World Cup Database via DataHub,https://datahub.io/football/worldcup
2022,Haitham Asiri,Saudi Arabia,Forward,21.0,,,,,,,50.0,,,,,,,,,,True,0.0,0.0,,U21,,10.0,0.0,1.0,1.0,0.0,,0.0,0.0,0.0,30.0,Fjelstul World Cup Database via DataHub,https://datahub.io/football/worldcup
2022,Hassan Al-Tambakti,Saudi Arabia,Defender,23.0,,,,,,,50.0,,,,,,,,,,True,0.0,0.0,,U23,,189.0,2.0,2.0,0.0,0.0,,0.0,1.0,0.0,57.6,Fjelstul World Cup Database via DataHub,https://datahub.io/football/worldcup
2022,Hattan Bahebri,Saudi Arabia,Forward,30.0,,,,,,,50.0,,,,,,,,,,False,158.0,3.0,55.5,Veteran,,2.0,0.0,2.0,2.0,0.0,,0.0,1.0,0.0,28.4,Fjelstul World Cup Database via DataHub,https://datahub.io/football/worldcup
2022,Mohamed Kanno,Saudi Arabia,Midfielder,28.0,,,,,,,50.0,,,,,,,,,,False,15.0,1.0,29.5,Prime,,284.0,3.0,3.0,0.0,0.0,,0.0,0.0,0.0,76.0,Fjelstul World Cup Database via DataHub,https://datahub.io/football/worldcup
2022,Mohammed Al-Breik,Saudi Arabia,Defender,30.0,,,,,,,50.0,,,,,,,,,,False,270.0,3.0,67.9,Veteran,,65.0,1.0,2.0,1.0,0.0,,0.0,0.0,0.0,38.4,Fjelstul World Cup Database via DataHub,https://datahub.io/football/worldcup
2022,Mohammed Al-Owais,Saudi Arabia,Goalkeeper,31.0,,,,,,,50.0,,,,,,,,,,False,90.0,1.0,68.3,Veteran,,284.0,3.0,3.0,0.0,0.0,,0.0,1.0,0.0,79.4,Fjelstul World Cup Database via DataHub,https://datahub.io/football/worldcup
2022,Mohammed Al-Rubaie,Saudi Arabia,Goalkeeper,25.0,,,,,,,50.0,,,,,,,,,,True,0.0,0.0,,U25,,0.0,0.0,0.0,0.0,0.0,,0.0,0.0,0.0,0.0,Fjelstul World Cup Database via DataHub,https://datahub.io/football/worldcup
2022,Nasser Al-Dawsari,Saudi Arabia,Midfielder,23.0,,,,,,,50.0,,,,,,,,,,True,0.0,0.0,,U23,,10.0,0.0,1.0,1.0,0.0,,0.0,0.0,0.0,27.9,Fjelstul World Cup Database via DataHub,https://datahub.io/football/worldcup
2022,Nawaf Al-Abed,Saudi Arabia,Midfielder,32.0,,,,,,,50.0,,,,,,,,,,True,0.0,0.0,,Veteran,,99.0,0.0,2.0,2.0,0.0,,0.0,1.0,0.0,38.3,Fjelstul World Cup Database via DataHub,https://datahub.io/football/worldcup
2022,Nawaf Al-Aqidi,Saudi Arabia,Goalkeeper,22.0,,,,,,,50.0,,,,,,,,,,True,0.0,0.0,,U23,,0.0,0.0,0.0,0.0,0.0,,0.0,0.0,0.0,0.0,Fjelstul World Cup Database via DataHub,https://datahub.io/football/worldcup
2022,Riyadh Sharahili,Saudi Arabia,Midfielder,29.0,,,,,,,50.0,,,,,,,,,,True,0.0,0.0,,Prime,,53.0,0.0,1.0,1.0,0.0,,0.0,0.0,0.0,35.8,Fjelstul World Cup Database via DataHub,https://datahub.io/football/worldcup
2022,Saleh Al-Shehri,Saudi Arabia,Forward,29.0,,,,,,,50.0,,,,,,,,,,True,0.0,0.0,,Prime,,225.0,3.0,3.0,0.0,1.0,,0.0,1.0,0.0,83.5,Fjelstul World Cup Database via DataHub,https://datahub.io/football/worldcup
2022,Salem Al-Dawsari,Saudi Arabia,Forward,31.0,,,,,,,50.0,,,,,,,,,,False,270.0,3.0,90.1,Veteran,,284.0,3.0,3.0,0.0,2.0,,0.0,1.0,0.0,91.3,Fjelstul World Cup Database via DataHub,https://datahub.io/football/worldcup
2022,Salman Al-Faraj,Saudi Arabia,Midfielder,33.0,,,,,,,50.0,,,,,,,,,,False,270.0,3.0,90.1,Veteran,,49.0,1.0,1.0,0.0,0.0,,0.0,0.0,0.0,39.6,Fjelstul World Cup Database via DataHub,https://datahub.io/football/worldcup
2022,Sami Al-Najei,Saudi Arabia,Midfielder,25.0,,,,,,,50.0,,,,,,,,,,True,0.0,0.0,,U25,,46.0,1.0,1.0,0.0,0.0,,0.0,0.0,0.0,39.1,Fjelstul World Cup Database via DataHub,https://datahub.io/football/worldcup
2022,Saud Abdulhamid,Saudi Arabia,Defender,23.0,,,,,,,50.0,,,,,,,,,,True,0.0,0.0,,U23,,284.0,3.0,3.0,0.0,0.0,,0.0,1.0,0.0,76.4,Fjelstul World Cup Database via DataHub,https://datahub.io/football/worldcup
2022,Sultan Al-Ghannam,Saudi Arabia,Defender,28.0,,,,,,,50.0,,,,,,,,,,True,0.0,0.0,,Prime,,139.0,1.0,3.0,2.0,0.0,,0.0,0.0,0.0,49.1,Fjelstul World Cup Database via DataHub,https://datahub.io/football/worldcup
2022,Yasser Al-Shahrani,Saudi Arabia,Defender,30.0,,,,,,,50.0,,,,,,,,,,False,270.0,3.0,67.9,Veteran,,99.0,1.0,1.0,0.0,0.0,,0.0,0.0,0.0,46.7,Fjelstul World Cup Database via DataHub,https://datahub.io/football/worldcup
2022,Abdou Diallo,Senegal,Defender,26.0,,,,,,,66.7,,,,,,,,,,True,0.0,0.0,,Prime,,337.0,4.0,4.0,0.0,0.0,,0.0,0.0,0.0,78.8,Fjelstul World Cup Database via DataHub,https://datahub.io/football/worldcup
2022,Alfred Gomis,Senegal,Goalkeeper,29.0,,,,,,,66.7,,,,,,,,,,True,0.0,0.0,0.0,Prime,,0.0,0.0,0.0,0.0,0.0,,0.0,0.0,0.0,0.0,Fjelstul World Cup Database via DataHub,https://datahub.io/football/worldcup
2022,Bamba Dieng,Senegal,Forward,22.0,,,,,,,66.7,,,,,,,,,,True,0.0,0.0,,U23,,106.0,0.0,4.0,4.0,1.0,,0.0,0.0,0.0,67.4,Fjelstul World Cup Database via DataHub,https://datahub.io/football/worldcup
2022,Boulaye Dia,Senegal,Forward,26.0,,,,,,,66.7,,,,,,,,,,True,0.0,0.0,,Prime,,326.0,4.0,4.0,0.0,1.0,,0.0,1.0,0.0,89.1,Fjelstul World Cup Database via DataHub,https://datahub.io/football/worldcup
2022,Cheikhou Kouyaté,Senegal,Defender,32.0,,,,,,,66.7,,,,,,,,,,False,118.0,3.0,49.7,Veteran,,73.0,1.0,1.0,0.0,0.0,,0.0,0.0,0.0,38.7,Fjelstul World Cup Database via DataHub,https://datahub.io/football/worldcup
2022,Famara Diédhiou,Senegal,Forward,29.0,,,,,,,66.7,,,,,,,,,,True,0.0,0.0,,Prime,,92.0,1.0,2.0,1.0,1.0,,0.0,0.0,0.0,73.2,Fjelstul World Cup Database via DataHub,https://datahub.io/football/worldcup
2022,Fodé Ballo-Touré,Senegal,Defender,25.0,,,,,,,66.7,,,,,,,,,,True,0.0,0.0,,U25,,6.0,0.0,1.0,1.0,0.0,,0.0,0.0,0.0,32.3,Fjelstul World Cup Database via DataHub,https://datahub.io/football/worldcup
2022,Formose Mendy,Senegal,Defender,21.0,,,,,,,66.7,,,,,,,,,,True,0.0,0.0,,U21,,0.0,0.0,0.0,0.0,0.0,,0.0,0.0,0.0,0.0,Fjelstul World Cup Database via DataHub,https://datahub.io/football/worldcup
2022,Idrissa Gueye,Senegal,Midfielder,33.0,,,,,,,66.7,,,,,,,,,,False,270.0,3.0,71.4,Veteran,,279.0,3.0,3.0,0.0,0.0,,0.0,2.0,0.0,75.9,Fjelstul World Cup Database via DataHub,https://datahub.io/football/worldcup
2022,Iliman Ndiaye,Senegal,Forward,22.0,,,,,,,66.7,,,,,,,,,,True,0.0,0.0,,U23,,136.0,2.0,3.0,1.0,0.0,,0.0,0.0,0.0,61.9,Fjelstul World Cup Database via DataHub,https://datahub.io/football/worldcup
2022,Ismail Jakobs,Senegal,Defender,23.0,,,,,,,66.7,,,,,,,,,,True,0.0,0.0,,U23,,289.0,3.0,4.0,1.0,0.0,,0.0,1.0,0.0,76.5,Fjelstul World Cup Database via DataHub,https://datahub.io/football/worldcup
2022,Ismaïla Sarr,Senegal,Forward,24.0,,,,,,,66.7,,,,,,,,,,False,270.0,3.0,74.1,U25,,353.0,4.0,4.0,0.0,1.0,,0.0,0.0,0.0,90.2,Fjelstul World Cup Database via DataHub,https://datahub.io/football/worldcup
2022,Kalidou Koulibaly,Senegal,Defender,31.0,,,,,,,66.7,,,,,,,,,,False,270.0,3.0,67.9,Veteran,,369.0,4.0,4.0,0.0,1.0,,0.0,1.0,0.0,96.9,Fjelstul World Cup Database via DataHub,https://datahub.io/football/worldcup
2022,Krépin Diatta,Senegal,Midfielder,23.0,,,,,,,66.7,,,,,,,,,,True,0.0,0.0,,U23,,183.0,3.0,3.0,0.0,0.0,,0.0,0.0,0.0,62.6,Fjelstul World Cup Database via DataHub,https://datahub.io/football/worldcup
2022,Mamadou Loum,Senegal,Midfielder,25.0,,,,,,,66.7,,,,,,,,,,True,0.0,0.0,,U25,,0.0,0.0,0.0,0.0,0.0,,0.0,0.0,0.0,0.0,Fjelstul World Cup Database via DataHub,https://datahub.io/football/worldcup
2022,Moussa N'Diaye,Senegal,Defender,20.0,,,,,,,66.7,,,,,,,,,,True,0.0,0.0,,U21,,0.0,0.0,0.0,0.0,0.0,,0.0,0.0,0.0,0.0,Fjelstul World Cup Database via DataHub,https://datahub.io/football/worldcup
2022,Moustapha Name,Senegal,Defender,27.0,,,,,,,66.7,,,,,,,,,,True,0.0,0.0,,Prime,,0.0,0.0,0.0,0.0,0.0,,0.0,0.0,0.0,0.0,Fjelstul World Cup Database via DataHub,https://datahub.io/football/worldcup
2022,Nampalys Mendy,Senegal,Midfielder,30.0,,,,,,,66.7,,,,,,,,,,True,0.0,0.0,,Veteran,,283.0,3.0,4.0,1.0,0.0,,0.0,1.0,0.0,76.0,Fjelstul World Cup Database via DataHub,https://datahub.io/football/worldcup
2022,Nicolas Jackson,Senegal,Forward,21.0,,,,,,,66.7,,,,,,,,,,True,0.0,0.0,,U21,,21.0,0.0,1.0,1.0,0.0,,0.0,0.0,0.0,32.4,Fjelstul World Cup Database via DataHub,https://datahub.io/football/worldcup
2022,Pape Abou Cissé,Senegal,Defender,27.0,,,,,,,66.7,,,,,,,,,,True,0.0,0.0,,Prime,,106.0,1.0,3.0,2.0,0.0,,0.0,0.0,0.0,47.3,Fjelstul World Cup Database via DataHub,https://datahub.io/football/worldcup
2022,Pape Gueye,Senegal,Midfielder,23.0,,,,,,,66.7,,,,,,,,,,True,0.0,0.0,,U23,,160.0,1.0,3.0,2.0,0.0,,0.0,0.0,0.0,52.4,Fjelstul World Cup Database via DataHub,https://datahub.io/football/worldcup
2022,Pape Matar Sarr,Senegal,Midfielder,20.0,,,,,,,66.7,,,,,,,,,,True,0.0,0.0,,U21,,56.0,0.0,2.0,2.0,0.0,,0.0,0.0,0.0,36.1,Fjelstul World Cup Database via DataHub,https://datahub.io/football/worldcup
2022,Pathé Ciss,Senegal,Midfielder,28.0,,,,,,,66.7,,,,,,,,,,True,0.0,0.0,,Prime,,146.0,2.0,3.0,1.0,0.0,,0.0,1.0,0.0,54.3,Fjelstul World Cup Database via DataHub,https://datahub.io/football/worldcup
2022,Seny Dieng,Senegal,Goalkeeper,27.0,,,,,,,66.7,,,,,,,,,,True,0.0,0.0,,Prime,,0.0,0.0,0.0,0.0,0.0,,0.0,0.0,0.0,0.0,Fjelstul World Cup Database via DataHub,https://datahub.io/football/worldcup
2022,Youssouf Sabaly,Senegal,Defender,29.0,,,,,,,66.7,,,,,,,,,,False,254.0,3.0,61.9,Prime,,369.0,4.0,4.0,0.0,0.0,,0.0,0.0,0.0,84.4,Fjelstul World Cup Database via DataHub,https://datahub.io/football/worldcup
2022,Édouard Mendy,Senegal,Goalkeeper,30.0,,,,,,,66.7,,,,,,,,,,True,0.0,0.0,,Veteran,,369.0,4.0,4.0,0.0,0.0,,0.0,0.0,0.0,81.1,Fjelstul World Cup Database via DataHub,https://datahub.io/football/worldcup
2022,Aleksandar Mitrović,Serbia,Forward,28.0,,,,,,,0.0,,,,,,,,,,False,273.0,3.0,87.2,Prime,,271.0,3.0,3.0,0.0,2.0,,0.0,1.0,0.0,90.4,Fjelstul World Cup Database via DataHub,https://datahub.io/football/worldcup
2022,Andrija Živković,Serbia,Midfielder,26.0,,,,,,,0.0,,,,,,,,,,False,15.0,1.0,29.5,Prime,,213.0,3.0,3.0,0.0,0.0,,0.0,0.0,0.0,63.7,Fjelstul World Cup Database via DataHub,https://datahub.io/football/worldcup
2022,Darko Lazović,Serbia,Midfielder,32.0,,,,,,,0.0,,,,,,,,,,True,0.0,0.0,,Veteran,,24.0,0.0,1.0,1.0,0.0,,0.0,0.0,0.0,31.3,Fjelstul World Cup Database via DataHub,https://datahub.io/football/worldcup
2022,Dušan Tadić,Serbia,Forward,33.0,,,,,,,0.0,,,,,,,,,,False,267.0,3.0,68.6,Veteran,,260.0,3.0,3.0,0.0,0.0,,0.0,0.0,0.0,72.6,Fjelstul World Cup Database via DataHub,https://datahub.io/football/worldcup
2022,Dušan Vlahović,Serbia,Forward,22.0,,,,,,,0.0,,,,,,,,,,True,0.0,0.0,,U23,,79.0,1.0,2.0,1.0,1.0,,0.0,0.0,0.0,71.6,Fjelstul World Cup Database via DataHub,https://datahub.io/football/worldcup
2022,Filip Kostić,Serbia,Midfielder,30.0,,,,,,,0.0,,,,,,,,,,False,166.0,3.0,56.3,Veteran,,188.0,2.0,2.0,0.0,0.0,,0.0,0.0,0.0,59.3,Fjelstul World Cup Database via DataHub,https://datahub.io/football/worldcup
2022,Filip Mladenović,Serbia,Defender,31.0,,,,,,,0.0,,,,,,,,,,True,0.0,0.0,,Veteran,,66.0,1.0,1.0,0.0,0.0,,0.0,0.0,0.0,38.4,Fjelstul World Cup Database via DataHub,https://datahub.io/football/worldcup
2022,Filip Đuričić,Serbia,Forward,30.0,,,,,,,0.0,,,,,,,,,,True,0.0,0.0,,Veteran,,18.0,0.0,2.0,2.0,0.0,,0.0,0.0,0.0,31.9,Fjelstul World Cup Database via DataHub,https://datahub.io/football/worldcup
2022,Ivan Ilić,Serbia,Midfielder,21.0,,,,,,,0.0,,,,,,,,,,True,0.0,0.0,,U21,,33.0,0.0,1.0,1.0,0.0,,0.0,0.0,0.0,33.1,Fjelstul World Cup Database via DataHub,https://datahub.io/football/worldcup
2022,Luka Jović,Serbia,Forward,24.0,,,,,,,0.0,,,,,,,,,,False,1.0,1.0,28.2,U25,,41.0,0.0,1.0,1.0,0.0,,0.0,1.0,0.0,36.4,Fjelstul World Cup Database via DataHub,https://datahub.io/football/worldcup
2022,Marko Dmitrović,Serbia,Goalkeeper,30.0,,,,,,,0.0,,,,,,,,,,True,0.0,0.0,0.0,Veteran,,0.0,0.0,0.0,0.0,0.0,,0.0,0.0,0.0,0.0,Fjelstul World Cup Database via DataHub,https://datahub.io/football/worldcup
2022,Marko Grujić,Serbia,Midfielder,26.0,,,,,,,0.0,,,,,,,,,,True,0.0,0.0,0.0,Prime,,14.0,0.0,1.0,1.0,0.0,,0.0,0.0,0.0,29.2,Fjelstul World Cup Database via DataHub,https://datahub.io/football/worldcup
2022,Miloš Veljković,Serbia,Defender,27.0,,,,,,,0.0,,,,,,,,,,False,90.0,1.0,42.2,Prime,,223.0,3.0,3.0,0.0,0.0,,0.0,0.0,0.0,60.4,Fjelstul World Cup Database via DataHub,https://datahub.io/football/worldcup
2022,Nemanja Gudelj,Serbia,Midfielder,31.0,,,,,,,0.0,,,,,,,,,,True,0.0,0.0,,Veteran,,98.0,1.0,2.0,1.0,0.0,,0.0,2.0,0.0,47.8,Fjelstul World Cup Database via DataHub,https://datahub.io/football/worldcup
2022,Nemanja Maksimović,Serbia,Midfielder,27.0,,,,,,,0.0,,,,,,,,,,True,0.0,0.0,,Prime,,127.0,1.0,3.0,2.0,0.0,,0.0,0.0,0.0,50.3,Fjelstul World Cup Database via DataHub,https://datahub.io/football/worldcup
2022,Nemanja Radonjić,Serbia,Forward,26.0,,,,,,,0.0,,,,,,,,,,False,21.0,2.0,32.4,Prime,,65.0,0.0,3.0,3.0,0.0,,0.0,0.0,0.0,39.4,Fjelstul World Cup Database via DataHub,https://datahub.io/football/worldcup
2022,Nikola Milenković,Serbia,Defender,25.0,,,,,,,0.0,,,,,,,,,,False,274.0,3.0,75.4,U25,,278.0,3.0,3.0,0.0,0.0,,0.0,2.0,0.0,76.2,Fjelstul World Cup Database via DataHub,https://datahub.io/football/worldcup
2022,Predrag Rajković,Serbia,Goalkeeper,27.0,,,,,,,0.0,,,,,,,,,,True,0.0,0.0,0.0,Prime,,0.0,0.0,0.0,0.0,0.0,,0.0,1.0,0.0,0.0,Fjelstul World Cup Database via DataHub,https://datahub.io/football/worldcup
2022,Saša Lukić,Serbia,Midfielder,26.0,,,,,,,0.0,,,,,,,,,,True,0.0,0.0,,Prime,,254.0,3.0,3.0,0.0,0.0,,0.0,2.0,0.0,67.3,Fjelstul World Cup Database via DataHub,https://datahub.io/football/worldcup
2022,Sergej Milinković-Savić,Serbia,Midfielder,27.0,,,,,,,0.0,,,,,,,,,,False,274.0,3.0,75.4,Prime,,236.0,3.0,3.0,0.0,1.0,,0.0,1.0,0.0,86.7,Fjelstul World Cup Database via DataHub,https://datahub.io/football/worldcup
2022,Srđan Babić,Serbia,Defender,26.0,,,,,,,0.0,,,,,,,,,,True,0.0,0.0,,Prime,,14.0,0.0,1.0,1.0,0.0,,0.0,0.0,0.0,33.3,Fjelstul World Cup Database via DataHub,https://datahub.io/football/worldcup
2022,Stefan Mitrović,Serbia,Defender,32.0,,,,,,,0.0,,,,,,,,,,True,0.0,0.0,,Veteran,,37.0,0.0,1.0,1.0,0.0,,0.0,0.0,0.0,35.0,Fjelstul World Cup Database via DataHub,https://datahub.io/football/worldcup
2022,Strahinja Eraković,Serbia,Defender,21.0,,,,,,,0.0,,,,,,,,,,True,0.0,0.0,,U21,,0.0,0.0,0.0,0.0,0.0,,0.0,0.0,0.0,0.0,Fjelstul World Cup Database via DataHub,https://datahub.io/football/worldcup
2022,Strahinja Pavlović,Serbia,Defender,21.0,,,,,,,0.0,,,,,,,,,,True,0.0,0.0,,U21,,241.0,3.0,3.0,0.0,1.0,,0.0,2.0,0.0,88.7,Fjelstul World Cup Database via DataHub,https://datahub.io/football/worldcup
2022,Uroš Račić,Serbia,Midfielder,24.0,,,,,,,0.0,,,,,,,,,,True,0.0,0.0,,U25,,0.0,0.0,0.0,0.0,0.0,,0.0,0.0,0.0,0.0,Fjelstul World Cup Database via DataHub,https://datahub.io/football/worldcup
2022,Vanja Milinković-Savić,Serbia,Goalkeeper,25.0,,,,,,,0.0,,,,,,,,,,True,0.0,0.0,,U25,,278.0,3.0,3.0,0.0,0.0,,0.0,0.0,0.0,79.3,Fjelstul World Cup Database via DataHub,https://datahub.io/football/worldcup
2022,Cho Gue-sung,South Korea,Forward,24.0,,,,,,0.0,0.0,,,,,,,,,,True,0.0,0.0,,U25,,281.0,3.0,4.0,1.0,2.0,,0.0,1.0,0.0,91.3,Fjelstul World Cup Database via DataHub,https://datahub.io/football/worldcup
2022,Cho Yu-min,South Korea,Defender,26.0,,,,,,0.0,0.0,,,,,,,,,,True,0.0,0.0,,Prime,,0.0,0.0,1.0,1.0,0.0,,0.0,0.0,0.0,0.0,Fjelstul World Cup Database via DataHub,https://datahub.io/football/worldcup
2022,Chul Hong,South Korea,Defender,32.0,,,,,,0.0,0.0,,,,,,,,,,False,96.0,2.0,46.5,Veteran,,44.0,0.0,1.0,1.0,0.0,,0.0,0.0,0.0,35.5,Fjelstul World Cup Database via DataHub,https://datahub.io/football/worldcup
2022,Hee-chan Hwang,South Korea,Midfielder,26.0,,,,,,0.0,0.0,,,,,,,,,,False,214.0,3.0,67.6,Prime,,118.0,1.0,2.0,1.0,1.0,,0.0,1.0,0.0,73.9,Fjelstul World Cup Database via DataHub,https://datahub.io/football/worldcup
2022,Heung-min Son,South Korea,Midfielder,30.0,,,,,,0.0,0.0,,,,,,,,,,False,517.0,6.0,89.6,Veteran,,365.0,4.0,4.0,0.0,0.0,,0.0,0.0,0.0,82.2,Fjelstul World Cup Database via DataHub,https://datahub.io/football/worldcup
2022,Hwang In-beom,South Korea,Midfielder,26.0,,,,,,0.0,0.0,,,,,,,,,,True,0.0,0.0,,Prime,,340.0,4.0,4.0,0.0,0.0,,0.0,0.0,0.0,79.0,Fjelstul World Cup Database via DataHub,https://datahub.io/football/worldcup
2022,Hwang Ui-jo,South Korea,Forward,30.0,,,,,,0.0,0.0,,,,,,,,,,True,0.0,0.0,,Veteran,,110.0,1.0,4.0,3.0,0.0,,0.0,0.0,0.0,57.2,Fjelstul World Cup Database via DataHub,https://datahub.io/football/worldcup
2022,Hyeon-woo Jo,South Korea,Goalkeeper,31.0,,,,,,0.0,0.0,,,,,,,,,,False,270.0,3.0,84.2,Veteran,,0.0,0.0,0.0,0.0,0.0,,0.0,0.0,0.0,0.0,Fjelstul World Cup Database via DataHub,https://datahub.io/football/worldcup
2022,Jae-sung Lee,South Korea,Midfielder,30.0,,,,,,0.0,0.0,,,,,,,,,,False,270.0,3.0,71.4,Veteran,,213.0,3.0,3.0,0.0,0.0,,0.0,0.0,0.0,63.7,Fjelstul World Cup Database via DataHub,https://datahub.io/football/worldcup
2022,Jeong Woo-yeong,South Korea,Midfielder,23.0,,,,,,0.0,0.0,,,,,,,,,,True,0.0,0.0,,U23,,46.0,1.0,1.0,0.0,0.0,,0.0,0.0,0.0,39.1,Fjelstul World Cup Database via DataHub,https://datahub.io/football/worldcup
2022,Kim Jin-su,South Korea,Defender,30.0,,,,,,0.0,0.0,,,,,,,,,,True,0.0,0.0,,Veteran,,321.0,4.0,4.0,0.0,0.0,,0.0,0.0,0.0,78.4,Fjelstul World Cup Database via DataHub,https://datahub.io/football/worldcup
2022,Kim Min-jae,South Korea,Defender,26.0,,,,,,0.0,0.0,,,,,,,,,,True,0.0,0.0,,Prime,,272.0,3.0,3.0,0.0,0.0,,0.0,0.0,0.0,74.1,Fjelstul World Cup Database via DataHub,https://datahub.io/football/worldcup
2022,Kim Moon-hwan,South Korea,Defender,27.0,,,,,,0.0,0.0,,,,,,,,,,True,0.0,0.0,,Prime,,365.0,4.0,4.0,0.0,0.0,,0.0,0.0,0.0,83.9,Fjelstul World Cup Database via DataHub,https://datahub.io/football/worldcup
2022,Kim Tae-hwan,South Korea,Defender,33.0,,,,,,0.0,0.0,,,,,,,,,,True,0.0,0.0,,Veteran,,0.0,0.0,0.0,0.0,0.0,,0.0,0.0,0.0,0.0,Fjelstul World Cup Database via DataHub,https://datahub.io/football/worldcup
2022,Kwon Chang-hoon,South Korea,Midfielder,28.0,,,,,,0.0,0.0,,,,,,,,,,True,0.0,0.0,,Prime,,57.0,1.0,1.0,0.0,0.0,,0.0,0.0,0.0,41.0,Fjelstul World Cup Database via DataHub,https://datahub.io/football/worldcup
2022,Kwon Kyung-won,South Korea,Defender,30.0,,,,,,0.0,0.0,,,,,,,,,,True,0.0,0.0,,Veteran,,93.0,1.0,2.0,1.0,0.0,,0.0,0.0,0.0,46.1,Fjelstul World Cup Database via DataHub,https://datahub.io/football/worldcup
2022,Lee Kang-in,South Korea,Midfielder,21.0,,,,,,0.0,0.0,,,,,,,,,,True,0.0,0.0,,U21,,148.0,1.0,4.0,3.0,0.0,,0.0,1.0,0.0,51.8,Fjelstul World Cup Database via DataHub,https://datahub.io/football/worldcup
2022,Na Sang-ho,South Korea,Midfielder,26.0,,,,,,0.0,0.0,,,,,,,,,,True,0.0,0.0,,Prime,,120.0,1.0,2.0,1.0,0.0,,0.0,0.0,0.0,49.9,Fjelstul World Cup Database via DataHub,https://datahub.io/football/worldcup
2022,Paik Seung-ho,South Korea,Midfielder,25.0,,,,,,0.0,0.0,,,,,,,,,,True,0.0,0.0,,U25,,25.0,0.0,1.0,1.0,1.0,,0.0,0.0,0.0,53.9,Fjelstul World Cup Database via DataHub,https://datahub.io/football/worldcup
2022,Seung-gyu Kim,South Korea,Goalkeeper,32.0,,,,,,0.0,0.0,,,,,,,,,,False,90.0,1.0,0.0,Veteran,,365.0,4.0,4.0,0.0,0.0,,1.0,0.0,0.0,89.2,Fjelstul World Cup Database via DataHub,https://datahub.io/football/worldcup
2022,Son Jun-ho,South Korea,Midfielder,30.0,,,,,,0.0,0.0,,,,,,,,,,True,0.0,0.0,,Veteran,,72.0,0.0,3.0,3.0,0.0,,0.0,0.0,0.0,37.2,Fjelstul World Cup Database via DataHub,https://datahub.io/football/worldcup
2022,Song Bum-keun,South Korea,Goalkeeper,25.0,,,,,,0.0,0.0,,,,,,,,,,True,0.0,0.0,,U25,,0.0,0.0,0.0,0.0,0.0,,0.0,0.0,0.0,0.0,Fjelstul World Cup Database via DataHub,https://datahub.io/football/worldcup
2022,Song Min-kyu,South Korea,Midfielder,23.0,,,,,,0.0,0.0,,,,,,,,,,True,0.0,0.0,,U23,,0.0,0.0,0.0,0.0,0.0,,0.0,0.0,0.0,0.0,Fjelstul World Cup Database via DataHub,https://datahub.io/football/worldcup
2022,Woo-young Jung,South Korea,Midfielder,32.0,,,,,,0.0,0.0,,,,,,,,,,False,127.0,3.0,50.3,Veteran,,307.0,4.0,4.0,0.0,0.0,,0.0,2.0,0.0,77.7,Fjelstul World Cup Database via DataHub,https://datahub.io/football/worldcup
2022,Yoon Jong-gyu,South Korea,Defender,24.0,,,,,,0.0,0.0,,,,,,,,,,True,0.0,0.0,,U25,,0.0,0.0,0.0,0.0,0.0,,0.0,0.0,0.0,0.0,Fjelstul World Cup Database via DataHub,https://datahub.io/football/worldcup
2022,Young-gwon Kim,South Korea,Defender,32.0,,,,,,0.0,0.0,,,,,,,,,,False,540.0,6.0,92.7,Veteran,,353.0,4.0,4.0,0.0,1.0,,0.0,1.0,0.0,96.3,Fjelstul World Cup Database via DataHub,https://datahub.io/football/worldcup
2022,Alejandro Balde,Spain,Defender,19.0,,,,,,100.0,33.3,,,,,,,,,,True,0.0,0.0,,U21,,124.0,1.0,4.0,3.0,0.0,,0.0,0.0,0.0,48.4,Fjelstul World Cup Database via DataHub,https://datahub.io/football/worldcup
2022,Ansu Fati,Spain,Forward,20.0,,,,,,100.0,33.3,,,,,,,,,,True,0.0,0.0,,U21,,44.0,0.0,2.0,2.0,0.0,,0.0,0.0,0.0,36.9,Fjelstul World Cup Database via DataHub,https://datahub.io/football/worldcup
2022,Aymeric Laporte,Spain,Defender,28.0,,,,,,100.0,33.3,,,,,,,,,,True,0.0,0.0,,Prime,,300.0,3.0,3.0,0.0,0.0,,0.0,1.0,0.0,76.9,Fjelstul World Cup Database via DataHub,https://datahub.io/football/worldcup
2022,Carlos Soler,Spain,Midfielder,25.0,,,,,,100.0,33.3,,,,,,,,,,True,0.0,0.0,,U25,,90.0,0.0,2.0,2.0,1.0,,0.0,0.0,0.0,62.2,Fjelstul World Cup Database via DataHub,https://datahub.io/football/worldcup
2022,César Azpilicueta,Spain,Defender,33.0,,,,,,100.0,33.3,,,,,,,,,,False,180.0,2.0,0.0,Veteran,,136.0,2.0,2.0,0.0,0.0,,0.0,0.0,0.0,50.5,Fjelstul World Cup Database via DataHub,https://datahub.io/football/worldcup
2022,Dani Carvajal,Spain,Defender,30.0,,,,,,100.0,33.3,,,,,,,,,,False,230.0,3.0,59.2,Veteran,,134.0,1.0,2.0,1.0,0.0,,0.0,0.0,0.0,48.8,Fjelstul World Cup Database via DataHub,https://datahub.io/football/worldcup
2022,Dani Olmo,Spain,Forward,24.0,,,,,,100.0,33.3,,,,,,,,,,True,0.0,0.0,,U25,,368.0,4.0,4.0,0.0,1.0,,0.0,0.0,0.0,91.4,Fjelstul World Cup Database via DataHub,https://datahub.io/football/worldcup
2022,David Raya,Spain,Goalkeeper,27.0,,,,,,100.0,33.3,,,,,,,,,,True,0.0,0.0,,Prime,,0.0,0.0,0.0,0.0,0.0,,0.0,0.0,0.0,0.0,Fjelstul World Cup Database via DataHub,https://datahub.io/football/worldcup
2022,Eric García,Spain,Defender,21.0,,,,,,100.0,33.3,,,,,,,,,,True,0.0,0.0,,U21,,0.0,0.0,0.0,0.0,0.0,,0.0,0.0,0.0,0.0,Fjelstul World Cup Database via DataHub,https://datahub.io/football/worldcup
2022,Ferran Torres,Spain,Forward,22.0,,,,,,100.0,33.3,,,,,,,,,,True,0.0,0.0,,U23,,219.0,3.0,4.0,1.0,2.0,,0.0,0.0,0.0,87.0,Fjelstul World Cup Database via DataHub,https://datahub.io/football/worldcup
2022,Hugo Guillamón,Spain,Defender,22.0,,,,,,100.0,33.3,,,,,,,,,,True,0.0,0.0,,U23,,0.0,0.0,0.0,0.0,0.0,,0.0,0.0,0.0,0.0,Fjelstul World Cup Database via DataHub,https://datahub.io/football/worldcup
2022,Jordi Alba,Spain,Defender,33.0,,,,,,100.0,33.3,,,,,,,,,,False,660.0,7.0,85.3,Veteran,,266.0,3.0,4.0,1.0,0.0,,0.0,0.0,0.0,63.0,Fjelstul World Cup Database via DataHub,https://datahub.io/football/worldcup
2022,Marco Asensio,Spain,Forward,26.0,,,,,,100.0,33.3,,,,,,,,,,False,131.0,3.0,50.4,Prime,,231.0,3.0,4.0,1.0,1.0,,0.0,0.0,0.0,83.7,Fjelstul World Cup Database via DataHub,https://datahub.io/football/worldcup
2022,Marcos Llorente,Spain,Midfielder,27.0,,,,,,100.0,33.3,,,,,,,,,,True,0.0,0.0,,Prime,,120.0,1.0,1.0,0.0,0.0,,0.0,0.0,0.0,49.9,Fjelstul World Cup Database via DataHub,https://datahub.io/football/worldcup
2022,Nico Williams,Spain,Forward,20.0,,,,,,100.0,33.3,,,,,,,,,,True,0.0,0.0,,U21,,147.0,1.0,4.0,3.0,0.0,,0.0,0.0,0.0,59.9,Fjelstul World Cup Database via DataHub,https://datahub.io/football/worldcup
2022,Pablo Sarabia,Spain,Forward,30.0,,,,,,100.0,33.3,,,,,,,,,,True,0.0,0.0,,Veteran,,2.0,0.0,1.0,1.0,0.0,,0.0,0.0,0.0,28.4,Fjelstul World Cup Database via DataHub,https://datahub.io/football/worldcup
2022,Pau Torres,Spain,Defender,25.0,,,,,,100.0,33.3,,,,,,,,,,True,0.0,0.0,,U25,,90.0,1.0,1.0,0.0,0.0,,0.0,0.0,0.0,42.2,Fjelstul World Cup Database via DataHub,https://datahub.io/football/worldcup
2022,Robert Sánchez,Spain,Goalkeeper,25.0,,,,,,100.0,33.3,,,,,,,,,,True,0.0,0.0,,U25,,0.0,0.0,0.0,0.0,0.0,,0.0,0.0,0.0,0.0,Fjelstul World Cup Database via DataHub,https://datahub.io/football/worldcup
2022,Sergio Busquets,Spain,Midfielder,34.0,,,,,,100.0,33.3,,,,,,,,,,False,1207.0,13.0,83.2,Veteran,,364.0,4.0,4.0,0.0,0.0,,0.0,1.0,0.0,82.1,Fjelstul World Cup Database via DataHub,https://datahub.io/football/worldcup
2022,Unai Simón,Spain,Goalkeeper,25.0,,,,,,100.0,33.3,,,,,,,,,,True,0.0,0.0,,U25,,390.0,4.0,4.0,0.0,0.0,,2.0,0.0,0.0,92.2,Fjelstul World Cup Database via DataHub,https://datahub.io/football/worldcup
2022,Yeremy Pino,Spain,Forward,20.0,,,,,,100.0,33.3,,,,,,,,,,True,0.0,0.0,,U21,,0.0,0.0,0.0,0.0,0.0,,0.0,0.0,0.0,0.0,Fjelstul World Cup Database via DataHub,https://datahub.io/football/worldcup
2022,not applicable Gavi,Spain,Midfielder,18.0,,,,,,100.0,33.3,,,,,,,,,,True,0.0,0.0,,U21,,287.0,4.0,4.0,0.0,1.0,,0.0,0.0,0.0,92.2,Fjelstul World Cup Database via DataHub,https://datahub.io/football/worldcup
2022,not applicable Koke,Spain,Midfielder,30.0,,,,,,100.0,33.3,,,,,,,,,,False,363.0,5.0,62.3,Veteran,,50.0,0.0,2.0,2.0,0.0,,0.0,0.0,0.0,35.5,Fjelstul World Cup Database via DataHub,https://datahub.io/football/worldcup
2022,not applicable Pedri,Spain,Midfielder,19.0,,,,,,100.0,33.3,,,,,,,,,,True,0.0,0.0,,U21,,357.0,4.0,4.0,0.0,0.0,,0.0,0.0,0.0,80.0,Fjelstul World Cup Database via DataHub,https://datahub.io/football/worldcup
2022,not applicable Rodri,Spain,Midfielder,26.0,,,,,,100.0,33.3,,,,,,,,,,True,0.0,0.0,,Prime,,390.0,4.0,4.0,0.0,0.0,,0.0,0.0,0.0,83.2,Fjelstul World Cup Database via DataHub,https://datahub.io/football/worldcup
2022,Álvaro Morata,Spain,Forward,30.0,,,,,,100.0,33.3,,,,,,,,,,True,0.0,0.0,,Veteran,,183.0,1.0,4.0,3.0,3.0,,0.0,0.0,0.0,83.4,Fjelstul World Cup Database via DataHub,https://datahub.io/football/worldcup
2022,Ardon Jashari,Switzerland,Midfielder,20.0,,,,,,,0.0,,,,,,,,,,True,0.0,0.0,,U21,,1.0,0.0,1.0,1.0,0.0,,0.0,0.0,0.0,26.3,Fjelstul World Cup Database via DataHub,https://datahub.io/football/worldcup
2022,Breel Embolo,Switzerland,Forward,25.0,,,,,,,0.0,,,,,,,,,,False,142.0,4.0,59.5,U25,,333.0,4.0,4.0,0.0,2.0,,0.0,0.0,0.0,92.7,Fjelstul World Cup Database via DataHub,https://datahub.io/football/worldcup
2022,Christian Fassnacht,Switzerland,Midfielder,29.0,,,,,,,0.0,,,,,,,,,,True,0.0,0.0,,Prime,,13.0,0.0,1.0,1.0,0.0,,0.0,0.0,0.0,28.9,Fjelstul World Cup Database via DataHub,https://datahub.io/football/worldcup
2022,Denis Zakaria,Switzerland,Midfielder,25.0,,,,,,,0.0,,,,,,,,,,False,52.0,2.0,35.6,U25,,63.0,0.0,2.0,2.0,0.0,,0.0,0.0,0.0,36.7,Fjelstul World Cup Database via DataHub,https://datahub.io/football/worldcup
2022,Djibril Sow,Switzerland,Midfielder,25.0,,,,,,,0.0,,,,,,,,,,True,0.0,0.0,,U25,,271.0,4.0,4.0,0.0,0.0,,0.0,0.0,0.0,77.0,Fjelstul World Cup Database via DataHub,https://datahub.io/football/worldcup
2022,Edimilson Fernandes,Switzerland,Defender,26.0,,,,,,,0.0,,,,,,,,,,True,0.0,0.0,,Prime,,149.0,1.0,3.0,2.0,0.0,,0.0,0.0,0.0,49.5,Fjelstul World Cup Database via DataHub,https://datahub.io/football/worldcup
2022,Eray Cömert,Switzerland,Defender,24.0,,,,,,,0.0,,,,,,,,,,True,0.0,0.0,,U25,,44.0,0.0,2.0,2.0,0.0,,0.0,1.0,0.0,35.5,Fjelstul World Cup Database via DataHub,https://datahub.io/football/worldcup
2022,Fabian Frei,Switzerland,Midfielder,33.0,,,,,,,0.0,,,,,,,,,,True,0.0,0.0,,Veteran,,22.0,0.0,2.0,2.0,0.0,,0.0,0.0,0.0,31.0,Fjelstul World Cup Database via DataHub,https://datahub.io/football/worldcup
2022,Fabian Rieder,Switzerland,Midfielder,20.0,,,,,,,0.0,,,,,,,,,,True,0.0,0.0,,U21,,67.0,1.0,2.0,1.0,0.0,,0.0,1.0,0.0,42.2,Fjelstul World Cup Database via DataHub,https://datahub.io/football/worldcup
2022,Fabian Schär,Switzerland,Defender,30.0,,,,,,,0.0,,,,,,,,,,False,487.0,5.0,76.0,Veteran,,142.0,2.0,2.0,0.0,0.0,,0.0,2.0,0.0,50.7,Fjelstul World Cup Database via DataHub,https://datahub.io/football/worldcup
2022,Granit Xhaka,Switzerland,Midfielder,30.0,,,,,,,0.0,,,,,,,,,,False,691.0,8.0,94.2,Veteran,,366.0,4.0,4.0,0.0,0.0,,0.0,1.0,0.0,82.3,Fjelstul World Cup Database via DataHub,https://datahub.io/football/worldcup
2022,Gregor Kobel,Switzerland,Goalkeeper,24.0,,,,,,,0.0,,,,,,,,,,True,0.0,0.0,,U25,,96.0,1.0,1.0,0.0,0.0,,0.0,0.0,0.0,70.5,Fjelstul World Cup Database via DataHub,https://datahub.io/football/worldcup
2022,Haris Seferovic,Switzerland,Forward,30.0,,,,,,,0.0,,,,,,,,,,False,282.0,7.0,62.6,Veteran,,68.0,0.0,3.0,3.0,0.0,,0.0,0.0,0.0,44.7,Fjelstul World Cup Database via DataHub,https://datahub.io/football/worldcup
2022,Jonas Omlin,Switzerland,Goalkeeper,28.0,,,,,,,0.0,,,,,,,,,,True,0.0,0.0,,Prime,,0.0,0.0,0.0,0.0,0.0,,0.0,0.0,0.0,0.0,Fjelstul World Cup Database via DataHub,https://datahub.io/football/worldcup
2022,Manuel Akanji,Switzerland,Defender,27.0,,,,,,,0.0,,,,,,,,,,False,368.0,4.0,84.3,Prime,,366.0,4.0,4.0,0.0,1.0,,0.0,1.0,0.0,96.9,Fjelstul World Cup Database via DataHub,https://datahub.io/football/worldcup
2022,Michel Aebischer,Switzerland,Midfielder,25.0,,,,,,,0.0,,,,,,,,,,True,0.0,0.0,,U25,,14.0,0.0,1.0,1.0,0.0,,0.0,0.0,0.0,29.2,Fjelstul World Cup Database via DataHub,https://datahub.io/football/worldcup
2022,Nico Elvedi,Switzerland,Defender,26.0,,,,,,,0.0,,,,,,,,,,True,0.0,0.0,0.0,Prime,,180.0,2.0,2.0,0.0,0.0,,0.0,1.0,0.0,54.5,Fjelstul World Cup Database via DataHub,https://datahub.io/football/worldcup
2022,Noah Okafor,Switzerland,Forward,22.0,,,,,,,0.0,,,,,,,,,,True,0.0,0.0,,U23,,42.0,0.0,3.0,3.0,0.0,,0.0,0.0,0.0,36.5,Fjelstul World Cup Database via DataHub,https://datahub.io/football/worldcup
2022,Philipp Köhn,Switzerland,Goalkeeper,24.0,,,,,,,0.0,,,,,,,,,,True,0.0,0.0,,U25,,0.0,0.0,0.0,0.0,0.0,,0.0,0.0,0.0,0.0,Fjelstul World Cup Database via DataHub,https://datahub.io/football/worldcup
2022,Remo Freuler,Switzerland,Midfielder,30.0,,,,,,,0.0,,,,,,,,,,True,0.0,0.0,0.0,Veteran,,330.0,4.0,4.0,0.0,1.0,,0.0,0.0,0.0,92.8,Fjelstul World Cup Database via DataHub,https://datahub.io/football/worldcup
2022,Renato Steffen,Switzerland,Defender,31.0,,,,,,,0.0,,,,,,,,,,True,0.0,0.0,,Veteran,,32.0,0.0,1.0,1.0,0.0,,0.0,0.0,0.0,34.7,Fjelstul World Cup Database via DataHub,https://datahub.io/football/worldcup
2022,Ricardo Rodríguez,Switzerland,Defender,30.0,,,,,,,0.0,,,,,,,,,,False,758.0,8.0,84.3,Veteran,,366.0,4.0,4.0,0.0,0.0,,0.0,0.0,0.0,84.0,Fjelstul World Cup Database via DataHub,https://datahub.io/football/worldcup
2022,Ruben Vargas,Switzerland,Forward,24.0,,,,,,,0.0,,,,,,,,,,True,0.0,0.0,,U25,,288.0,4.0,4.0,0.0,0.0,,0.0,1.0,0.0,77.1,Fjelstul World Cup Database via DataHub,https://datahub.io/football/worldcup
2022,Silvan Widmer,Switzerland,Defender,29.0,,,,,,,0.0,,,,,,,,,,True,0.0,0.0,,Prime,,272.0,3.0,3.0,0.0,0.0,,0.0,1.0,0.0,74.1,Fjelstul World Cup Database via DataHub,https://datahub.io/football/worldcup
2022,Xherdan Shaqiri,Switzerland,Midfielder,31.0,,,,,,,0.0,,,,,,,,,,False,755.0,9.0,93.4,Veteran,,231.0,3.0,3.0,0.0,1.0,,0.0,0.0,0.0,86.4,Fjelstul World Cup Database via DataHub,https://datahub.io/football/worldcup
2022,Yann Sommer,Switzerland,Goalkeeper,33.0,,,,,,,0.0,,,,,,,,,,False,368.0,4.0,81.1,Veteran,,270.0,3.0,3.0,0.0,0.0,,1.0,0.0,0.0,84.2,Fjelstul World Cup Database via DataHub,https://datahub.io/football/worldcup
2022,Ali Abdi,Tunisia,Defender,28.0,,,,,,,100.0,,,,,,,,,,True,0.0,0.0,,Prime,,187.0,2.0,3.0,1.0,0.0,,0.0,1.0,0.0,57.4,Fjelstul World Cup Database via DataHub,https://datahub.io/football/worldcup
2022,Ali Maâloul,Tunisia,Defender,32.0,,,,,,,100.0,,,,,,,,,,False,183.0,2.0,57.1,Veteran,,90.0,1.0,1.0,0.0,0.0,,0.0,0.0,0.0,42.2,Fjelstul World Cup Database via DataHub,https://datahub.io/football/worldcup
2022,Anis Ben Slimane,Tunisia,Forward,21.0,,,,,,,100.0,,,,,,,,,,True,0.0,0.0,,U21,,150.0,2.0,2.0,0.0,0.0,,0.0,0.0,0.0,63.0,Fjelstul World Cup Database via DataHub,https://datahub.io/football/worldcup
2022,Aymen Dahmen,Tunisia,Goalkeeper,25.0,,,,,,,100.0,,,,,,,,,,True,0.0,0.0,,U25,,270.0,3.0,3.0,0.0,0.0,,2.0,0.0,0.0,86.1,Fjelstul World Cup Database via DataHub,https://datahub.io/football/worldcup
2022,Aymen Mathlouthi,Tunisia,Goalkeeper,38.0,,,,,,,100.0,,,,,,,,,,False,90.0,1.0,68.3,Veteran,,0.0,0.0,0.0,0.0,0.0,,0.0,0.0,0.0,0.0,Fjelstul World Cup Database via DataHub,https://datahub.io/football/worldcup
2022,Aïssa Laïdouni,Tunisia,Midfielder,25.0,,,,,,,100.0,,,,,,,,,,True,0.0,0.0,,U25,,245.0,3.0,3.0,0.0,0.0,,0.0,1.0,0.0,66.2,Fjelstul World Cup Database via DataHub,https://datahub.io/football/worldcup
2022,Bechir Ben Saïd,Tunisia,Goalkeeper,29.0,,,,,,,100.0,,,,,,,,,,True,0.0,0.0,,Prime,,0.0,0.0,0.0,0.0,0.0,,0.0,0.0,0.0,0.0,Fjelstul World Cup Database via DataHub,https://datahub.io/football/worldcup
2022,Bilel Ifa,Tunisia,Defender,32.0,,,,,,,100.0,,,,,,,,,,True,0.0,0.0,,Veteran,,0.0,0.0,0.0,0.0,0.0,,0.0,0.0,0.0,0.0,Fjelstul World Cup Database via DataHub,https://datahub.io/football/worldcup
2022,Dylan Bronn,Tunisia,Defender,27.0,,,,,,,100.0,,,,,,,,,,False,117.0,2.0,77.7,Prime,,163.0,2.0,2.0,0.0,0.0,,0.0,0.0,0.0,51.7,Fjelstul World Cup Database via DataHub,https://datahub.io/football/worldcup
2022,Ellyes Skhiri,Tunisia,Midfielder,27.0,,,,,,,100.0,,,,,,,,,,False,273.0,3.0,75.1,Prime,,270.0,3.0,3.0,0.0,0.0,,0.0,0.0,0.0,71.4,Fjelstul World Cup Database via DataHub,https://datahub.io/football/worldcup
2022,Ferjani Sassi,Tunisia,Midfielder,30.0,,,,,,,100.0,,,,,,,,,,False,198.0,3.0,84.2,Veteran,,46.0,0.0,2.0,2.0,0.0,,0.0,1.0,0.0,35.1,Fjelstul World Cup Database via DataHub,https://datahub.io/football/worldcup
2022,Ghailene Chaalali,Tunisia,Midfielder,28.0,,,,,,,100.0,,,,,,,,,,False,90.0,1.0,55.2,Prime,,16.0,0.0,1.0,1.0,0.0,,0.0,0.0,0.0,29.8,Fjelstul World Cup Database via DataHub,https://datahub.io/football/worldcup
2022,Hannibal Mejbri,Tunisia,Midfielder,19.0,,,,,,,100.0,,,,,,,,,,True,0.0,0.0,,U21,,10.0,0.0,1.0,1.0,0.0,,0.0,0.0,0.0,27.9,Fjelstul World Cup Database via DataHub,https://datahub.io/football/worldcup
2022,Issam Jebali,Tunisia,Forward,30.0,,,,,,,100.0,,,,,,,,,,True,0.0,0.0,,Veteran,,183.0,2.0,3.0,1.0,0.0,,0.0,0.0,0.0,66.0,Fjelstul World Cup Database via DataHub,https://datahub.io/football/worldcup
2022,Mohamed Ali Ben Romdhane,Tunisia,Midfielder,23.0,,,,,,,100.0,,,,,,,,,,True,0.0,0.0,,U23,,74.0,1.0,1.0,0.0,0.0,,0.0,0.0,0.0,43.1,Fjelstul World Cup Database via DataHub,https://datahub.io/football/worldcup
2022,Mohamed Dräger,Tunisia,Defender,26.0,,,,,,,100.0,,,,,,,,,,True,0.0,0.0,,Prime,,134.0,2.0,2.0,0.0,0.0,,0.0,0.0,0.0,50.3,Fjelstul World Cup Database via DataHub,https://datahub.io/football/worldcup
2022,Montassar Talbi,Tunisia,Defender,24.0,,,,,,,100.0,,,,,,,,,,True,0.0,0.0,,U25,,270.0,3.0,3.0,0.0,0.0,,0.0,0.0,0.0,67.9,Fjelstul World Cup Database via DataHub,https://datahub.io/football/worldcup
2022,Mouez Hassen,Tunisia,Goalkeeper,27.0,,,,,,,100.0,,,,,,,,,,False,16.0,1.0,66.4,Prime,,0.0,0.0,0.0,0.0,0.0,,0.0,0.0,0.0,0.0,Fjelstul World Cup Database via DataHub,https://datahub.io/football/worldcup
2022,Nader Ghandri,Tunisia,Midfielder,27.0,,,,,,,100.0,,,,,,,,,,True,0.0,0.0,,Prime,,90.0,1.0,1.0,0.0,0.0,,0.0,0.0,0.0,45.8,Fjelstul World Cup Database via DataHub,https://datahub.io/football/worldcup
2022,Naïm Sliti,Tunisia,Forward,30.0,,,,,,,100.0,,,,,,,,,,False,182.0,3.0,65.9,Veteran,,113.0,1.0,2.0,1.0,0.0,,0.0,0.0,0.0,57.5,Fjelstul World Cup Database via DataHub,https://datahub.io/football/worldcup
2022,Seifeddine Jaziri,Tunisia,Forward,29.0,,,,,,,100.0,,,,,,,,,,True,0.0,0.0,,Prime,,0.0,0.0,0.0,0.0,0.0,,0.0,0.0,0.0,0.0,Fjelstul World Cup Database via DataHub,https://datahub.io/football/worldcup
2022,Taha Yassine Khenissi,Tunisia,Forward,30.0,,,,,,,100.0,,,,,,,,,,True,0.0,0.0,,Veteran,,27.0,0.0,2.0,2.0,0.0,,0.0,1.0,0.0,33.7,Fjelstul World Cup Database via DataHub,https://datahub.io/football/worldcup
2022,Wahbi Khazri,Tunisia,Forward,31.0,,,,,,,100.0,,,,,,,,,,False,264.0,3.0,88.6,Veteran,,83.0,1.0,2.0,1.0,1.0,,0.0,0.0,0.0,71.8,Fjelstul World Cup Database via DataHub,https://datahub.io/football/worldcup
2022,Wajdi Kechrida,Tunisia,Defender,27.0,,,,,,,100.0,,,,,,,,,,True,0.0,0.0,,Prime,,109.0,1.0,3.0,2.0,0.0,,0.0,1.0,0.0,47.6,Fjelstul World Cup Database via DataHub,https://datahub.io/football/worldcup
2022,Yassine Meriah,Tunisia,Defender,29.0,,,,,,,100.0,,,,,,,,,,False,273.0,3.0,74.9,Prime,,270.0,3.0,3.0,0.0,0.0,,0.0,0.0,0.0,67.9,Fjelstul World Cup Database via DataHub,https://datahub.io/football/worldcup
2022,Youssef Msakni,Tunisia,Forward,32.0,,,,,,,100.0,,,,,,,,,,True,0.0,0.0,,Veteran,,170.0,2.0,2.0,0.0,0.0,,0.0,0.0,0.0,64.2,Fjelstul World Cup Database via DataHub,https://datahub.io/football/worldcup
2022,Aaron Long,United States,Defender,30.0,,,,,,100.0,0.0,,,,,,,,,,True,0.0,0.0,,Veteran,,0.0,0.0,0.0,0.0,0.0,,0.0,0.0,0.0,0.0,Fjelstul World Cup Database via DataHub,https://datahub.io/football/worldcup
2022,Antonee Robinson,United States,Defender,25.0,,,,,,100.0,0.0,,,,,,,,,,True,0.0,0.0,,U25,,367.0,4.0,4.0,0.0,0.0,,0.0,0.0,0.0,84.2,Fjelstul World Cup Database via DataHub,https://datahub.io/football/worldcup
2022,Brenden Aaronson,United States,Forward,22.0,,,,,,100.0,0.0,,,,,,,,,,True,0.0,0.0,,U23,,112.0,0.0,4.0,4.0,0.0,,0.0,0.0,0.0,46.2,Fjelstul World Cup Database via DataHub,https://datahub.io/football/worldcup
2022,Cameron Carter-Vickers,United States,Defender,24.0,,,,,,100.0,0.0,,,,,,,,,,True,0.0,0.0,,U25,,90.0,1.0,1.0,0.0,0.0,,0.0,0.0,0.0,42.2,Fjelstul World Cup Database via DataHub,https://datahub.io/football/worldcup
2022,Christian Pulisic,United States,Forward,24.0,,,,,,100.0,0.0,,,,,,,,,,True,0.0,0.0,,U25,,324.0,4.0,4.0,0.0,1.0,,0.0,0.0,0.0,89.1,Fjelstul World Cup Database via DataHub,https://datahub.io/football/worldcup
2022,Cristian Roldan,United States,Midfielder,27.0,,,,,,100.0,0.0,,,,,,,,,,True,0.0,0.0,,Prime,,0.0,0.0,0.0,0.0,0.0,,0.0,0.0,0.0,0.0,Fjelstul World Cup Database via DataHub,https://datahub.io/football/worldcup
2022,DeAndre Yedlin,United States,Defender,29.0,,,,,,100.0,0.0,,,,,,,,,,False,113.0,3.0,37.3,Prime,,39.0,0.0,2.0,2.0,0.0,,0.0,0.0,0.0,35.1,Fjelstul World Cup Database via DataHub,https://datahub.io/football/worldcup
2022,Ethan Horvath,United States,Goalkeeper,27.0,,,,,,100.0,0.0,,,,,,,,,,True,0.0,0.0,,Prime,,0.0,0.0,0.0,0.0,0.0,,0.0,0.0,0.0,0.0,Fjelstul World Cup Database via DataHub,https://datahub.io/football/worldcup
2022,Giovanni Reyna,United States,Forward,20.0,,,,,,100.0,0.0,,,,,,,,,,True,0.0,0.0,,U21,,54.0,0.0,2.0,2.0,0.0,,0.0,0.0,0.0,38.3,Fjelstul World Cup Database via DataHub,https://datahub.io/football/worldcup
2022,Haji Wright,United States,Forward,24.0,,,,,,100.0,0.0,,,,,,,,,,True,0.0,0.0,,U25,,143.0,1.0,4.0,3.0,1.0,,0.0,0.0,0.0,76.7,Fjelstul World Cup Database via DataHub,https://datahub.io/football/worldcup
2022,Jesús Ferreira,United States,Forward,21.0,,,,,,100.0,0.0,,,,,,,,,,True,0.0,0.0,,U21,,46.0,1.0,1.0,0.0,0.0,,0.0,0.0,0.0,48.6,Fjelstul World Cup Database via DataHub,https://datahub.io/football/worldcup
2022,Joe Scally,United States,Defender,19.0,,,,,,100.0,0.0,,,,,,,,,,True,0.0,0.0,,U21,,0.0,0.0,0.0,0.0,0.0,,0.0,0.0,0.0,0.0,Fjelstul World Cup Database via DataHub,https://datahub.io/football/worldcup
2022,Jordan Morris,United States,Forward,28.0,,,,,,100.0,0.0,,,,,,,,,,True,0.0,0.0,,Prime,,8.0,0.0,2.0,2.0,0.0,,0.0,0.0,0.0,29.6,Fjelstul World Cup Database via DataHub,https://datahub.io/football/worldcup
2022,Josh Sargent,United States,Forward,22.0,,,,,,100.0,0.0,,,,,,,,,,True,0.0,0.0,,U23,,158.0,2.0,3.0,1.0,0.0,,0.0,0.0,0.0,63.4,Fjelstul World Cup Database via DataHub,https://datahub.io/football/worldcup
2022,Kellyn Acosta,United States,Midfielder,27.0,,,,,,100.0,0.0,,,,,,,,,,True,0.0,0.0,,Prime,,46.0,0.0,2.0,2.0,0.0,,0.0,1.0,0.0,35.1,Fjelstul World Cup Database via DataHub,https://datahub.io/football/worldcup
2022,Luca de la Torre,United States,Midfielder,24.0,,,,,,100.0,0.0,,,,,,,,,,True,0.0,0.0,,U25,,0.0,0.0,0.0,0.0,0.0,,0.0,0.0,0.0,0.0,Fjelstul World Cup Database via DataHub,https://datahub.io/football/worldcup
2022,Matt Turner,United States,Goalkeeper,28.0,,,,,,100.0,0.0,,,,,,,,,,True,0.0,0.0,,Prime,,368.0,4.0,4.0,0.0,0.0,,2.0,0.0,0.0,91.4,Fjelstul World Cup Database via DataHub,https://datahub.io/football/worldcup
2022,Sean Johnson,United States,Goalkeeper,33.0,,,,,,100.0,0.0,,,,,,,,,,True,0.0,0.0,,Veteran,,0.0,0.0,0.0,0.0,0.0,,0.0,0.0,0.0,0.0,Fjelstul World Cup Database via DataHub,https://datahub.io/football/worldcup
2022,Sergiño Dest,United States,Defender,22.0,,,,,,100.0,0.0,,,,,,,,,,True,0.0,0.0,,U23,,308.0,4.0,4.0,0.0,0.0,,0.0,1.0,0.0,78.1,Fjelstul World Cup Database via DataHub,https://datahub.io/football/worldcup
2022,Shaq Moore,United States,Defender,26.0,,,,,,100.0,0.0,,,,,,,,,,True,0.0,0.0,,Prime,,21.0,0.0,2.0,2.0,0.0,,0.0,0.0,0.0,34.1,Fjelstul World Cup Database via DataHub,https://datahub.io/football/worldcup
2022,Tim Ream,United States,Defender,35.0,,,,,,100.0,0.0,,,,,,,,,,True,0.0,0.0,,Veteran,,368.0,4.0,4.0,0.0,0.0,,0.0,1.0,0.0,84.3,Fjelstul World Cup Database via DataHub,https://datahub.io/football/worldcup
2022,Timothy Weah,United States,Forward,22.0,,,,,,100.0,0.0,,,,,,,,,,True,0.0,0.0,,U23,,320.0,4.0,4.0,0.0,1.0,,0.0,0.0,0.0,89.1,Fjelstul World Cup Database via DataHub,https://datahub.io/football/worldcup
2022,Tyler Adams,United States,Midfielder,23.0,,,,,,100.0,0.0,,,,,,,,,,True,0.0,0.0,,U23,,368.0,4.0,4.0,0.0,0.0,,0.0,1.0,0.0,82.3,Fjelstul World Cup Database via DataHub,https://datahub.io/football/worldcup
2022,Walker Zimmerman,United States,Defender,29.0,,,,,,100.0,0.0,,,,,,,,,,True,0.0,0.0,,Prime,,286.0,3.0,4.0,1.0,0.0,,0.0,0.0,0.0,76.4,Fjelstul World Cup Database via DataHub,https://datahub.io/football/worldcup
2022,Weston McKennie,United States,Midfielder,24.0,,,,,,100.0,0.0,,,,,,,,,,True,0.0,0.0,,U25,,275.0,4.0,4.0,0.0,0.0,,0.0,1.0,0.0,77.2,Fjelstul World Cup Database via DataHub,https://datahub.io/football/worldcup
2022,Yunus Musah,United States,Midfielder,19.0,,,,,,100.0,0.0,,,,,,,,,,True,0.0,0.0,,U21,,347.0,4.0,4.0,0.0,0.0,,0.0,0.0,0.0,79.5,Fjelstul World Cup Database via DataHub,https://datahub.io/football/worldcup
2022,Agustín Canobbio,Uruguay,Midfielder,24.0,,,,,,0.0,0.0,,,,,,,,,,True,0.0,0.0,,U25,,18.0,0.0,1.0,1.0,0.0,,0.0,0.0,0.0,30.1,Fjelstul World Cup Database via DataHub,https://datahub.io/football/worldcup
2022,Darwin Núñez,Uruguay,Forward,23.0,,,,,,0.0,0.0,,,,,,,,,,True,0.0,0.0,,U23,,242.0,3.0,3.0,0.0,0.0,,0.0,1.0,0.0,71.3,Fjelstul World Cup Database via DataHub,https://datahub.io/football/worldcup
2022,Diego Godín,Uruguay,Defender,36.0,,,,,,0.0,0.0,,,,,,,,,,False,1223.0,14.0,89.1,Veteran,,152.0,2.0,2.0,0.0,0.0,,0.0,0.0,0.0,51.2,Fjelstul World Cup Database via DataHub,https://datahub.io/football/worldcup
2022,Edinson Cavani,Uruguay,Forward,35.0,,,,,,0.0,0.0,,,,,,,,,,False,1230.0,14.0,94.5,Veteran,,130.0,1.0,3.0,2.0,0.0,,0.0,1.0,0.0,58.6,Fjelstul World Cup Database via DataHub,https://datahub.io/football/worldcup
2022,Facundo Pellistri,Uruguay,Forward,20.0,,,,,,0.0,0.0,,,,,,,,,,True,0.0,0.0,,U21,,182.0,2.0,3.0,1.0,0.0,,0.0,0.0,0.0,65.9,Fjelstul World Cup Database via DataHub,https://datahub.io/football/worldcup
2022,Facundo Torres,Uruguay,Forward,22.0,,,,,,0.0,0.0,,,,,,,,,,True,0.0,0.0,,U23,,0.0,0.0,0.0,0.0,0.0,,0.0,0.0,0.0,0.0,Fjelstul World Cup Database via DataHub,https://datahub.io/football/worldcup
2022,Federico Valverde,Uruguay,Midfielder,24.0,,,,,,0.0,0.0,,,,,,,,,,True,0.0,0.0,,U25,,278.0,3.0,3.0,0.0,0.0,,0.0,0.0,0.0,75.8,Fjelstul World Cup Database via DataHub,https://datahub.io/football/worldcup
2022,Fernando Muslera,Uruguay,Goalkeeper,36.0,,,,,,0.0,0.0,,,,,,,,,,False,1477.0,16.0,95.6,Veteran,,0.0,0.0,0.0,0.0,0.0,,0.0,0.0,0.0,0.0,Fjelstul World Cup Database via DataHub,https://datahub.io/football/worldcup
2022,Giorgian De Arrascaeta,Uruguay,Midfielder,28.0,,,,,,0.0,0.0,,,,,,,,,,False,89.0,2.0,54.3,Prime,,108.0,1.0,2.0,1.0,2.0,,0.0,0.0,0.0,76.1,Fjelstul World Cup Database via DataHub,https://datahub.io/football/worldcup
2022,Guillermo Varela,Uruguay,Defender,29.0,,,,,,0.0,0.0,,,,,,,,,,False,180.0,2.0,54.5,Prime,,190.0,2.0,3.0,1.0,0.0,,0.0,0.0,0.0,57.6,Fjelstul World Cup Database via DataHub,https://datahub.io/football/worldcup
2022,José Giménez,Uruguay,Defender,27.0,,,,,,0.0,0.0,,,,,,,,,,False,633.0,7.0,96.7,Prime,,278.0,3.0,3.0,0.0,0.0,,0.0,1.0,0.0,76.2,Fjelstul World Cup Database via DataHub,https://datahub.io/football/worldcup
2022,José Luis Rodríguez,Uruguay,Defender,25.0,,,,,,0.0,0.0,,,,,,,,,,True,0.0,0.0,,U25,,0.0,0.0,0.0,0.0,0.0,,0.0,0.0,0.0,0.0,Fjelstul World Cup Database via DataHub,https://datahub.io/football/worldcup
2022,Lucas Torreira,Uruguay,Midfielder,26.0,,,,,,0.0,0.0,,,,,,,,,,False,310.0,5.0,76.8,Prime,,0.0,0.0,0.0,0.0,0.0,,0.0,0.0,0.0,0.0,Fjelstul World Cup Database via DataHub,https://datahub.io/football/worldcup
2022,Luis Suárez,Uruguay,Forward,35.0,,,,,,0.0,0.0,,,,,,,,,,False,1178.0,13.0,95.9,Veteran,,148.0,2.0,3.0,1.0,0.0,,0.0,1.0,0.0,62.8,Fjelstul World Cup Database via DataHub,https://datahub.io/football/worldcup
2022,Manuel Ugarte,Uruguay,Midfielder,21.0,,,,,,0.0,0.0,,,,,,,,,,True,0.0,0.0,,U21,,0.0,0.0,0.0,0.0,0.0,,0.0,0.0,0.0,0.0,Fjelstul World Cup Database via DataHub,https://datahub.io/football/worldcup
2022,Martín Cáceres,Uruguay,Defender,35.0,,,,,,0.0,0.0,,,,,,,,,,False,997.0,11.0,89.1,Veteran,,90.0,1.0,1.0,0.0,0.0,,0.0,1.0,0.0,42.2,Fjelstul World Cup Database via DataHub,https://datahub.io/football/worldcup
2022,Mathías Olivera,Uruguay,Defender,25.0,,,,,,0.0,0.0,,,,,,,,,,True,0.0,0.0,,U25,,263.0,3.0,3.0,0.0,0.0,,0.0,1.0,0.0,62.7,Fjelstul World Cup Database via DataHub,https://datahub.io/football/worldcup
2022,Matías Vecino,Uruguay,Midfielder,31.0,,,,,,0.0,0.0,,,,,,,,,,False,422.0,5.0,84.6,Veteran,,205.0,2.0,3.0,1.0,0.0,,0.0,0.0,0.0,60.5,Fjelstul World Cup Database via DataHub,https://datahub.io/football/worldcup
2022,Matías Viña,Uruguay,Defender,25.0,,,,,,0.0,0.0,,,,,,,,,,True,0.0,0.0,,U25,,15.0,0.0,2.0,2.0,0.0,,0.0,0.0,0.0,33.5,Fjelstul World Cup Database via DataHub,https://datahub.io/football/worldcup
2022,Maxi Gómez,Uruguay,Forward,26.0,,,,,,0.0,0.0,,,,,,,,,,False,34.0,2.0,35.0,Prime,,36.0,0.0,2.0,2.0,0.0,,0.0,0.0,0.0,35.5,Fjelstul World Cup Database via DataHub,https://datahub.io/football/worldcup
2022,Nicolás de la Cruz,Uruguay,Midfielder,25.0,,,,,,0.0,0.0,,,,,,,,,,True,0.0,0.0,,U25,,43.0,0.0,2.0,2.0,0.0,,0.0,0.0,0.0,34.3,Fjelstul World Cup Database via DataHub,https://datahub.io/football/worldcup
2022,Rodrigo Bentancur,Uruguay,Midfielder,25.0,,,,,,0.0,0.0,,,,,,,,,,False,365.0,5.0,83.8,U25,,214.0,3.0,3.0,0.0,0.0,,0.0,1.0,0.0,63.8,Fjelstul World Cup Database via DataHub,https://datahub.io/football/worldcup
2022,Ronald Araújo,Uruguay,Defender,23.0,,,,,,0.0,0.0,,,,,,,,,,True,0.0,0.0,,U23,,0.0,0.0,0.0,0.0,0.0,,0.0,0.0,0.0,0.0,Fjelstul World Cup Database via DataHub,https://datahub.io/football/worldcup
2022,Sebastián Coates,Uruguay,Defender,32.0,,,,,,0.0,0.0,,,,,,,,,,False,95.0,2.0,46.1,Veteran,,188.0,2.0,2.0,0.0,0.0,,0.0,1.0,0.0,57.5,Fjelstul World Cup Database via DataHub,https://datahub.io/football/worldcup
2022,Sebastián Sosa,Uruguay,Goalkeeper,36.0,,,,,,0.0,0.0,,,,,,,,,,True,0.0,0.0,,Veteran,,0.0,0.0,0.0,0.0,0.0,,0.0,0.0,0.0,0.0,Fjelstul World Cup Database via DataHub,https://datahub.io/football/worldcup
2022,Sergio Rochet,Uruguay,Goalkeeper,29.0,,,,,,0.0,0.0,,,,,,,,,,True,0.0,0.0,,Prime,,278.0,3.0,3.0,0.0,0.0,,2.0,0.0,0.0,87.5,Fjelstul World Cup Database via DataHub,https://datahub.io/football/worldcup
2022,Aaron Ramsey,Wales,Midfielder,31.0,,,,,,,50.0,,,,,,,,,,True,0.0,0.0,,Veteran,,272.0,3.0,3.0,0.0,0.0,,0.0,1.0,0.0,74.7,Fjelstul World Cup Database via DataHub,https://datahub.io/football/worldcup
2022,Adam Davies,Wales,Goalkeeper,30.0,,,,,,,50.0,,,,,,,,,,True,0.0,0.0,,Veteran,,0.0,0.0,0.0,0.0,0.0,,0.0,0.0,0.0,0.0,Fjelstul World Cup Database via DataHub,https://datahub.io/football/worldcup
2022,Ben Cabango,Wales,Defender,22.0,,,,,,,50.0,,,,,,,,,,True,0.0,0.0,,U23,,0.0,0.0,0.0,0.0,0.0,,0.0,0.0,0.0,0.0,Fjelstul World Cup Database via DataHub,https://datahub.io/football/worldcup
2022,Ben Davies,Wales,Defender,29.0,,,,,,,50.0,,,,,,,,,,True,0.0,0.0,,Prime,,242.0,3.0,3.0,0.0,0.0,,0.0,0.0,0.0,61.2,Fjelstul World Cup Database via DataHub,https://datahub.io/football/worldcup
2022,Brennan Johnson,Wales,Forward,21.0,,,,,,,50.0,,,,,,,,,,True,0.0,0.0,,U21,,93.0,0.0,3.0,3.0,0.0,,0.0,0.0,0.0,45.8,Fjelstul World Cup Database via DataHub,https://datahub.io/football/worldcup
2022,Chris Gunter,Wales,Defender,33.0,,,,,,,50.0,,,,,,,,,,True,0.0,0.0,,Veteran,,0.0,0.0,0.0,0.0,0.0,,0.0,0.0,0.0,0.0,Fjelstul World Cup Database via DataHub,https://datahub.io/football/worldcup
2022,Chris Mepham,Wales,Defender,25.0,,,,,,,50.0,,,,,,,,,,True,0.0,0.0,,U25,,275.0,3.0,3.0,0.0,0.0,,0.0,1.0,0.0,75.7,Fjelstul World Cup Database via DataHub,https://datahub.io/football/worldcup
2022,Connor Roberts,Wales,Defender,27.0,,,,,,,50.0,,,,,,,,,,True,0.0,0.0,,Prime,,206.0,2.0,3.0,1.0,0.0,,0.0,0.0,0.0,58.3,Fjelstul World Cup Database via DataHub,https://datahub.io/football/worldcup
2022,Daniel James,Wales,Forward,25.0,,,,,,,50.0,,,,,,,,,,True,0.0,0.0,,U25,,156.0,2.0,3.0,1.0,0.0,,0.0,1.0,0.0,63.2,Fjelstul World Cup Database via DataHub,https://datahub.io/football/worldcup
2022,Danny Ward,Wales,Goalkeeper,29.0,,,,,,,50.0,,,,,,,,,,True,0.0,0.0,,Prime,,93.0,1.0,2.0,1.0,0.0,,0.0,0.0,0.0,70.4,Fjelstul World Cup Database via DataHub,https://datahub.io/football/worldcup
2022,Dylan Levitt,Wales,Midfielder,22.0,,,,,,,50.0,,,,,,,,,,True,0.0,0.0,,U23,,0.0,0.0,0.0,0.0,0.0,,0.0,0.0,0.0,0.0,Fjelstul World Cup Database via DataHub,https://datahub.io/football/worldcup
2022,Ethan Ampadu,Wales,Defender,22.0,,,,,,,50.0,,,,,,,,,,True,0.0,0.0,,U23,,262.0,3.0,3.0,0.0,0.0,,0.0,0.0,0.0,62.6,Fjelstul World Cup Database via DataHub,https://datahub.io/football/worldcup
2022,Gareth Bale,Wales,Forward,33.0,,,,,,,50.0,,,,,,,,,,True,0.0,0.0,,Veteran,,231.0,3.0,3.0,0.0,1.0,,0.0,1.0,0.0,83.7,Fjelstul World Cup Database via DataHub,https://datahub.io/football/worldcup
2022,Harry Wilson,Wales,Midfielder,25.0,,,,,,,50.0,,,,,,,,,,True,0.0,0.0,,U25,,163.0,2.0,3.0,1.0,0.0,,0.0,0.0,0.0,56.0,Fjelstul World Cup Database via DataHub,https://datahub.io/football/worldcup
2022,Joe Allen,Wales,Midfielder,32.0,,,,,,,50.0,,,,,,,,,,True,0.0,0.0,,Veteran,,94.0,1.0,2.0,1.0,0.0,,0.0,0.0,0.0,47.4,Fjelstul World Cup Database via DataHub,https://datahub.io/football/worldcup
2022,Joe Morrell,Wales,Midfielder,25.0,,,,,,,50.0,,,,,,,,,,True,0.0,0.0,,U25,,33.0,0.0,2.0,2.0,0.0,,0.0,0.0,0.0,33.1,Fjelstul World Cup Database via DataHub,https://datahub.io/football/worldcup
2022,Joe Rodon,Wales,Defender,25.0,,,,,,,50.0,,,,,,,,,,True,0.0,0.0,,U25,,275.0,3.0,3.0,0.0,0.0,,0.0,1.0,0.0,75.7,Fjelstul World Cup Database via DataHub,https://datahub.io/football/worldcup
2022,Jonny Williams,Wales,Midfielder,29.0,,,,,,,50.0,,,,,,,,,,True,0.0,0.0,,Prime,,0.0,0.0,0.0,0.0,0.0,,0.0,0.0,0.0,0.0,Fjelstul World Cup Database via DataHub,https://datahub.io/football/worldcup
2022,Kieffer Moore,Wales,Forward,30.0,,,,,,,50.0,,,,,,,,,,True,0.0,0.0,,Veteran,,229.0,2.0,3.0,1.0,0.0,,0.0,0.0,0.0,68.3,Fjelstul World Cup Database via DataHub,https://datahub.io/football/worldcup
2022,Mark Harris,Wales,Forward,23.0,,,,,,,50.0,,,,,,,,,,True,0.0,0.0,,U23,,0.0,0.0,0.0,0.0,0.0,,0.0,0.0,0.0,0.0,Fjelstul World Cup Database via DataHub,https://datahub.io/football/worldcup
2022,Matthew Smith,Wales,Midfielder,22.0,,,,,,,50.0,,,,,,,,,,True,0.0,0.0,,U23,,0.0,0.0,0.0,0.0,0.0,,0.0,0.0,0.0,0.0,Fjelstul World Cup Database via DataHub,https://datahub.io/football/worldcup
2022,Neco Williams,Wales,Defender,21.0,,,,,,,50.0,,,,,,,,,,True,0.0,0.0,,U21,,205.0,3.0,3.0,0.0,0.0,,0.0,0.0,0.0,60.0,Fjelstul World Cup Database via DataHub,https://datahub.io/football/worldcup
2022,Rubin Colwill,Wales,Midfielder,20.0,,,,,,,50.0,,,,,,,,,,True,0.0,0.0,,U21,,9.0,0.0,1.0,1.0,0.0,,0.0,0.0,0.0,27.7,Fjelstul World Cup Database via DataHub,https://datahub.io/football/worldcup
2022,Sorba Thomas,Wales,Midfielder,23.0,,,,,,,50.0,,,,,,,,,,True,0.0,0.0,,U23,,2.0,0.0,1.0,1.0,0.0,,0.0,0.0,0.0,26.4,Fjelstul World Cup Database via DataHub,https://datahub.io/football/worldcup
2022,Tom Lockyer,Wales,Defender,27.0,,,,,,,50.0,,,,,,,,,,True,0.0,0.0,,Prime,,0.0,0.0,0.0,0.0,0.0,,0.0,0.0,0.0,0.0,Fjelstul World Cup Database via DataHub,https://datahub.io/football/worldcup
2022,Wayne Hennessey,Wales,Goalkeeper,35.0,,,,,,,50.0,,,,,,,,,,True,0.0,0.0,,Veteran,,185.0,2.0,2.0,0.0,0.0,,0.0,0.0,1.0,73.6,Fjelstul World Cup Database via DataHub,https://datahub.io/football/worldcup
